chunk_id,speech_id,leader,language,speech_date,speech_type,chunk_index,token_count,word_count,emo_neutral,emo_sadness,emo_disappointment,emo_realization,emo_approval,emo_annoyance,emo_disapproval,emo_admiration,emo_grief,emo_relief,emo_embarrassment,emo_fear,emo_nervousness,emo_remorse,emo_joy,emo_optimism,emo_disgust,emo_anger,emo_pride,emo_surprise,emo_desire,emo_caring,emo_love,emo_gratitude,emo_confusion,emo_excitement,emo_amusement,emo_curiosity,sent_neutral,sent_negative,sent_positive,fam_affiliative_positive,fam_threat_negative,fam_hostility,fam_cognitive_other,fam_neutral,valence
erdogan1_c000,erdogan1,erdogan,en,,symposium_speech,0,104,87,0.38832545280456543,0.31574347615242004,0.25066739320755005,0.11059112101793289,0.032491687685251236,0.02393742837011814,0.009640360251069069,0.008977220393717289,0.00805437657982111,0.00480220140889287,0.004373852629214525,0.004320694599300623,0.0042404718697071075,0.003787828842177987,0.003501950530335307,0.0032965433783829212,0.0029356356244534254,0.0026904409751296043,0.0022386081982403994,0.002129034837707877,0.0020534563809633255,0.0019304159795865417,0.0014533615903928876,0.0013077080948278308,0.0011759934714064002,0.0010174065828323364,0.0008795693283900619,0.0006176555179990828,0.7791992425918579,0.15383949875831604,0.06696131825447083,0.032491687685251236,0.31574347615242004,0.02393742837011814,0.11059112101793289,0.38832545280456543,-0.08687818050384521
erdogan1_c001,erdogan1,erdogan,en,,symposium_speech,1,93,73,0.7019365429878235,0.001935624866746366,0.006642050109803677,0.06876449286937714,0.21515102684497833,0.004704124294221401,0.005617029033601284,0.011123024858534336,0.00047100777737796307,0.0036070102360099554,0.00044048239942640066,0.0008044964051805437,0.0008651133975945413,0.0007256924291141331,0.0029421828221529722,0.04767550155520439,0.0008260717731900513,0.0004790841194335371,0.0025765516329556704,0.0007480375352315605,0.01852273941040039,0.00407519331201911,0.0008928519673645496,0.002061130478978157,0.0022335918620228767,0.00220335740596056,0.0006839464185759425,0.0008112508221529424,0.8506076335906982,0.07821332663297653,0.07117904722690582,0.21515102684497833,0.006642050109803677,0.005617029033601284,0.06876449286937714,0.7019365429878235,-0.007034279406070709
erdogan1_c002,erdogan1,erdogan,en,,symposium_speech,2,102,91,0.40991801023483276,0.010624200105667114,0.059909213334321976,0.1004951149225235,0.21102923154830933,0.01994728110730648,0.011122484691441059,0.004819741938263178,0.0008759557968005538,0.003772516269236803,0.0011915863724425435,0.0028841097373515368,0.0041072857566177845,0.0013354407856240869,0.002063813852146268,0.06271450966596603,0.002152345608919859,0.001098735723644495,0.001628670608624816,0.0007216353551484644,0.07343508303165436,0.005118384025990963,0.0015563699416816235,0.0005463589914143085,0.002659302204847336,0.0018552442779764533,0.0006061337189748883,0.0009906995110213757,0.26904627680778503,0.7160097360610962,0.014944051392376423,0.21102923154830933,0.059909213334321976,0.01994728110730648,0.1004951149225235,0.40991801023483276,-0.7010656846687198
erdogan1_c003,erdogan1,erdogan,en,,symposium_speech,3,152,128,0.6553857922554016,0.0008312941063195467,0.006099064834415913,0.16317905485630035,0.29173901677131653,0.009115476161241531,0.01860843040049076,0.009027737192809582,0.0003218428755644709,0.0015833547804504633,0.0005959643167443573,0.0006828021723777056,0.0005398665089160204,0.00032586767338216305,0.0013209822354838252,0.012254254892468452,0.0008976489771157503,0.0007709658821113408,0.0010762290330603719,0.0050982143729925156,0.0013675765367224813,0.0010077774059027433,0.0006095038843341172,0.0009624729282222688,0.006436357740312815,0.0019072853028774261,0.0005571446381509304,0.0016657733358442783,0.6038707494735718,0.032562609761953354,0.36356663703918457,0.29173901677131653,0.006099064834415913,0.01860843040049076,0.16317905485630035,0.6553857922554016,0.3310040272772312
erdogan1_c004,erdogan1,erdogan,en,,symposium_speech,4,96,88,0.25394484400749207,0.0010222942801192403,0.003876011585816741,0.02401970513164997,0.4694751799106598,0.004733852110803127,0.0076258741319179535,0.19169403612613678,0.0005211306270211935,0.00341878947801888,0.0003170281706843525,0.0008038901723921299,0.0004211788473185152,0.0005873159971088171,0.003104619449004531,0.1882096827030182,0.0007577885407954454,0.0007635294459760189,0.01006238255649805,0.0013561300002038479,0.032862331718206406,0.010435126721858978,0.0013859655009582639,0.009918365627527237,0.0014686048962175846,0.006065735127776861,0.00042287237010896206,0.0013113624881953,0.43648773431777954,0.027103586122393608,0.5364086627960205,0.4694751799106598,0.003876011585816741,0.0076258741319179535,0.032862331718206406,0.25394484400749207,0.5093050766736269
erdogan1_c005,erdogan1,erdogan,en,,symposium_speech,5,96,78,0.22624331712722778,0.0016392581164836884,0.0034939392935484648,0.022916004061698914,0.27903491258621216,0.0033953599631786346,0.00469232676550746,0.014581159688532352,0.0005382746458053589,0.0015311402967199683,0.0003311589825898409,0.002800270449370146,0.0020016911439597607,0.0007853755378164351,0.003356669330969453,0.23675225675106049,0.0006018531857989728,0.0011664478806778789,0.0008319399203173816,0.008974955417215824,0.017431912943720818,0.01579418033361435,0.003084219992160797,0.0009541739127598703,0.06957799196243286,0.016293013468384743,0.0006194087909534574,0.32430946826934814,0.6910688281059265,0.27991288900375366,0.02901836484670639,0.27903491258621216,0.0034939392935484648,0.00469232676550746,0.32430946826934814,0.22624331712722778,-0.25089452415704727
erdogan1_c006,erdogan1,erdogan,en,,symposium_speech,6,106,88,0.7767577171325684,0.0006100944010540843,0.002732115099206567,0.03333635628223419,0.28324100375175476,0.006708201952278614,0.011790435761213303,0.002278601750731468,0.00016817405412439257,0.0006775156944058836,0.0002644639171194285,0.00043600841308943927,0.0002977131516672671,0.0002761012874543667,0.0009589562541805208,0.0286110807210207,0.0007330315420404077,0.0008561122813262045,0.0004016091115772724,0.0006264481926336884,0.0032118887174874544,0.0016972172306850553,0.0008682113257236779,0.0007236123783513904,0.007520266342908144,0.0013860281324014068,0.0006115760770626366,0.0023575634695589542,0.4019147455692291,0.5826099514961243,0.015475284308195114,0.28324100375175476,0.002732115099206567,0.011790435761213303,0.03333635628223419,0.7767577171325684,-0.5671346671879292
erdogan1_c007,erdogan1,erdogan,en,,symposium_speech,7,84,74,0.6875748038291931,0.0007544463151134551,0.0015520857414230704,0.022584622725844383,0.18767616152763367,0.005472424905747175,0.004006688017398119,0.0034307336900383234,0.0002142518642358482,0.00040261211688630283,0.00024590722750872374,0.0006859438726678491,0.00036269656266085804,0.0002857913787011057,0.0007341063464991748,0.011393589898943901,0.0006516248686239123,0.0010484593221917748,0.00019348639762029052,0.002380714751780033,0.0016098206397145987,0.002104224869981408,0.0012149683898314834,0.0005241090548224747,0.062305595725774765,0.0017505234573036432,0.0005213375552557409,0.0890834853053093,0.6478431224822998,0.014624271541833878,0.33753255009651184,0.18767616152763367,0.0015520857414230704,0.005472424905747175,0.0890834853053093,0.6875748038291931,0.32290827855467796
erdogan1_c008,erdogan1,erdogan,en,,symposium_speech,8,144,118,0.6006358861923218,0.0010903592919930816,0.0020323405042290688,0.020524663850665092,0.12749847769737244,0.007124892435967922,0.0060640741139650345,0.0021538976579904556,0.00028058741008862853,0.0004075663164258003,0.0003528110682964325,0.001155472593382001,0.0005364095559343696,0.0004989620647393167,0.0006312428158707917,0.024415912106633186,0.00083178497152403,0.0015194953884929419,0.0001792147959349677,0.0025326393079012632,0.002853056415915489,0.0044243223965168,0.0014687594957649708,0.0004781135939992964,0.11052777618169785,0.0014628279022872448,0.0004402745980769396,0.18851293623447418,0.8751934170722961,0.03903481736779213,0.08577186614274979,0.12749847769737244,0.0020323405042290688,0.007124892435967922,0.18851293623447418,0.6006358861923218,0.04673704877495766
erdogan2022_c000,erdogan2022,erdogan,en,2022-12-31,new_year_message,0,83,68,0.18878404796123505,0.006581289228051901,0.0022127178963273764,0.031080404296517372,0.05013004690408707,0.004103928338736296,0.0011618536664173007,0.018835118040442467,0.0034633425530046225,0.020587915554642677,0.00163918302860111,0.0049439119175076485,0.003720119595527649,0.0018249256536364555,0.18320347368717194,0.020938746631145477,0.0012886321637779474,0.0016248178435489535,0.019460154697299004,0.011535046622157097,0.017367541790008545,0.025278210639953613,0.017340585589408875,0.07270526885986328,0.0009490186348557472,0.31168332695961,0.0014357378240674734,0.0010350709781050682,0.045644037425518036,0.0024472884833812714,0.9519087076187134,0.31168332695961,0.006581289228051901,0.004103928338736296,0.031080404296517372,0.18878404796123505,0.9494614191353321
erdogan2022_c001,erdogan2022,erdogan,en,2022-12-31,new_year_message,1,111,91,0.09811558574438095,0.003994838800281286,0.012316594831645489,0.020085662603378296,0.0731249749660492,0.00881123449653387,0.004721158184111118,0.03304141014814377,0.001753457821905613,0.022275466471910477,0.0010522096417844296,0.002776586916297674,0.002258713124319911,0.0023661991581320763,0.042113564908504486,0.6651961803436279,0.001281337346881628,0.00117376574780792,0.020352352410554886,0.004586721770465374,0.13662061095237732,0.023719485849142075,0.0008352796430699527,0.09779655188322067,0.001155172591097653,0.037959497421979904,0.001364896772429347,0.001076405867934227,0.06963855773210526,0.003046247875317931,0.9273151755332947,0.6651961803436279,0.012316594831645489,0.00881123449653387,0.13662061095237732,0.09811558574438095,0.9242689276579767
erdogan2022_c002,erdogan2022,erdogan,en,2022-12-31,new_year_message,2,84,59,0.050745923072099686,0.0030771042220294476,0.0021858445834368467,0.0072443182580173016,0.03202694654464722,0.0045424033887684345,0.0015806622104719281,0.04815668985247612,0.0012443549931049347,0.012113041244447231,0.0007794752018526196,0.0019876938313245773,0.002568816998973489,0.0007231305935420096,0.4031229019165039,0.06261210143566132,0.0008638098370283842,0.0014008802827447653,0.013282322324812412,0.006998676806688309,0.04457635059952736,0.010425862856209278,0.0032624630257487297,0.020601218566298485,0.001341901603154838,0.46689915657043457,0.004043199121952057,0.0030301185324788094,0.027765635401010513,0.0028847353532910347,0.9693496227264404,0.46689915657043457,0.0030771042220294476,0.0045424033887684345,0.04457635059952736,0.050745923072099686,0.9664648873731494
erdogan2022_c003,erdogan2022,erdogan,en,2022-12-31,new_year_message,3,97,76,0.3283257484436035,0.0012911593075841665,0.006537886336445808,0.03198879212141037,0.26296475529670715,0.0040548695251345634,0.004541157744824886,0.027417803183197975,0.0004666245076805353,0.002515695756301284,0.00042422933620400727,0.0009395150700584054,0.0006652786978520453,0.0008464596467092633,0.004067602101713419,0.21218545734882355,0.0009916032431647182,0.0005605370970442891,0.0036062116269022226,0.0014269262319430709,0.17757706344127655,0.0039820545352995396,0.0026395043823868036,0.005271681118756533,0.002054749522358179,0.009322956204414368,0.0007411710103042424,0.0020381526555866003,0.2163841426372528,0.0082265455275774,0.7753893136978149,0.26296475529670715,0.006537886336445808,0.004541157744824886,0.17757706344127655,0.3283257484436035,0.7671627681702375
erdogan2022_c004,erdogan2022,erdogan,en,2022-12-31,new_year_message,4,116,76,0.7593777775764465,0.022410240024328232,0.07204489409923553,0.0657113790512085,0.029867183417081833,0.021056974306702614,0.011561565101146698,0.0015460405265912414,0.0012163862120360136,0.0014868064317852259,0.0017229608492925763,0.0040718973614275455,0.002290835604071617,0.001119112246669829,0.0012615612940862775,0.019285127520561218,0.002748450729995966,0.001812431844882667,0.0008580849971622229,0.0015118359588086605,0.0167106743901968,0.0013400306925177574,0.0006806274177506566,0.0005672132247127593,0.001360105350613594,0.0009981034090742469,0.0006971501861698925,0.0005823833053000271,0.45658403635025024,0.5241819620132446,0.01923397183418274,0.029867183417081833,0.07204489409923553,0.021056974306702614,0.0657113790512085,0.7593777775764465,-0.5049479901790619
erdogan2022_c005,erdogan2022,erdogan,en,2022-12-31,new_year_message,5,106,85,0.7082281112670898,0.0010028750402852893,0.004149820655584335,0.028185321018099785,0.20598064363002777,0.004389874637126923,0.006617818493396044,0.012305653654038906,0.00027312131715007126,0.001670498983003199,0.0002747554681263864,0.0006362527492456138,0.00035526868305169046,0.0003755892685148865,0.001681838883087039,0.06917773932218552,0.0007300419383682311,0.0005565621540881693,0.0017103073187172413,0.00082333356840536,0.012860920280218124,0.002967946231365204,0.0006114175193943083,0.0025458834134042263,0.0014227572828531265,0.0023504237178713083,0.0004836890147998929,0.0007638198439963162,0.6617647409439087,0.06865415722131729,0.2695810794830322,0.20598064363002777,0.004149820655584335,0.006617818493396044,0.028185321018099785,0.7082281112670898,0.20092692226171494
erdogan2022_c006,erdogan2022,erdogan,en,2022-12-31,new_year_message,6,107,86,0.20583060383796692,0.16813625395298004,0.209879070520401,0.06110857054591179,0.10132644325494766,0.021412864327430725,0.0173838809132576,0.004132272209972143,0.004091305658221245,0.010170849040150642,0.003331462386995554,0.028972772881388664,0.11730904132127762,0.006209620740264654,0.005218991544097662,0.01432378962635994,0.002056061988696456,0.0016068523982539773,0.001173491356894374,0.0012255704496055841,0.0033710328862071037,0.026263097301125526,0.0026988445315510035,0.0006193013396114111,0.009821264073252678,0.0021018872503191233,0.0011717582819983363,0.002857138402760029,0.3304862380027771,0.6497761011123657,0.01973774842917919,0.10132644325494766,0.209879070520401,0.021412864327430725,0.06110857054591179,0.20583060383796692,-0.6300383526831865
erdogan2022_c007,erdogan2022,erdogan,en,2022-12-31,new_year_message,7,82,72,0.35806041955947876,0.0053354003466665745,0.023384489119052887,0.15395164489746094,0.5585561394691467,0.013767354190349579,0.023398224264383316,0.016870377585291862,0.0009057960123755038,0.008375933393836021,0.0016647886950522661,0.0010469730477780104,0.0010154363699257374,0.0012363842688500881,0.0034326075110584497,0.013832006603479385,0.0012952430406585336,0.0010419412283226848,0.004233492538332939,0.0020672015380114317,0.0019090835703536868,0.0022698782850056887,0.0013365052873268723,0.0023978231474757195,0.001826785271987319,0.0017328737303614616,0.0007013264112174511,0.0006195487221702933,0.7050004005432129,0.08815854042768478,0.20684108138084412,0.5585561394691467,0.023384489119052887,0.023398224264383316,0.15395164489746094,0.35806041955947876,0.11868254095315933
erdogan2022_c008,erdogan2022,erdogan,en,2022-12-31,new_year_message,8,93,87,0.3682876229286194,0.0027635861188173294,0.0076238797046244144,0.04396364837884903,0.3059493899345398,0.006390803027898073,0.007954984903335571,0.200127512216568,0.0009530354291200638,0.007635779213160276,0.0008623730973340571,0.0009380186093039811,0.0005852082394994795,0.0019636305514723063,0.0018368442542850971,0.06835687160491943,0.0009683329844847322,0.000838282925542444,0.011633838526904583,0.0008025633287616074,0.0049156975001096725,0.024998867884278297,0.0008858944056555629,0.0345420278608799,0.0007724998868070543,0.0019912479910999537,0.00042266538366675377,0.0004580905952025205,0.6363730430603027,0.04687738046050072,0.316749632358551,0.3059493899345398,0.0076238797046244144,0.007954984903335571,0.04396364837884903,0.3682876229286194,0.2698722518980503
erdogan2022_c009,erdogan2022,erdogan,en,2022-12-31,new_year_message,9,123,109,0.5333885550498962,0.0024864410515874624,0.012895519845187664,0.11492998152971268,0.3663785755634308,0.019296176731586456,0.009783654473721981,0.032849155366420746,0.000728274171706289,0.006090824026614428,0.0016865843208506703,0.0009797790553420782,0.0006686800043098629,0.0009894703980535269,0.002160669071599841,0.013181696645915508,0.0020152940414845943,0.001522550592198968,0.006790697108954191,0.0012091145617887378,0.001567558036185801,0.002951863221824169,0.0005379535723477602,0.004546144045889378,0.0010562364477664232,0.0012314551277086139,0.0007381337927654386,0.00038185209268704057,0.4952847957611084,0.0350637324154377,0.469651460647583,0.3663785755634308,0.012895519845187664,0.019296176731586456,0.11492998152971268,0.5333885550498962,0.4345877282321453
erdogan2022_c010,erdogan2022,erdogan,en,2022-12-31,new_year_message,10,111,90,0.30250993371009827,0.002440984360873699,0.007668719161301851,0.03353764861822128,0.33497270941734314,0.0056802863255143166,0.0032801723573356867,0.061689041554927826,0.0009841247228905559,0.014895102009177208,0.0005921094561927021,0.0009946986101567745,0.0008425503619946539,0.0008705295622348785,0.018449941650032997,0.11110571771860123,0.0007951983134262264,0.0006806373712606728,0.01712697371840477,0.0018678655615076423,0.02981429360806942,0.006025460548698902,0.000929754285607487,0.017700878903269768,0.0008314925362356007,0.012413539923727512,0.0006068630027584732,0.000636278826277703,0.7133693695068359,0.040581800043582916,0.24604883790016174,0.33497270941734314,0.007668719161301851,0.0056802863255143166,0.03353764861822128,0.30250993371009827,0.20546703785657883
erdogan2022_c011,erdogan2022,erdogan,en,2022-12-31,new_year_message,11,81,70,0.1312962770462036,0.0015403353609144688,0.004828514065593481,0.007641736883670092,0.06566206365823746,0.006303674541413784,0.004852335434406996,0.0357753150165081,0.0005005440907552838,0.0013274205848574638,0.000367106607882306,0.0011150758946314454,0.0005660573951900005,0.0008868410368449986,0.004359475336968899,0.521554708480835,0.001148270908743143,0.0012953724944964051,0.0026036682538688183,0.0018853794317692518,0.47448745369911194,0.00991850160062313,0.001922803116030991,0.006172456778585911,0.001356326276436448,0.016481388360261917,0.0017282352782785892,0.0034252209588885307,0.05011654645204544,0.002885808702558279,0.9469975829124451,0.521554708480835,0.004828514065593481,0.006303674541413784,0.47448745369911194,0.1312962770462036,0.9441117742098868
erdogan2022_c012,erdogan2022,erdogan,en,2022-12-31,new_year_message,12,149,116,0.06780729442834854,0.004662263207137585,0.004765632562339306,0.0050117699429392815,0.04562942683696747,0.005461336113512516,0.004651702009141445,0.03152800723910332,0.001362845185212791,0.003653328400105238,0.00044619134860113263,0.0014695953577756882,0.0014496411895379424,0.0039288876578211784,0.00771311204880476,0.32540184259414673,0.0013544615358114243,0.001413763384334743,0.002766143064945936,0.0009340050164610147,0.6607846617698669,0.19269725680351257,0.010725399479269981,0.03525590896606445,0.0012093395926058292,0.007845158688724041,0.001201166887767613,0.0034820374567061663,0.11730708926916122,0.005286712199449539,0.8774062395095825,0.32540184259414673,0.004765632562339306,0.005461336113512516,0.6607846617698669,0.06780729442834854,0.872119527310133
erdogan2023_c000,erdogan2023,erdogan,en,2023-12-31,new_year_message,0,82,64,0.03214724734425545,0.0047578345984220505,0.00501291872933507,0.004345680121332407,0.02955717407166958,0.007047866936773062,0.0033039809204638004,0.0348433256149292,0.00120720942504704,0.0026504036504775286,0.0005652166437357664,0.0017030128510668874,0.0016906558303162456,0.0028474077116698027,0.0314013846218586,0.1602211892604828,0.0024749813601374626,0.0025266536977142096,0.003181355306878686,0.001956767402589321,0.84123694896698,0.0373389758169651,0.03893427923321724,0.027636287733912468,0.0014275842113420367,0.04405197128653526,0.0028597561176866293,0.0057937526144087315,0.019680071622133255,0.002436178270727396,0.9778838157653809,0.1602211892604828,0.00501291872933507,0.007047866936773062,0.84123694896698,0.03214724734425545,0.9754476374946535
erdogan2023_c001,erdogan2023,erdogan,en,2023-12-31,new_year_message,1,98,84,0.039467912167310715,0.7201021313667297,0.2636272609233856,0.016066431999206543,0.015532364137470722,0.010577362962067127,0.013427370227873325,0.010131655260920525,0.02548147551715374,0.004864053335040808,0.0017971823690459132,0.00921074952930212,0.009776308201253414,0.03125755116343498,0.005599077325314283,0.14930084347724915,0.003171970834955573,0.003179189283400774,0.0015161957126110792,0.00354591547511518,0.09866110235452652,0.03519539162516594,0.0076502966694533825,0.003661658614873886,0.002585840877145529,0.0024065570905804634,0.0016057746252045035,0.0030375870410352945,0.2694873511791229,0.7059534788131714,0.024559175595641136,0.14930084347724915,0.7201021313667297,0.013427370227873325,0.09866110235452652,0.039467912167310715,-0.6813943032175303
erdogan2023_c002,erdogan2023,erdogan,en,2023-12-31,new_year_message,2,121,104,0.4330499470233917,0.020171504467725754,0.026489784941077232,0.02089579775929451,0.08477139472961426,0.023442192003130913,0.01366394106298685,0.0037153351586312056,0.001480393810197711,0.0013146114069968462,0.0010331800440326333,0.001981878187507391,0.0018048862693831325,0.0015130032552406192,0.0012944259215146303,0.02156589739024639,0.00594368577003479,0.003671326208859682,0.0009899615542963147,0.0005679029272869229,0.41787198185920715,0.008525434881448746,0.0023687391076236963,0.000798033841419965,0.0017807766562327743,0.0016077361069619656,0.0005572100053541362,0.0032683503814041615,0.3806898891925812,0.5966171026229858,0.022693023085594177,0.08477139472961426,0.026489784941077232,0.023442192003130913,0.41787198185920715,0.4330499470233917,-0.5739240795373917
erdogan2023_c003,erdogan2023,erdogan,en,2023-12-31,new_year_message,3,80,69,0.6419861912727356,0.0014475204516202211,0.011373380199074745,0.04480433464050293,0.20723780989646912,0.014691508375108242,0.042192503809928894,0.005512804724276066,0.0003282527031842619,0.0017210441874340177,0.000524997478350997,0.000628666253760457,0.0005268209497444332,0.0006177361938171089,0.0010502822697162628,0.061518460512161255,0.0010487070539966226,0.0010940415086224675,0.0012492489768192172,0.0005655804998241365,0.029515575617551804,0.0056896205060184,0.0006922761094756424,0.0019148217979818583,0.002921826671808958,0.0013006167719140649,0.0003425069444347173,0.0008642770699225366,0.6271332502365112,0.02410791628062725,0.34875884652137756,0.20723780989646912,0.011373380199074745,0.042192503809928894,0.04480433464050293,0.6419861912727356,0.3246509302407503
erdogan2023_c004,erdogan2023,erdogan,en,2023-12-31,new_year_message,4,94,83,0.3542616367340088,0.0014026578282937407,0.0022855675779283047,0.013670329935848713,0.5164220929145813,0.0042160265147686005,0.006907032802700996,0.032499369233846664,0.000512473750859499,0.004595316015183926,0.0002507022873032838,0.0007733377278782427,0.0006651784642599523,0.0007793575059622526,0.0029818846378475428,0.13725891709327698,0.0006625389796681702,0.0008467669249512255,0.0032672921661287546,0.00041044026147574186,0.03718185797333717,0.099680595099926,0.002894106088206172,0.004668651148676872,0.0010178437223657966,0.0038802148774266243,0.00044891147990711033,0.0012296781642362475,0.6969056725502014,0.06493021547794342,0.23816409707069397,0.5164220929145813,0.0022855675779283047,0.006907032802700996,0.03718185797333717,0.3542616367340088,0.17323388159275055
erdogan2023_c005,erdogan2023,erdogan,en,2023-12-31,new_year_message,5,108,99,0.43053874373435974,0.005866678897291422,0.023036174476146698,0.03831690549850464,0.1451294720172882,0.00740854861214757,0.0268111415207386,0.009650533087551594,0.0008767356630414724,0.0019882386550307274,0.0006063348846510053,0.0033641336485743523,0.0011789752170443535,0.0014008309226483107,0.0008598304120823741,0.4787198603153229,0.0012235228205099702,0.0010691365459933877,0.0016626747092232108,0.0012233060551807284,0.04230061545968056,0.01305476389825344,0.0010949944844469428,0.002262209542095661,0.0030572512187063694,0.0015496424166485667,0.00039160458254627883,0.0014706559013575315,0.15608735382556915,0.004849467426538467,0.8390631675720215,0.4787198603153229,0.023036174476146698,0.0268111415207386,0.04230061545968056,0.43053874373435974,0.834213700145483
erdogan2023_c006,erdogan2023,erdogan,en,2023-12-31,new_year_message,6,100,81,0.5002123713493347,0.017304042354226112,0.024433715268969536,0.059501830488443375,0.3558639883995056,0.009387076832354069,0.011097029782831669,0.008494680747389793,0.0013585848500952125,0.007906761020421982,0.0008354694582521915,0.004816838074475527,0.005514190066605806,0.0020053181797266006,0.002398998476564884,0.051998697221279144,0.0013509541749954224,0.000961023848503828,0.002672935137525201,0.0004206718294881284,0.011670009233057499,0.036379534751176834,0.0014719216851517558,0.00072485237615183,0.001926131546497345,0.0016736367251724005,0.0004068728012498468,0.000826304079964757,0.24625472724437714,0.007979309186339378,0.7457659244537354,0.3558639883995056,0.024433715268969536,0.011097029782831669,0.059501830488443375,0.5002123713493347,0.737786615267396
erdogan2023_c007,erdogan2023,erdogan,en,2023-12-31,new_year_message,7,85,74,0.07123863697052002,0.0018247492844238877,0.003940703812986612,0.017654797062277794,0.12823888659477234,0.0078085558488965034,0.006313290446996689,0.04606007784605026,0.0006383175496011972,0.0065262108109891415,0.0007303470629267395,0.0008976407698355615,0.00033082766458392143,0.0015646656975150108,0.0019613925833255053,0.049728408455848694,0.0014763521030545235,0.0008355845347978175,0.0038563748821616173,0.0008147574262693524,0.003897678339853883,0.00971372239291668,0.000539104628842324,0.8639959692955017,0.0009356634109281003,0.0022439053282141685,0.00041132819023914635,0.00039742692024447024,0.4397386908531189,0.5078327059745789,0.05242856964468956,0.8639959692955017,0.003940703812986612,0.0078085558488965034,0.017654797062277794,0.07123863697052002,-0.4554041363298893
erdogan2023_c008,erdogan2023,erdogan,en,2023-12-31,new_year_message,8,86,75,0.3413161635398865,0.0018627963727340102,0.0046941665932536125,0.04871577024459839,0.47478556632995605,0.0049700564704835415,0.00794218946248293,0.16778875887393951,0.0009382948628626764,0.008138053119182587,0.0006576862651854753,0.0012420198181644082,0.0007666539750061929,0.0011940428521484137,0.0034127901308238506,0.1461837738752365,0.000797868415247649,0.000872847274877131,0.01896020397543907,0.001315096509642899,0.014586060307919979,0.026043377816677094,0.0009014352108351886,0.012553227134048939,0.0017463720869272947,0.004602397326380014,0.0003965649812016636,0.0011793695157393813,0.5525112152099609,0.026696883141994476,0.420791894197464,0.47478556632995605,0.0046941665932536125,0.00794218946248293,0.04871577024459839,0.3413161635398865,0.3940950110554695
erdogan2023_c009,erdogan2023,erdogan,en,2023-12-31,new_year_message,9,82,61,0.2757619619369507,0.0009076668648049235,0.002301386557519436,0.009176635183393955,0.476508766412735,0.0046860952861607075,0.0061528547666966915,0.014984983019530773,0.00029907410498708487,0.0022363639436662197,0.0002243393537355587,0.0007122884853743017,0.000476617191452533,0.0004485295503400266,0.004097227472811937,0.13823845982551575,0.0008725612424314022,0.000885705288965255,0.0020275269635021687,0.0005174219259060919,0.14704526960849762,0.013115555047988892,0.0034695013891905546,0.003500498365610838,0.0014311225386336446,0.008050838485360146,0.0007985206902958453,0.0021299265790730715,0.40105724334716797,0.010579896159470081,0.5883628726005554,0.476508766412735,0.002301386557519436,0.0061528547666966915,0.14704526960849762,0.2757619619369507,0.5777829764410853
erdogan2023_c010,erdogan2023,erdogan,en,2023-12-31,new_year_message,10,114,92,0.4116770029067993,0.05784483999013901,0.24669039249420166,0.08400305360555649,0.08072471618652344,0.01097628939896822,0.018647246062755585,0.011796122416853905,0.0030416848603636026,0.007331278640776873,0.002047028159722686,0.004390706308186054,0.003292868146672845,0.005580846220254898,0.0021665762178599834,0.16719983518123627,0.001507231849245727,0.0008630043594166636,0.0023926720023155212,0.0016563398530706763,0.011826543137431145,0.007629639469087124,0.0012672939337790012,0.0022393122781068087,0.002524725627154112,0.0012101640459150076,0.0007105470867827535,0.0008776768809184432,0.3811333477497101,0.04876162111759186,0.5701050162315369,0.16719983518123627,0.24669039249420166,0.018647246062755585,0.08400305360555649,0.4116770029067993,0.521343395113945
erdogan2023_c011,erdogan2023,erdogan,en,2023-12-31,new_year_message,11,82,69,0.42386361956596375,0.04607759416103363,0.16005735099315643,0.041588518768548965,0.03960932046175003,0.07341478019952774,0.19407278299331665,0.0019152754684910178,0.0014066790463402867,0.001974323997274041,0.0018532349495217204,0.000713887857273221,0.0008733480935916305,0.0018314918270334601,0.0014467501314356923,0.0036639035679399967,0.0023246905766427517,0.0069812205620110035,0.0006314357742667198,0.0009316980722360313,0.002207575598731637,0.0022793542593717575,0.0007530245347879827,0.0014635322149842978,0.0012030497891828418,0.0005083606811240315,0.0006903742905706167,0.0004946383996866643,0.18754610419273376,0.801543653011322,0.010910294950008392,0.03960932046175003,0.16005735099315643,0.19407278299331665,0.041588518768548965,0.42386361956596375,-0.7906333580613136
erdogan2023_c012,erdogan2023,erdogan,en,2023-12-31,new_year_message,12,167,132,0.08258158713579178,0.002184458775445819,0.00451809773221612,0.005904773250222206,0.07289381325244904,0.00741191953420639,0.004340506624430418,0.032903000712394714,0.0006598912877961993,0.0015805518487468362,0.00038916029734537005,0.000961995858233422,0.0007901780190877616,0.0017709258245304227,0.004922162741422653,0.26063308119773865,0.0017308654496446252,0.0017333563882857561,0.002185222925618291,0.0010997888166457415,0.7421776652336121,0.027973046526312828,0.007708598393946886,0.014025046490132809,0.00143537693656981,0.009680015966296196,0.0014672594843432307,0.004182937555015087,0.30547016859054565,0.04993325099349022,0.6445965766906738,0.26063308119773865,0.00451809773221612,0.00741191953420639,0.7421776652336121,0.08258158713579178,0.5946633256971836
erdogan2024_c000,erdogan2024,erdogan,en,2024-12-31,new_year_message,0,82,64,0.032089367508888245,0.0035318629816174507,0.0024105901829898357,0.003067400772124529,0.05379992350935936,0.004253900144249201,0.0037304176948964596,0.05727805197238922,0.0016378392465412617,0.005609224550426006,0.00038032844895496964,0.00244376203045249,0.0016440197359770536,0.0035156772937625647,0.02238096110522747,0.4533348083496094,0.001098943524993956,0.002302293200045824,0.004626214504241943,0.0014073095517233014,0.2639870047569275,0.4531746804714203,0.08508051931858063,0.19114331901073456,0.0012103093322366476,0.025285379961133003,0.0010119129437953234,0.003695910796523094,0.026591520756483078,0.0026808427646756172,0.9707276225090027,0.4533348083496094,0.0035318629816174507,0.004253900144249201,0.2639870047569275,0.032089367508888245,0.9680467797443271
erdogan2024_c001,erdogan2024,erdogan,en,2024-12-31,new_year_message,1,94,72,0.05331797897815704,0.0030986731871962547,0.0020150451455265284,0.010050228796899319,0.08728253841400146,0.004423174075782299,0.0030991898383945227,0.19268369674682617,0.0015662957448512316,0.01000291295349598,0.0006281434325501323,0.0012921551242470741,0.0005415068008005619,0.003400090616196394,0.007372030057013035,0.10073775798082352,0.0011659475276246667,0.0010325999464839697,0.016368849202990532,0.0012254087487235665,0.024670178070664406,0.05619219318032265,0.002325565554201603,0.7812934517860413,0.0005537125398404896,0.007882172241806984,0.0005018131341785192,0.0005086558521725237,0.04674477502703667,0.00676100654527545,0.9464942216873169,0.7812934517860413,0.003400090616196394,0.004423174075782299,0.024670178070664406,0.05331797897815704,0.9397332151420414
erdogan2024_c002,erdogan2024,erdogan,en,2024-12-31,new_year_message,2,90,80,0.035720229148864746,0.001191164250485599,0.0016254474176093936,0.009995369240641594,0.049686089158058167,0.006173516158014536,0.002272914396598935,0.22799652814865112,0.001071808859705925,0.019226308912038803,0.000779845577199012,0.0007806040230207145,0.0005557216936722398,0.0005780479405075312,0.11353578418493271,0.013448243029415607,0.000956802919972688,0.0015790481120347977,0.04139328375458717,0.004036244470626116,0.0036561256274580956,0.007507211994379759,0.0014963611029088497,0.7297730445861816,0.0008870376041159034,0.06939823925495148,0.0013913917355239391,0.0006509771919809282,0.04052368551492691,0.002701360732316971,0.9567750096321106,0.7297730445861816,0.0016254474176093936,0.006173516158014536,0.009995369240641594,0.035720229148864746,0.9540736488997936
erdogan2024_c003,erdogan2024,erdogan,en,2024-12-31,new_year_message,3,83,71,0.1463821679353714,0.002678496763110161,0.006312008015811443,0.03252022713422775,0.31149911880493164,0.004341485444456339,0.0026277105789631605,0.1398925483226776,0.0012919447617605329,0.014643640257418156,0.0007175016799010336,0.0028258757665753365,0.0016907146200537682,0.0012148544192314148,0.0163627527654171,0.43851304054260254,0.0009495404665358365,0.0006670290022157133,0.02228761464357376,0.002745151286944747,0.060545213520526886,0.018269136548042297,0.001030799699947238,0.013128521852195263,0.0010331036755815148,0.022601813077926636,0.0009629059350118041,0.0009869856294244528,0.08604435622692108,0.007591829169541597,0.9063637852668762,0.43851304054260254,0.006312008015811443,0.004341485444456339,0.060545213520526886,0.1463821679353714,0.8987719560973346
erdogan2024_c004,erdogan2024,erdogan,en,2024-12-31,new_year_message,4,107,85,0.16481804847717285,0.0014554759254679084,0.005392313934862614,0.01505601592361927,0.20801150798797607,0.004270930774509907,0.005790693685412407,0.02279585786163807,0.0004779032606165856,0.00199532019905746,0.00036245890078134835,0.001402402645908296,0.0005946287419646978,0.0009483908652327955,0.002903493121266365,0.6916711330413818,0.000829556374810636,0.000853989040479064,0.00246025319211185,0.0015697552589699626,0.13349632918834686,0.014281155541539192,0.0017451829044148326,0.005232352297753096,0.0016534524038434029,0.006241342052817345,0.0008993007359094918,0.002218813169747591,0.26290521025657654,0.019555963575839996,0.7175387740135193,0.6916711330413818,0.005392313934862614,0.005790693685412407,0.13349632918834686,0.16481804847717285,0.6979828104376793
erdogan2024_c005,erdogan2024,erdogan,en,2024-12-31,new_year_message,5,95,81,0.1646946370601654,0.001201193779706955,0.002789375837892294,0.01205864641815424,0.35162076354026794,0.00502033531665802,0.007709128316491842,0.04999438673257828,0.0006565696094185114,0.0054654632695019245,0.00035387466778047383,0.0011613165261223912,0.0007239651749841869,0.001133943791501224,0.003415559884160757,0.5042098760604858,0.0006745185819454491,0.001007590675726533,0.0055634076707065105,0.0008839209331199527,0.09059149026870728,0.1442323923110962,0.002326731802895665,0.022186463698744774,0.0012773801572620869,0.005719731096178293,0.0005451631150208414,0.0017359935445711017,0.5531038045883179,0.36684373021125793,0.08005250245332718,0.5042098760604858,0.002789375837892294,0.007709128316491842,0.09059149026870728,0.1646946370601654,-0.28679122775793076
erdogan2024_c006,erdogan2024,erdogan,en,2024-12-31,new_year_message,6,108,85,0.11574031412601471,0.0019954245071858168,0.0024245348758995533,0.011289900168776512,0.47915124893188477,0.003035948146134615,0.003614383516833186,0.06917981058359146,0.0009270302834920585,0.005681371781975031,0.00036761860246770084,0.0018239218043163419,0.0011296645971015096,0.001534478273242712,0.013761029578745365,0.28489232063293457,0.0009180423221550882,0.00153429398778826,0.006629963871091604,0.0007537783239968121,0.07837019115686417,0.162433460354805,0.15905150771141052,0.006401567254215479,0.0014052677433937788,0.0126090282574296,0.0004883354413323104,0.0015962996985763311,0.16084988415241241,0.005476263351738453,0.8336738348007202,0.47915124893188477,0.0024245348758995533,0.003614383516833186,0.07837019115686417,0.11574031412601471,0.8281975714489818
erdogan2024_c007,erdogan2024,erdogan,en,2024-12-31,new_year_message,7,114,98,0.312192440032959,0.0022749449126422405,0.003197248326614499,0.011411226354539394,0.37317371368408203,0.007627152372151613,0.009212685748934746,0.1988576203584671,0.001033273059874773,0.006572828162461519,0.0003598115872591734,0.000970122404396534,0.0006784924189560115,0.001065903576090932,0.004181578755378723,0.10561825335025787,0.001031225430779159,0.0017446447163820267,0.01170192938297987,0.00048555416287854314,0.06374505162239075,0.1369425654411316,0.002951656933873892,0.014995381236076355,0.0007620988762937486,0.004630421753972769,0.0003803478612098843,0.0010745861800387502,0.03073459304869175,0.004343016073107719,0.9649224281311035,0.37317371368408203,0.003197248326614499,0.009212685748934746,0.06374505162239075,0.312192440032959,0.9605794120579958
erdogan2024_c008,erdogan2024,erdogan,en,2024-12-31,new_year_message,8,82,64,0.31966179609298706,0.0014971209457144141,0.0033077802509069443,0.008460070937871933,0.23691904544830322,0.0054800622165203094,0.004982820712029934,0.019655704498291016,0.00043147127144038677,0.0016758505953475833,0.00026889375294558704,0.001068875310011208,0.0005673827836290002,0.0005868503940291703,0.004542716313153505,0.25088706612586975,0.001002138596959412,0.0013235870283097029,0.002467525191605091,0.0006041546585038304,0.2734423279762268,0.016348253935575485,0.003094383515417576,0.0015482486924156547,0.0011862240498885512,0.009200507774949074,0.0008044883143156767,0.003101344918832183,0.3879920244216919,0.013258076272904873,0.5987498760223389,0.25088706612586975,0.0033077802509069443,0.0054800622165203094,0.2734423279762268,0.31966179609298706,0.585491799749434
erdogan2024_c009,erdogan2024,erdogan,en,2024-12-31,new_year_message,9,101,76,0.1119864359498024,0.0014696870930492878,0.004242004361003637,0.006695086136460304,0.05397442355751991,0.006087718531489372,0.005797684658318758,0.016875803470611572,0.00047790532698854804,0.0009504863992333412,0.0003130175464320928,0.0012349695898592472,0.0005121187423355877,0.0011739965993911028,0.003401013556867838,0.7745067477226257,0.0010389324743300676,0.0018806045409291983,0.001786853768862784,0.001357108005322516,0.30156388878822327,0.0171938706189394,0.002950039692223072,0.006115966476500034,0.0015318903606384993,0.007193845696747303,0.0015608224784955382,0.002670151414349675,0.1123690977692604,0.0031873900443315506,0.8844435214996338,0.7745067477226257,0.004242004361003637,0.006087718531489372,0.30156388878822327,0.1119864359498024,0.8812561314553022
erdogan2024_c010,erdogan2024,erdogan,en,2024-12-31,new_year_message,10,80,66,0.0658394917845726,0.0014074824284762144,0.003750639269128442,0.005102826282382011,0.059429656714200974,0.005427213851362467,0.005423809867352247,0.03642147779464722,0.000513036095071584,0.001110557815991342,0.0003236770862713456,0.001073353923857212,0.0005777893820777535,0.0016286681639030576,0.00456605339422822,0.7677991986274719,0.0011477235238999128,0.0018678396008908749,0.0021421194542199373,0.0015484882751479745,0.4106028378009796,0.029750777408480644,0.005468154326081276,0.011001745238900185,0.0017286973306909204,0.009091207757592201,0.001483449013903737,0.00422444473952055,0.21380403637886047,0.01027563214302063,0.7759203314781189,0.7677991986274719,0.003750639269128442,0.005427213851362467,0.4106028378009796,0.0658394917845726,0.7656446993350983
erdogan2024_c011,erdogan2024,erdogan,en,2024-12-31,new_year_message,11,83,74,0.034192997962236404,0.0025105366948992014,0.002623381558805704,0.004162351135164499,0.056427452713251114,0.00493552116677165,0.005349937826395035,0.1068839505314827,0.0014284640783444047,0.004297306295484304,0.00042930355994030833,0.0019584805704653263,0.0011781046632677317,0.0045487708412110806,0.009025698527693748,0.6916662454605103,0.00117114232853055,0.0023796232417225838,0.0054038953967392445,0.0014591520885005593,0.24274514615535736,0.3833737075328827,0.019858000800013542,0.13554774224758148,0.0016388257499784231,0.009255044162273407,0.0010405476205050945,0.0036712130531668663,0.1370135247707367,0.014327182434499264,0.8486592769622803,0.6916662454605103,0.0045487708412110806,0.005349937826395035,0.24274514615535736,0.034192997962236404,0.834332094527781
erdogan2025_c000,erdogan2025,erdogan,en,2025-12-31,new_year_message,0,86,66,0.031963739544153214,0.00459405779838562,0.004141473677009344,0.003968053497374058,0.029586760327219963,0.0069342199712991714,0.003078363835811615,0.04294448345899582,0.0012962303590029478,0.0024675452150404453,0.0005450025200843811,0.0020493913907557726,0.001752735348418355,0.0028952029533684254,0.016108185052871704,0.15731149911880493,0.002728479914367199,0.002531176432967186,0.002980223624035716,0.0018760123057290912,0.8298484683036804,0.05927311256527901,0.03324618935585022,0.04682011529803276,0.0015510220546275377,0.03216635808348656,0.0021159823518246412,0.006702954415231943,0.02297224849462509,0.0026084918063133955,0.9744192957878113,0.15731149911880493,0.00459405779838562,0.0069342199712991714,0.8298484683036804,0.031963739544153214,0.9718108039814979
erdogan2025_c001,erdogan2025,erdogan,en,2025-12-31,new_year_message,1,81,68,0.045744240283966064,0.013428191654384136,0.0037340859416872263,0.011577192693948746,0.04739939421415329,0.006602885201573372,0.0047917733900249004,0.597588062286377,0.004529298283159733,0.008894987404346466,0.0016609722515568137,0.0019374358234927058,0.0005932115600444376,0.006449776701629162,0.00930798053741455,0.00957124400883913,0.0019418437732383609,0.0024142989423125982,0.020637284964323044,0.001350846840068698,0.004227775614708662,0.03640848025679588,0.0030427260790020227,0.620670735836029,0.0007758977590128779,0.005261463578790426,0.000797690125182271,0.0007480283384211361,0.17143821716308594,0.055883314460515976,0.7726784944534302,0.620670735836029,0.013428191654384136,0.006602885201573372,0.011577192693948746,0.045744240283966064,0.7167951799929142
erdogan2025_c002,erdogan2025,erdogan,en,2025-12-31,new_year_message,2,109,93,0.24143008887767792,0.001896577887237072,0.005791759118437767,0.035117704421281815,0.4262947738170624,0.004666022025048733,0.004767820239067078,0.21174177527427673,0.0013451550621539354,0.023385679349303246,0.0008254132117144763,0.0020357312168926,0.0014853000175207853,0.001180893275886774,0.014755388721823692,0.22482465207576752,0.000661183730699122,0.0008495757938362658,0.03599969297647476,0.002651650458574295,0.006772945169359446,0.03598915413022041,0.000967817788477987,0.02162322588264942,0.001422713277861476,0.011133992113173008,0.0006045840564183891,0.0007032545981928706,0.06918218731880188,0.004895078483968973,0.925922691822052,0.4262947738170624,0.005791759118437767,0.004767820239067078,0.035117704421281815,0.24143008887767792,0.921027613338083
erdogan2025_c003,erdogan2025,erdogan,en,2025-12-31,new_year_message,3,94,78,0.17722086608409882,0.001285713748075068,0.004239877685904503,0.01578955538570881,0.19625526666641235,0.0036480349954217672,0.00403403677046299,0.05655737966299057,0.0004860113840550184,0.0026244025211781263,0.00032003605156205595,0.0011628590291365981,0.0005571037763729692,0.0006999198812991381,0.005696205887943506,0.6055474877357483,0.0006908893119543791,0.0007059607305563986,0.004828835371881723,0.001978813437744975,0.10558314621448517,0.009594655595719814,0.0015768049051985145,0.00691560423001647,0.0013568495633080602,0.011871464550495148,0.0008412034367211163,0.0017518479144200683,0.06432586908340454,0.003328868420794606,0.9323452711105347,0.6055474877357483,0.004239877685904503,0.00403403677046299,0.10558314621448517,0.17722086608409882,0.9290164026897401
erdogan2025_c004,erdogan2025,erdogan,en,2025-12-31,new_year_message,4,99,81,0.3618656396865845,0.025388313457369804,0.07269639521837234,0.056531958281993866,0.23595234751701355,0.008920274674892426,0.013005289249122143,0.0325842946767807,0.0025153523311018944,0.011829174123704433,0.0011962632415816188,0.0018279734067618847,0.001946577220223844,0.0029010437428951263,0.0054262178018689156,0.14494922757148743,0.0011295209405943751,0.0008474817150272429,0.00702177919447422,0.001180149964056909,0.07849909365177155,0.011658983305096626,0.0015700147487223148,0.0049048978835344315,0.0010676581878215075,0.0035177371464669704,0.0005625479388982058,0.0008219327428378165,0.11047939211130142,0.004615629557520151,0.8849049806594849,0.23595234751701355,0.07269639521837234,0.013005289249122143,0.07849909365177155,0.3618656396865845,0.8802893511019647
erdogan2025_c005,erdogan2025,erdogan,en,2025-12-31,new_year_message,5,136,104,0.033162105828523636,0.004184826742857695,0.0037868120707571507,0.005163158290088177,0.04207796975970268,0.007519866805523634,0.0045990911312401295,0.043304745107889175,0.0015791120240464807,0.005573164205998182,0.0007929331623017788,0.0014194604009389877,0.0013390082167461514,0.006567931734025478,0.014548691920936108,0.16684623062610626,0.0023889157455414534,0.002418807242065668,0.0060163456946611404,0.0014710999093949795,0.6856943964958191,0.05369744449853897,0.00804351456463337,0.5718690156936646,0.0016699328552931547,0.018488556146621704,0.00133736920543015,0.004224462900310755,0.08202111721038818,0.002779953647404909,0.9151989221572876,0.5718690156936646,0.006567931734025478,0.007519866805523634,0.6856943964958191,0.033162105828523636,0.9124189685098827
erdogan2025_c006,erdogan2025,erdogan,en,2025-12-31,new_year_message,6,99,86,0.6368396282196045,0.002138006966561079,0.005247991997748613,0.01547812856733799,0.18991363048553467,0.008100079372525215,0.02664581499993801,0.011004297994077206,0.0005848829168826342,0.002387372776865959,0.00036387064028531313,0.0010466983076184988,0.0005317088798619807,0.001171780051663518,0.0009779096581041813,0.16432873904705048,0.000778081186581403,0.0014970359625294805,0.0019154871115460992,0.00039488307083956897,0.03041720576584339,0.07668356597423553,0.0014080588007345796,0.004230846185237169,0.001317994319833815,0.0014791658613830805,0.00030310574220493436,0.0009663592209108174,0.479498028755188,0.3969614803791046,0.12354052066802979,0.18991363048553467,0.005247991997748613,0.02664581499993801,0.03041720576584339,0.6368396282196045,-0.27342095971107483
erdogan2025_c007,erdogan2025,erdogan,en,2025-12-31,new_year_message,7,108,88,0.5382343530654907,0.005275402683764696,0.005677179433405399,0.12295202910900116,0.46641770005226135,0.004775503184646368,0.0022092494182288647,0.021688757464289665,0.0015038491692394018,0.018539290875196457,0.001076889457181096,0.0026022407691925764,0.0029330486431717873,0.0010710387723520398,0.014520874246954918,0.028397513553500175,0.001532375579699874,0.0007297751726582646,0.008243229240179062,0.0017542093992233276,0.00518953800201416,0.011332683265209198,0.002026116009801626,0.0020518084056675434,0.0015816024970263243,0.006618433631956577,0.0011143070878461003,0.0008804061799310148,0.7157283425331116,0.024350885301828384,0.25992077589035034,0.46641770005226135,0.005677179433405399,0.004775503184646368,0.12295202910900116,0.5382343530654907,0.23556989058852196
erdogan2025_c008,erdogan2025,erdogan,en,2025-12-31,new_year_message,8,102,84,0.04676487296819687,0.001021972973830998,0.0014657665742561221,0.007719855755567551,0.12982919812202454,0.003040729323402047,0.0058393157087266445,0.24183019995689392,0.0005425088456831872,0.003645411692559719,0.00031691722688265145,0.0008953557116910815,0.0002544158196542412,0.0009496897691860795,0.002863379195332527,0.12550608813762665,0.0007090369472280145,0.000691523659043014,0.004987714346498251,0.00111756706610322,0.006684974301606417,0.018582502380013466,0.0009880483848974109,0.8371508121490479,0.0015535694546997547,0.004883122630417347,0.0005935421213507652,0.0011155344545841217,0.22119326889514923,0.012161941267549992,0.7666447758674622,0.8371508121490479,0.0014657665742561221,0.0058393157087266445,0.007719855755567551,0.04676487296819687,0.7544828345999122
erdogan2025_c009,erdogan2025,erdogan,en,2025-12-31,new_year_message,9,86,70,0.4413437247276306,0.03227680176496506,0.01416915562003851,0.045293230563402176,0.23173262178897858,0.039097048342227936,0.06409654021263123,0.0070737749338150024,0.0032201616559177637,0.0032268096692860126,0.0020614031236618757,0.006699333433061838,0.0016730527859181166,0.003113345941528678,0.001309830229729414,0.05054740980267525,0.004931377712637186,0.02146214246749878,0.004189073108136654,0.0005497901001945138,0.03722122311592102,0.06514419615268707,0.0015619507757946849,0.0015375349903479218,0.0009438589331693947,0.0013130545848980546,0.00038677515112794936,0.0008305126684717834,0.6014755964279175,0.1753809154033661,0.22314348816871643,0.23173262178897858,0.03227680176496506,0.06409654021263123,0.045293230563402176,0.4413437247276306,0.04776257276535034
erdogan2025_c010,erdogan2025,erdogan,en,2025-12-31,new_year_message,10,96,79,0.5040134787559509,0.0031152688898146152,0.005681921262294054,0.02159508876502514,0.26937395334243774,0.01657439023256302,0.04302583262324333,0.005054000299423933,0.0004908253322355449,0.0021431096829473972,0.0005618904833681881,0.004175835754722357,0.0014109871117398143,0.0006415939424186945,0.0011561381397768855,0.038152508437633514,0.0013912506401538849,0.0029851184226572514,0.001499564154073596,0.0002899741812143475,0.019353415817022324,0.038919609040021896,0.0009945565834641457,0.0009055599803104997,0.0011248410446569324,0.0016554805915802717,0.00038555896026082337,0.0006093333940953016,0.7129667401313782,0.06751842051744461,0.21951480209827423,0.26937395334243774,0.005681921262294054,0.04302583262324333,0.02159508876502514,0.5040134787559509,0.15199638158082962
erdogan2025_c011,erdogan2025,erdogan,en,2025-12-31,new_year_message,11,114,95,0.2881662845611572,0.0016360469162464142,0.002683955477550626,0.013719789683818817,0.3694610297679901,0.004537837114185095,0.003222373779863119,0.08416253328323364,0.0010021156631410122,0.013622571714222431,0.0004255951789673418,0.0015975885326042771,0.0011169512290507555,0.0010436828015372157,0.013131777755916119,0.22107313573360443,0.0008029243908822536,0.0009061041637323797,0.02154277078807354,0.0012202023062855005,0.07769251614809036,0.0686422660946846,0.002687187632545829,0.024242043495178223,0.0007098651258274913,0.022621039301156998,0.0004329047806095332,0.0007800994790159166,0.12184183299541473,0.005027927923947573,0.873130202293396,0.3694610297679901,0.002683955477550626,0.004537837114185095,0.07769251614809036,0.2881662845611572,0.8681022743694484
erdogan2025_c012,erdogan2025,erdogan,en,2025-12-31,new_year_message,12,82,71,0.10033004730939865,0.0022336607798933983,0.006858569569885731,0.009599174372851849,0.07568658888339996,0.0065482547506690025,0.013884863816201687,0.014940003864467144,0.0006869743228890002,0.0015185695374384522,0.00043544682557694614,0.001478044898249209,0.000660609919577837,0.002635314827784896,0.0022841100580990314,0.8673096895217896,0.0009909963700920343,0.00215841899625957,0.001966385170817375,0.0012005657190456986,0.10107956826686859,0.06830838322639465,0.003075194312259555,0.009918173775076866,0.0020429689902812243,0.0024794212076812983,0.0009942486649379134,0.0017368943663313985,0.472785085439682,0.019439678639173508,0.5077751874923706,0.8673096895217896,0.006858569569885731,0.013884863816201687,0.10107956826686859,0.10033004730939865,0.4883355088531971
erdogan2025_c013,erdogan2025,erdogan,en,2025-12-31,new_year_message,13,159,125,0.026872145012021065,0.0025764277670532465,0.0019459225004538894,0.004091847687959671,0.10973982512950897,0.004707661923021078,0.004592806100845337,0.11979450285434723,0.0015031311195343733,0.006870135199278593,0.0004266550240572542,0.001466474961489439,0.0011323364451527596,0.004208346363157034,0.016708478331565857,0.31333160400390625,0.0011964997975155711,0.00235461606644094,0.006921104621142149,0.0012077153660356998,0.27476462721824646,0.3301141560077667,0.05860615149140358,0.5313194394111633,0.0012929356889799237,0.017364472150802612,0.0008429748122580349,0.004041384905576706,0.0425853356719017,0.003493993543088436,0.9539207220077515,0.5313194394111633,0.004208346363157034,0.004707661923021078,0.27476462721824646,0.026872145012021065,0.950426728464663
macron2022_c000,macron2022,macron,en,2022-12-31,new_year_address,0,157,130,0.14116442203521729,0.04113693907856941,0.008995250798761845,0.006195593625307083,0.031201817095279694,0.010068167932331562,0.008761623874306679,0.010149771347641945,0.006443585269153118,0.012928714975714684,0.0009425441385246813,0.0022589571308344603,0.003609574632719159,0.016641857102513313,0.00686090812087059,0.07823710888624191,0.0013528449926525354,0.0026624647434800863,0.0024732069578021765,0.0007459702901542187,0.10895787179470062,0.748461902141571,0.007983683608472347,0.09280364960432053,0.001234017196111381,0.002712644636631012,0.0006953089614398777,0.0033239107578992844,0.14820216596126556,0.006843347568064928,0.8449544310569763,0.748461902141571,0.04113693907856941,0.010068167932331562,0.10895787179470062,0.14116442203521729,0.8381110834889114
macron2022_c001,macron2022,macron,en,2022-12-31,new_year_address,1,81,71,0.3052298128604889,0.00229994161054492,0.004543031100183725,0.04987790063023567,0.20721907913684845,0.003871403867378831,0.003813620423898101,0.05393524840474129,0.0012651808792725205,0.012297607026994228,0.0006238700589165092,0.002988720778375864,0.001702624373137951,0.0011273629497736692,0.012906954623758793,0.38777291774749756,0.0008166097686626017,0.0006352983764372766,0.015770331025123596,0.0029956644866615534,0.06901151686906815,0.027389608323574066,0.0010048231342807412,0.015627576038241386,0.0013414685381576419,0.019344549626111984,0.0007235948578454554,0.000920993450563401,0.38316476345062256,0.019534990191459656,0.5973002910614014,0.38777291774749756,0.004543031100183725,0.003871403867378831,0.06901151686906815,0.3052298128604889,0.5777653008699417
macron2022_c002,macron2022,macron,en,2022-12-31,new_year_address,2,81,69,0.08288677036762238,0.008388906717300415,0.025516187772154808,0.006315914914011955,0.022899318486452103,0.0198505949229002,0.018661219626665115,0.013319112360477448,0.001122981309890747,0.0009694946347735822,0.0007898901239968836,0.0022665574215352535,0.0014923091512173414,0.003365003503859043,0.002100891200825572,0.21887461841106415,0.005507664754986763,0.0035221611615270376,0.0012452536029741168,0.001319207949563861,0.7831019163131714,0.016052719205617905,0.007346657570451498,0.005062291864305735,0.0024346993304789066,0.004198783542960882,0.0013572359457612038,0.005165410228073597,0.3339669406414032,0.6233216524124146,0.04271138086915016,0.21887461841106415,0.025516187772154808,0.0198505949229002,0.7831019163131714,0.08288677036762238,-0.5806102715432644
macron2022_c003,macron2022,macron,en,2022-12-31,new_year_address,3,137,116,0.1674836128950119,0.022025352343916893,0.03496299311518669,0.019203856587409973,0.008569363504648209,0.011318912729620934,0.006988923996686935,0.0024614636786282063,0.002235651249065995,0.0006113204872235656,0.002712892135605216,0.026794716715812683,0.009883517399430275,0.003130462486296892,0.0009561267215758562,0.030662264674901962,0.00296531873755157,0.0031694131903350353,0.00017881454550661147,0.0480346642434597,0.00797923281788826,0.005916318856179714,0.002511227037757635,0.0007927524857223034,0.24963049590587616,0.0032741790637373924,0.0010771763045340776,0.6553281545639038,0.5167768597602844,0.4405035078525543,0.042719658464193344,0.030662264674901962,0.03496299311518669,0.011318912729620934,0.6553281545639038,0.1674836128950119,-0.397783849388361
macron2022_c004,macron2022,macron,en,2022-12-31,new_year_address,4,160,137,0.08847004920244217,0.002313826931640506,0.003510053502395749,0.03542446345090866,0.36744436621665955,0.0047490475699305534,0.006660918705165386,0.15754128992557526,0.0009996520821005106,0.01703801564872265,0.000791642814874649,0.0007590179448015988,0.0005259386380203068,0.0017150160856544971,0.0076184701174497604,0.03676748275756836,0.0008602639427408576,0.0007657891255803406,0.014761068858206272,0.0011886468855664134,0.003687951248139143,0.013308124616742134,0.0010076703038066626,0.5016825199127197,0.0009763807174749672,0.004234610591083765,0.00052933010738343,0.00040738805546425283,0.3479629456996918,0.032018259167671204,0.6200188398361206,0.5016825199127197,0.003510053502395749,0.006660918705165386,0.03542446345090866,0.08847004920244217,0.5880005806684494
macron2022_c005,macron2022,macron,en,2022-12-31,new_year_address,5,147,126,0.3617909848690033,0.001909696846269071,0.005335517227649689,0.11845354735851288,0.515861451625824,0.006652349606156349,0.004548151511698961,0.01712968945503235,0.0007048555416986346,0.01215637382119894,0.0010001984192058444,0.0013776643900200725,0.0013292555231601,0.0010358794825151563,0.010084059089422226,0.05659518018364906,0.0012888549827039242,0.00072929059388116,0.007047536317259073,0.0009591522975824773,0.016605904325842857,0.0056773219257593155,0.0014090186450630426,0.004063824191689491,0.0015792693011462688,0.0048827496357262135,0.0012810889165848494,0.0005410904996097088,0.5729440450668335,0.039550237357616425,0.38750576972961426,0.515861451625824,0.005335517227649689,0.006652349606156349,0.11845354735851288,0.3617909848690033,0.34795553237199783
macron2022_c006,macron2022,macron,en,2022-12-31,new_year_address,6,138,112,0.122800812125206,0.0046647354029119015,0.014162843115627766,0.04225923493504524,0.14357304573059082,0.018569793552160263,0.006218630354851484,0.5170875787734985,0.0041695511899888515,0.035747915506362915,0.003577369498088956,0.0028795991092920303,0.0017871428281068802,0.0018296020571142435,0.04701300337910652,0.0664525106549263,0.0029117006342858076,0.00451686279848218,0.2720933258533478,0.00786524172872305,0.03593830019235611,0.012444905936717987,0.0015733592445030808,0.042280517518520355,0.0007089271675795317,0.04560627043247223,0.001159987528808415,0.00045701503404416144,0.1524331420660019,0.00844581238925457,0.8391211032867432,0.5170875787734985,0.014162843115627766,0.018569793552160263,0.04225923493504524,0.122800812125206,0.8306752908974886
macron2022_c007,macron2022,macron,en,2022-12-31,new_year_address,7,118,103,0.09235499799251556,0.0048194946721196175,0.010048179887235165,0.02365024760365486,0.15414027869701385,0.0041634696535766125,0.008183651603758335,0.031008636578917503,0.001922938390634954,0.004038756713271141,0.0012596797896549106,0.021891610696911812,0.014013724401593208,0.003986545372754335,0.007871748879551888,0.7463020086288452,0.0010898415930569172,0.0019189242739230394,0.004487934987992048,0.012339400127530098,0.07079607993364334,0.06097292900085449,0.0029810327105224133,0.002291647717356682,0.05184028297662735,0.02581501007080078,0.0007829417590983212,0.1342211365699768,0.46304062008857727,0.07106153666973114,0.4658978283405304,0.7463020086288452,0.021891610696911812,0.008183651603758335,0.1342211365699768,0.09235499799251556,0.39483629167079926
macron2022_c008,macron2022,macron,en,2022-12-31,new_year_address,8,152,131,0.30125340819358826,0.0011184397153556347,0.0017095169750973582,0.01470055989921093,0.43270358443260193,0.0030846099834889174,0.005638736765831709,0.01221624854952097,0.0004609961761161685,0.0015034383395686746,0.00021981392637826502,0.0018016676185652614,0.0010449117980897427,0.0008369105053134263,0.0018160672625526786,0.26089802384376526,0.0006246670382097363,0.0011444410774856806,0.0007066180114634335,0.0026490427553653717,0.023875601589679718,0.057345081120729446,0.006220856215804815,0.0018002850702032447,0.02262933738529682,0.00826420821249485,0.0006056651473045349,0.1474301815032959,0.7044099569320679,0.12692053616046906,0.16866950690746307,0.43270358443260193,0.0018016676185652614,0.005638736765831709,0.1474301815032959,0.30125340819358826,0.04174897074699402
macron2022_c009,macron2022,macron,en,2022-12-31,new_year_address,9,106,90,0.025851335376501083,0.0016615852946415544,0.001732540549710393,0.00823375303298235,0.03912494704127312,0.0030047385953366756,0.0034065747167915106,0.03225969895720482,0.0009910119697451591,0.0035497117787599564,0.0005237719160504639,0.0017728152452036738,0.0010827339719980955,0.0023415032774209976,0.00566911231726408,0.1331065148115158,0.0006816426175646484,0.0012557217851281166,0.0010084002278745174,0.008321398869156837,0.008124266751110554,0.015097523108124733,0.0027239916380494833,0.9242410063743591,0.0740501657128334,0.010766681283712387,0.0014025237178429961,0.21432310342788696,0.48420748114585876,0.09261567890644073,0.42317676544189453,0.9242410063743591,0.0023415032774209976,0.0034065747167915106,0.21432310342788696,0.025851335376501083,0.3305610865354538
macron2022_c010,macron2022,macron,en,2022-12-31,new_year_address,10,154,136,0.279895156621933,0.0014113426441326737,0.003988949581980705,0.024205194786190987,0.3218977153301239,0.003927982412278652,0.0071027036756277084,0.00813524890691042,0.00043809361523017287,0.0009591056150384247,0.0003748804738279432,0.0016545327380299568,0.001007793820463121,0.0008613884565420449,0.0018486283952370286,0.20185326039791107,0.0008413053001277149,0.0010502052027732134,0.0006150169065222144,0.0038487690035253763,0.07089728116989136,0.00759330065920949,0.0037966626696288586,0.0007472513243556023,0.033460281789302826,0.010056559927761555,0.0006467609200626612,0.1763119250535965,0.8369015455245972,0.09340519458055496,0.06969321519136429,0.3218977153301239,0.003988949581980705,0.0071027036756277084,0.1763119250535965,0.279895156621933,-0.023711979389190674
macron2022_c011,macron2022,macron,en,2022-12-31,new_year_address,11,152,134,0.334267258644104,0.001015553018078208,0.002868250710889697,0.02637084759771824,0.48382431268692017,0.0032456412445753813,0.005323517136275768,0.031687963753938675,0.0003740273241419345,0.002808749210089445,0.00021971800015307963,0.0008325890521518886,0.0004898026818409562,0.0005181723972782493,0.002964892890304327,0.18588100373744965,0.0007037376635707915,0.0005120403948239982,0.002527868840843439,0.0007349443039856851,0.03917372599244118,0.011725179851055145,0.0017513734055683017,0.003457598853856325,0.002015476580709219,0.0038000743370503187,0.000611392199061811,0.0019108423730358481,0.720933735370636,0.07528023421764374,0.20378610491752625,0.48382431268692017,0.002868250710889697,0.005323517136275768,0.03917372599244118,0.334267258644104,0.1285058706998825
macron2022_c012,macron2022,macron,en,2022-12-31,new_year_address,12,108,93,0.44097012281417847,0.006673560477793217,0.012340104207396507,0.12535779178142548,0.24166937172412872,0.005608105566352606,0.00589325837790966,0.01351502351462841,0.0010792597895488143,0.007501501124352217,0.0014109871117398143,0.0028790871147066355,0.002824990777298808,0.0038950054440647364,0.001920362119562924,0.13392648100852966,0.0010580820962786674,0.0007690555066801608,0.004801495000720024,0.000733420078177005,0.01052933931350708,0.022541405633091927,0.0007859751931391656,0.006547928787767887,0.002801731461659074,0.0013773750979453325,0.0003690870071295649,0.00071556749753654,0.7425355315208435,0.06561080366373062,0.1918535977602005,0.24166937172412872,0.012340104207396507,0.00589325837790966,0.12535779178142548,0.44097012281417847,0.12624279409646988
macron2022_c013,macron2022,macron,en,2022-12-31,new_year_address,13,117,101,0.2545367479324341,0.0017101818230003119,0.006956534460186958,0.033706068992614746,0.25998446345329285,0.005562597885727882,0.007535078562796116,0.049779538065195084,0.0006212472217157483,0.0026007164269685745,0.000445456535089761,0.0014338535256683826,0.0007363541517406702,0.0010948458220809698,0.002218358451500535,0.39121928811073303,0.0009853884112089872,0.0008905133581720293,0.005182440858334303,0.0011506029404699802,0.14499013125896454,0.013383224606513977,0.001614677021279931,0.005952990148216486,0.0021648432593792677,0.005140035413205624,0.00045452103950083256,0.0016719738487154245,0.5567132234573364,0.06389420479536057,0.3793925642967224,0.39121928811073303,0.006956534460186958,0.007535078562796116,0.14499013125896454,0.2545367479324341,0.31549835950136185
macron2022_c014,macron2022,macron,en,2022-12-31,new_year_address,14,110,95,0.1038307473063469,0.0032215008977800608,0.006481212563812733,0.006246815901249647,0.042817894369363785,0.009188991039991379,0.003932557534426451,0.019298197701573372,0.0007104644901119173,0.0012193054426461458,0.0004993933835066855,0.0011043845443055034,0.0009451647638343275,0.0017110761255025864,0.0040380931459367275,0.135842964053154,0.0024196694139391184,0.001866632024757564,0.0014721369370818138,0.0011650653323158622,0.7955908179283142,0.01568724401295185,0.005431376863270998,0.005570598412305117,0.0017787045799195766,0.008475296199321747,0.001914624823257327,0.005533669143915176,0.48028209805488586,0.1973894089460373,0.32232850790023804,0.135842964053154,0.006481212563812733,0.009188991039991379,0.7955908179283142,0.1038307473063469,0.12493909895420074
macron2022_c015,macron2022,macron,en,2022-12-31,new_year_address,15,88,81,0.1486472189426422,0.0015069879591464996,0.0029468643479049206,0.014152832329273224,0.38167837262153625,0.005871269386261702,0.008525632321834564,0.09477047622203827,0.0007479038904421031,0.00334983435459435,0.00033935048850253224,0.0019154733745381236,0.0009653162560425699,0.0010842966148629785,0.0021966530475765467,0.43900638818740845,0.0008741202764213085,0.001639406313188374,0.00578088266775012,0.0007988574216142297,0.11366640776395798,0.14324909448623657,0.0037117411848157644,0.0089108319953084,0.0016511187423020601,0.004654250107705593,0.0004449229163583368,0.002367684617638588,0.4809923470020294,0.02862873673439026,0.4903789162635803,0.43900638818740845,0.0029468643479049206,0.008525632321834564,0.11366640776395798,0.1486472189426422,0.46175017952919006
macron2022_c016,macron2022,macron,en,2022-12-31,new_year_address,16,124,108,0.2049659788608551,0.0011490066535770893,0.0028561430517584085,0.026156844571232796,0.4353339374065399,0.00355919124558568,0.005280762445181608,0.11885103583335876,0.0005050455220043659,0.0030315250623971224,0.0003566711093299091,0.001281369593925774,0.0006156663876026869,0.0008425941341556609,0.0029292975086718798,0.3051879107952118,0.0007555701886303723,0.0007005241350270808,0.006589144468307495,0.0010560377268120646,0.05129697173833847,0.020475292578339577,0.0016628402518108487,0.006581535097211599,0.0016351178055629134,0.007805537898093462,0.000600192230194807,0.001987331546843052,0.12124928086996078,0.006986247841268778,0.8717644810676575,0.4353339374065399,0.0028561430517584085,0.005280762445181608,0.05129697173833847,0.2049659788608551,0.8647782332263887
macron2022_c017,macron2022,macron,en,2022-12-31,new_year_address,17,92,79,0.22735321521759033,0.056621816009283066,0.018962528556585312,0.06322403997182846,0.2061854749917984,0.005318985320627689,0.004583348054438829,0.23460522294044495,0.007366369944065809,0.019300471991300583,0.0015845930902287364,0.0016977093182504177,0.001339050941169262,0.006247301585972309,0.006093780510127544,0.03990204259753227,0.0011287825182080269,0.0010936575708910823,0.02056851051747799,0.0014760562917217612,0.011347726918756962,0.053115114569664,0.00271258014254272,0.0383317656815052,0.0007639217656105757,0.0026627392508089542,0.0005012450274080038,0.0006553315324708819,0.14604495465755463,0.00622253492474556,0.8477324843406677,0.23460522294044495,0.056621816009283066,0.005318985320627689,0.06322403997182846,0.22735321521759033,0.8415099494159222
macron2022_c018,macron2022,macron,en,2022-12-31,new_year_address,18,111,102,0.19817769527435303,0.00828569196164608,0.010821051895618439,0.03419627994298935,0.41505858302116394,0.006014207378029823,0.009050173684954643,0.13157165050506592,0.001665326883085072,0.006423171143978834,0.0005641980678774416,0.0015962709439918399,0.0013748425990343094,0.002071621362119913,0.002277848543599248,0.19298622012138367,0.0008918623207136989,0.00115931814070791,0.007436656858772039,0.0006053997203707695,0.051665905863046646,0.09914938360452652,0.0036937689874321222,0.006567661184817553,0.0012439845595508814,0.0024540305603295565,0.00035943632246926427,0.001285735284909606,0.24612294137477875,0.012813067063689232,0.7410640120506287,0.41505858302116394,0.010821051895618439,0.009050173684954643,0.051665905863046646,0.19817769527435303,0.7282509449869394
macron2022_c019,macron2022,macron,en,2022-12-31,new_year_address,19,129,117,0.1367824226617813,0.0010266643948853016,0.003149778349325061,0.02037150040268898,0.47516804933547974,0.004841394256800413,0.005909886676818132,0.21664050221443176,0.0005615049740299582,0.0031804905738681555,0.00030002908897586167,0.0009669031715020537,0.00045417496585287154,0.000824559130705893,0.004302978049963713,0.4168587028980255,0.0008219147566705942,0.0011656804708763957,0.00951722078025341,0.001229265471920371,0.06771115958690643,0.021222686395049095,0.0026466527488082647,0.008798167109489441,0.001703773275949061,0.008205268532037735,0.0005776520119979978,0.0019578125793486834,0.12020939588546753,0.006541715934872627,0.8732489347457886,0.47516804933547974,0.003149778349325061,0.005909886676818132,0.06771115958690643,0.1367824226617813,0.866707218810916
macron2022_c020,macron2022,macron,en,2022-12-31,new_year_address,20,139,117,0.32854458689689636,0.0012013745727017522,0.0063601769506931305,0.04663975536823273,0.4942324161529541,0.008932149037718773,0.034667644649744034,0.02179678902029991,0.0003686119453050196,0.0021796259097754955,0.0003916605783160776,0.0006691999151371419,0.00038350102840922773,0.0007411733968183398,0.001512414775788784,0.19673943519592285,0.0009265401167795062,0.0010462087811902165,0.002124826656654477,0.0009110338287428021,0.015381098724901676,0.009259475395083427,0.0014165478060021996,0.002127629006281495,0.0031969838310033083,0.0020765915978699923,0.0004463640507310629,0.0012448059860616922,0.504348635673523,0.062361765652894974,0.43328961730003357,0.4942324161529541,0.0063601769506931305,0.034667644649744034,0.04663975536823273,0.32854458689689636,0.3709278516471386
macron2022_c021,macron2022,macron,en,2022-12-31,new_year_address,21,105,96,0.13936534523963928,0.015651073306798935,0.09644830226898193,0.044052645564079285,0.07474489510059357,0.009462645277380943,0.013805975206196308,0.010208111256361008,0.0013979611685499549,0.003572475863620639,0.0013129465514793992,0.0027777967043220997,0.0034067444503307343,0.00581330293789506,0.003029532264918089,0.7387175559997559,0.0013638183008879423,0.0008902143454179168,0.0018301430391147733,0.0018513412214815617,0.10978227108716965,0.021499278023838997,0.002755772555246949,0.0022867454681545496,0.003586830571293831,0.003972948994487524,0.0011302308412268758,0.0024786051362752914,0.6406762599945068,0.19380925595760345,0.1655144989490509,0.7387175559997559,0.09644830226898193,0.013805975206196308,0.10978227108716965,0.13936534523963928,-0.02829475700855255
macron2022_c022,macron2022,macron,en,2022-12-31,new_year_address,22,105,94,0.21380342543125153,0.002571894321590662,0.004071591421961784,0.027221178635954857,0.6000810265541077,0.0054483008570969105,0.008149022236466408,0.0357942096889019,0.0007380138267762959,0.005887066014111042,0.0004663030558731407,0.0017268010415136814,0.0011036588111892343,0.0011304885847494006,0.0030411193147301674,0.20084361732006073,0.0007936221081763506,0.0010041359346359968,0.006270627491176128,0.0005665381322614849,0.03483252227306366,0.03829893469810486,0.0016714303055778146,0.0054457406513392925,0.0014660221058875322,0.0037776236422359943,0.00045233702985569835,0.0010757395066320896,0.6379268765449524,0.2214401662349701,0.1406329721212387,0.6000810265541077,0.004071591421961784,0.008149022236466408,0.03483252227306366,0.21380342543125153,-0.08080719411373138
macron2022_c023,macron2022,macron,en,2022-12-31,new_year_address,23,161,124,0.3349899351596832,0.0010675117373466492,0.004611740820109844,0.024071721360087395,0.24765940010547638,0.00467678764835,0.012335757724940777,0.04472309350967407,0.0004156890499871224,0.002030421746894717,0.0003182943619322032,0.0008701306651346385,0.00046179929631762207,0.0007989932782948017,0.0022733695805072784,0.3359355032444,0.0007096612825989723,0.0006972710834816098,0.003936519846320152,0.0011794216698035598,0.09308252483606339,0.010567652992904186,0.0018731197342276573,0.0064974999986588955,0.0017744654323905706,0.006085538305342197,0.0004702906298916787,0.0013484841911122203,0.4416382312774658,0.02063300646841526,0.5377287864685059,0.3359355032444,0.004611740820109844,0.012335757724940777,0.09308252483606339,0.3349899351596832,0.5170957800000906
macron2022_c024,macron2022,macron,en,2022-12-31,new_year_address,24,154,134,0.048390232026576996,0.0019274904625490308,0.0027311344165354967,0.009650427848100662,0.17571915686130524,0.006212954875081778,0.007524662185460329,0.8629950881004333,0.0010656157974153757,0.0032710200175642967,0.0004488833073992282,0.0014539615949615836,0.0005344182136468589,0.001465318608097732,0.0031882282346487045,0.18694229423999786,0.0011504649883136153,0.0018134054262191057,0.019350962713360786,0.0017951816553249955,0.0313824824988842,0.07067905366420746,0.004420056939125061,0.07648330181837082,0.0012978252489119768,0.008532050997018814,0.0006259185611270368,0.0020689868833869696,0.4334692060947418,0.028517305850982666,0.5380135178565979,0.8629950881004333,0.0027311344165354967,0.007524662185460329,0.0313824824988842,0.048390232026576996,0.5094962120056152
macron2022_c025,macron2022,macron,en,2022-12-31,new_year_address,25,111,87,0.03644333407282829,0.0010385558707639575,0.0014495985815301538,0.008211759850382805,0.05310019478201866,0.0022873885463923216,0.0015153692802414298,0.059948377311229706,0.0005209260270930827,0.004292909521609545,0.00031066202791407704,0.000737174937967211,0.00048786361003294587,0.0009511313401162624,0.016062960028648376,0.3094046413898468,0.0006758051458746195,0.0005677652079612017,0.004741868004202843,0.0028118747286498547,0.08028005063533783,0.010177643969655037,0.00167602370493114,0.7298259735107422,0.001841209246776998,0.03891300782561302,0.0014997062971815467,0.003258502809330821,0.13308309018611908,0.003404854331165552,0.8635120987892151,0.7298259735107422,0.0014495985815301538,0.0022873885463923216,0.08028005063533783,0.03644333407282829,0.8601072444580495
macron2022_c026,macron2022,macron,en,2022-12-31,new_year_address,26,168,149,0.0387495681643486,0.0034099372569471598,0.003126884112134576,0.004434043075889349,0.06480811536312103,0.006075270473957062,0.004280817694962025,0.09509439021348953,0.0013775298139080405,0.0031182500533759594,0.00045943728764541447,0.0016227776650339365,0.0012421937426552176,0.003761837724596262,0.0064543429762125015,0.293768972158432,0.0019594605546444654,0.0018576530274003744,0.003751717507839203,0.001141653279773891,0.6550338864326477,0.1929447203874588,0.017355989664793015,0.08656607568264008,0.0015221156645566225,0.009921110235154629,0.001295617432333529,0.005460185930132866,0.08610021322965622,0.0051125227473676205,0.9087872505187988,0.293768972158432,0.003761837724596262,0.006075270473957062,0.6550338864326477,0.0387495681643486,0.9036747277714312
macron2023_c000,macron2023,macron,en,2023-12-31,new_year_address,0,101,90,0.01689523458480835,0.016804402694106102,0.0033105704933404922,0.0046758647076785564,0.040831003338098526,0.006795921362936497,0.006855522748082876,0.033318113535642624,0.004231595434248447,0.008417227305471897,0.0010522311786189675,0.0018646696116775274,0.001369541510939598,0.03015853278338909,0.009653198532760143,0.05585834011435509,0.002326905494555831,0.0034487787634134293,0.003510045353323221,0.0009620653581805527,0.11127330362796783,0.2899039387702942,0.025091592222452164,0.9233702421188354,0.0016659745015203953,0.0050836484879255295,0.0012863470474258065,0.004279872868210077,0.05466732010245323,0.00447452999651432,0.9408581256866455,0.9233702421188354,0.03015853278338909,0.006855522748082876,0.11127330362796783,0.01689523458480835,0.9363835956901312
macron2023_c001,macron2023,macron,en,2023-12-31,new_year_address,1,84,68,0.17934763431549072,0.5572983026504517,0.04240681976079941,0.028522467240691185,0.015326729975640774,0.008548703044652939,0.004959882237017155,0.0025480107869952917,0.021885333582758904,0.005154285114258528,0.0013189041055738926,0.021696284413337708,0.01747554913163185,0.009014548733830452,0.004895089194178581,0.04435529187321663,0.0029978470411151648,0.003119080327451229,0.0013205499853938818,0.0024935556575655937,0.06488540023565292,0.06582923233509064,0.0036801558453589678,0.002199809532612562,0.0015321522951126099,0.0026150308549404144,0.0012040111469104886,0.0016121062217280269,0.14185848832130432,0.850728452205658,0.007413005921989679,0.06582923233509064,0.5572983026504517,0.008548703044652939,0.06488540023565292,0.17934763431549072,-0.8433154462836683
macron2023_c002,macron2023,macron,en,2023-12-31,new_year_address,2,110,89,0.09793341159820557,0.12002299726009369,0.11230143159627914,0.07602572441101074,0.0702788457274437,0.02666282281279564,0.011950417421758175,0.013378629460930824,0.008472399786114693,0.07602832466363907,0.00652520963922143,0.04824071004986763,0.13348768651485443,0.004551507066935301,0.275113970041275,0.011208076030015945,0.002208755351603031,0.004014923702925444,0.01296260580420494,0.0025509162805974483,0.003982109483331442,0.015703421086072922,0.0036165183410048485,0.0023259040899574757,0.004334028344601393,0.012046842835843563,0.005904804449528456,0.0012882393784821033,0.13429468870162964,0.8575056195259094,0.008199725300073624,0.275113970041275,0.13348768651485443,0.02666282281279564,0.07602572441101074,0.09793341159820557,-0.8493058942258358
macron2023_c003,macron2023,macron,en,2023-12-31,new_year_address,3,105,84,0.17307302355766296,0.0012643616646528244,0.004442388657480478,0.01830013282597065,0.35310807824134827,0.006566930096596479,0.007405217736959457,0.07314087450504303,0.0005435450584627688,0.002138604177162051,0.00033350862213410437,0.0012547473888844252,0.0005609026993624866,0.000847881194204092,0.0024019421543926,0.41233551502227783,0.0012147166999056935,0.0014112083008512855,0.005489659961313009,0.0010316588450223207,0.2236323356628418,0.01805209368467331,0.002785111777484417,0.007221524603664875,0.0017523674760013819,0.005741060711443424,0.000541901565156877,0.0021131255198270082,0.1273634433746338,0.011081837117671967,0.861554741859436,0.41233551502227783,0.004442388657480478,0.007405217736959457,0.2236323356628418,0.17307302355766296,0.8504729047417641
macron2023_c004,macron2023,macron,en,2023-12-31,new_year_address,4,114,96,0.08242380619049072,0.0018504011677578092,0.012501303106546402,0.01933533512055874,0.16832411289215088,0.010915113613009453,0.031112637370824814,0.22756992280483246,0.0006866587791591883,0.005316442344337702,0.0008052671328186989,0.0003782596322707832,0.0002507661411073059,0.0016352977836504579,0.0026421579532325268,0.03330859914422035,0.0013913281727582216,0.0010575337801128626,0.006094601005315781,0.0014743373030796647,0.016523944213986397,0.004222639370709658,0.001589398947544396,0.6257338523864746,0.0020296054426580667,0.0030293441377580166,0.0003104056522715837,0.0009088939987123013,0.24477043747901917,0.022964611649513245,0.7322649359703064,0.6257338523864746,0.012501303106546402,0.031112637370824814,0.01933533512055874,0.08242380619049072,0.7093003243207932
macron2023_c005,macron2023,macron,en,2023-12-31,new_year_address,5,104,76,0.4789568781852722,0.0014885247219353914,0.00562172569334507,0.03025439754128456,0.13254067301750183,0.005132515914738178,0.003966798540204763,0.005116058513522148,0.0004230243503116071,0.0019135791808366776,0.0003981411864515394,0.001077644294127822,0.0008245183271355927,0.0006490452797152102,0.005577919539064169,0.1615239530801773,0.0010779440635815263,0.0008685969514772296,0.0014846553094685078,0.0010627219453454018,0.24163348972797394,0.0025476545561105013,0.002011645585298538,0.0017883043037727475,0.002622682834044099,0.00956389307975769,0.0015816070372238755,0.0021747674327343702,0.28044864535331726,0.007044732104986906,0.7125065922737122,0.1615239530801773,0.00562172569334507,0.005132515914738178,0.24163348972797394,0.4789568781852722,0.7054618601687253
macron2023_c006,macron2023,macron,en,2023-12-31,new_year_address,6,80,71,0.038625992834568024,0.0010041752830147743,0.0015023512532934546,0.01605244167149067,0.16936025023460388,0.0033534518443048,0.0036090498324483633,0.08910618722438812,0.0004677980614360422,0.007518486585468054,0.0004972326569259167,0.0005323091754689813,0.00026339973555877805,0.0009220928186550736,0.007252065930515528,0.022372357547283173,0.0007981992093846202,0.0005459891399368644,0.005541612394154072,0.0013596111675724387,0.0024736502673476934,0.006021135952323675,0.0007691401406191289,0.9107041358947754,0.0011582485167309642,0.005776647012680769,0.0006631077849306166,0.0005924199358560145,0.06608749181032181,0.0054748933762311935,0.9284375905990601,0.9107041358947754,0.0015023512532934546,0.0036090498324483633,0.01605244167149067,0.038625992834568024,0.9229626972228289
macron2023_c007,macron2023,macron,en,2023-12-31,new_year_address,7,156,133,0.39584484696388245,0.001501644728705287,0.002629538532346487,0.02933277003467083,0.3435792326927185,0.004858357831835747,0.003671832149848342,0.027661237865686417,0.0007264016894623637,0.004836703650653362,0.00044789633830077946,0.0027556023560464382,0.0010078157065436244,0.0008517136448062956,0.0026988391764461994,0.2653024196624756,0.0009409869671799242,0.0010338017018511891,0.007490294985473156,0.0008669688832014799,0.051959387958049774,0.03661416098475456,0.0011686389334499836,0.006839060224592686,0.0010368387447670102,0.005135407205671072,0.0005469800671562552,0.0007911393768154085,0.20706942677497864,0.010664732195436954,0.782265841960907,0.3435792326927185,0.0027556023560464382,0.004858357831835747,0.051959387958049774,0.39584484696388245,0.77160110976547
macron2023_c008,macron2023,macron,en,2023-12-31,new_year_address,8,154,124,0.33208414912223816,0.00112362380605191,0.003765889210626483,0.02035895735025406,0.33168771862983704,0.006044739857316017,0.004412421025335789,0.036437973380088806,0.0004045993264298886,0.0023001935333013535,0.0002936969103757292,0.0009377527749165893,0.0006204625824466348,0.0005764205125160515,0.0025213882327079773,0.2078787088394165,0.0009480344597250223,0.0009193600271828473,0.0034363362938165665,0.0007741849985904992,0.16093651950359344,0.01481394749134779,0.001624335185624659,0.0032390684355050325,0.0012306174030527472,0.0077276877127587795,0.0006990379770286381,0.0022145460825413465,0.5255885720252991,0.021611006930470467,0.452800452709198,0.33168771862983704,0.003765889210626483,0.006044739857316017,0.16093651950359344,0.33208414912223816,0.43118944577872753
macron2023_c009,macron2023,macron,en,2023-12-31,new_year_address,9,90,77,0.23539936542510986,0.0009073901455849409,0.002849443582817912,0.017343096435070038,0.3820510506629944,0.006384239532053471,0.006219226401299238,0.08090914040803909,0.0004497855552472174,0.0020379219204187393,0.00031239117379300296,0.0009408955229446292,0.00042561430018395185,0.0006599462940357625,0.0022480622865259647,0.33896440267562866,0.0009881524601951241,0.001297863433137536,0.0056584677658975124,0.0009317426010966301,0.1016216054558754,0.01958087459206581,0.0017088684253394604,0.006611257325857878,0.001428213668987155,0.007030236069113016,0.0005763842491433024,0.00198925519362092,0.2327195256948471,0.00999548938125372,0.7572849988937378,0.3820510506629944,0.002849443582817912,0.006384239532053471,0.1016216054558754,0.23539936542510986,0.7472895095124841
macron2023_c010,macron2023,macron,en,2023-12-31,new_year_address,10,145,118,0.11130732297897339,0.0015540783060714602,0.00515341479331255,0.01448038499802351,0.2106664478778839,0.007411845959722996,0.006153021473437548,0.05705845355987549,0.0005805948167107999,0.002043574582785368,0.0004564174741972238,0.0013284145388752222,0.0006022441666573286,0.0010641762055456638,0.00351356971077621,0.6488818526268005,0.001147103263065219,0.0015955370618030429,0.004901140928268433,0.0015334623167291284,0.24629445374011993,0.015917301177978516,0.0018123637419193983,0.007094664499163628,0.0014738102909177542,0.010822301730513573,0.0008183370810002089,0.002484873402863741,0.18672427535057068,0.011334306560456753,0.8019413948059082,0.6488818526268005,0.00515341479331255,0.007411845959722996,0.24629445374011993,0.11130732297897339,0.7906070882454515
macron2023_c011,macron2023,macron,en,2023-12-31,new_year_address,11,149,111,0.2704336941242218,0.0009007190237753093,0.0031037249136716127,0.01535946223884821,0.2519790232181549,0.003991961479187012,0.0042754122987389565,0.029988322407007217,0.00033948232885450125,0.0016899212496355176,0.00027784015401266515,0.0009268161375075579,0.0004651052877306938,0.0006127607193775475,0.003133959835395217,0.4235258102416992,0.0007867102976888418,0.0007702872972004116,0.0025363354943692684,0.0010362614411860704,0.12574003636837006,0.0090998075902462,0.0014898414956405759,0.0032085715793073177,0.0015554337296634912,0.008810167200863361,0.0010508972918614745,0.0025528958067297935,0.2111228108406067,0.008354281075298786,0.780522882938385,0.4235258102416992,0.0031037249136716127,0.0042754122987389565,0.12574003636837006,0.2704336941242218,0.7721686018630862
macron2023_c012,macron2023,macron,en,2023-12-31,new_year_address,12,160,135,0.3003876805305481,0.001325093093328178,0.0033051902428269386,0.019241081550717354,0.39266565442085266,0.008587542921304703,0.013490036129951477,0.047304898500442505,0.0006012345547787845,0.002955046482384205,0.00033253704896196723,0.0012502575991675258,0.0006313177291303873,0.0008585548494011164,0.001752297393977642,0.36965104937553406,0.0007808968075551093,0.0019907590467482805,0.005692566744983196,0.0007475148886442184,0.05865582451224327,0.08954409509897232,0.0016988629940897226,0.006037132348865271,0.0015313427429646254,0.004919619765132666,0.00040743386489339173,0.0018753338372334838,0.35645729303359985,0.014375675469636917,0.6291670203208923,0.39266565442085266,0.0033051902428269386,0.013490036129951477,0.05865582451224327,0.3003876805305481,0.6147913448512554
macron2023_c013,macron2023,macron,en,2023-12-31,new_year_address,13,145,127,0.35178157687187195,0.002493959851562977,0.007280074059963226,0.026008732616901398,0.13335517048835754,0.008851144462823868,0.012301226146519184,0.003852441906929016,0.0005813910975120962,0.0006062865722924471,0.0006261447560973465,0.005062952172011137,0.0020246522035449743,0.0014755572192370892,0.000849490868858993,0.1579267829656601,0.0018841181881725788,0.0028564336244016886,0.0005109371268190444,0.001448873314075172,0.016058247536420822,0.009927598759531975,0.003116092411801219,0.0007952159503474832,0.2472633272409439,0.0017527887830510736,0.00044275648542679846,0.10351983457803726,0.6276761293411255,0.030851060524582863,0.3414728343486786,0.1579267829656601,0.007280074059963226,0.012301226146519184,0.2472633272409439,0.35178157687187195,0.3106217738240957
macron2023_c014,macron2023,macron,en,2023-12-31,new_year_address,14,120,94,0.09506888687610626,0.002715934766456485,0.00653623603284359,0.02024472877383232,0.18665474653244019,0.00838674046099186,0.004358817357569933,0.28561851382255554,0.0025572585873305798,0.02340574935078621,0.0011917278170585632,0.0023774222936481237,0.001700422028079629,0.0022171081509441137,0.06896273046731949,0.5375905632972717,0.001139892847277224,0.002707217587158084,0.11991175264120102,0.0061860354617238045,0.1062317043542862,0.028236636891961098,0.0021155010908842087,0.02817627228796482,0.0012006115866824985,0.07353571057319641,0.0014122388092800975,0.0012706727720797062,0.0234150942414999,0.0024303931277245283,0.9741544723510742,0.5375905632972717,0.00653623603284359,0.00838674046099186,0.1062317043542862,0.09506888687610626,0.9717240792233497
macron2023_c015,macron2023,macron,en,2023-12-31,new_year_address,15,89,71,0.14830747246742249,0.0051530408672988415,0.005955417640507221,0.049477819353342056,0.07839873433113098,0.0075397188775241375,0.0027032378129661083,0.16026441752910614,0.00458577461540699,0.04679670184850693,0.0035905337426811457,0.005003981292247772,0.003950023092329502,0.0025630483869463205,0.20203422009944916,0.07677415013313293,0.0016350641380995512,0.0029896574560552835,0.21710380911827087,0.009930669330060482,0.03961851820349693,0.012938931584358215,0.0016864110948517919,0.02648782916367054,0.001241466379724443,0.12536446750164032,0.002390567446127534,0.0008097575046122074,0.05486775562167168,0.002596293343231082,0.9425359964370728,0.21710380911827087,0.005955417640507221,0.0075397188775241375,0.049477819353342056,0.14830747246742249,0.9399397030938417
macron2023_c016,macron2023,macron,en,2023-12-31,new_year_address,16,110,80,0.13574495911598206,0.0038513385225087404,0.007678014691919088,0.03127306327223778,0.11639033257961273,0.010466018691658974,0.0028119427151978016,0.11636365950107574,0.0029419620987027884,0.02669796720147133,0.0036885398440063,0.0037834439426660538,0.0033600875176489353,0.002456307876855135,0.12274426221847534,0.11665812879800797,0.0020850570872426033,0.0037250409368425608,0.15590722858905792,0.007206007372587919,0.07819820195436478,0.01003971602767706,0.0018394301878288388,0.013345185667276382,0.0011614790419116616,0.16288000345230103,0.0025508676189929247,0.001209716429002583,0.08334122598171234,0.0022874039132148027,0.9143714308738708,0.16288000345230103,0.007678014691919088,0.010466018691658974,0.07819820195436478,0.13574495911598206,0.912084026960656
macron2023_c017,macron2023,macron,en,2023-12-31,new_year_address,17,143,119,0.21132002770900726,0.0024957337882369757,0.007368238177150488,0.05920659378170967,0.30072277784347534,0.012899776920676231,0.008037376217544079,0.2778126001358032,0.0026238220743834972,0.027002403512597084,0.002780841663479805,0.0028970285784453154,0.0017481101676821709,0.0015619202749803662,0.02705233544111252,0.10695963352918625,0.0020303057972341776,0.003095401683822274,0.1995704025030136,0.006470407824963331,0.0238981693983078,0.01164140086621046,0.001102736103348434,0.016864707693457603,0.0011762426001951098,0.03696593642234802,0.0011634196853265166,0.0005873137270100415,0.023475954309105873,0.0024347633589059114,0.9740893244743347,0.30072277784347534,0.007368238177150488,0.012899776920676231,0.05920659378170967,0.21132002770900726,0.9716545611154288
macron2023_c018,macron2023,macron,en,2023-12-31,new_year_address,18,151,120,0.03714088350534439,0.001683567650616169,0.0020922638941556215,0.0045252107083797455,0.12530528008937836,0.0032347652595490217,0.003678886452689767,0.1476774513721466,0.0011215759441256523,0.007383463438600302,0.00031328448676504195,0.0015462839510291815,0.0012645804090425372,0.0018332621548324823,0.046336036175489426,0.7464719414710999,0.0005886906874366105,0.0014175253454595804,0.009408934973180294,0.0018975096754729748,0.15311264991760254,0.23080094158649445,0.017792154103517532,0.06675548851490021,0.0015544469933956861,0.03698364272713661,0.0014945826260372996,0.004111041780561209,0.11378509551286697,0.008097362704575062,0.878117561340332,0.7464719414710999,0.0020922638941556215,0.003678886452689767,0.15311264991760254,0.03714088350534439,0.870020198635757
macron2024_c000,macron2024,macron,en,2024-12-31,new_year_address,0,99,85,0.08864262700080872,0.0010365615598857403,0.0017646242631599307,0.02376355044543743,0.13189560174942017,0.0041214232333004475,0.0035700800362974405,0.25941020250320435,0.0005929594626650214,0.006002915557473898,0.0005930716870352626,0.0006928615039214492,0.00026754988357424736,0.000712414737790823,0.005442415364086628,0.026265598833560944,0.0009339016978628933,0.0006241296068765223,0.014511249028146267,0.001632791361771524,0.003749873023480177,0.005241498816758394,0.0004803995543625206,0.6590635180473328,0.0010957969352602959,0.006434951908886433,0.0005340161733329296,0.0006118030869401991,0.29557374119758606,0.023203905671834946,0.6812223196029663,0.6590635180473328,0.0017646242631599307,0.0041214232333004475,0.02376355044543743,0.08864262700080872,0.6580184139311314
macron2024_c001,macron2024,macron,en,2024-12-31,new_year_address,1,135,104,0.12715499103069305,0.00831635296344757,0.011135929264128208,0.0625666007399559,0.09917036443948746,0.01109253615140915,0.003925858065485954,0.26626861095428467,0.0069395191967487335,0.08396085351705551,0.007596638984978199,0.004926361609250307,0.004933561198413372,0.003342830576002598,0.19369712471961975,0.01780230551958084,0.0020906496793031693,0.004206745885312557,0.34258630871772766,0.012014237232506275,0.010332242585718632,0.011681392788887024,0.0019151088781654835,0.04499652236700058,0.0012046885676681995,0.06887473165988922,0.002033272059634328,0.0005437844665721059,0.061870697885751724,0.0034659935627132654,0.9346632957458496,0.34258630871772766,0.011135929264128208,0.01109253615140915,0.0625666007399559,0.12715499103069305,0.9311973021831363
macron2024_c002,macron2024,macron,en,2024-12-31,new_year_address,2,109,82,0.24510005116462708,0.0014432637253776193,0.0044983453117311,0.02647951804101467,0.2231692671775818,0.004356103017926216,0.003512526396661997,0.5277791023254395,0.0009677440975792706,0.005167958792299032,0.000579317391384393,0.0007757354178465903,0.0003952941915486008,0.0006935036508366466,0.010850716382265091,0.049775462597608566,0.0008184867911040783,0.0009113624109886587,0.03536338731646538,0.003446978284046054,0.018202301114797592,0.004134653136134148,0.0021049329079687595,0.012587828561663628,0.0008257604786194861,0.020684754475951195,0.0006782370619475842,0.0008171515073627234,0.034998632967472076,0.002429124666377902,0.9625722169876099,0.5277791023254395,0.0044983453117311,0.004356103017926216,0.02647951804101467,0.24510005116462708,0.960143092321232
macron2024_c003,macron2024,macron,en,2024-12-31,new_year_address,3,97,79,0.13965414464473724,0.0015419614501297474,0.00425595510751009,0.01585937663912773,0.19796478748321533,0.00546790799126029,0.004133603069931269,0.7041544914245605,0.0010251846397295594,0.004853977356106043,0.000517683569341898,0.0009703148971311748,0.000498311361297965,0.0008829407161101699,0.006045716814696789,0.1807851940393448,0.0008429241715930402,0.0009995668660849333,0.02905711904168129,0.003738208906725049,0.0327114574611187,0.017547553405165672,0.0011088305618613958,0.02238031104207039,0.0010043804068118334,0.017214270308613777,0.0006169663392938673,0.0017441846430301666,0.05901078134775162,0.0051454100757837296,0.9358437657356262,0.7041544914245605,0.00425595510751009,0.00546790799126029,0.0327114574611187,0.13965414464473724,0.9306983556598425
macron2024_c004,macron2024,macron,en,2024-12-31,new_year_address,4,118,94,0.299991637468338,0.2496495395898819,0.08864077925682068,0.04694407805800438,0.2021663635969162,0.008184615522623062,0.010360347107052803,0.023551512509584427,0.007980342954397202,0.008622314780950546,0.001220166333951056,0.003392356913536787,0.005354839377105236,0.007607622537761927,0.002755560213699937,0.02634843997657299,0.0011262916959822178,0.0016732987714931369,0.0031584096141159534,0.0006883902242407203,0.0069602541625499725,0.06154695525765419,0.005581602919846773,0.002474467968568206,0.0016098438063636422,0.001195258810184896,0.00039592981920577586,0.001199700403958559,0.5366417765617371,0.12047871947288513,0.3428794741630554,0.2021663635969162,0.2496495395898819,0.010360347107052803,0.04694407805800438,0.299991637468338,0.2224007546901703
macron2024_c005,macron2024,macron,en,2024-12-31,new_year_address,5,129,113,0.11534303426742554,0.03184498846530914,0.04484410583972931,0.09835592657327652,0.6239474415779114,0.015690794214606285,0.0144217349588871,0.008775968104600906,0.0019437620649114251,0.014748860150575638,0.0027098930440843105,0.00875405315309763,0.017923302948474884,0.006384626496583223,0.0038873706944286823,0.026752663776278496,0.0015514401020482183,0.0015367943560704589,0.0027330820448696613,0.0006788090104237199,0.003790096612647176,0.02974400483071804,0.0027171969413757324,0.001887324033305049,0.0051632956601679325,0.0015069879591464996,0.0009341220720671117,0.001482284045778215,0.3380846679210663,0.6456701159477234,0.016245242208242416,0.6239474415779114,0.04484410583972931,0.015690794214606285,0.09835592657327652,0.11534303426742554,-0.629424873739481
macron2024_c006,macron2024,macron,en,2024-12-31,new_year_address,6,111,90,0.023699846118688583,0.0024054697714746,0.00141038466244936,0.004158719442784786,0.11222730576992035,0.00498045003041625,0.0066259391605854034,0.08548275381326675,0.0012560765026137233,0.007827349938452244,0.00040668901056051254,0.0011820016661658883,0.0006879013380967081,0.003834628267213702,0.005886872764676809,0.10820432752370834,0.001026734709739685,0.0015331520698964596,0.0034497769083827734,0.0007405850337818265,0.024066338315606117,0.2476072907447815,0.004958352539688349,0.8757889866828918,0.0012597661698237062,0.004367962945252657,0.0007181802648119628,0.0017337094759568572,0.5421462655067444,0.017987888306379318,0.4398658275604248,0.8757889866828918,0.003834628267213702,0.0066259391605854034,0.024066338315606117,0.023699846118688583,0.4218779392540455
macron2024_c007,macron2024,macron,en,2024-12-31,new_year_address,7,105,88,0.05165160819888115,0.0015248270938172936,0.0036266723182052374,0.007154292427003384,0.07639726996421814,0.005609272979199886,0.005771388299763203,0.038697075098752975,0.0006518898881040514,0.0013173078186810017,0.000397014751797542,0.0015395397786051035,0.0006741787074133754,0.0020088874734938145,0.003527100430801511,0.8939803242683411,0.0011814356548711658,0.0024038178380578756,0.002744655590504408,0.001914077321998775,0.12792415916919708,0.07328963279724121,0.006522529758512974,0.014992176555097103,0.002021718304604292,0.005883840844035149,0.0012766431318596005,0.003086296608671546,0.13566330075263977,0.013264376670122147,0.8510723114013672,0.8939803242683411,0.0036266723182052374,0.005771388299763203,0.12792415916919708,0.05165160819888115,0.837807934731245
macron2024_c008,macron2024,macron,en,2024-12-31,new_year_address,8,180,154,0.19532594084739685,0.007593479938805103,0.012389694340527058,0.036298613995313644,0.2644769251346588,0.012122002430260181,0.014520907774567604,0.01155059039592743,0.0011738926405087113,0.004023207817226648,0.0009840670973062515,0.020818736404180527,0.007166258525103331,0.0016123333480209112,0.0016044084914028645,0.17519834637641907,0.001762795029208064,0.0017882082611322403,0.0029939888045191765,0.0005392462480813265,0.04497407004237175,0.06813527643680573,0.0017398096388205886,0.0017753897700458765,0.0015523075126111507,0.0026276581920683384,0.00034125614911317825,0.0007199787651188672,0.31840780377388,0.04705424606800079,0.634537935256958,0.2644769251346588,0.020818736404180527,0.014520907774567604,0.04497407004237175,0.19532594084739685,0.5874836891889572
macron2024_c009,macron2024,macron,en,2024-12-31,new_year_address,9,108,90,0.38974595069885254,0.001277355127967894,0.0047163814306259155,0.021590277552604675,0.3441016376018524,0.00757933221757412,0.008510309271514416,0.023659413680434227,0.0003817147226072848,0.0014599103014916182,0.00030301560764200985,0.0012183018261566758,0.000696939998306334,0.0004945105756632984,0.0014471813337877393,0.12812075018882751,0.001127407536841929,0.0012363012647256255,0.002342538209632039,0.0007240134873427451,0.1697017103433609,0.009592948481440544,0.001924043521285057,0.0015089550288394094,0.0017963243881240487,0.00517677515745163,0.00046779646072536707,0.0025845179334282875,0.7457807660102844,0.04192277416586876,0.21229644119739532,0.3441016376018524,0.0047163814306259155,0.008510309271514416,0.1697017103433609,0.38974595069885254,0.17037366703152657
macron2024_c010,macron2024,macron,en,2024-12-31,new_year_address,10,121,106,0.39827218651771545,0.00960699375718832,0.0417962521314621,0.25142577290534973,0.34773439168930054,0.012047994881868362,0.016442129388451576,0.014263425022363663,0.0012386934831738472,0.007027596700936556,0.0022510213311761618,0.0022989287972450256,0.0019980159122496843,0.0031989431008696556,0.0017240004381164908,0.09591974318027496,0.0014461302198469639,0.0008776141912676394,0.0035491245798766613,0.0012926124036312103,0.007736072409898043,0.008679907768964767,0.0013367865467444062,0.0019074422307312489,0.0025299498811364174,0.0011924919672310352,0.0006735450588166714,0.0009020722936838865,0.7526146173477173,0.1029299646615982,0.14445538818836212,0.34773439168930054,0.0417962521314621,0.016442129388451576,0.25142577290534973,0.39827218651771545,0.041525423526763916
macron2024_c011,macron2024,macron,en,2024-12-31,new_year_address,11,125,106,0.334711492061615,0.0016266211168840528,0.01059897430241108,0.031466469168663025,0.3715232312679291,0.030074886977672577,0.12994930148124695,0.01081857644021511,0.0003504816850181669,0.0019185051787644625,0.0007248057518154383,0.0007108382997103035,0.0005251807742752135,0.000694204936735332,0.0016108558047562838,0.05164290964603424,0.0018645310774445534,0.003138591768220067,0.001965531148016453,0.0006667114794254303,0.05773070827126503,0.008053009398281574,0.0017625659238547087,0.0014727025991305709,0.0016551761655136943,0.003628452541306615,0.0005637304275296628,0.0009434520616196096,0.5018896460533142,0.4537545144557953,0.04435587674379349,0.3715232312679291,0.01059897430241108,0.12994930148124695,0.05773070827126503,0.334711492061615,-0.4093986377120018
macron2024_c012,macron2024,macron,en,2024-12-31,new_year_address,12,144,122,0.30783289670944214,0.002188311889767647,0.006770391948521137,0.041427627205848694,0.3863387107849121,0.005365677643567324,0.006044548004865646,0.13457085192203522,0.000989138730801642,0.009296933189034462,0.0006848442717455328,0.001478769350796938,0.0010133571922779083,0.0012520195450633764,0.004013969097286463,0.19732540845870972,0.0008821645169518888,0.0007444650982506573,0.016956567764282227,0.0015184807125478983,0.02764078974723816,0.023493871092796326,0.0009008117485791445,0.013693096116185188,0.001068896264769137,0.006983284372836351,0.00048101996071636677,0.0008781206561252475,0.13285863399505615,0.008118035271763802,0.8590232729911804,0.3863387107849121,0.006770391948521137,0.006044548004865646,0.041427627205848694,0.30783289670944214,0.8509052377194166
macron2024_c013,macron2024,macron,en,2024-12-31,new_year_address,13,95,69,0.1694156378507614,0.0011469174642115831,0.0025778296403586864,0.022286444902420044,0.3740383982658386,0.004108954221010208,0.005033211316913366,0.28279486298561096,0.0007296889671124518,0.005396097432821989,0.0003534190182108432,0.0012588761746883392,0.0006353589706122875,0.0008920611580833793,0.004085620399564505,0.3525509238243103,0.0006255613407120109,0.0008561746799387038,0.015673989430069923,0.0022660077083855867,0.02866455353796482,0.04998296871781349,0.0012243154924362898,0.01803951896727085,0.0012716497294604778,0.010738450102508068,0.0005022347322665155,0.0016222881386056542,0.2458302080631256,0.014480986632406712,0.7396888136863708,0.3740383982658386,0.0025778296403586864,0.005033211316913366,0.02866455353796482,0.1694156378507614,0.7252078270539641
macron2024_c014,macron2024,macron,en,2024-12-31,new_year_address,14,108,84,0.09713426232337952,0.0021599652245640755,0.0067052762024104595,0.00988911371678114,0.08833656460046768,0.005635382141917944,0.005275974050164223,0.01040363498032093,0.0005187678034417331,0.0010303808376193047,0.0003371920611243695,0.001467652153223753,0.0008580111316405237,0.001360964379273355,0.0034638203214854,0.7140352129936218,0.0011337994365021586,0.001428453833796084,0.0013590669259428978,0.001446790643967688,0.4285949468612671,0.016214368864893913,0.005160330794751644,0.003241045866161585,0.0026930253952741623,0.006117038428783417,0.001242874888703227,0.004374575335532427,0.6859089136123657,0.1290094554424286,0.18508155643939972,0.7140352129936218,0.0067052762024104595,0.005635382141917944,0.4285949468612671,0.09713426232337952,0.05607210099697113
macron2024_c015,macron2024,macron,en,2024-12-31,new_year_address,15,160,130,0.046981941908597946,0.0028061354532837868,0.0029605799354612827,0.0045547643676400185,0.08887472003698349,0.005714565049856901,0.003909379243850708,0.05317169800400734,0.0010408152593299747,0.003203684464097023,0.0003811428905464709,0.0013050907291471958,0.0012504756450653076,0.0027200719341635704,0.012638931162655354,0.24420039355754852,0.001642693649046123,0.0019225695868954062,0.00313385552726686,0.0008596857660450041,0.714015007019043,0.1430579572916031,0.030576566234230995,0.04334111511707306,0.0014845082769170403,0.013485271483659744,0.001615112996660173,0.005647850222885609,0.25007280707359314,0.010177457705140114,0.7397497296333313,0.24420039355754852,0.0029605799354612827,0.005714565049856901,0.714015007019043,0.046981941908597946,0.7295722719281912
macron2025_c000,macron2025,macron,en,2025-12-31,new_year_address,0,143,115,0.07284887135028839,0.04446426406502724,0.008724451996386051,0.007054346613585949,0.07877520471811295,0.00932242814451456,0.00762538006529212,0.036977529525756836,0.005795082077383995,0.006388628855347633,0.0010419789468869567,0.0027253818698227406,0.004680836107581854,0.018589233979582787,0.006581523921340704,0.053277306258678436,0.002603542059659958,0.0038680494762957096,0.0034589627757668495,0.0007780786254443228,0.46427232027053833,0.62168288230896,0.053029533475637436,0.029105817899107933,0.0017803605878725648,0.005874863360077143,0.0008098415564745665,0.008079963736236095,0.4468119144439697,0.04928894340991974,0.5038991570472717,0.62168288230896,0.04446426406502724,0.00932242814451456,0.46427232027053833,0.07284887135028839,0.454610213637352
macron2025_c001,macron2025,macron,en,2025-12-31,new_year_address,1,117,97,0.017932578921318054,0.00113607756793499,0.00148927909322083,0.009253790602087975,0.05791725963354111,0.004309156443923712,0.004030643496662378,0.08090460300445557,0.0003876748960465193,0.002726190723478794,0.00046121026389300823,0.0004604226560331881,0.00016711695934645832,0.0007985252304933965,0.0026126825250685215,0.008144588209688663,0.0009443999733775854,0.0007844069041311741,0.0018252019071951509,0.0014145203167572618,0.0009254562319256365,0.0030335651244968176,0.0008276842418126762,0.9778875708580017,0.0018582402262836695,0.002828418044373393,0.0008143541635945439,0.0009322174591943622,0.035461440682411194,0.004050711635500193,0.9604878425598145,0.9778875708580017,0.00148927909322083,0.004309156443923712,0.009253790602087975,0.017932578921318054,0.9564371309243143
macron2025_c002,macron2025,macron,en,2025-12-31,new_year_address,2,142,120,0.22741743922233582,0.21789667010307312,0.2738152742385864,0.09251892566680908,0.07827128469944,0.0455327108502388,0.01922791078686714,0.0023824390955269337,0.004412768874317408,0.006602560169994831,0.005733777303248644,0.02294628880918026,0.07109712064266205,0.006885172799229622,0.0032575984951108694,0.010015939362347126,0.003933185711503029,0.0030347967986017466,0.0011400958755984902,0.001099080196581781,0.0038973912596702576,0.013633615337312222,0.0020221753511577845,0.0003606753016356379,0.007487647235393524,0.0014012219617143273,0.0009366249432787299,0.001881698495708406,0.12883253395557404,0.8641486167907715,0.007018748205155134,0.07827128469944,0.2738152742385864,0.0455327108502388,0.09251892566680908,0.22741743922233582,-0.8571298685856164
macron2025_c003,macron2025,macron,en,2025-12-31,new_year_address,3,160,136,0.2391025573015213,0.0028847120702266693,0.006235154811292887,0.02068173699080944,0.41264697909355164,0.010735558345913887,0.010651486925780773,0.013592636212706566,0.0006734664784744382,0.0024702895898371935,0.0005070663755759597,0.0029931433964520693,0.0020970948971807957,0.0012757065705955029,0.001074202824383974,0.16434024274349213,0.0015290662413462996,0.0018310750601813197,0.0019849364180117846,0.00040046311914920807,0.12123586237430573,0.08915720880031586,0.002814204664900899,0.002007286064326763,0.001672087935730815,0.0024896885734051466,0.00035320065217092633,0.0022702214773744345,0.6045661568641663,0.28781771659851074,0.10761615633964539,0.41264697909355164,0.006235154811292887,0.010735558345913887,0.12123586237430573,0.2391025573015213,-0.18020156025886536
macron2025_c004,macron2025,macron,en,2025-12-31,new_year_address,4,173,155,0.05980377644300461,0.0014337089378386736,0.0016498182667419314,0.007150239776819944,0.10229922831058502,0.004168523941189051,0.004058699123561382,0.09270084649324417,0.0006405156455002725,0.004856041632592678,0.0004765540361404419,0.0006562236230820417,0.00038908017450012267,0.002184254815801978,0.003636111505329609,0.0722057968378067,0.0010190464090555906,0.0008165602921508253,0.005227064248174429,0.0008373312302865088,0.05549601465463638,0.03148774057626724,0.0014023198746144772,0.8152616024017334,0.0009267614223062992,0.0057835387997329235,0.0005347058759070933,0.00114697206299752,0.5189967751502991,0.026676181703805923,0.4543270766735077,0.8152616024017334,0.002184254815801978,0.004168523941189051,0.05549601465463638,0.05980377644300461,0.42765089496970177
macron2025_c005,macron2025,macron,en,2025-12-31,new_year_address,5,85,72,0.04752058535814285,0.0014171163784340024,0.002123358193784952,0.007774800527840853,0.12242399901151657,0.005905380472540855,0.003838692791759968,0.24033911526203156,0.0006854237872175872,0.003889784449711442,0.0005201039602980018,0.0006595662562176585,0.0003876144764944911,0.0017210557125508785,0.003344994969666004,0.06641965359449387,0.0013563063694164157,0.0009640069329179823,0.008266877382993698,0.0011616135016083717,0.07358864694833755,0.025037629529833794,0.002177463611587882,0.7228958010673523,0.0008045349968597293,0.008747558109462261,0.00045181193854659796,0.0014100925764068961,0.17098212242126465,0.005541160237044096,0.8234766721725464,0.7228958010673523,0.002123358193784952,0.005905380472540855,0.07358864694833755,0.04752058535814285,0.8179355119355023
macron2025_c006,macron2025,macron,en,2025-12-31,new_year_address,6,99,88,0.18501123785972595,0.0014055917272344232,0.002254086546599865,0.011764120310544968,0.26612862944602966,0.003916400484740734,0.004608559422194958,0.017189092934131622,0.0005665049538947642,0.0025135537143796682,0.00030088756466284394,0.0023345507215708494,0.001201246865093708,0.001268394640646875,0.002256716601550579,0.3444499671459198,0.0008620366570539773,0.0011425992706790566,0.0023803284857422113,0.0005412751343101263,0.17910562455654144,0.1121198758482933,0.004963057115674019,0.006642650812864304,0.0014516001101583242,0.004951330367475748,0.0005387268611229956,0.0023533347994089127,0.2619565725326538,0.007903638295829296,0.7301397919654846,0.3444499671459198,0.0023345507215708494,0.004608559422194958,0.17910562455654144,0.18501123785972595,0.7222361536696553
macron2025_c007,macron2025,macron,en,2025-12-31,new_year_address,7,98,84,0.17138983309268951,0.001296313595958054,0.004564815666526556,0.01288691721856594,0.21887080371379852,0.006030989345163107,0.007674018852412701,0.032222967594861984,0.0004648719623219222,0.0021877498365938663,0.00034499939647503197,0.0009817993268370628,0.0005570017965510488,0.0008338477928191423,0.0038201056886464357,0.5800364017486572,0.0007993988110683858,0.0011613246751949191,0.003466186113655567,0.0014581360155716538,0.2203669399023056,0.014686759561300278,0.001333809457719326,0.007861536927521229,0.0016464509535580873,0.012517930939793587,0.0010976598132401705,0.0030051397625356913,0.7634060978889465,0.07417865842580795,0.1624152958393097,0.5800364017486572,0.004564815666526556,0.007674018852412701,0.2203669399023056,0.17138983309268951,0.08823663741350174
macron2025_c008,macron2025,macron,en,2025-12-31,new_year_address,8,169,146,0.0949016883969307,0.0029886600095778704,0.005165498703718185,0.008045762777328491,0.12545154988765717,0.010429725982248783,0.0066649396903812885,0.04873877763748169,0.00089908397058025,0.0019496582681313157,0.0005524870357476175,0.0012368159368634224,0.0010278779082000256,0.0021839390974491835,0.003300360171124339,0.13717463612556458,0.00287024793215096,0.002454139059409499,0.00303035625256598,0.0008445932762697339,0.745238184928894,0.04857421666383743,0.008891124278306961,0.012186295352876186,0.001628756639547646,0.006217838730663061,0.0009598940960131586,0.0048844111151993275,0.2126825600862503,0.018016081303358078,0.7693013548851013,0.13717463612556458,0.005165498703718185,0.010429725982248783,0.745238184928894,0.0949016883969307,0.7512852735817432
macron2025_c009,macron2025,macron,en,2025-12-31,new_year_address,9,47,44,0.12812085449695587,0.006335928104817867,0.010734460316598415,0.006451396271586418,0.028554504737257957,0.014599472284317017,0.0063573201186954975,0.011696763336658478,0.0010059289634227753,0.001178732723928988,0.0006993627757765353,0.001675894483923912,0.0014737043529748917,0.002200193703174591,0.003415571292862296,0.06196564808487892,0.004350566305220127,0.0030275729950517416,0.0013262415304780006,0.0009363104472868145,0.826287567615509,0.017215488478541374,0.00707780197262764,0.0034031381364911795,0.0020019446965306997,0.005100868176668882,0.001930060563609004,0.004702992737293243,0.6597538590431213,0.07993748039007187,0.2603086829185486,0.06196564808487892,0.010734460316598415,0.014599472284317017,0.826287567615509,0.12812085449695587,0.18037120252847672
macron2025_c010,macron2025,macron,en,2025-12-31,new_year_address,10,172,150,0.2472611665725708,0.0011709420941770077,0.003172292374074459,0.01827128604054451,0.39409157633781433,0.004683015868067741,0.004739526193588972,0.058504197746515274,0.0004979301011189818,0.0034259031526744366,0.0002959435514640063,0.0012850943021476269,0.0007967990823090076,0.0006222904194146395,0.003723874920979142,0.3146551251411438,0.0008032767800614238,0.0008219178416766226,0.00578279048204422,0.0008385975961573422,0.1307922750711441,0.02410762757062912,0.0019351727096363902,0.005120135378092527,0.0014342134818434715,0.008419126272201538,0.0005825267871841788,0.0018390767509117723,0.2956033945083618,0.01340705156326294,0.6909895539283752,0.39409157633781433,0.003172292374074459,0.004739526193588972,0.1307922750711441,0.2472611665725708,0.6775825023651123
macron2025_c011,macron2025,macron,en,2025-12-31,new_year_address,11,104,88,0.10290107876062393,0.0031070683617144823,0.0064758541993796825,0.00568518228828907,0.041487809270620346,0.007487169001251459,0.0065843272022902966,0.016432538628578186,0.0007044076919555664,0.0013714953092858195,0.00033105353941209614,0.0010272832587361336,0.000881590589415282,0.001885610050521791,0.0037447211798280478,0.3464635908603668,0.0014650402590632439,0.001477086916565895,0.0014649579534307122,0.0007636688533239067,0.6729309558868408,0.05046655610203743,0.006648622918874025,0.005215856246650219,0.001547876512631774,0.0042823441326618195,0.0014010376762598753,0.0031956667080521584,0.1769518256187439,0.00856737233698368,0.8144807815551758,0.3464635908603668,0.0064758541993796825,0.007487169001251459,0.6729309558868408,0.10290107876062393,0.8059134092181921
macron2025_c012,macron2025,macron,en,2025-12-31,new_year_address,12,146,119,0.15110422670841217,0.0025786305777728558,0.006561867892742157,0.007326644379645586,0.15490873157978058,0.01037711463868618,0.010764060541987419,0.038044869899749756,0.0006371827330440283,0.0013604750856757164,0.0004134662449359894,0.0008985683671198785,0.0008380648214370012,0.0012508019572123885,0.003068776335567236,0.08695339411497116,0.002248214092105627,0.0022129674907773733,0.0023054094053804874,0.0007580493111163378,0.6909592151641846,0.022162383422255516,0.010421902872622013,0.0034631204325705767,0.0018934267573058605,0.006944314111024141,0.0007894291775301099,0.004869353026151657,0.2993038296699524,0.02381368726491928,0.6768825054168701,0.15490873157978058,0.006561867892742157,0.010764060541987419,0.6909592151641846,0.15110422670841217,0.6530688181519508
merkel1_c000,merkel1,merkel,en,2016-12-31,new_year_address,0,126,102,0.24766424298286438,0.004178615286946297,0.024027472361922264,0.04598338529467583,0.28320372104644775,0.010761148296296597,0.01063890103250742,0.03845260292291641,0.0009366973536089063,0.003798767691478133,0.0005952581414021552,0.0030072536319494247,0.002388710156083107,0.0008606693590991199,0.003926167264580727,0.18712705373764038,0.0011418904177844524,0.0011465755524113774,0.005543841049075127,0.0015330221503973007,0.1992989033460617,0.004936491139233112,0.002343816915526986,0.003388612298294902,0.004584399051964283,0.007897235453128815,0.00036574876867234707,0.002815823070704937,0.3224465548992157,0.03859290853142738,0.6389605402946472,0.28320372104644775,0.024027472361922264,0.010761148296296597,0.1992989033460617,0.24766424298286438,0.6003676317632198
merkel1_c001,merkel1,merkel,en,2016-12-31,new_year_address,1,84,74,0.20447172224521637,0.014231160283088684,0.04786687716841698,0.010356104001402855,0.07071548700332642,0.16752378642559052,0.05725487694144249,0.002882944419980049,0.0010222129058092833,0.0003963344497606158,0.00623612105846405,0.007999708876013756,0.00230469205416739,0.001010156120173633,0.0004956091870553792,0.004400687292218208,0.028946593403816223,0.05112166330218315,0.00022147232084535062,0.002714923582971096,0.002913064556196332,0.005297729279845953,0.0015759096713736653,0.00024210977426264435,0.03801745921373367,0.001371708931401372,0.0005660931346938014,0.3022730052471161,0.10651672631502151,0.8857635855674744,0.00771966902539134,0.07071548700332642,0.04786687716841698,0.16752378642559052,0.3022730052471161,0.20447172224521637,-0.878043916542083
merkel1_c002,merkel1,merkel,en,2016-12-31,new_year_address,2,114,100,0.16743022203445435,0.09754538536071777,0.07798250764608383,0.032894786447286606,0.2305523306131363,0.00841557141393423,0.019620325416326523,0.0259243194013834,0.004780678078532219,0.004267766140401363,0.001183015527203679,0.01258167251944542,0.018796084448695183,0.005869045853614807,0.0018134353449568152,0.06747815757989883,0.0008996902615763247,0.0021269407588988543,0.0012712277239188552,0.0029722994659096003,0.009676145389676094,0.06979700177907944,0.004474346525967121,0.0006375241209752858,0.07767954468727112,0.0028995766770094633,0.00034932646667584777,0.1851552575826645,0.499130517244339,0.10954045504331589,0.3913290500640869,0.2305523306131363,0.09754538536071777,0.019620325416326523,0.1851552575826645,0.16743022203445435,0.281788595020771
merkel1_c003,merkel1,merkel,en,2016-12-31,new_year_address,3,105,90,0.23228807747364044,0.0034145473036915064,0.006845589727163315,0.043453920632600784,0.5910726189613342,0.009673481807112694,0.011746061034500599,0.1971370130777359,0.0010746321640908718,0.0071122972294688225,0.0007401948096230626,0.0015667008701711893,0.0007503357483074069,0.0015040847938507795,0.001918140915222466,0.08930052816867828,0.001149508636444807,0.0018256788607686758,0.012460914440453053,0.0008243328775279224,0.006593387573957443,0.03761385753750801,0.0020105326548218727,0.011114421300590038,0.00109293672721833,0.0020574587397277355,0.0002776595938485116,0.0005960527341812849,0.2567659616470337,0.036418575793504715,0.7068154215812683,0.5910726189613342,0.006845589727163315,0.011746061034500599,0.043453920632600784,0.23228807747364044,0.6703968457877636
merkel1_c004,merkel1,merkel,en,2016-12-31,new_year_address,4,148,125,0.40207454562187195,0.01606684736907482,0.12701672315597534,0.1724153310060501,0.15278945863246918,0.020529333502054214,0.023874536156654358,0.007146462798118591,0.0017294653225690126,0.008194662630558014,0.0025473006535321474,0.002889032941311598,0.004771305713802576,0.004973698873072863,0.0023278810549527407,0.2825068533420563,0.0010856847511604428,0.0012565504293888807,0.00247307145036757,0.001815546303987503,0.010043969377875328,0.014844238758087158,0.0008422401733696461,0.002209343248978257,0.009900957345962524,0.0012863206211477518,0.0006127554806880653,0.001886666053906083,0.44267702102661133,0.022856462746858597,0.5344665050506592,0.2825068533420563,0.12701672315597534,0.023874536156654358,0.1724153310060501,0.40207454562187195,0.5116100423038006
merkel1_c005,merkel1,merkel,en,2016-12-31,new_year_address,5,140,124,0.377533882856369,0.0029459933284670115,0.014268701896071434,0.025591615587472916,0.44774699211120605,0.015561900101602077,0.17080067098140717,0.012588617391884327,0.00041300238808616996,0.0021975270938128233,0.0003891269152518362,0.000855680147651583,0.0007251390488818288,0.0005893910420127213,0.001354725332930684,0.0430215559899807,0.000938939570914954,0.0014325611991807818,0.001197831123135984,0.0005032556946389377,0.0202208049595356,0.011853919364511967,0.0013534616446122527,0.0011411127634346485,0.003503929590806365,0.0021177902817726135,0.0004396456351969391,0.0017847898416221142,0.44393691420555115,0.5145836472511292,0.04147937893867493,0.44774699211120605,0.014268701896071434,0.17080067098140717,0.025591615587472916,0.377533882856369,-0.4731042683124542
merkel1_c006,merkel1,merkel,en,2016-12-31,new_year_address,6,124,105,0.3535795509815216,0.0015648388070985675,0.01581667736172676,0.04661920666694641,0.42857104539871216,0.03138355165719986,0.07152380049228668,0.03864876925945282,0.00047540682135149837,0.0024816272780299187,0.0006113779381848872,0.000508455210365355,0.0004246100434102118,0.0005081949639134109,0.001984567381441593,0.08298037946224213,0.0012558408780023456,0.0022154198959469795,0.004597868770360947,0.0007003953214734793,0.017136353999376297,0.004360102117061615,0.0008072135969996452,0.003340943716466427,0.0028078369796276093,0.0025911149568855762,0.0003837118565570563,0.001016144291497767,0.5796480178833008,0.04520241916179657,0.37514957785606384,0.42857104539871216,0.01581667736172676,0.07152380049228668,0.04661920666694641,0.3535795509815216,0.3299471586942673
merkel1_c007,merkel1,merkel,en,2016-12-31,new_year_address,7,100,91,0.15611311793327332,0.0014461618848145008,0.003207501722499728,0.029505621641874313,0.42076852917671204,0.002714717062190175,0.0034786139149218798,0.29703712463378906,0.0009319555247202516,0.015648262575268745,0.00041083208634518087,0.0013611458707600832,0.0008825588156469166,0.0007957466295920312,0.015200657770037651,0.17694565653800964,0.0005214998382143676,0.0005233856500126421,0.02101525105535984,0.0027825741562992334,0.010159565135836601,0.02379794605076313,0.0011858518701046705,0.020625878125429153,0.0012480452423915267,0.011311673559248447,0.0005101970746181905,0.0010568051366135478,0.03268430382013321,0.005069837439805269,0.9622458219528198,0.42076852917671204,0.003207501722499728,0.0034786139149218798,0.029505621641874313,0.15611311793327332,0.9571759845130146
merkel1_c008,merkel1,merkel,en,2016-12-31,new_year_address,8,129,113,0.1129484623670578,0.0014801486395299435,0.003977518063038588,0.018390927463769913,0.402010977268219,0.0036526063922792673,0.005961633753031492,0.12252365052700043,0.0008128331392072141,0.0068293060176074505,0.0004332918906584382,0.0026830597780644894,0.001294305780902505,0.001157265272922814,0.0064498744904994965,0.6102131605148315,0.0007039365009404719,0.0008111912757158279,0.010319076478481293,0.0017052101902663708,0.04715457931160927,0.059234265238046646,0.0019906472880393267,0.01676587574183941,0.002264203503727913,0.008473929949104786,0.0006134721916168928,0.0014274312416091561,0.05588255822658539,0.004495993722230196,0.9396215081214905,0.6102131605148315,0.003977518063038588,0.005961633753031492,0.04715457931160927,0.1129484623670578,0.9351255143992603
merkel2_c000,merkel2,merkel,en,2017-12-31,new_year_address,0,100,91,0.0896005779504776,0.01042237039655447,0.006129964254796505,0.02346363663673401,0.14091718196868896,0.006406925618648529,0.00542766647413373,0.023752359673380852,0.002478505950421095,0.12399281561374664,0.0013610266614705324,0.00241978676058352,0.00947602279484272,0.0029145246371626854,0.31465694308280945,0.038260605186223984,0.0008179998258128762,0.0008376377518288791,0.018594780936837196,0.0011130415368825197,0.018548117950558662,0.15300434827804565,0.003448357805609703,0.0636398047208786,0.0014489050954580307,0.03399002179503441,0.0011459363158792257,0.0009288162109442055,0.03344251587986946,0.0034224651753902435,0.9631349444389343,0.31465694308280945,0.01042237039655447,0.006406925618648529,0.02346363663673401,0.0896005779504776,0.9597124792635441
merkel2_c001,merkel2,merkel,en,2017-12-31,new_year_address,1,88,77,0.1694869101047516,0.001617795554921031,0.004159301985055208,0.02320336364209652,0.3171065151691437,0.005550522357225418,0.006695499178022146,0.7598099708557129,0.0006926506175659597,0.004101292230188847,0.00046650838339701295,0.0006247578421607614,0.00028283949359320104,0.0006801579147577286,0.003983382601290941,0.02219562791287899,0.000741040741559118,0.0012290898011997342,0.014516562223434448,0.0013960112119093537,0.0027539534494280815,0.009604466147720814,0.0020531134214252234,0.014631136320531368,0.0011093445355072618,0.0038975465577095747,0.0003326569276396185,0.0009382210555486381,0.028465421870350838,0.004133969079703093,0.9674005508422852,0.7598099708557129,0.004159301985055208,0.006695499178022146,0.02320336364209652,0.1694869101047516,0.9632665817625821
merkel2_c002,merkel2,merkel,en,2017-12-31,new_year_address,2,88,80,0.7626425623893738,0.028230926021933556,0.07299888879060745,0.03892805427312851,0.01622091792523861,0.04288104176521301,0.05267951637506485,0.0004970557056367397,0.0014002854004502296,0.0013846713118255138,0.0023147452156990767,0.0069069149903953075,0.00927978940308094,0.002467268379405141,0.0007888885447755456,0.010498415678739548,0.002142774173989892,0.0023187557235360146,0.00025019366876222193,0.0014453454641625285,0.002602951368317008,0.009227766655385494,0.00038795641739852726,0.00031442928593605757,0.03155049309134483,0.000402271980419755,0.0005598128773272038,0.007044350262731314,0.26076561212539673,0.7211323380470276,0.018102027475833893,0.01622091792523861,0.07299888879060745,0.05267951637506485,0.03892805427312851,0.7626425623893738,-0.7030303105711937
merkel2_c003,merkel2,merkel,en,2017-12-31,new_year_address,3,81,70,0.1274571418762207,0.0028795881662517786,0.003345376579090953,0.023719392716884613,0.4376441538333893,0.004354498349130154,0.006006940733641386,0.1956048160791397,0.0012257525231689215,0.009467609226703644,0.0005607041530311108,0.002975134178996086,0.0022378561552613974,0.002407935680821538,0.0033388298470526934,0.12860620021820068,0.0007613128400407732,0.0011489760363474488,0.014150618575513363,0.0008101757848635316,0.03294743224978447,0.17137014865875244,0.0033265231177210808,0.03514576330780983,0.0017155584646388888,0.005273959133774042,0.00028380489675328135,0.0013689389452338219,0.5054512619972229,0.08578946441411972,0.4087592363357544,0.4376441538333893,0.003345376579090953,0.006006940733641386,0.03294743224978447,0.1274571418762207,0.3229697719216347
merkel2_c004,merkel2,merkel,en,2017-12-31,new_year_address,4,91,78,0.2551029622554779,0.0009765364229679108,0.002656711032614112,0.02136836014688015,0.46319717168807983,0.0030164357740432024,0.004761585965752602,0.12506406009197235,0.00050992367323488,0.0045424229465425014,0.00027163742925040424,0.0008490651962347329,0.0005129165365360677,0.000708258303347975,0.0038801629561930895,0.28147000074386597,0.0005728975520469248,0.0005795641918666661,0.006993181072175503,0.0009513615514151752,0.018539629876613617,0.032449983060359955,0.0016091656871140003,0.009149455465376377,0.001419114414602518,0.005413379520177841,0.000541369547136128,0.0013139228103682399,0.13360193371772766,0.012107175774872303,0.8542909026145935,0.46319717168807983,0.002656711032614112,0.004761585965752602,0.02136836014688015,0.2551029622554779,0.8421837268397212
merkel2_c005,merkel2,merkel,en,2017-12-31,new_year_address,5,80,64,0.8384431004524231,0.0008032725309021771,0.0020682152826339006,0.023393288254737854,0.1680617332458496,0.005685702431946993,0.006142870523035526,0.004812467377632856,0.00019364179752301425,0.000851979129947722,0.0002309055271325633,0.000664223509375006,0.0003259444492869079,0.0003417544940020889,0.0006570600089617074,0.018138758838176727,0.0008570553618483245,0.0008182875462807715,0.0005775666213594377,0.0003035270783584565,0.0024152155965566635,0.005278103519231081,0.0006558794411830604,0.001548007014207542,0.0016518764896318316,0.0007930026040412486,0.00040562174399383366,0.000644214334897697,0.36772027611732483,0.013645286671817303,0.6186344623565674,0.1680617332458496,0.0020682152826339006,0.006142870523035526,0.023393288254737854,0.8384431004524231,0.6049891756847501
merkel2_c006,merkel2,merkel,en,2017-12-31,new_year_address,6,110,93,0.338058739900589,0.001214194344356656,0.0019840437453240156,0.013226400129497051,0.39967280626296997,0.004333776887506247,0.006078530568629503,0.03639741986989975,0.000570708594750613,0.003586862701922655,0.00027284023235552013,0.0012955644633620977,0.00081885966937989,0.0010229640174657106,0.0015964023768901825,0.19468899071216583,0.0007816475699655712,0.001036001369357109,0.003052453277632594,0.000429215986514464,0.03872894495725632,0.17105256021022797,0.0027573746629059315,0.007482318673282862,0.00138819869607687,0.0028001198079437017,0.0004481978539843112,0.0016208784654736519,0.3811914026737213,0.01676793023943901,0.6020406484603882,0.39967280626296997,0.0019840437453240156,0.006078530568629503,0.03872894495725632,0.338058739900589,0.5852727182209492
merkel2_c007,merkel2,merkel,en,2017-12-31,new_year_address,7,113,95,0.04647272452712059,0.0009325497667305171,0.0011246496578678489,0.009886289946734905,0.06900942325592041,0.0025150857400149107,0.002235646126791835,0.07045543938875198,0.0004992142203263938,0.005035968031734228,0.0003093450504820794,0.0008853513281792402,0.00046337791718542576,0.0007680744165554643,0.008567317388951778,0.14068485796451569,0.0006601723725907505,0.0005819774232804775,0.005996929481625557,0.0019833201076835394,0.02720203809440136,0.013040469028055668,0.0007898791809566319,0.8736028671264648,0.0018645633244886994,0.01971992664039135,0.0008099040715023875,0.0018655749736353755,0.06790344417095184,0.0034418045543134212,0.9286547303199768,0.8736028671264648,0.0011246496578678489,0.0025150857400149107,0.02720203809440136,0.04647272452712059,0.9252129257656634
merkel2_c008,merkel2,merkel,en,2017-12-31,new_year_address,8,158,141,0.2573196291923523,0.001002696342766285,0.0027262219227850437,0.014299861155450344,0.3796694874763489,0.003049764083698392,0.005195473786443472,0.06080465391278267,0.0004615354700945318,0.001634252374060452,0.00025666679721325636,0.0014423973625525832,0.0008302063797600567,0.0007026778184808791,0.002157624112442136,0.3314363360404968,0.0006598088657483459,0.0008136115502566099,0.0029367730021476746,0.0017660006415098906,0.08999145030975342,0.023026995360851288,0.002783202799037099,0.0023985581938177347,0.006148523651063442,0.00994817167520523,0.0003883536846842617,0.014231660403311253,0.4738819897174835,0.01658753678202629,0.5095304846763611,0.3796694874763489,0.0027262219227850437,0.005195473786443472,0.08999145030975342,0.2573196291923523,0.4929429478943348
merkel2020_c000,merkel2020,merkel,en,2019-12-31,new_year_address,0,89,74,0.07279520481824875,0.001033604727126658,0.0032192906364798546,0.01702333614230156,0.2381226122379303,0.003675218205899,0.0036212296690791845,0.1346742808818817,0.0006213650340214372,0.003924663178622723,0.00035202657454647124,0.0017297642771154642,0.0007488731062039733,0.0006827270262874663,0.013003569096326828,0.7886453866958618,0.000705540704075247,0.0008584497845731676,0.008302729576826096,0.0034037125296890736,0.04059018939733505,0.01670999825000763,0.0020737762097269297,0.016420798376202583,0.00246724602766335,0.01610647328197956,0.0014415824552997947,0.0018493650713935494,0.024217085912823677,0.0017155073583126068,0.9740673899650574,0.7886453866958618,0.0032192906364798546,0.003675218205899,0.04059018939733505,0.07279520481824875,0.9723518826067448
merkel2020_c001,merkel2020,merkel,en,2019-12-31,new_year_address,1,146,122,0.0657225027680397,0.0019958377815783024,0.003765175584703684,0.020009977743029594,0.08747441321611404,0.00414787232875824,0.002246454358100891,0.20942896604537964,0.0011937887175008655,0.005974569823592901,0.0005315719754435122,0.0023807690013200045,0.0011973715154454112,0.0008245378849096596,0.020905058830976486,0.4389505386352539,0.0009761726832948625,0.0010340838925912976,0.013559584505856037,0.016367902979254723,0.26495465636253357,0.011042099446058273,0.0013921207282692194,0.014134754426777363,0.0011773485457524657,0.10354774445295334,0.0014478277880698442,0.004077971447259188,0.0372767299413681,0.002948303008452058,0.9597749710083008,0.4389505386352539,0.003765175584703684,0.00414787232875824,0.26495465636253357,0.0657225027680397,0.9568266679998487
merkel2020_c002,merkel2020,merkel,en,2019-12-31,new_year_address,2,122,104,0.16826121509075165,0.004716271534562111,0.007667931262403727,0.02502213977277279,0.31968584656715393,0.006753876805305481,0.011910997331142426,0.016206003725528717,0.0009117867448367178,0.002629548544064164,0.0006192791624926031,0.01757008396089077,0.0034173212479799986,0.0014567465987056494,0.0010784739861264825,0.3686612844467163,0.0016230606706812978,0.0012392421485856175,0.0021460840944200754,0.0008005824056454003,0.04645611718297005,0.04698891192674637,0.0016247559105977416,0.0027488060295581818,0.002044736174866557,0.0034406990744173527,0.0004225157026667148,0.0014166778419166803,0.502446174621582,0.03747166693210602,0.46008217334747314,0.3686612844467163,0.01757008396089077,0.011910997331142426,0.04645611718297005,0.16826121509075165,0.4226105064153671
merkel2020_c003,merkel2020,merkel,en,2019-12-31,new_year_address,3,179,157,0.34264758229255676,0.014795476570725441,0.016958698630332947,0.13785099983215332,0.3625815212726593,0.005267241969704628,0.011917908675968647,0.01163796242326498,0.0017759359907358885,0.007173767313361168,0.0012796035734936595,0.012060015462338924,0.004635199438780546,0.002572628203779459,0.001743414206430316,0.09856494516134262,0.0013066584942862391,0.0007790075032971799,0.0031000461895018816,0.0008746251696720719,0.011609086766839027,0.014884322881698608,0.0014650485245510936,0.0023765696678310633,0.003357561072334647,0.001137161860242486,0.0005654758424498141,0.0008139759884215891,0.6979116201400757,0.22557243704795837,0.07651595771312714,0.3625815212726593,0.016958698630332947,0.011917908675968647,0.13785099983215332,0.34264758229255676,-0.14905647933483124
merkel2020_c004,merkel2020,merkel,en,2019-12-31,new_year_address,4,152,126,0.14977486431598663,0.000942965445574373,0.0019816954154521227,0.02189544215798378,0.40909820795059204,0.0033406137954443693,0.0061858599074184895,0.4490334689617157,0.0005797217017970979,0.003969859331846237,0.00035004690289497375,0.0008002201211638749,0.0003063032345380634,0.0010733118979260325,0.002109111752361059,0.12740837037563324,0.0007153725018724799,0.0007667898898944259,0.010626256465911865,0.0012471885420382023,0.007269568275660276,0.03355038911104202,0.0018712914315983653,0.07445365190505981,0.0014060013927519321,0.0037392904050648212,0.00037504974170587957,0.0012934966944158077,0.1729699969291687,0.008205555379390717,0.8188244700431824,0.4490334689617157,0.0019816954154521227,0.0061858599074184895,0.02189544215798378,0.14977486431598663,0.8106189146637917
merkel2020_c005,merkel2020,merkel,en,2019-12-31,new_year_address,5,82,68,0.03360234573483467,0.0017767669633030891,0.0017166252946481109,0.008885160088539124,0.1052718535065651,0.008785797283053398,0.008988206274807453,0.023506516590714455,0.000538661377504468,0.0036679478362202644,0.0006673812167719007,0.0008709132671356201,0.00027886824682354927,0.0021330632735043764,0.0016126264818012714,0.016880953684449196,0.0014860591618344188,0.0019844709895551205,0.002009739400818944,0.0005125897587276995,0.003189370734617114,0.012544511817395687,0.0009790665935724974,0.9440153241157532,0.0013986636186018586,0.0017520723631605506,0.0005052294000051916,0.0006637805490754545,0.18226246535778046,0.019827144220471382,0.7979103922843933,0.9440153241157532,0.0021330632735043764,0.008988206274807453,0.008885160088539124,0.03360234573483467,0.7780832480639219
merkel2020_c006,merkel2020,merkel,en,2019-12-31,new_year_address,6,99,88,0.027128932997584343,0.0011701370822265744,0.001516762305982411,0.010627131909132004,0.09346070885658264,0.0030820858664810658,0.0038565434515476227,0.06957580149173737,0.0004783932236023247,0.004422587808221579,0.00038418147596530616,0.0006016375264152884,0.0002572611556388438,0.0011944774305447936,0.0037375399842858315,0.05509883537888527,0.0007844416541047394,0.0006221549701876938,0.0031518645118921995,0.0012981026666238904,0.004790220409631729,0.008907985873520374,0.0009944119956344366,0.9561018347740173,0.0016534625319764018,0.004045388661324978,0.0005317330942489207,0.0008181796292774379,0.07009828835725784,0.00953663606196642,0.9203650951385498,0.9561018347740173,0.001516762305982411,0.0038565434515476227,0.010627131909132004,0.027128932997584343,0.9108284590765834
merkel2020_c007,merkel2020,merkel,en,2019-12-31,new_year_address,7,147,136,0.0464647077023983,0.0009443945018574595,0.0014854486798867583,0.011625676415860653,0.10336797684431076,0.0026912291068583727,0.003195513505488634,0.04346636310219765,0.00042973068775609136,0.004186324775218964,0.00035858494811691344,0.0005582811427302659,0.00036818679654970765,0.0011585899628698826,0.004837288521230221,0.11330316960811615,0.0006951988907530904,0.000544631271623075,0.0035752570256590843,0.0012216223403811455,0.033159445971250534,0.011627715080976486,0.0012375543592497706,0.8779692649841309,0.002195908920839429,0.007794998586177826,0.0006993581773713231,0.0017872032476589084,0.32047393918037415,0.014302541501820087,0.6652234792709351,0.8779692649841309,0.0014854486798867583,0.003195513505488634,0.033159445971250534,0.0464647077023983,0.650920937769115
merkel3_c000,merkel3,merkel,en,2018-12-31,new_year_address,0,100,88,0.08494551479816437,0.6431100368499756,0.1776505410671234,0.04425504058599472,0.019829684868454933,0.018502505496144295,0.008053252473473549,0.006432212423533201,0.017320998013019562,0.017774803563952446,0.0026357900351285934,0.004338305909186602,0.017501330003142357,0.004898985847830772,0.10010115057229996,0.007320099510252476,0.0018491694936528802,0.0029585622251033783,0.0021869870834052563,0.0028838536236435175,0.008523971773684025,0.008208909071981907,0.0038040783256292343,0.0023716839496046305,0.0022576528135687113,0.006549622863531113,0.004102568607777357,0.0019598708022385836,0.5420407652854919,0.28393295407295227,0.1740262508392334,0.10010115057229996,0.6431100368499756,0.018502505496144295,0.04425504058599472,0.08494551479816437,-0.10990670323371887
merkel3_c001,merkel3,merkel,en,2018-12-31,new_year_address,1,98,87,0.6141977310180664,0.002696024952456355,0.0224442221224308,0.08904381096363068,0.2910133898258209,0.01055577676743269,0.01577064022421837,0.013532251119613647,0.00045394341577775776,0.002513749524950981,0.0007546644774265587,0.00045243484782986343,0.0003975726431235671,0.0010319926077499986,0.0009294571354985237,0.01931341364979744,0.0012810479383915663,0.0007291053771041334,0.0015079912263900042,0.0007306979387067258,0.00213406840339303,0.0019898887258023024,0.0009158432367257774,0.004198542330414057,0.002198767615482211,0.0006215720204636455,0.00035123160341754556,0.0005733406287617981,0.5398342609405518,0.0266299769282341,0.43353578448295593,0.2910133898258209,0.0224442221224308,0.01577064022421837,0.08904381096363068,0.6141977310180664,0.40690580755472183
merkel3_c002,merkel3,merkel,en,2018-12-31,new_year_address,2,104,93,0.3741467595100403,0.0033160154707729816,0.017138948664069176,0.09314467757940292,0.28024423122406006,0.006279946770519018,0.023322517052292824,0.01563308574259281,0.0008608403732068837,0.006785344798117876,0.0008729399996809661,0.0013051050482317805,0.000984773738309741,0.0017857872880995274,0.002822183072566986,0.3817513883113861,0.0006911833770573139,0.0007147459546104074,0.003959719091653824,0.0016490487614646554,0.012521691620349884,0.012741426937282085,0.0008755022427067161,0.008093921467661858,0.004558748099952936,0.0019724643789231777,0.000539757136721164,0.000969570828601718,0.8228492140769958,0.04350733384490013,0.13364344835281372,0.3817513883113861,0.017138948664069176,0.023322517052292824,0.09314467757940292,0.3741467595100403,0.09013611450791359
merkel3_c003,merkel3,merkel,en,2018-12-31,new_year_address,3,101,89,0.13507269322872162,0.0009328857413493097,0.0029175139497965574,0.033424749970436096,0.23601652681827545,0.003452286357060075,0.003225305350497365,0.7222411036491394,0.0004784281481988728,0.003062176052480936,0.00034883266198448837,0.0005837119533680379,0.00026960583636537194,0.0002889428869821131,0.01018740888684988,0.01018456369638443,0.0005823386018164456,0.000734894594643265,0.009987921454012394,0.0019194914493709803,0.0014439333463087678,0.0024007977917790413,0.005081770475953817,0.007238606922328472,0.001352459192276001,0.0069497753866016865,0.0006448817439377308,0.0008084605797193944,0.2053186595439911,0.004881261382251978,0.7898001074790955,0.7222411036491394,0.0029175139497965574,0.003452286357060075,0.033424749970436096,0.13507269322872162,0.7849188460968435
merkel3_c004,merkel3,merkel,en,2018-12-31,new_year_address,4,160,138,0.1548086702823639,0.007262186147272587,0.05306210741400719,0.09001725167036057,0.43325915932655334,0.014614475890994072,0.033128440380096436,0.32059741020202637,0.0014555230736732483,0.005193525925278664,0.0015577926533296704,0.002611512551084161,0.0016563704703003168,0.002909294096753001,0.00141389190685004,0.09978798031806946,0.0018065710319206119,0.0017311826813966036,0.00858218688517809,0.0009142468334175646,0.009338541887700558,0.021744171157479286,0.003795650554820895,0.005595608148723841,0.002783536445349455,0.0016797147691249847,0.0003291897301096469,0.0010789853986352682,0.5354294776916504,0.26811644434928894,0.1964540183544159,0.43325915932655334,0.05306210741400719,0.033128440380096436,0.09001725167036057,0.1548086702823639,-0.07166242599487305
merkel3_c005,merkel3,merkel,en,2018-12-31,new_year_address,5,87,79,0.34549787640571594,0.003064434975385666,0.00816868245601654,0.011416557244956493,0.14465759694576263,0.006354968063533306,0.0063600256107747555,0.015365795232355595,0.0006011726800352335,0.001554973190650344,0.0003807897446677089,0.001337190973572433,0.0010018240427598357,0.0010196611983701587,0.0030643341597169638,0.1032392606139183,0.0013974611647427082,0.001246928353793919,0.001864566933363676,0.0005223067128099501,0.490923136472702,0.009488056413829327,0.004286420997232199,0.0019249775214120746,0.0022289252374321222,0.005405146162956953,0.0006029497599229217,0.002766026183962822,0.3247167468070984,0.006273328792303801,0.6690098643302917,0.14465759694576263,0.00816868245601654,0.0063600256107747555,0.490923136472702,0.34549787640571594,0.662736535537988
merkel3_c006,merkel3,merkel,en,2018-12-31,new_year_address,6,122,103,0.049072325229644775,0.0010847976664081216,0.0010641072876751423,0.005930683575570583,0.05801784619688988,0.003425432601943612,0.0017995003145188093,0.08303430676460266,0.0007539772777818143,0.01039609219878912,0.0004347015346866101,0.0008117573452182114,0.0005770465941168368,0.001063921139575541,0.029042448848485947,0.07137507945299149,0.000770884333178401,0.0007814260316081345,0.012071155942976475,0.0019454150460660458,0.030796406790614128,0.03245144337415695,0.0014964095316827297,0.8400534391403198,0.0008014938211999834,0.045326005667448044,0.0009301295503973961,0.00113097601570189,0.11791188269853592,0.0045018321834504604,0.877586305141449,0.8400534391403198,0.0010847976664081216,0.003425432601943612,0.030796406790614128,0.049072325229644775,0.8730844729579985
merkel3_c007,merkel3,merkel,en,2018-12-31,new_year_address,7,136,119,0.32240408658981323,0.0025679278187453747,0.007625758647918701,0.027389010414481163,0.38588908314704895,0.009401366114616394,0.01165827363729477,0.0691908746957779,0.0007436142768710852,0.003152392106130719,0.0005390591686591506,0.0013424112694337964,0.0011789073469117284,0.0009943386539816856,0.0020081764087080956,0.09424152225255966,0.001449035364203155,0.0013135937042534351,0.005695322994142771,0.0006073429831303656,0.21164380013942719,0.026796510443091393,0.002400559140369296,0.0034363053273409605,0.0019505760865285993,0.004064652137458324,0.0003310964675620198,0.002095536794513464,0.4402414560317993,0.014834117144346237,0.5449244379997253,0.38588908314704895,0.007625758647918701,0.01165827363729477,0.21164380013942719,0.32240408658981323,0.5300903208553791
putin2022_c000,putin2022,putin,en,2022-12-31,new_year_address,0,108,87,0.2676529884338379,0.031256262212991714,0.035718806087970734,0.08769477158784866,0.20168596506118774,0.0131752360612154,0.007574241142719984,0.09938779473304749,0.0036864550784230232,0.01195681095123291,0.0015660976059734821,0.002880875254049897,0.0019401531899347901,0.002628500573337078,0.006314888596534729,0.03518901765346527,0.0016566519625484943,0.0026789542753249407,0.021601984277367592,0.0018271278822794557,0.01811305619776249,0.016941020265221596,0.008433552458882332,0.0071098776534199715,0.0004840411711484194,0.004890148993581533,0.0002483986609149724,0.0003143638896290213,0.2392747551202774,0.011138812638819218,0.7495864033699036,0.20168596506118774,0.035718806087970734,0.0131752360612154,0.08769477158784866,0.2676529884338379,0.7384475907310843
putin2022_c001,putin2022,putin,en,2022-12-31,new_year_address,1,100,85,0.22320003807544708,0.0015359773533418775,0.0029726913198828697,0.024144403636455536,0.4862547218799591,0.00749785965308547,0.006106622517108917,0.19358417391777039,0.0008785570971667767,0.005465647671371698,0.00045471731573343277,0.0015495436964556575,0.000857349019497633,0.0008079912513494492,0.0036285400856286287,0.16225041449069977,0.0009595315787009895,0.001637087669223547,0.018696069717407227,0.0009592075948603451,0.05607769638299942,0.0628143697977066,0.0024160936009138823,0.011342907324433327,0.0010070196585729718,0.008292222395539284,0.00036950220237486064,0.0011000275844708085,0.23325715959072113,0.008567875251173973,0.7581749558448792,0.4862547218799591,0.0029726913198828697,0.00749785965308547,0.05607769638299942,0.22320003807544708,0.7496070805937052
putin2022_c002,putin2022,putin,en,2022-12-31,new_year_address,2,112,96,0.06526608765125275,0.007462384179234505,0.008336677215993404,0.04614545404911041,0.3259936273097992,0.003564495127648115,0.007018023170530796,0.23926134407520294,0.0024368995800614357,0.018947666510939598,0.001171589712612331,0.06559253484010696,0.07413757592439651,0.0016010153340175748,0.02004830911755562,0.07298220694065094,0.0008037094376049936,0.0012005040189251304,0.012379184365272522,0.00549790496006608,0.009179852902889252,0.0636616200208664,0.0042523047886788845,0.004725446458905935,0.02641039341688156,0.024575086310505867,0.0008231821702793241,0.007647376041859388,0.5086625814437866,0.16726121306419373,0.32407620549201965,0.3259936273097992,0.07413757592439651,0.007018023170530796,0.04614545404911041,0.06526608765125275,0.15681499242782593
putin2022_c003,putin2022,putin,en,2022-12-31,new_year_address,3,124,101,0.5811527967453003,0.006880769040435553,0.027626536786556244,0.02451460249722004,0.07422419637441635,0.12928375601768494,0.17892546951770782,0.0019115392351523042,0.0006144663784652948,0.000966222898568958,0.0017198657151311636,0.0013442591298371553,0.0005554595263674855,0.0005291265551932156,0.0008129358175210655,0.003475432051345706,0.006013939622789621,0.023820094764232635,0.0007130029844120145,0.0005039781681261957,0.0015830690972507,0.0031268650200217962,0.0006880268338136375,0.0005664968048222363,0.0008127162582240999,0.00042847200529649854,0.0006207718979567289,0.000309964147163555,0.19290027022361755,0.7956923246383667,0.011407449841499329,0.07422419637441635,0.027626536786556244,0.17892546951770782,0.02451460249722004,0.5811527967453003,-0.7842848747968674
putin2022_c004,putin2022,putin,en,2022-12-31,new_year_address,4,132,112,0.055793143808841705,0.004666626453399658,0.0026454634498804808,0.0042173913680016994,0.06345726549625397,0.006173557136207819,0.00466650677844882,0.10801395028829575,0.002238586777821183,0.007474154233932495,0.0004932818119414151,0.0020958080422133207,0.001775970566086471,0.004906616639345884,0.016825886443257332,0.24324031174182892,0.0013612171169370413,0.0023223008029162884,0.00791012030094862,0.0009174904553219676,0.4357878863811493,0.48094427585601807,0.020733285695314407,0.15607725083827972,0.001029781298711896,0.015431593172252178,0.0008985426393337548,0.0032758924644440413,0.26309019327163696,0.026294665411114693,0.7106150984764099,0.48094427585601807,0.004906616639345884,0.006173557136207819,0.4357878863811493,0.055793143808841705,0.6843204330652952
putin2022_c005,putin2022,putin,en,2022-12-31,new_year_address,5,147,119,0.026671675965189934,0.0020955728832632303,0.0022207859437912703,0.010294931940734386,0.03396148979663849,0.006680435501039028,0.0039586713537573814,0.44769710302352905,0.001108685857616365,0.005471926648169756,0.001086954027414322,0.0011409551370888948,0.00033486069878563285,0.0014375823084264994,0.006634004879742861,0.012475863099098206,0.0017221751622855663,0.0015821994747966528,0.01523591112345457,0.0020885434933006763,0.0024332928005605936,0.006931288633495569,0.0009116004803217947,0.9156220555305481,0.0010690607596188784,0.007610975299030542,0.0008771552238613367,0.0006436393014155328,0.04596266150474548,0.007011092267930508,0.947026252746582,0.9156220555305481,0.0022207859437912703,0.006680435501039028,0.010294931940734386,0.026671675965189934,0.9400151604786515
putin2022_c006,putin2022,putin,en,2022-12-31,new_year_address,6,123,103,0.5436373949050903,0.010178370401263237,0.056971315294504166,0.07376141846179962,0.199284628033638,0.01370981801301241,0.03574158623814583,0.02462325058877468,0.0014133185613900423,0.007088822312653065,0.001452895812690258,0.0028997117187827826,0.0016477924073114991,0.0012750456808134913,0.0024672518484294415,0.040373001247644424,0.001689039752818644,0.001014473382383585,0.006245039869099855,0.001189964939840138,0.009928436949849129,0.004575247876346111,0.0008321373024955392,0.003353309817612171,0.0011709756217896938,0.0019405004568397999,0.00038637302350252867,0.0004014090809505433,0.3260515630245209,0.6366854906082153,0.037262994796037674,0.199284628033638,0.056971315294504166,0.03574158623814583,0.07376141846179962,0.5436373949050903,-0.5994224958121777
putin2022_c007,putin2022,putin,en,2022-12-31,new_year_address,7,118,106,0.02347595803439617,0.0010531553998589516,0.0012905668700113893,0.008718334138393402,0.0639100968837738,0.004285004455596209,0.0035012168809771538,0.19539131224155426,0.0003947872610297054,0.002621798776090145,0.000406067818403244,0.0004167516599409282,0.0001703124144114554,0.0008808369166217744,0.0030234637670218945,0.008610495366156101,0.0009055777336470783,0.0008302836213260889,0.0027224246878176928,0.0010193042689934373,0.0018569380044937134,0.005733093712478876,0.0013603060506284237,0.9495646357536316,0.0012516052229329944,0.003428199328482151,0.0006697821663692594,0.0008882812689989805,0.10191535204648972,0.007708185818046331,0.8903764486312866,0.9495646357536316,0.0012905668700113893,0.004285004455596209,0.008718334138393402,0.02347595803439617,0.8826682628132403
putin2022_c008,putin2022,putin,en,2022-12-31,new_year_address,8,93,79,0.10185746848583221,0.024397974833846092,0.007609263528138399,0.012278369627892971,0.130523219704628,0.005672392435371876,0.006347415037453175,0.4182246923446655,0.0057207755744457245,0.018172793090343475,0.0007640550029464066,0.0026903527323156595,0.0027366699650883675,0.004690814763307571,0.010728556662797928,0.10940086841583252,0.0011058504460379481,0.0014998526312410831,0.017098238691687584,0.000919706653803587,0.05983962491154671,0.5022655725479126,0.006659499369561672,0.04354958236217499,0.0008853289182297885,0.00591085571795702,0.0005967234028503299,0.0014719924656674266,0.15661850571632385,0.05851706489920616,0.7848644256591797,0.5022655725479126,0.024397974833846092,0.006347415037453175,0.05983962491154671,0.10185746848583221,0.7263473607599735
putin2022_c009,putin2022,putin,en,2022-12-31,new_year_address,9,80,68,0.038141269236803055,0.018301423639059067,0.007045544683933258,0.010455470532178879,0.28385165333747864,0.005702972412109375,0.00622305553406477,0.38107964396476746,0.0035485965199768543,0.02223297767341137,0.0007033729343675077,0.001569360843859613,0.002264188602566719,0.0023886258713901043,0.0780186876654625,0.0376276820898056,0.0009371936321258545,0.0016716404352337122,0.016671018674969673,0.0011251828400418162,0.03498813882470131,0.26244112849235535,0.1324739009141922,0.024862483143806458,0.0006996361771598458,0.02062184549868107,0.0006264356779865921,0.0013347232015803456,0.16022847592830658,0.034067511558532715,0.8057039976119995,0.38107964396476746,0.018301423639059067,0.00622305553406477,0.03498813882470131,0.038141269236803055,0.7716364860534668
putin2022_c010,putin2022,putin,en,2022-12-31,new_year_address,10,149,131,0.04677700251340866,0.0033429672475904226,0.0018301873933523893,0.005951430648565292,0.2103196382522583,0.0036905959714204073,0.0036200599279254675,0.22760185599327087,0.0019621180836111307,0.015816669911146164,0.0005793008022010326,0.0019990697037428617,0.0019074033480137587,0.0028650532476603985,0.11590026319026947,0.08932327479124069,0.0008274950669147074,0.002434766385704279,0.012909973971545696,0.0009880544384941459,0.02550787292420864,0.46934783458709717,0.39327722787857056,0.031118538230657578,0.001186608918942511,0.020376194268465042,0.0008888501906767488,0.0017630265792831779,0.029088104143738747,0.0035686721093952656,0.9673432111740112,0.46934783458709717,0.0033429672475904226,0.0036905959714204073,0.02550787292420864,0.04677700251340866,0.963774539064616
putin2023_c000,putin2023,putin,en,2023-12-31,new_year_address,0,86,71,0.1218971535563469,0.007413196377456188,0.009005921892821789,0.030746866017580032,0.12224335223436356,0.010111169889569283,0.005492154974490404,0.3297620713710785,0.005363245494663715,0.07383830100297928,0.003216699929907918,0.00375096732750535,0.0040166787803173065,0.002540607238188386,0.21140392124652863,0.046648696064949036,0.0018029185011982918,0.0037119793705642223,0.3010385036468506,0.0032193372026085854,0.023649822920560837,0.029555555433034897,0.0021854329388588667,0.031064743176102638,0.0011795592727139592,0.03575066104531288,0.0014475147472694516,0.0005025769351050258,0.12120626121759415,0.005312643945217133,0.8734811544418335,0.3297620713710785,0.009005921892821789,0.010111169889569283,0.030746866017580032,0.1218971535563469,0.8681685104966164
putin2023_c001,putin2023,putin,en,2023-12-31,new_year_address,1,91,82,0.1677582710981369,0.0028088423423469067,0.004085744731128216,0.03609662130475044,0.5013561248779297,0.005422750022262335,0.005739246495068073,0.23247037827968597,0.0013621514663100243,0.008446449413895607,0.0007236793753691018,0.002249903744086623,0.00163276179227978,0.0022294046357274055,0.00317781581543386,0.15772739052772522,0.0009042067104019225,0.0012380641419440508,0.019843077287077904,0.0011586712207645178,0.04405995458364487,0.11324514448642731,0.0029469765722751617,0.0196820255368948,0.0012277429923415184,0.006558626424521208,0.00035719192237593234,0.0012672529555857182,0.3051958680152893,0.011977204121649265,0.6828269362449646,0.5013561248779297,0.004085744731128216,0.005739246495068073,0.04405995458364487,0.1677582710981369,0.6708497321233153
putin2023_c002,putin2023,putin,en,2023-12-31,new_year_address,2,91,78,0.07645410299301147,0.007191980257630348,0.009436521679162979,0.024173466488718987,0.11345794796943665,0.016679633408784866,0.009518924169242382,0.8675834536552429,0.004859797190874815,0.016134046018123627,0.004398935008794069,0.00445011118426919,0.0018080325098708272,0.003461210522800684,0.016584396362304688,0.03165030479431152,0.004117843694984913,0.007346800062805414,0.19909225404262543,0.0038533371407538652,0.017655501142144203,0.03224250674247742,0.0035671107470989227,0.03770078346133232,0.000945278094150126,0.01683703437447548,0.0011403609532862902,0.0006507119978778064,0.1835332214832306,0.008586806245148182,0.8078799843788147,0.8675834536552429,0.009436521679162979,0.016679633408784866,0.024173466488718987,0.07645410299301147,0.7992931781336665
putin2023_c003,putin2023,putin,en,2023-12-31,new_year_address,3,84,77,0.07907351106405258,0.003084612777456641,0.0022778965067118406,0.007851634174585342,0.2865546941757202,0.005957845598459244,0.006905816495418549,0.10326864570379257,0.0014489581808447838,0.004414537455886602,0.0005323358345776796,0.0021212599240243435,0.0013241576962172985,0.0031215958297252655,0.008307202719151974,0.09402206540107727,0.0011914093047380447,0.00527548510581255,0.005009274464100599,0.0008465346181765199,0.02248973585665226,0.49466848373413086,0.5373245477676392,0.014397489838302135,0.0014230215456336737,0.006391475908458233,0.0005426853895187378,0.0022237044759094715,0.044797781854867935,0.0058333994820714,0.9493688344955444,0.5373245477676392,0.0031215958297252655,0.006905816495418549,0.02248973585665226,0.07907351106405258,0.943535435013473
putin2023_c004,putin2023,putin,en,2023-12-31,new_year_address,4,86,72,0.0420302152633667,0.003674894804134965,0.002861812710762024,0.004998554941266775,0.07815004140138626,0.003922639414668083,0.0034877487923949957,0.052421532571315765,0.001389373792335391,0.004738900810480118,0.0005035632639192045,0.0016987021081149578,0.0015608749818056822,0.003412764286622405,0.07183679938316345,0.23779115080833435,0.001216589706018567,0.002759269904345274,0.004466937854886055,0.001247899723239243,0.42513158917427063,0.22920866310596466,0.4952419400215149,0.02065696008503437,0.0013055463787168264,0.03389356657862663,0.0012687415583059192,0.0036187218502163887,0.03587464988231659,0.002234113635495305,0.961891233921051,0.4952419400215149,0.003674894804134965,0.003922639414668083,0.42513158917427063,0.0420302152633667,0.9596571202855557
putin2023_c005,putin2023,putin,en,2023-12-31,new_year_address,5,110,88,0.03941749781370163,0.002559149172157049,0.0018710116855800152,0.005181336775422096,0.20870652794837952,0.0037110925186425447,0.005464053712785244,0.22296187281608582,0.0014793988084420562,0.0062461732886731625,0.00037581316428259015,0.0017494545318186283,0.0010753226233646274,0.0036423669662326574,0.0118331927806139,0.23759280145168304,0.001056066364981234,0.002120126271620393,0.006231648847460747,0.000971084285993129,0.07958889752626419,0.558778703212738,0.16728022694587708,0.09996090829372406,0.0011988773476332426,0.008945615962147713,0.0007033400470390916,0.0024766074493527412,0.0338725708425045,0.0031342338770627975,0.9629932045936584,0.558778703212738,0.0036423669662326574,0.005464053712785244,0.07958889752626419,0.03941749781370163,0.9598589707165956
putin2024_c000,putin2024,putin,en,2024-12-31,new_year_address,0,130,104,0.12186139822006226,0.0024413838982582092,0.006203728262335062,0.03605254366993904,0.2914741039276123,0.007565316744148731,0.005055120214819908,0.3879908323287964,0.0021579330787062645,0.018330203369259834,0.0013942356454208493,0.003551275236532092,0.001796478172764182,0.001623497111722827,0.01737009547650814,0.2959810495376587,0.0015650138957425952,0.0017575769452378154,0.10496712476015091,0.004038369283080101,0.09756837040185928,0.022657303139567375,0.0012597475433722138,0.03580540418624878,0.001104101538658142,0.0386798270046711,0.000980805023573339,0.0010168327717110515,0.052390795201063156,0.0020686613861471415,0.9455405473709106,0.3879908323287964,0.006203728262335062,0.007565316744148731,0.09756837040185928,0.12186139822006226,0.9434718859847635
putin2024_c001,putin2024,putin,en,2024-12-31,new_year_address,1,123,105,0.06799252331256866,0.0022273710928857327,0.0026810483541339636,0.01132521778345108,0.48061200976371765,0.003989960066974163,0.007205680012702942,0.24713051319122314,0.0012725082924589515,0.005927721504122019,0.0005101715796627104,0.0024189811665564775,0.0012896255357190967,0.00236302288249135,0.008407856337726116,0.3064108192920685,0.0009855137905105948,0.002585495123639703,0.013421168550848961,0.0009803501889109612,0.05124305188655853,0.2997649312019348,0.16674545407295227,0.018937602639198303,0.001587217440828681,0.008885595947504044,0.00043773255310952663,0.002008652314543724,0.0450146347284317,0.003948227968066931,0.9510371685028076,0.48061200976371765,0.0026810483541339636,0.007205680012702942,0.05124305188655853,0.06799252331256866,0.9470889405347407
putin2024_c002,putin2024,putin,en,2024-12-31,new_year_address,2,158,132,0.0924098864197731,0.0045434716157615185,0.006005582399666309,0.023501992225646973,0.15217359364032745,0.010849476791918278,0.006969674024730921,0.827345609664917,0.003780591068789363,0.018213482573628426,0.0020711293909698725,0.004180232994258404,0.0017380424542352557,0.0020029833540320396,0.019004996865987778,0.07126319408416748,0.002439837669953704,0.0038486849516630173,0.1861506551504135,0.0032076630741357803,0.02429802529513836,0.03761711344122887,0.00237473682500422,0.050006818026304245,0.0008252387051470578,0.02441326342523098,0.0010147463763132691,0.0007016660529188812,0.04020790010690689,0.003705226583406329,0.9560868740081787,0.827345609664917,0.006005582399666309,0.010849476791918278,0.02429802529513836,0.0924098864197731,0.9523816474247724
putin2024_c003,putin2024,putin,en,2024-12-31,new_year_address,3,72,56,0.04091222211718559,0.005247123539447784,0.003013154026120901,0.005394464824348688,0.040163420140743256,0.0026117220986634493,0.00208079325966537,0.037947800010442734,0.0021718647330999374,0.010061118751764297,0.0005079790716990829,0.0037036656867712736,0.003203532425686717,0.003357500536367297,0.12483478337526321,0.5783774256706238,0.0007866903906688094,0.001500799786299467,0.0076249646954238415,0.0033606612123548985,0.2629353702068329,0.2184070199728012,0.06771288812160492,0.04262910783290863,0.001317609567195177,0.1006757915019989,0.001722967135719955,0.0029696160927414894,0.016225961968302727,0.0018373540369793773,0.9819367527961731,0.5783774256706238,0.005247123539447784,0.0026117220986634493,0.2629353702068329,0.04091222211718559,0.9800993987591937
putin2025_c000,putin2025,putin,en,2025-12-31,new_year_address,0,94,85,0.18160049617290497,0.0021554918494075537,0.0030963390599936247,0.015876570716500282,0.18790721893310547,0.002319667022675276,0.003407034557312727,0.023497391492128372,0.0010007919045165181,0.006362434476613998,0.0003710607415996492,0.0028655966743826866,0.001771056791767478,0.0014705536887049675,0.00878891535103321,0.7530960440635681,0.0005644683842547238,0.0007130939629860222,0.00488756038248539,0.0019308573100715876,0.08000579476356506,0.10778755694627762,0.003419683314859867,0.01703721098601818,0.0021420056000351906,0.010325361043214798,0.0007748710340820253,0.002003846224397421,0.3692265450954437,0.0074924286454916,0.6232810020446777,0.7530960440635681,0.0030963390599936247,0.003407034557312727,0.08000579476356506,0.18160049617290497,0.6157885733991861
putin2025_c001,putin2025,putin,en,2025-12-31,new_year_address,1,96,79,0.21592994034290314,0.001555998926050961,0.002718946896493435,0.011707096360623837,0.35715219378471375,0.00407034857198596,0.004295843653380871,0.24668075144290924,0.0007019874174147844,0.003083275631070137,0.0003067225916311145,0.0011654855916276574,0.0006289755692705512,0.0008081671549007297,0.0036902206484228373,0.13416288793087006,0.0009155030711553991,0.0008973542717285454,0.010728029534220695,0.001063283416442573,0.15167343616485596,0.03397604450583458,0.0047762650065124035,0.012702073901891708,0.0009382519638165832,0.013953445479273796,0.00037414912367239594,0.002221879083663225,0.4660916328430176,0.02147390879690647,0.5124344229698181,0.35715219378471375,0.002718946896493435,0.004295843653380871,0.15167343616485596,0.21592994034290314,0.49096051417291164
putin2025_c002,putin2025,putin,en,2025-12-31,new_year_address,2,90,78,0.02410084195435047,0.003269244683906436,0.002114378148689866,0.004284038674086332,0.06045299768447876,0.0032038746867328882,0.0026044619735330343,0.12444522976875305,0.0018974257400259376,0.011633843183517456,0.00046450694208033383,0.002417398151010275,0.002364479936659336,0.002583193127065897,0.26506900787353516,0.5385504364967346,0.0007393861305899918,0.0019539822824299335,0.010827980935573578,0.002415153430774808,0.16423983871936798,0.27038246393203735,0.09767605364322662,0.0547063872218132,0.0014000515220686793,0.10458242148160934,0.002679042052477598,0.0037285962607711554,0.017341235652565956,0.0023840332869440317,0.9802747368812561,0.5385504364967346,0.003269244683906436,0.0032038746867328882,0.16423983871936798,0.02410084195435047,0.9778907035943121
putin2025_c003,putin2025,putin,en,2025-12-31,new_year_address,3,94,78,0.036044538021087646,0.0027475866954773664,0.0018562079640105367,0.003995364066213369,0.1423821747303009,0.004407739732414484,0.005154771730303764,0.15661169588565826,0.0014858914073556662,0.005316023714840412,0.0004236773238517344,0.0018134580459445715,0.001219560974277556,0.004465303383767605,0.01716899871826172,0.2395153045654297,0.0011673776898533106,0.003316514892503619,0.005341875366866589,0.001059047062881291,0.12108832597732544,0.574345588684082,0.3041433095932007,0.103682741522789,0.0012573704589158297,0.015990979969501495,0.0008103131549432874,0.0036669489927589893,0.10039830952882767,0.008066494017839432,0.891535222530365,0.574345588684082,0.004465303383767605,0.005154771730303764,0.12108832597732544,0.036044538021087646,0.8834687285125256
putin2025_c004,putin2025,putin,en,2025-12-31,new_year_address,4,159,128,0.034475263208150864,0.0032926113344728947,0.0018702024826779962,0.00431797094643116,0.126698300242424,0.003906560130417347,0.004993560258299112,0.1607276350259781,0.0019103932427242398,0.008104288019239902,0.0003994274593424052,0.0021686400286853313,0.0015840312698855996,0.004090926609933376,0.018510280176997185,0.3086450695991516,0.0009090689127333462,0.00236987741664052,0.006302566733211279,0.0010937195038422942,0.08857960999011993,0.6903806924819946,0.10609372705221176,0.12289667129516602,0.0013522871304303408,0.012426740489900112,0.0008466548169963062,0.0034053006675094366,0.046256620436906815,0.0023117561358958483,0.9514316320419312,0.6903806924819946,0.004090926609933376,0.004993560258299112,0.08857960999011993,0.034475263208150864,0.9491198759060353
trump1_c000,trump1,trump,en,2021-01-19,farewell_address,0,85,74,0.04615776613354683,0.0038751570973545313,0.002651824615895748,0.009676662273705006,0.1333383172750473,0.005924323108047247,0.004825128708034754,0.30965426564216614,0.0032662178855389357,0.026215314865112305,0.0009787975577637553,0.0029059583321213722,0.0026946538127958775,0.006014647427946329,0.025215107947587967,0.37601572275161743,0.0010377636644989252,0.0023134220391511917,0.03743893653154373,0.0016145200934261084,0.05932264402508736,0.6027904152870178,0.005394866690039635,0.19977562129497528,0.0011002965038642287,0.016451694071292877,0.0008718041353859007,0.0014533090870827436,0.01717652566730976,0.00278585241176188,0.9800376892089844,0.6027904152870178,0.006014647427946329,0.005924323108047247,0.05932264402508736,0.04615776613354683,0.9772518367972225
trump1_c001,trump1,trump,en,2021-01-19,farewell_address,1,84,68,0.0129123255610466,0.003734478261321783,0.001421715714968741,0.004166258033365011,0.04419823735952377,0.003945974167436361,0.0027103505562990904,0.3319396674633026,0.0016986867412924767,0.009809261187911034,0.0005803126841783524,0.0008734162547625601,0.0006493370165117085,0.0029062528628855944,0.12265085428953171,0.011206659488379955,0.0010386731009930372,0.002563523594290018,0.01149805448949337,0.0010605514980852604,0.008019956760108471,0.05881975591182709,0.11447741091251373,0.862678050994873,0.0011777932522818446,0.017559483647346497,0.0013379654847085476,0.0013495467137545347,0.017673978582024574,0.004836120642721653,0.9774898886680603,0.862678050994873,0.003734478261321783,0.003945974167436361,0.008019956760108471,0.0129123255610466,0.9726537680253386
trump1_c002,trump1,trump,en,2021-01-19,farewell_address,2,141,127,0.011859506368637085,0.0017663788748905063,0.0013750276993960142,0.004560218192636967,0.02557683363556862,0.004637016449123621,0.0031055347062647343,0.11674916744232178,0.0005375327309593558,0.002314761746674776,0.00048695510486140847,0.0005407033022493124,0.0001953587052412331,0.0014782575890421867,0.0037327809259295464,0.008350650779902935,0.001275939168408513,0.0012849492486566305,0.0019931450951844454,0.001218445715494454,0.003400897141546011,0.006023050751537085,0.002354166703298688,0.9830812811851501,0.0013196474174037576,0.004352838732302189,0.0010251718340441585,0.0014148564077913761,0.05389577895402908,0.005068764556199312,0.9410353899002075,0.9830812811851501,0.0017663788748905063,0.004637016449123621,0.004560218192636967,0.011859506368637085,0.9359666253440082
trump1_c003,trump1,trump,en,2021-01-19,farewell_address,3,99,85,0.009746256284415722,0.001836062758229673,0.0019169115694239736,0.00706724775955081,0.042578794062137604,0.005357703194022179,0.005058747716248035,0.6858343482017517,0.0007391170365735888,0.003613458015024662,0.0004309467622078955,0.0006900287698954344,0.0002809067373163998,0.0008408007561229169,0.008473221212625504,0.016698993742465973,0.0012081388849765062,0.001609646831639111,0.00640623364597559,0.001842796104028821,0.006225063931196928,0.007663825526833534,0.0020358823239803314,0.922069251537323,0.0016589888837188482,0.008675121702253819,0.0009730569436214864,0.001692332443781197,0.014557214453816414,0.0045693414285779,0.9808734059333801,0.922069251537323,0.0019169115694239736,0.005357703194022179,0.00706724775955081,0.009746256284415722,0.9763040645048022
trump1_c004,trump1,trump,en,2021-01-19,farewell_address,4,139,121,0.2811334729194641,0.00682960357517004,0.01074752677232027,0.08299849927425385,0.2737065553665161,0.010476107709109783,0.012160129845142365,0.019322415813803673,0.001636743894778192,0.005150726065039635,0.0014288225211203098,0.0652952492237091,0.006230541504919529,0.0007205962319858372,0.0033039571717381477,0.1018015444278717,0.002830192446708679,0.0022654307540506124,0.0072147417813539505,0.003563988720998168,0.02659136801958084,0.007707209791988134,0.0016253925859928131,0.0012093764962628484,0.0014955955557525158,0.007269447203725576,0.0004462458018679172,0.0006094329874031246,0.41857144236564636,0.2665611505508423,0.31486737728118896,0.2737065553665161,0.0652952492237091,0.012160129845142365,0.08299849927425385,0.2811334729194641,0.04830622673034668
trump1_c005,trump1,trump,en,2021-01-19,farewell_address,5,144,125,0.08888140320777893,0.003941189032047987,0.009128639474511147,0.012558968737721443,0.15346212685108185,0.014100879430770874,0.00858101062476635,0.5135220289230347,0.0013310873182490468,0.003468944225460291,0.0007252181530930102,0.0010033604921773076,0.0007977501954883337,0.0012814074289053679,0.007428823038935661,0.06579076498746872,0.002600335516035557,0.0032830736599862576,0.016242679208517075,0.0015653088921681046,0.5102376341819763,0.012847566045820713,0.0057748123072087765,0.019383002072572708,0.001178356003947556,0.01514540147036314,0.0007048401166684926,0.00234052212908864,0.1233171671628952,0.014683656394481659,0.8619992136955261,0.5135220289230347,0.009128639474511147,0.014100879430770874,0.5102376341819763,0.08888140320777893,0.8473155573010445
trump1_c006,trump1,trump,en,2021-01-19,farewell_address,6,113,94,0.19176757335662842,0.003173539415001869,0.013949562795460224,0.03997228667140007,0.37068238854408264,0.011785870417952538,0.007130942307412624,0.37515828013420105,0.0016429167008027434,0.026047684252262115,0.0010052103316411376,0.0012212219880893826,0.0009093426633626223,0.0008291332051157951,0.018118122592568398,0.04347485676407814,0.001139512867666781,0.0013276871759444475,0.04903506487607956,0.0030113011598587036,0.009485810995101929,0.007411767728626728,0.001340737915597856,0.02890874817967415,0.0006229630671441555,0.01049818191677332,0.00043857915443368256,0.0003481268649920821,0.03347675874829292,0.007416225504130125,0.9591070413589478,0.37515828013420105,0.013949562795460224,0.011785870417952538,0.03997228667140007,0.19176757335662842,0.9516908158548176
trump1_c007,trump1,trump,en,2021-01-19,farewell_address,7,129,108,0.16126754879951477,0.022099671885371208,0.5460475087165833,0.06766645610332489,0.061280254274606705,0.04247336462140083,0.10427916049957275,0.2568761110305786,0.003059019334614277,0.0050947112031280994,0.004424786660820246,0.0017941242549568415,0.0015920388977974653,0.004095759242773056,0.002830872079357505,0.017919357866048813,0.003988282755017281,0.0031736602541059256,0.006011366378515959,0.007090309634804726,0.0027224556542932987,0.001949542318470776,0.0030100715812295675,0.005639693699777126,0.0030819675885140896,0.00255753705278039,0.0006638026679866016,0.0008825306431390345,0.4474782943725586,0.40059661865234375,0.15192508697509766,0.2568761110305786,0.5460475087165833,0.10427916049957275,0.06766645610332489,0.16126754879951477,-0.2486715316772461
trump1_c008,trump1,trump,en,2021-01-19,farewell_address,8,176,137,0.1001199260354042,0.005126447416841984,0.01364328246563673,0.06702031940221786,0.07074616849422455,0.010097014717757702,0.0044467877596616745,0.29664576053619385,0.003101201495155692,0.02561373822391033,0.002030643867328763,0.0026510870084166527,0.0017587017500773072,0.0006036547711119056,0.04911923035979271,0.027387676760554314,0.0012749375309795141,0.001813496695831418,0.043771352618932724,0.1252957284450531,0.006680245976895094,0.004128241911530495,0.001172519288957119,0.00673077255487442,0.0005376208573579788,0.08335285633802414,0.0015159164322540164,0.0006667926209047437,0.03183850646018982,0.0050322990864515305,0.9631292223930359,0.29664576053619385,0.01364328246563673,0.010097014717757702,0.1252957284450531,0.1001199260354042,0.9580969233065844
trump1_c009,trump1,trump,en,2021-01-19,farewell_address,9,144,119,0.4148877263069153,0.002796483226120472,0.006095826160162687,0.047321926802396774,0.1776411235332489,0.006885824725031853,0.0022687604650855064,0.08712149411439896,0.0015032064402475953,0.009944448247551918,0.0009986551012843847,0.004744891542941332,0.0018549426458775997,0.0004863317299168557,0.01155776809900999,0.06919078528881073,0.0012913818936794996,0.0008414408075623214,0.016375459730625153,0.025926737114787102,0.010590475983917713,0.003253997303545475,0.00062290218193084,0.0027770649176090956,0.0005709667457267642,0.054325707256793976,0.0011822038795799017,0.0008275158470496535,0.06110536679625511,0.003819402540102601,0.9350752830505371,0.1776411235332489,0.006095826160162687,0.006885824725031853,0.047321926802396774,0.4148877263069153,0.9312558805104345
trump1_c010,trump1,trump,en,2021-01-19,farewell_address,10,122,99,0.1941457986831665,0.2552849352359772,0.09856132417917252,0.10533874481916428,0.10549885034561157,0.01370859332382679,0.006067960988730192,0.06928203254938126,0.026958201080560684,0.06963606178760529,0.004018752835690975,0.026096127927303314,0.014413801021873951,0.0035288603976368904,0.048108361661434174,0.020347828045487404,0.002721888478845358,0.0026778012979775667,0.02921154536306858,0.011357247829437256,0.006516007706522942,0.013432431034743786,0.0020116185769438744,0.0064667705446481705,0.0007957594934850931,0.009204820729792118,0.0012698324862867594,0.0006018001004122198,0.42400696873664856,0.4018627107143402,0.17413027584552765,0.10549885034561157,0.2552849352359772,0.01370859332382679,0.10533874481916428,0.1941457986831665,-0.22773243486881256
trump1_c011,trump1,trump,en,2021-01-19,farewell_address,11,92,76,0.42939630150794983,0.001638274174183607,0.004003201145678759,0.041744668036699295,0.502683162689209,0.006392617244273424,0.0024171117693185806,0.03527706861495972,0.0007599529344588518,0.007543927524238825,0.000728404673282057,0.0012125775683671236,0.0007679116679355502,0.0006426101899705827,0.013920767232775688,0.041500333696603775,0.0012552645057439804,0.0011624547187238932,0.01164558157324791,0.0015068170614540577,0.009897148236632347,0.003078022738918662,0.002436982002109289,0.005824275780469179,0.0017506267176941037,0.010894376784563065,0.0008536864770576358,0.001064307987689972,0.2152673751115799,0.01346595399081707,0.7712666988372803,0.502683162689209,0.004003201145678759,0.006392617244273424,0.041744668036699295,0.42939630150794983,0.7578007448464632
trump1_c012,trump1,trump,en,2021-01-19,farewell_address,12,124,107,0.18314124643802643,0.0037676948122680187,0.005973145831376314,0.020228486508131027,0.270178884267807,0.014000493101775646,0.005831523332744837,0.32615944743156433,0.0026980452239513397,0.06166300177574158,0.0016674655489623547,0.002199791604653001,0.00242580845952034,0.001041073934175074,0.1619623303413391,0.03654327616095543,0.0015345759456977248,0.002989563625305891,0.18206322193145752,0.0016513608861714602,0.01730521023273468,0.027809910476207733,0.0013623086269944906,0.021202804520726204,0.000864662928506732,0.026519523933529854,0.0014789503766223788,0.0005108778714202344,0.057366758584976196,0.005018516909331083,0.9376146793365479,0.32615944743156433,0.005973145831376314,0.014000493101775646,0.020228486508131027,0.18314124643802643,0.9325961624272168
trump1_c013,trump1,trump,en,2021-01-19,farewell_address,13,94,84,0.23731352388858795,0.024378297850489616,0.3594558537006378,0.06924843043088913,0.06828755140304565,0.26744145154953003,0.0716523751616478,0.013382424600422382,0.0024699922651052475,0.006285239942371845,0.008337967097759247,0.0007402057526633143,0.0011408769059926271,0.005756852682679892,0.002569538075476885,0.01208600215613842,0.006740068085491657,0.016586611047387123,0.005244413390755653,0.0015271520242094994,0.004021444823592901,0.007139695342630148,0.0013336468255147338,0.006011425983160734,0.0009454974788241088,0.0009501509484834969,0.000412391236750409,0.000515457009896636,0.38917282223701477,0.08766897767782211,0.5231581926345825,0.06828755140304565,0.3594558537006378,0.26744145154953003,0.06924843043088913,0.23731352388858795,0.4354892149567604
trump1_c014,trump1,trump,en,2021-01-19,farewell_address,14,81,70,0.36817666888237,0.0016807687934488058,0.003827896434813738,0.08309950679540634,0.16826249659061432,0.005456204991787672,0.0014083310961723328,0.06170706823468208,0.0014106595190241933,0.013525046408176422,0.0019079853082075715,0.002487513003870845,0.0019501247443258762,0.0005138698033988476,0.0711955726146698,0.010293717496097088,0.0013246015878394246,0.0010281981667503715,0.030361782759428024,0.01509693544358015,0.006021663546562195,0.00148964358959347,0.0020118034444749355,0.005111709237098694,0.001334667787887156,0.11277201026678085,0.0020855930633842945,0.0011468596057966352,0.06272284686565399,0.0024025358725339174,0.9348746538162231,0.16826249659061432,0.003827896434813738,0.005456204991787672,0.08309950679540634,0.36817666888237,0.9324721179436892
trump1_c015,trump1,trump,en,2021-01-19,farewell_address,15,88,70,0.5589198470115662,0.00432687159627676,0.006515671499073505,0.05734381452202797,0.495071142911911,0.02201862260699272,0.0047412533313035965,0.04543231427669525,0.0016322495648637414,0.0066051725298166275,0.0019388094078749418,0.0038967416621744633,0.0011124515440315008,0.0006438503041863441,0.006731207016855478,0.009172395803034306,0.0038015968166291714,0.005615681409835815,0.016827842220664024,0.0011524265864863992,0.0035152160562574863,0.0057768551632761955,0.0019789603538811207,0.001218708697706461,0.0007444133516401052,0.0036561673041433096,0.0010312034282833338,0.0004675227391999215,0.4420648217201233,0.0904138833284378,0.4675213396549225,0.495071142911911,0.006515671499073505,0.02201862260699272,0.05734381452202797,0.5589198470115662,0.3771074563264847
trump1_c016,trump1,trump,en,2021-01-19,farewell_address,16,88,77,0.15392768383026123,0.006794094108045101,0.012596674263477325,0.07821957767009735,0.2153417319059372,0.01631235145032406,0.0063989353366196156,0.2725692391395569,0.006221598479896784,0.07335175573825836,0.009050542488694191,0.007633701432496309,0.006259302143007517,0.002557039726525545,0.12548573315143585,0.0292003583163023,0.0033697723411023617,0.005634163971990347,0.39220353960990906,0.009588467888534069,0.01297198049724102,0.012573352083563805,0.001848106738179922,0.016338158398866653,0.001562975812703371,0.05523369833827019,0.0019561948720365763,0.0005482531851157546,0.07352064549922943,0.00800454244017601,0.9184748530387878,0.39220353960990906,0.012596674263477325,0.01631235145032406,0.07821957767009735,0.15392768383026123,0.9104703105986118
trump1_c017,trump1,trump,en,2021-01-19,farewell_address,17,81,63,0.2506439685821533,0.0013420135946944356,0.0028975026216357946,0.024262918159365654,0.5275402069091797,0.006680123042315245,0.013907557353377342,0.19752371311187744,0.0007040274213068187,0.005284335929900408,0.0004091592854820192,0.0008496272494085133,0.0005563600570894778,0.001086644479073584,0.002397264586761594,0.10131242126226425,0.000766783719882369,0.0016474096337333322,0.013569850474596024,0.0007291328511200845,0.0196571983397007,0.060334496200084686,0.002344622043892741,0.021467411890625954,0.0014623627066612244,0.004212202504277229,0.00027918352861888707,0.0010016007581725717,0.23727039992809296,0.01075044646859169,0.7519791722297668,0.5275402069091797,0.0028975026216357946,0.013907557353377342,0.024262918159365654,0.2506439685821533,0.7412287257611752
trump1_c018,trump1,trump,en,2021-01-19,farewell_address,18,92,77,0.27689850330352783,0.004482361488044262,0.01133953407406807,0.03838645666837692,0.4670691192150116,0.027578217908740044,0.0980171337723732,0.03903403505682945,0.001081856433302164,0.006273492239415646,0.0009041611338034272,0.0013204815331846476,0.0012836001114919782,0.0020817103795707226,0.001611275365576148,0.05010146647691727,0.001663616974838078,0.004597836174070835,0.006129929330199957,0.0004727128834929317,0.03376970812678337,0.10129035264253616,0.0022818248253315687,0.008566555567085743,0.001535183284431696,0.00164480647072196,0.00030126850469969213,0.0008524927543476224,0.5449475049972534,0.19219399988651276,0.262858510017395,0.4670691192150116,0.01133953407406807,0.0980171337723732,0.03838645666837692,0.27689850330352783,0.07066451013088226
trump1_c019,trump1,trump,en,2021-01-19,farewell_address,19,118,101,0.07900924980640411,0.001538541167974472,0.002904151799157262,0.011034876108169556,0.3409251570701599,0.0057380408979952335,0.009106697514653206,0.23511099815368652,0.0010397318983450532,0.00399588979780674,0.0004312584351282567,0.00155788310803473,0.0006273181061260402,0.002548793563619256,0.004692330956459045,0.6752490997314453,0.0011800286592915654,0.0030855925288051367,0.012185371480882168,0.0014309168327599764,0.10598750412464142,0.16040368378162384,0.0181466992944479,0.034223735332489014,0.0016169869340956211,0.006110768299549818,0.0005983094451949,0.0020252536050975323,0.09600143134593964,0.008138798177242279,0.8958597779273987,0.6752490997314453,0.002904151799157262,0.009106697514653206,0.10598750412464142,0.07900924980640411,0.8877209797501564
trump1_c020,trump1,trump,en,2021-01-19,farewell_address,20,87,76,0.06998708099126816,0.0024674420710653067,0.005845577921718359,0.013623218983411789,0.1840648502111435,0.010239188559353352,0.0073052081279456615,0.8924791812896729,0.0012290757149457932,0.005327639635652304,0.0006166759412735701,0.00110952730756253,0.0005696450243704021,0.0006803672877140343,0.008807815611362457,0.04705012962222099,0.001282570417970419,0.0022132580634206533,0.03414253517985344,0.0018171273404732347,0.02814534865319729,0.012483760714530945,0.0015962489414960146,0.021174630150198936,0.0010035712039098144,0.01128082349896431,0.0007356468122452497,0.001401450950652361,0.052638571709394455,0.005425562616437674,0.9419358968734741,0.8924791812896729,0.005845577921718359,0.010239188559353352,0.02814534865319729,0.06998708099126816,0.9365103342570364
trump1_c021,trump1,trump,en,2021-01-19,farewell_address,21,101,90,0.09484102576971054,0.13663820922374725,0.44306573271751404,0.050778694450855255,0.04388788342475891,0.02659185603260994,0.03013782575726509,0.030645249411463737,0.006103960797190666,0.006787009537220001,0.004044762346893549,0.04459226503968239,0.028555089607834816,0.004215545952320099,0.0038628093898296356,0.03447303548455238,0.0026474217884242535,0.003884513396769762,0.003910545259714127,0.002588503761216998,0.0047696735709905624,0.01114923320710659,0.0026719183661043644,0.0014911850448697805,0.0027525052428245544,0.0023395479656755924,0.0006331045879051089,0.0008843471296131611,0.33464181423187256,0.6189989447593689,0.046359311789274216,0.04388788342475891,0.44306573271751404,0.03013782575726509,0.050778694450855255,0.09484102576971054,-0.5726396329700947
trump1_c022,trump1,trump,en,2021-01-19,farewell_address,22,89,76,0.2011173963546753,0.003713028971105814,0.014335176907479763,0.048939984291791916,0.430987149477005,0.011205719783902168,0.05623392388224602,0.3071292042732239,0.0013263324508443475,0.006094638258218765,0.0008066553273238242,0.0017110498156398535,0.0007773934048600495,0.0014747881796211004,0.0018539043376222253,0.18738986551761627,0.0010337756248191,0.0019145036349073052,0.015420481562614441,0.0014664654154330492,0.012514171190559864,0.034675758332014084,0.0016099726781249046,0.013994491659104824,0.0022651355247944593,0.0027965086046606302,0.00033827501465566456,0.0010120903607457876,0.21475297212600708,0.02560127153992653,0.7596457004547119,0.430987149477005,0.014335176907479763,0.05623392388224602,0.048939984291791916,0.2011173963546753,0.7340444289147854
trump1_c023,trump1,trump,en,2021-01-19,farewell_address,23,173,146,0.37740305066108704,0.0026364168152213097,0.024896837770938873,0.03327186405658722,0.08089008182287216,0.07853053510189056,0.6465002298355103,0.004480087198317051,0.0004270851204637438,0.0012593679130077362,0.0012916531413793564,0.0007713979575783014,0.0004862192436121404,0.0006456123664975166,0.0009655751055106521,0.00673691276460886,0.002790800528600812,0.008455168455839157,0.000804132258053869,0.0012244514655321836,0.002670763526111841,0.003991864621639252,0.0007649748586118221,0.0013699124101549387,0.0038737475406378508,0.0008850315934978426,0.0006096322904340923,0.0008117742254398763,0.5207250714302063,0.06337279826402664,0.41590210795402527,0.08089008182287216,0.024896837770938873,0.6465002298355103,0.03327186405658722,0.37740305066108704,0.3525293096899986
trump1_c024,trump1,trump,en,2021-01-19,farewell_address,24,84,71,0.1343238204717636,0.0034723267890512943,0.005302392411977053,0.0230662003159523,0.22285126149654388,0.00711737759411335,0.006602741777896881,0.8443012237548828,0.001580504234880209,0.004612776450812817,0.0008020495879463851,0.0013233815552666783,0.0004876650928054005,0.0011570343049243093,0.005060894414782524,0.02437993511557579,0.0011526786256581545,0.0030344000551849604,0.03780165687203407,0.0024543004110455513,0.0056139319203794,0.02442385070025921,0.010496167466044426,0.013195089995861053,0.0008807790582068264,0.007492734119296074,0.00040482732583768666,0.0008232868858613074,0.09443194419145584,0.008463555946946144,0.8971045017242432,0.8443012237548828,0.005302392411977053,0.00711737759411335,0.0230662003159523,0.1343238204717636,0.888640945777297
trump1_c025,trump1,trump,en,2021-01-19,farewell_address,25,99,89,0.3641098141670227,0.0064780088141560555,0.004037939943373203,0.018825575709342957,0.23082563281059265,0.0033797461073845625,0.0024736961349844933,0.22276154160499573,0.002597117330878973,0.010614336468279362,0.000771326245740056,0.0015354581410065293,0.0011407530400902033,0.0022664282005280256,0.028980642557144165,0.013526923023164272,0.000898574769962579,0.0014025918208062649,0.022221941500902176,0.001241719932295382,0.009452707134187222,0.081593818962574,0.13554975390434265,0.008607988245785236,0.0006874877726659179,0.011326796375215054,0.00046038030995987356,0.000627365312539041,0.09964419901371002,0.007019898854196072,0.8933358788490295,0.23082563281059265,0.0064780088141560555,0.0033797461073845625,0.018825575709342957,0.3641098141670227,0.8863159799948335
trump1_c026,trump1,trump,en,2021-01-19,farewell_address,26,170,149,0.1638873666524887,0.002635905286297202,0.004594836384057999,0.017247764393687248,0.3393424451351166,0.008103429339826107,0.009563088417053223,0.6437051296234131,0.001504212967120111,0.007589374203234911,0.0005655731656588614,0.0016252052737399936,0.0007572427857667208,0.0011486690491437912,0.006329999305307865,0.1579468846321106,0.0010740627767518163,0.0022839687298983335,0.05060556158423424,0.001305977231822908,0.04562545195221901,0.05280724912881851,0.003139764303341508,0.0211002416908741,0.0009611157584004104,0.00987202674150467,0.0004600076354108751,0.0010112687014043331,0.03871706873178482,0.004808804485946894,0.9564741253852844,0.6437051296234131,0.004594836384057999,0.009563088417053223,0.04562545195221901,0.1638873666524887,0.9516653208993375
trump1_c027,trump1,trump,en,2021-01-19,farewell_address,27,123,109,0.13910813629627228,0.0015036071417853236,0.002795333508402109,0.010289025492966175,0.35767805576324463,0.003494608448818326,0.009573549032211304,0.19197948276996613,0.0007693750667385757,0.003516019321978092,0.00028052477864548564,0.0011647819774225354,0.0006369107868522406,0.0013747757766395807,0.004619739484041929,0.44217416644096375,0.0006909252842888236,0.0013565768022090197,0.007965871132910252,0.0009634197922423482,0.0858195498585701,0.17197975516319275,0.03595847636461258,0.013074832037091255,0.0014473769115284085,0.008607901632785797,0.00037456018617376685,0.002420443808659911,0.17461130023002625,0.010640695691108704,0.8147479891777039,0.44217416644096375,0.002795333508402109,0.009573549032211304,0.0858195498585701,0.13910813629627228,0.8041072934865952
trump2_c000,trump2,trump,en,,composite_excerpts,0,99,80,0.019209351390600204,0.0015745043056085706,0.0017245772760361433,0.006570016499608755,0.11485128104686737,0.004732533358037472,0.009389486163854599,0.5594544410705566,0.0008652893593534827,0.0039652613922953606,0.0003243613173253834,0.0014471380272880197,0.0004089494759682566,0.0011112552601844072,0.0043679880909621716,0.23821191489696503,0.001079560606740415,0.0015938932774588466,0.00851783249527216,0.001538789481855929,0.020637203007936478,0.03431468829512596,0.0020049556624144316,0.7999839782714844,0.0017845622496679425,0.008458871394395828,0.0008620038279332221,0.0020273688714951277,0.10279972106218338,0.02613086998462677,0.8710693717002869,0.7999839782714844,0.0017245772760361433,0.009389486163854599,0.020637203007936478,0.019209351390600204,0.8449385017156601
trump2_c001,trump2,trump,en,,composite_excerpts,1,104,82,0.12728017568588257,0.0037563322111964226,0.0071593099273741245,0.03938666358590126,0.17493370175361633,0.010754103772342205,0.004548165947198868,0.03503187373280525,0.0016491595888510346,0.035561755299568176,0.001214244170114398,0.0019034078577533364,0.002962894970551133,0.0006029187934473157,0.28822022676467896,0.06437895447015762,0.0011580041609704494,0.0015896910335868597,0.03077695332467556,0.009603939019143581,0.025302734225988388,0.006032210309058428,0.0032347652595490217,0.006747811567038298,0.0008908605668693781,0.2251628041267395,0.0026063392870128155,0.000815226580016315,0.2094281166791916,0.03761548548936844,0.7529564499855042,0.28822022676467896,0.0071593099273741245,0.010754103772342205,0.03938666358590126,0.12728017568588257,0.7153409644961357
trump3_c000,trump3,trump,en,2017-01-20,inaugural_address,0,115,101,0.0158874299377203,0.0015153635758906603,0.0014925877330824733,0.006433834321796894,0.0691642239689827,0.002690250286832452,0.004644322674721479,0.4366506338119507,0.0007501427317038178,0.0036505991593003273,0.00032009620917961,0.0010248413309454918,0.0003085703938268125,0.0013732872903347015,0.004844767972826958,0.12053142488002777,0.0008284891955554485,0.0008676460711285472,0.005503218621015549,0.0016646870644763112,0.007333483546972275,0.02122080884873867,0.001987266354262829,0.9282619953155518,0.0015871336217969656,0.007278933189809322,0.0008377358317375183,0.0017225909978151321,0.07329927384853363,0.0062116277404129505,0.9204891324043274,0.9282619953155518,0.0015153635758906603,0.004644322674721479,0.007333483546972275,0.0158874299377203,0.9142775046639144
trump3_c001,trump3,trump,en,2017-01-20,inaugural_address,1,107,86,0.4603148400783539,0.07092546671628952,0.24360448122024536,0.10371759533882141,0.051774173974990845,0.04977927729487419,0.022674333304166794,0.005153214558959007,0.0029139083344489336,0.005703676026314497,0.003560740500688553,0.0007084999815560877,0.0015083798207342625,0.003112379927188158,0.0038478593342006207,0.0044044326059520245,0.0021592467091977596,0.0031641873065382242,0.0022808872163295746,0.0015312224859371781,0.0033141309395432472,0.0033409215975552797,0.0012150719994679093,0.002027923706918955,0.001120658009313047,0.0010523258242756128,0.00044746213825419545,0.000641253252979368,0.39285194873809814,0.011277665384113789,0.5958703756332397,0.051774173974990845,0.24360448122024536,0.04977927729487419,0.10371759533882141,0.4603148400783539,0.584592710249126
trump3_c002,trump3,trump,en,2017-01-20,inaugural_address,2,90,77,0.5766478180885315,0.008440928533673286,0.062465909868478775,0.04155642166733742,0.06403504312038422,0.06697879731655121,0.2481013387441635,0.005420999135822058,0.0009773406200110912,0.004299867898225784,0.0014953854260966182,0.00046471934183500707,0.000667550484649837,0.0011429018341004848,0.00392246013507247,0.005993002559989691,0.0014169241767376661,0.00475716358050704,0.002387783955782652,0.0011596643598750234,0.0027809657622128725,0.0067634377628564835,0.0011275692377239466,0.002571202116087079,0.0010322458110749722,0.0014496434014290571,0.0005140515277162194,0.0004349676601123065,0.24002259969711304,0.7289226055145264,0.031054800376296043,0.06403504312038422,0.062465909868478775,0.2481013387441635,0.04155642166733742,0.5766478180885315,-0.6978678051382303
trump3_c003,trump3,trump,en,2017-01-20,inaugural_address,3,93,74,0.3075256943702698,0.003674594685435295,0.005685192532837391,0.039906393736600876,0.035912565886974335,0.017372921109199524,0.004098823759704828,0.031006930395960808,0.0021505800541490316,0.015292970463633537,0.001497673336416483,0.001641284441575408,0.001318455091677606,0.0004507336998358369,0.10051000118255615,0.011769071221351624,0.0009853357914835215,0.003431728109717369,0.021790413185954094,0.013967413455247879,0.00993591733276844,0.00575904780998826,0.0015799917746335268,0.012280873022973537,0.000836237333714962,0.12752604484558105,0.000745796540286392,0.0008638604776933789,0.15513333678245544,0.006035123951733112,0.8388315439224243,0.12752604484558105,0.005685192532837391,0.017372921109199524,0.039906393736600876,0.3075256943702698,0.8327964199706912
trump3_c004,trump3,trump,en,2017-01-20,inaugural_address,4,163,146,0.1788421869277954,0.21688134968280792,0.5086659789085388,0.03651836887001991,0.0415913388133049,0.09311212599277496,0.053416259586811066,0.0063471561297774315,0.004355681594461203,0.001764200977049768,0.00239634420722723,0.002545979106798768,0.003275050548836589,0.0033018430694937706,0.0013095071772113442,0.011774835176765919,0.008175268769264221,0.011305095627903938,0.0010525104589760303,0.0013056714087724686,0.02001728117465973,0.004355526063591242,0.0032960516400635242,0.0006049840594641864,0.002495888154953718,0.000923027575481683,0.00035346992081031203,0.0017598915146663785,0.36958619952201843,0.04234197735786438,0.588071882724762,0.0415913388133049,0.5086659789085388,0.09311212599277496,0.03651836887001991,0.1788421869277954,0.5457299053668976
trump3_c005,trump3,trump,en,2017-01-20,inaugural_address,5,136,114,0.2932191789150238,0.3773450553417206,0.15576812624931335,0.03671184927225113,0.09148535877466202,0.02644248493015766,0.017758069559931755,0.0220278762280941,0.011469321325421333,0.005494767799973488,0.0018228638218715787,0.0027155678253620863,0.0026906521525233984,0.006081847473978996,0.0029696247074753046,0.011194734834134579,0.0037605534307658672,0.006643727421760559,0.003881022334098816,0.000622340536210686,0.014545172452926636,0.024635225534439087,0.0051493532955646515,0.0024997114669531584,0.0006679212092421949,0.0009541657054796815,0.00035826172097586095,0.000557196734007448,0.3129292130470276,0.5873138308525085,0.09975698590278625,0.09148535877466202,0.3773450553417206,0.02644248493015766,0.03671184927225113,0.2932191789150238,-0.4875568449497223
trump3_c006,trump3,trump,en,2017-01-20,inaugural_address,6,91,79,0.40601933002471924,0.42502936720848083,0.2349386066198349,0.060710445046424866,0.01912653259932995,0.03954972326755524,0.01118696853518486,0.0030482509173452854,0.008903020061552525,0.0024979787413030863,0.0036792694590985775,0.0025712959468364716,0.002655475866049528,0.00518816988915205,0.00231338432058692,0.0033472529612481594,0.003564561018720269,0.0057910834439098835,0.0008788849227130413,0.0015748004661872983,0.002711270935833454,0.0023352615535259247,0.001202037325128913,0.0010639820247888565,0.001210473128594458,0.0005765557289123535,0.0009037054842337966,0.0008924455032683909,0.23891989886760712,0.736824095249176,0.02425600029528141,0.01912653259932995,0.42502936720848083,0.03954972326755524,0.060710445046424866,0.40601933002471924,-0.7125680949538946
trump3_c007,trump3,trump,en,2017-01-20,inaugural_address,7,83,70,0.5178106427192688,0.0006024448084644973,0.0018360897665843368,0.023475326597690582,0.39221271872520447,0.007498495280742645,0.004915466066449881,0.01677602529525757,0.00027352836332283914,0.0017389965942129493,0.0002173118118662387,0.0006130379624664783,0.0003241433878429234,0.0003488316433504224,0.002287908922880888,0.09381843358278275,0.0008060916443355381,0.0013858474558219314,0.0023859129287302494,0.0005688837845809758,0.026393527165055275,0.010646713897585869,0.0014639191795140505,0.002392150927335024,0.0011691160034388304,0.0045466856099665165,0.0005236421129666269,0.00098567851819098,0.6124507188796997,0.011828231625258923,0.3757209777832031,0.39221271872520447,0.0018360897665843368,0.007498495280742645,0.026393527165055275,0.5178106427192688,0.3638927461579442
trump3_c008,trump3,trump,en,2017-01-20,inaugural_address,8,96,82,0.18995308876037598,0.0029497239738702774,0.003970515914261341,0.009935908019542694,0.3285517394542694,0.013748843222856522,0.016361840069293976,0.09330493211746216,0.0012440923601388931,0.00324941030703485,0.0004204405122436583,0.003413150319829583,0.0012652416480705142,0.001256910152733326,0.002234643092378974,0.32238006591796875,0.0013408432714641094,0.006611802149564028,0.007727373391389847,0.0006771813496015966,0.06871993094682693,0.3119731545448303,0.006994264665991068,0.004641824401915073,0.001219573779962957,0.0052406988106667995,0.00037877782597206533,0.0020061256363987923,0.3734782338142395,0.11030280590057373,0.516218900680542,0.3285517394542694,0.003970515914261341,0.016361840069293976,0.06871993094682693,0.18995308876037598,0.40591609477996826
trump3_c009,trump3,trump,en,2017-01-20,inaugural_address,9,92,85,0.2671141028404236,0.000873396813403815,0.002158117014914751,0.011813838966190815,0.4617807865142822,0.0049678850919008255,0.0048895287327468395,0.1913629174232483,0.0004695369570981711,0.0031461184844374657,0.00023430153669323772,0.0006747070583514869,0.00035350967664271593,0.0005675533902831376,0.004610839299857616,0.17561155557632446,0.0008477111696265638,0.0012071765959262848,0.007926725782454014,0.0007615228532813489,0.06352634727954865,0.03157773241400719,0.003946936223655939,0.005466897040605545,0.0008784240344539285,0.00808266643434763,0.00048711852286942303,0.0014652188401669264,0.2006794512271881,0.009727963246405125,0.7895925641059875,0.4617807865142822,0.002158117014914751,0.0049678850919008255,0.06352634727954865,0.2671141028404236,0.7798646008595824
trump3_c010,trump3,trump,en,2017-01-20,inaugural_address,10,99,89,0.2715083360671997,0.0010384806664660573,0.0019185901619493961,0.015352186746895313,0.541731595993042,0.007410818245261908,0.00831938162446022,0.10216707736253738,0.0005853117327205837,0.003527589375153184,0.0003638775087893009,0.001536342198960483,0.0005122796283103526,0.0006910082302056253,0.002795770764350891,0.20356543362140656,0.0008838442736305296,0.0023717114236205816,0.00908144935965538,0.0007081051007844508,0.024211857467889786,0.06516537815332413,0.002780841663479805,0.005504476372152567,0.0009725457639433444,0.005898174364119768,0.0004144873528275639,0.00097661092877388,0.4173543155193329,0.016684746369719505,0.5659609436988831,0.541731595993042,0.0019185901619493961,0.00831938162446022,0.024211857467889786,0.2715083360671997,0.5492761973291636
trump3_c011,trump3,trump,en,2017-01-20,inaugural_address,11,106,91,0.22706006467342377,0.0015859183622524142,0.0015870693605393171,0.012186049483716488,0.40859225392341614,0.00515394564718008,0.006621139124035835,0.10001634806394577,0.0008897569496184587,0.005624882876873016,0.0003832159854937345,0.0031446563079953194,0.0011041320394724607,0.0010119909420609474,0.0026325315702706575,0.14331994950771332,0.0006939403247088194,0.0020245718769729137,0.006451420485973358,0.0008291308186016977,0.006555979605764151,0.3035062849521637,0.004511818289756775,0.007549927569925785,0.0011622720630839467,0.003903899807482958,0.0004954023170284927,0.0010013941209763288,0.11736010760068893,0.013370441272854805,0.8692694902420044,0.40859225392341614,0.0031446563079953194,0.006621139124035835,0.012186049483716488,0.22706006467342377,0.8558990489691496
trump3_c012,trump3,trump,en,2017-01-20,inaugural_address,12,80,71,0.5567358732223511,0.0012474338291212916,0.009217845275998116,0.06503424793481827,0.21857108175754547,0.06086380407214165,0.050771065056324005,0.0032124246936291456,0.00033729785354807973,0.0028942544013261795,0.0007729962235316634,0.0006127472734078765,0.0005347845726646483,0.0003405364404898137,0.00294065591879189,0.02953936532139778,0.0011656209826469421,0.0040848134085536,0.001797850476577878,0.0011731701670214534,0.0058387648314237595,0.00563943712040782,0.00041225619497708976,0.0007645750301890075,0.0010437504388391972,0.0033681506756693125,0.0010393847478553653,0.0005375873297452927,0.4032072424888611,0.0481184683740139,0.5486742258071899,0.21857108175754547,0.009217845275998116,0.06086380407214165,0.06503424793481827,0.5567358732223511,0.500555757433176
trump3_c013,trump3,trump,en,2017-01-20,inaugural_address,13,86,73,0.21111395955085754,0.0028908741660416126,0.005187384318560362,0.027168789878487587,0.2694156765937805,0.011406084522604942,0.006875570397824049,0.2663474380970001,0.0025427406653761864,0.018411895260214806,0.0016155142802745104,0.003916164394468069,0.002070693764835596,0.0021427117753773928,0.01672106422483921,0.3354480266571045,0.001497124321758747,0.0035327556543052197,0.1140306368470192,0.003655161941424012,0.07866949588060379,0.06527245044708252,0.0015497833956032991,0.015896249562501907,0.0009288510773330927,0.043195128440856934,0.0007150034070946276,0.000895768404006958,0.051493700593709946,0.0057211280800402164,0.9427851438522339,0.3354480266571045,0.005187384318560362,0.011406084522604942,0.07866949588060379,0.21111395955085754,0.9370640157721937
trump3_c014,trump3,trump,en,2017-01-20,inaugural_address,14,108,94,0.28227925300598145,0.00140391883905977,0.002405118430033326,0.05254001542925835,0.345051109790802,0.00633702939376235,0.003461993532255292,0.4264885187149048,0.0013619018718600273,0.016070345416665077,0.0007787376525811851,0.0011097954120486975,0.0007755387923680246,0.000699959637131542,0.028406891971826553,0.027086345478892326,0.0006937882862985134,0.0015002797590568662,0.06324444711208344,0.0026007266715168953,0.005031454376876354,0.014929909259080887,0.00217928783968091,0.016492530703544617,0.0010394853306934237,0.017353598028421402,0.000710433698259294,0.0006937634316273034,0.16061976552009583,0.00956447422504425,0.8298158049583435,0.4264885187149048,0.002405118430033326,0.00633702939376235,0.05254001542925835,0.28227925300598145,0.8202513307332993
trump3_c015,trump3,trump,en,2017-01-20,inaugural_address,15,110,91,0.11882857233285904,0.002144190715625882,0.002432482549920678,0.009602970443665981,0.35013332962989807,0.006553660146892071,0.007403900381177664,0.5146387815475464,0.001248984131962061,0.005281457211822271,0.00046354421647265553,0.0017631070222705603,0.0008253318956121802,0.001604236662387848,0.006238887552171946,0.17549960315227509,0.0010441869962960482,0.004076916258782148,0.023922814056277275,0.0010423243511468172,0.03828144818544388,0.25819066166877747,0.05208873748779297,0.015705043449997902,0.0009078251314349473,0.010075042024254799,0.0004230176564306021,0.001254485221579671,0.2582387328147888,0.025587085634469986,0.7161741256713867,0.5146387815475464,0.002432482549920678,0.007403900381177664,0.03828144818544388,0.11882857233285904,0.6905870400369167
