chunk_id,speech_id,leader,language,speech_date,speech_type,chunk_index,token_count,word_count,emo_admiration,emo_gratitude,emo_neutral,emo_approval,emo_realization,emo_pride,emo_excitement,emo_joy,emo_optimism,emo_relief,emo_surprise,emo_annoyance,emo_caring,emo_disappointment,emo_disapproval,emo_desire,emo_sadness,emo_embarrassment,emo_love,emo_fear,emo_grief,emo_confusion,emo_disgust,emo_anger,emo_remorse,emo_amusement,emo_nervousness,emo_curiosity,sent_positive,sent_neutral,sent_negative,fam_affiliative_positive,fam_threat_negative,fam_hostility,fam_cognitive_other,fam_neutral,valence
erdogan1_c000,erdogan1,erdogan,en,,symposium_speech,0,80,70,0.26247623562812805,0.24697142839431763,0.17378932237625122,0.0796300545334816,0.06008206680417061,0.03243975341320038,0.020156236365437508,0.0166721660643816,0.010856556706130505,0.010634996928274632,0.005270455498248339,0.0050997985526919365,0.0032996577210724354,0.0030952885281294584,0.0026343748904764652,0.001917386893182993,0.0015883126761764288,0.0011439245427027345,0.0010789535008370876,0.0010550145525485277,0.001009735045954585,0.00097663514316082,0.000938803656026721,0.000777374894823879,0.0007771715754643083,0.0007258162368088961,0.0005974216037429869,0.0004211649938952178,0.9206234812736511,0.07547181099653244,0.003904668614268303,0.26247623562812805,0.0030952885281294584,0.0050997985526919365,0.06008206680417061,0.17378932237625122,0.9167188126593828
erdogan1_c001,erdogan1,erdogan,en,,symposium_speech,1,118,97,0.009343846701085567,0.0014133723452687263,0.3857191503047943,0.04141702502965927,0.07541736215353012,0.002301283646374941,0.0009774412028491497,0.003946962766349316,0.00425922404974699,0.00568371033295989,0.0013002501800656319,0.02719806134700775,0.003452842589467764,0.27737507224082947,0.0092792809009552,0.0031145894899964333,0.3539877235889435,0.003630236955359578,0.001553180394694209,0.002639177953824401,0.008220462128520012,0.001048191566951573,0.0027726986445486546,0.0026831121649593115,0.0046155075542628765,0.0006754571804776788,0.0037844455800950527,0.0007535750628449023,0.07345767319202423,0.5275838375091553,0.3989585041999817,0.04141702502965927,0.3539877235889435,0.02719806134700775,0.07541736215353012,0.3857191503047943,-0.32550083100795746
erdogan1_c002,erdogan1,erdogan,en,,symposium_speech,2,139,118,0.004912741016596556,0.000684117607306689,0.4926788806915283,0.16092392802238464,0.08002309501171112,0.001477184472605586,0.001897258567623794,0.0018485800828784704,0.06637150794267654,0.0031277078669518232,0.0007410707185044885,0.014047298580408096,0.0043662069365382195,0.047124169766902924,0.010051182471215725,0.09647710621356964,0.00875077210366726,0.001009964500553906,0.0014007844729349017,0.0026879359502345324,0.0007984578842297196,0.0020886939018964767,0.0018970047822222114,0.000874553807079792,0.0012115712743252516,0.000603733875323087,0.003047277219593525,0.001008920487947762,0.027268147096037865,0.5550469160079956,0.417684942483902,0.16092392802238464,0.047124169766902924,0.014047298580408096,0.09647710621356964,0.4926788806915283,-0.3904167953878641
erdogan1_c003,erdogan1,erdogan,en,,symposium_speech,3,152,128,0.009027737192809582,0.0009624729282222688,0.6553857922554016,0.29173901677131653,0.16317905485630035,0.0010762290330603719,0.0019072853028774261,0.0013209822354838252,0.012254254892468452,0.0015833547804504633,0.0050982143729925156,0.009115476161241531,0.0010077774059027433,0.006099064834415913,0.01860843040049076,0.0013675765367224813,0.0008312941063195467,0.0005959643167443573,0.0006095038843341172,0.0006828021723777056,0.0003218428755644709,0.006436357740312815,0.0008976489771157503,0.0007709658821113408,0.00032586767338216305,0.0005571446381509304,0.0005398665089160204,0.0016657733358442783,0.36356663703918457,0.6038707494735718,0.032562609761953354,0.29173901677131653,0.006099064834415913,0.01860843040049076,0.16317905485630035,0.6553857922554016,0.3310040272772312
erdogan1_c004,erdogan1,erdogan,en,,symposium_speech,4,96,88,0.19169403612613678,0.009918365627527237,0.25394484400749207,0.4694751799106598,0.02401970513164997,0.01006238255649805,0.006065735127776861,0.003104619449004531,0.1882096827030182,0.00341878947801888,0.0013561300002038479,0.004733852110803127,0.010435126721858978,0.003876011585816741,0.0076258741319179535,0.032862331718206406,0.0010222942801192403,0.0003170281706843525,0.0013859655009582639,0.0008038901723921299,0.0005211306270211935,0.0014686048962175846,0.0007577885407954454,0.0007635294459760189,0.0005873159971088171,0.00042287237010896206,0.0004211788473185152,0.0013113624881953,0.5364086627960205,0.43648773431777954,0.027103586122393608,0.4694751799106598,0.003876011585816741,0.0076258741319179535,0.032862331718206406,0.25394484400749207,0.5093050766736269
erdogan1_c005,erdogan1,erdogan,en,,symposium_speech,5,96,78,0.014581159688532352,0.0009541739127598703,0.22624331712722778,0.27903491258621216,0.022916004061698914,0.0008319399203173816,0.016293013468384743,0.003356669330969453,0.23675225675106049,0.0015311402967199683,0.008974955417215824,0.0033953599631786346,0.01579418033361435,0.0034939392935484648,0.00469232676550746,0.017431912943720818,0.0016392581164836884,0.0003311589825898409,0.003084219992160797,0.002800270449370146,0.0005382746458053589,0.06957799196243286,0.0006018531857989728,0.0011664478806778789,0.0007853755378164351,0.0006194087909534574,0.0020016911439597607,0.32430946826934814,0.02901836484670639,0.6910688281059265,0.27991288900375366,0.27903491258621216,0.0034939392935484648,0.00469232676550746,0.32430946826934814,0.22624331712722778,-0.25089452415704727
erdogan1_c006,erdogan1,erdogan,en,,symposium_speech,6,106,88,0.002278601750731468,0.0007236123783513904,0.7767577171325684,0.28324100375175476,0.03333635628223419,0.0004016091115772724,0.0013860281324014068,0.0009589562541805208,0.0286110807210207,0.0006775156944058836,0.0006264481926336884,0.006708201952278614,0.0016972172306850553,0.002732115099206567,0.011790435761213303,0.0032118887174874544,0.0006100944010540843,0.0002644639171194285,0.0008682113257236779,0.00043600841308943927,0.00016817405412439257,0.007520266342908144,0.0007330315420404077,0.0008561122813262045,0.0002761012874543667,0.0006115760770626366,0.0002977131516672671,0.0023575634695589542,0.015475284308195114,0.4019147455692291,0.5826099514961243,0.28324100375175476,0.002732115099206567,0.011790435761213303,0.03333635628223419,0.7767577171325684,-0.5671346671879292
erdogan1_c007,erdogan1,erdogan,en,,symposium_speech,7,84,74,0.0034307336900383234,0.0005241090548224747,0.6875748038291931,0.18767616152763367,0.022584622725844383,0.00019348639762029052,0.0017505234573036432,0.0007341063464991748,0.011393589898943901,0.00040261211688630283,0.002380714751780033,0.005472424905747175,0.002104224869981408,0.0015520857414230704,0.004006688017398119,0.0016098206397145987,0.0007544463151134551,0.00024590722750872374,0.0012149683898314834,0.0006859438726678491,0.0002142518642358482,0.062305595725774765,0.0006516248686239123,0.0010484593221917748,0.0002857913787011057,0.0005213375552557409,0.00036269656266085804,0.0890834853053093,0.33753255009651184,0.6478431224822998,0.014624271541833878,0.18767616152763367,0.0015520857414230704,0.005472424905747175,0.0890834853053093,0.6875748038291931,0.32290827855467796
erdogan1_c008,erdogan1,erdogan,en,,symposium_speech,8,84,68,0.002162117278203368,0.0004277786356396973,0.5879630446434021,0.0907910093665123,0.015263320878148079,0.00014363355876412243,0.001323000411503017,0.0005714420694857836,0.016295023262500763,0.00031981070060282946,0.002724613295868039,0.008522799238562584,0.003913212101906538,0.0019798665307462215,0.006677484139800072,0.002209704602137208,0.0010567200370132923,0.0003568186948541552,0.001236012321896851,0.001060003531165421,0.0002569988137111068,0.13335715234279633,0.0008272967534139752,0.0018587345257401466,0.00041775082354433835,0.0004725719045381993,0.0004777666472364217,0.25738075375556946,0.07174529135227203,0.881662905216217,0.04659183695912361,0.0907910093665123,0.0019798665307462215,0.008522799238562584,0.25738075375556946,0.5879630446434021,0.025153454393148422
erdogan1_c009,erdogan1,erdogan,en,,symposium_speech,9,109,95,0.005087781231850386,0.001371959806419909,0.7527686357498169,0.3002745807170868,0.05377375707030296,0.0008691632538102567,0.0012590567348524928,0.0014004368567839265,0.02910429611802101,0.0015383081045001745,0.0005547759355977178,0.0041672708466649055,0.004401514772325754,0.0020070259924978018,0.0030347679276019335,0.0029449849389493465,0.0009187540854327381,0.0002967790642287582,0.0011351731372997165,0.0008893725462257862,0.0002746677491813898,0.0031856014393270016,0.0007709889905527234,0.0007637987728230655,0.0004788374062627554,0.0005316520109772682,0.000507703865878284,0.0010636152001097798,0.19220492243766785,0.7958049774169922,0.011990104801952839,0.3002745807170868,0.0020070259924978018,0.0041672708466649055,0.05377375707030296,0.7527686357498169,0.180214817635715
erdogan2022_c000,erdogan2022,erdogan,en,2022-12-31,new_year_message,0,87,71,0.015877576544880867,0.06059042736887932,0.23742206394672394,0.05193264037370682,0.028128985315561295,0.018617724999785423,0.29158279299736023,0.18325386941432953,0.018588481470942497,0.01989820972084999,0.00931639689952135,0.004374988377094269,0.028757449239492416,0.0022626775316894054,0.0012754877097904682,0.017993008717894554,0.006389231886714697,0.0015618919860571623,0.02060287445783615,0.004304175265133381,0.003353720996528864,0.0009125793003477156,0.0012177930912002921,0.0017783703515306115,0.0018855284433811903,0.0013081582728773355,0.0033319739159196615,0.0010320796864107251,0.9408612847328186,0.05643488094210625,0.002703861566260457,0.29158279299736023,0.006389231886714697,0.004374988377094269,0.028128985315561295,0.23742206394672394,0.9381574231665581
erdogan2022_c001,erdogan2022,erdogan,en,2022-12-31,new_year_message,1,111,91,0.03304141014814377,0.09779655188322067,0.09811558574438095,0.0731249749660492,0.020085662603378296,0.020352352410554886,0.037959497421979904,0.042113564908504486,0.6651961803436279,0.022275466471910477,0.004586721770465374,0.00881123449653387,0.023719485849142075,0.012316594831645489,0.004721158184111118,0.13662061095237732,0.003994838800281286,0.0010522096417844296,0.0008352796430699527,0.002776586916297674,0.001753457821905613,0.001155172591097653,0.001281337346881628,0.00117376574780792,0.0023661991581320763,0.001364896772429347,0.002258713124319911,0.001076405867934227,0.9273151755332947,0.06963855773210526,0.003046247875317931,0.6651961803436279,0.012316594831645489,0.00881123449653387,0.13662061095237732,0.09811558574438095,0.9242689276579767
erdogan2022_c002,erdogan2022,erdogan,en,2022-12-31,new_year_message,2,84,59,0.04815668985247612,0.020601218566298485,0.050745923072099686,0.03202694654464722,0.0072443182580173016,0.013282322324812412,0.46689915657043457,0.4031229019165039,0.06261210143566132,0.012113041244447231,0.006998676806688309,0.0045424033887684345,0.010425862856209278,0.0021858445834368467,0.0015806622104719281,0.04457635059952736,0.0030771042220294476,0.0007794752018526196,0.0032624630257487297,0.0019876938313245773,0.0012443549931049347,0.001341901603154838,0.0008638098370283842,0.0014008802827447653,0.0007231305935420096,0.004043199121952057,0.002568816998973489,0.0030301185324788094,0.9693496227264404,0.027765635401010513,0.0028847353532910347,0.46689915657043457,0.0030771042220294476,0.0045424033887684345,0.04457635059952736,0.050745923072099686,0.9664648873731494
erdogan2022_c003,erdogan2022,erdogan,en,2022-12-31,new_year_message,3,97,76,0.027417803183197975,0.005271681118756533,0.3283257484436035,0.26296475529670715,0.03198879212141037,0.0036062116269022226,0.009322956204414368,0.004067602101713419,0.21218545734882355,0.002515695756301284,0.0014269262319430709,0.0040548695251345634,0.0039820545352995396,0.006537886336445808,0.004541157744824886,0.17757706344127655,0.0012911593075841665,0.00042422933620400727,0.0026395043823868036,0.0009395150700584054,0.0004666245076805353,0.002054749522358179,0.0009916032431647182,0.0005605370970442891,0.0008464596467092633,0.0007411710103042424,0.0006652786978520453,0.0020381526555866003,0.7753893136978149,0.2163841426372528,0.0082265455275774,0.26296475529670715,0.006537886336445808,0.004541157744824886,0.17757706344127655,0.3283257484436035,0.7671627681702375
erdogan2022_c004,erdogan2022,erdogan,en,2022-12-31,new_year_message,4,116,76,0.0015460405265912414,0.0005672132247127593,0.7593777775764465,0.029867183417081833,0.0657113790512085,0.0008580849971622229,0.0009981034090742469,0.0012615612940862775,0.019285127520561218,0.0014868064317852259,0.0015118359588086605,0.021056974306702614,0.0013400306925177574,0.07204489409923553,0.011561565101146698,0.0167106743901968,0.022410240024328232,0.0017229608492925763,0.0006806274177506566,0.0040718973614275455,0.0012163862120360136,0.001360105350613594,0.002748450729995966,0.001812431844882667,0.001119112246669829,0.0006971501861698925,0.002290835604071617,0.0005823833053000271,0.01923397183418274,0.45658403635025024,0.5241819620132446,0.029867183417081833,0.07204489409923553,0.021056974306702614,0.0657113790512085,0.7593777775764465,-0.5049479901790619
erdogan2022_c005,erdogan2022,erdogan,en,2022-12-31,new_year_message,5,106,85,0.012305653654038906,0.0025458834134042263,0.7082281112670898,0.20598064363002777,0.028185321018099785,0.0017103073187172413,0.0023504237178713083,0.001681838883087039,0.06917773932218552,0.001670498983003199,0.00082333356840536,0.004389874637126923,0.002967946231365204,0.004149820655584335,0.006617818493396044,0.012860920280218124,0.0010028750402852893,0.0002747554681263864,0.0006114175193943083,0.0006362527492456138,0.00027312131715007126,0.0014227572828531265,0.0007300419383682311,0.0005565621540881693,0.0003755892685148865,0.0004836890147998929,0.00035526868305169046,0.0007638198439963162,0.2695810794830322,0.6617647409439087,0.06865415722131729,0.20598064363002777,0.004149820655584335,0.006617818493396044,0.028185321018099785,0.7082281112670898,0.20092692226171494
erdogan2022_c006,erdogan2022,erdogan,en,2022-12-31,new_year_message,6,107,86,0.004132272209972143,0.0006193013396114111,0.20583060383796692,0.10132644325494766,0.06110857054591179,0.001173491356894374,0.0021018872503191233,0.005218991544097662,0.01432378962635994,0.010170849040150642,0.0012255704496055841,0.021412864327430725,0.026263097301125526,0.209879070520401,0.0173838809132576,0.0033710328862071037,0.16813625395298004,0.003331462386995554,0.0026988445315510035,0.028972772881388664,0.004091305658221245,0.009821264073252678,0.002056061988696456,0.0016068523982539773,0.006209620740264654,0.0011717582819983363,0.11730904132127762,0.002857138402760029,0.01973774842917919,0.3304862380027771,0.6497761011123657,0.10132644325494766,0.209879070520401,0.021412864327430725,0.06110857054591179,0.20583060383796692,-0.6300383526831865
erdogan2022_c007,erdogan2022,erdogan,en,2022-12-31,new_year_message,7,82,72,0.016870377585291862,0.0023978231474757195,0.35806041955947876,0.5585561394691467,0.15395164489746094,0.004233492538332939,0.0017328737303614616,0.0034326075110584497,0.013832006603479385,0.008375933393836021,0.0020672015380114317,0.013767354190349579,0.0022698782850056887,0.023384489119052887,0.023398224264383316,0.0019090835703536868,0.0053354003466665745,0.0016647886950522661,0.0013365052873268723,0.0010469730477780104,0.0009057960123755038,0.001826785271987319,0.0012952430406585336,0.0010419412283226848,0.0012363842688500881,0.0007013264112174511,0.0010154363699257374,0.0006195487221702933,0.20684108138084412,0.7050004005432129,0.08815854042768478,0.5585561394691467,0.023384489119052887,0.023398224264383316,0.15395164489746094,0.35806041955947876,0.11868254095315933
erdogan2022_c008,erdogan2022,erdogan,en,2022-12-31,new_year_message,8,93,87,0.200127512216568,0.0345420278608799,0.3682876229286194,0.3059493899345398,0.04396364837884903,0.011633838526904583,0.0019912479910999537,0.0018368442542850971,0.06835687160491943,0.007635779213160276,0.0008025633287616074,0.006390803027898073,0.024998867884278297,0.0076238797046244144,0.007954984903335571,0.0049156975001096725,0.0027635861188173294,0.0008623730973340571,0.0008858944056555629,0.0009380186093039811,0.0009530354291200638,0.0007724998868070543,0.0009683329844847322,0.000838282925542444,0.0019636305514723063,0.00042266538366675377,0.0005852082394994795,0.0004580905952025205,0.316749632358551,0.6363730430603027,0.04687738046050072,0.3059493899345398,0.0076238797046244144,0.007954984903335571,0.04396364837884903,0.3682876229286194,0.2698722518980503
erdogan2022_c009,erdogan2022,erdogan,en,2022-12-31,new_year_message,9,123,109,0.032849155366420746,0.004546144045889378,0.5333885550498962,0.3663785755634308,0.11492998152971268,0.006790697108954191,0.0012314551277086139,0.002160669071599841,0.013181696645915508,0.006090824026614428,0.0012091145617887378,0.019296176731586456,0.002951863221824169,0.012895519845187664,0.009783654473721981,0.001567558036185801,0.0024864410515874624,0.0016865843208506703,0.0005379535723477602,0.0009797790553420782,0.000728274171706289,0.0010562364477664232,0.0020152940414845943,0.001522550592198968,0.0009894703980535269,0.0007381337927654386,0.0006686800043098629,0.00038185209268704057,0.469651460647583,0.4952847957611084,0.0350637324154377,0.3663785755634308,0.012895519845187664,0.019296176731586456,0.11492998152971268,0.5333885550498962,0.4345877282321453
erdogan2022_c010,erdogan2022,erdogan,en,2022-12-31,new_year_message,10,111,90,0.061689041554927826,0.017700878903269768,0.30250993371009827,0.33497270941734314,0.03353764861822128,0.01712697371840477,0.012413539923727512,0.018449941650032997,0.11110571771860123,0.014895102009177208,0.0018678655615076423,0.0056802863255143166,0.006025460548698902,0.007668719161301851,0.0032801723573356867,0.02981429360806942,0.002440984360873699,0.0005921094561927021,0.000929754285607487,0.0009946986101567745,0.0009841247228905559,0.0008314925362356007,0.0007951983134262264,0.0006806373712606728,0.0008705295622348785,0.0006068630027584732,0.0008425503619946539,0.000636278826277703,0.24604883790016174,0.7133693695068359,0.040581800043582916,0.33497270941734314,0.007668719161301851,0.0056802863255143166,0.03353764861822128,0.30250993371009827,0.20546703785657883
erdogan2022_c011,erdogan2022,erdogan,en,2022-12-31,new_year_message,11,81,70,0.0357753150165081,0.006172456778585911,0.1312962770462036,0.06566206365823746,0.007641736883670092,0.0026036682538688183,0.016481388360261917,0.004359475336968899,0.521554708480835,0.0013274205848574638,0.0018853794317692518,0.006303674541413784,0.00991850160062313,0.004828514065593481,0.004852335434406996,0.47448745369911194,0.0015403353609144688,0.000367106607882306,0.001922803116030991,0.0011150758946314454,0.0005005440907552838,0.001356326276436448,0.001148270908743143,0.0012953724944964051,0.0008868410368449986,0.0017282352782785892,0.0005660573951900005,0.0034252209588885307,0.9469975829124451,0.05011654645204544,0.002885808702558279,0.521554708480835,0.004828514065593481,0.006303674541413784,0.47448745369911194,0.1312962770462036,0.9441117742098868
erdogan2022_c012,erdogan2022,erdogan,en,2022-12-31,new_year_message,12,161,126,0.029861563816666603,0.050780288875103,0.06335355341434479,0.04288942739367485,0.004378117620944977,0.002637872938066721,0.007111165672540665,0.007575208321213722,0.26288941502571106,0.004479808732867241,0.000898346770554781,0.00535155413672328,0.3960084021091461,0.0036739506758749485,0.004855507053434849,0.5551422834396362,0.004911985248327255,0.0004404722712934017,0.014260556548833847,0.0017186120385304093,0.0016350438818335533,0.0012940297601744533,0.00131966860499233,0.0015299145597964525,0.004793901927769184,0.0011805114336311817,0.0017389272106811404,0.004273667465895414,0.8875024318695068,0.10712803900241852,0.005369597114622593,0.3960084021091461,0.004911985248327255,0.00535155413672328,0.5551422834396362,0.06335355341434479,0.8821328347548842
erdogan2023_c000,erdogan2023,erdogan,en,2023-12-31,new_year_message,0,86,67,0.030098451301455498,0.023606717586517334,0.037341825664043427,0.02807588130235672,0.004220394883304834,0.0029590404592454433,0.04719783738255501,0.029214341193437576,0.12593141198158264,0.0025657890364527702,0.001977237407118082,0.007093828171491623,0.03415689617395401,0.004999842960387468,0.0032034222967922688,0.8416664004325867,0.004879046697169542,0.0005613915272988379,0.03413253277540207,0.0016998174833133817,0.001181350671686232,0.0013626699801534414,0.0024517413694411516,0.002475721761584282,0.002594742923974991,0.0027518090792000294,0.0017026454443112016,0.005986222997307777,0.9720295071601868,0.025240138173103333,0.002730343956500292,0.12593141198158264,0.004999842960387468,0.007093828171491623,0.8416664004325867,0.037341825664043427,0.9692991632036865
erdogan2023_c001,erdogan2023,erdogan,en,2023-12-31,new_year_message,1,98,84,0.010131655260920525,0.003661658614873886,0.039467912167310715,0.015532364137470722,0.016066431999206543,0.0015161957126110792,0.0024065570905804634,0.005599077325314283,0.14930084347724915,0.004864053335040808,0.00354591547511518,0.010577362962067127,0.03519539162516594,0.2636272609233856,0.013427370227873325,0.09866110235452652,0.7201021313667297,0.0017971823690459132,0.0076502966694533825,0.00921074952930212,0.02548147551715374,0.002585840877145529,0.003171970834955573,0.003179189283400774,0.03125755116343498,0.0016057746252045035,0.009776308201253414,0.0030375870410352945,0.024559175595641136,0.2694873511791229,0.7059534788131714,0.14930084347724915,0.7201021313667297,0.013427370227873325,0.09866110235452652,0.039467912167310715,-0.6813943032175303
erdogan2023_c002,erdogan2023,erdogan,en,2023-12-31,new_year_message,2,121,104,0.0037153351586312056,0.000798033841419965,0.4330499470233917,0.08477139472961426,0.02089579775929451,0.0009899615542963147,0.0016077361069619656,0.0012944259215146303,0.02156589739024639,0.0013146114069968462,0.0005679029272869229,0.023442192003130913,0.008525434881448746,0.026489784941077232,0.01366394106298685,0.41787198185920715,0.020171504467725754,0.0010331800440326333,0.0023687391076236963,0.001981878187507391,0.001480393810197711,0.0017807766562327743,0.00594368577003479,0.003671326208859682,0.0015130032552406192,0.0005572100053541362,0.0018048862693831325,0.0032683503814041615,0.022693023085594177,0.3806898891925812,0.5966171026229858,0.08477139472961426,0.026489784941077232,0.023442192003130913,0.41787198185920715,0.4330499470233917,-0.5739240795373917
erdogan2023_c003,erdogan2023,erdogan,en,2023-12-31,new_year_message,3,80,69,0.005512804724276066,0.0019148217979818583,0.6419861912727356,0.20723780989646912,0.04480433464050293,0.0012492489768192172,0.0013006167719140649,0.0010502822697162628,0.061518460512161255,0.0017210441874340177,0.0005655804998241365,0.014691508375108242,0.0056896205060184,0.011373380199074745,0.042192503809928894,0.029515575617551804,0.0014475204516202211,0.000524997478350997,0.0006922761094756424,0.000628666253760457,0.0003282527031842619,0.002921826671808958,0.0010487070539966226,0.0010940415086224675,0.0006177361938171089,0.0003425069444347173,0.0005268209497444332,0.0008642770699225366,0.34875884652137756,0.6271332502365112,0.02410791628062725,0.20723780989646912,0.011373380199074745,0.042192503809928894,0.04480433464050293,0.6419861912727356,0.3246509302407503
erdogan2023_c004,erdogan2023,erdogan,en,2023-12-31,new_year_message,4,94,83,0.032499369233846664,0.004668651148676872,0.3542616367340088,0.5164220929145813,0.013670329935848713,0.0032672921661287546,0.0038802148774266243,0.0029818846378475428,0.13725891709327698,0.004595316015183926,0.00041044026147574186,0.0042160265147686005,0.099680595099926,0.0022855675779283047,0.006907032802700996,0.03718185797333717,0.0014026578282937407,0.0002507022873032838,0.002894106088206172,0.0007733377278782427,0.000512473750859499,0.0010178437223657966,0.0006625389796681702,0.0008467669249512255,0.0007793575059622526,0.00044891147990711033,0.0006651784642599523,0.0012296781642362475,0.23816409707069397,0.6969056725502014,0.06493021547794342,0.5164220929145813,0.0022855675779283047,0.006907032802700996,0.03718185797333717,0.3542616367340088,0.17323388159275055
erdogan2023_c005,erdogan2023,erdogan,en,2023-12-31,new_year_message,5,108,99,0.009650533087551594,0.002262209542095661,0.43053874373435974,0.1451294720172882,0.03831690549850464,0.0016626747092232108,0.0015496424166485667,0.0008598304120823741,0.4787198603153229,0.0019882386550307274,0.0012233060551807284,0.00740854861214757,0.01305476389825344,0.023036174476146698,0.0268111415207386,0.04230061545968056,0.005866678897291422,0.0006063348846510053,0.0010949944844469428,0.0033641336485743523,0.0008767356630414724,0.0030572512187063694,0.0012235228205099702,0.0010691365459933877,0.0014008309226483107,0.00039160458254627883,0.0011789752170443535,0.0014706559013575315,0.8390631675720215,0.15608735382556915,0.004849467426538467,0.4787198603153229,0.023036174476146698,0.0268111415207386,0.04230061545968056,0.43053874373435974,0.834213700145483
erdogan2023_c006,erdogan2023,erdogan,en,2023-12-31,new_year_message,6,100,81,0.008494680747389793,0.00072485237615183,0.5002123713493347,0.3558639883995056,0.059501830488443375,0.002672935137525201,0.0016736367251724005,0.002398998476564884,0.051998697221279144,0.007906761020421982,0.0004206718294881284,0.009387076832354069,0.036379534751176834,0.024433715268969536,0.011097029782831669,0.011670009233057499,0.017304042354226112,0.0008354694582521915,0.0014719216851517558,0.004816838074475527,0.0013585848500952125,0.001926131546497345,0.0013509541749954224,0.000961023848503828,0.0020053181797266006,0.0004068728012498468,0.005514190066605806,0.000826304079964757,0.7457659244537354,0.24625472724437714,0.007979309186339378,0.3558639883995056,0.024433715268969536,0.011097029782831669,0.059501830488443375,0.5002123713493347,0.737786615267396
erdogan2023_c007,erdogan2023,erdogan,en,2023-12-31,new_year_message,7,85,74,0.04606007784605026,0.8639959692955017,0.07123863697052002,0.12823888659477234,0.017654797062277794,0.0038563748821616173,0.0022439053282141685,0.0019613925833255053,0.049728408455848694,0.0065262108109891415,0.0008147574262693524,0.0078085558488965034,0.00971372239291668,0.003940703812986612,0.006313290446996689,0.003897678339853883,0.0018247492844238877,0.0007303470629267395,0.000539104628842324,0.0008976407698355615,0.0006383175496011972,0.0009356634109281003,0.0014763521030545235,0.0008355845347978175,0.0015646656975150108,0.00041132819023914635,0.00033082766458392143,0.00039742692024447024,0.05242856964468956,0.4397386908531189,0.5078327059745789,0.8639959692955017,0.003940703812986612,0.0078085558488965034,0.017654797062277794,0.07123863697052002,-0.4554041363298893
erdogan2023_c008,erdogan2023,erdogan,en,2023-12-31,new_year_message,8,86,75,0.16778875887393951,0.012553227134048939,0.3413161635398865,0.47478556632995605,0.04871577024459839,0.01896020397543907,0.004602397326380014,0.0034127901308238506,0.1461837738752365,0.008138053119182587,0.001315096509642899,0.0049700564704835415,0.026043377816677094,0.0046941665932536125,0.00794218946248293,0.014586060307919979,0.0018627963727340102,0.0006576862651854753,0.0009014352108351886,0.0012420198181644082,0.0009382948628626764,0.0017463720869272947,0.000797868415247649,0.000872847274877131,0.0011940428521484137,0.0003965649812016636,0.0007666539750061929,0.0011793695157393813,0.420791894197464,0.5525112152099609,0.026696883141994476,0.47478556632995605,0.0046941665932536125,0.00794218946248293,0.04871577024459839,0.3413161635398865,0.3940950110554695
erdogan2023_c009,erdogan2023,erdogan,en,2023-12-31,new_year_message,9,82,61,0.014984983019530773,0.003500498365610838,0.2757619619369507,0.476508766412735,0.009176635183393955,0.0020275269635021687,0.008050838485360146,0.004097227472811937,0.13823845982551575,0.0022363639436662197,0.0005174219259060919,0.0046860952861607075,0.013115555047988892,0.002301386557519436,0.0061528547666966915,0.14704526960849762,0.0009076668648049235,0.0002243393537355587,0.0034695013891905546,0.0007122884853743017,0.00029907410498708487,0.0014311225386336446,0.0008725612424314022,0.000885705288965255,0.0004485295503400266,0.0007985206902958453,0.000476617191452533,0.0021299265790730715,0.5883628726005554,0.40105724334716797,0.010579896159470081,0.476508766412735,0.002301386557519436,0.0061528547666966915,0.14704526960849762,0.2757619619369507,0.5777829764410853
erdogan2023_c010,erdogan2023,erdogan,en,2023-12-31,new_year_message,10,114,92,0.011796122416853905,0.0022393122781068087,0.4116770029067993,0.08072471618652344,0.08400305360555649,0.0023926720023155212,0.0012101640459150076,0.0021665762178599834,0.16719983518123627,0.007331278640776873,0.0016563398530706763,0.01097628939896822,0.007629639469087124,0.24669039249420166,0.018647246062755585,0.011826543137431145,0.05784483999013901,0.002047028159722686,0.0012672939337790012,0.004390706308186054,0.0030416848603636026,0.002524725627154112,0.001507231849245727,0.0008630043594166636,0.005580846220254898,0.0007105470867827535,0.003292868146672845,0.0008776768809184432,0.5701050162315369,0.3811333477497101,0.04876162111759186,0.16719983518123627,0.24669039249420166,0.018647246062755585,0.08400305360555649,0.4116770029067993,0.521343395113945
erdogan2023_c011,erdogan2023,erdogan,en,2023-12-31,new_year_message,11,82,69,0.0019152754684910178,0.0014635322149842978,0.42386361956596375,0.03960932046175003,0.041588518768548965,0.0006314357742667198,0.0005083606811240315,0.0014467501314356923,0.0036639035679399967,0.001974323997274041,0.0009316980722360313,0.07341478019952774,0.0022793542593717575,0.16005735099315643,0.19407278299331665,0.002207575598731637,0.04607759416103363,0.0018532349495217204,0.0007530245347879827,0.000713887857273221,0.0014066790463402867,0.0012030497891828418,0.0023246905766427517,0.0069812205620110035,0.0018314918270334601,0.0006903742905706167,0.0008733480935916305,0.0004946383996866643,0.010910294950008392,0.18754610419273376,0.801543653011322,0.03960932046175003,0.16005735099315643,0.19407278299331665,0.041588518768548965,0.42386361956596375,-0.7906333580613136
erdogan2023_c012,erdogan2023,erdogan,en,2023-12-31,new_year_message,12,89,70,0.02465055324137211,0.003670367179438472,0.32116666436195374,0.1508711576461792,0.01451046485453844,0.003341078758239746,0.011280184611678123,0.004314366728067398,0.4284273684024811,0.0025280206464231014,0.0011133740190416574,0.005233566276729107,0.012570274993777275,0.004806871060281992,0.0031942983623594046,0.21714475750923157,0.0015776670770719647,0.00030850947950966656,0.0012200745986774564,0.0012837143149226904,0.0005031075561419129,0.0009082191972993314,0.0008228805963881314,0.0008137232507579029,0.0007044911617413163,0.0011623938335105777,0.0007092015584930778,0.0015793322818353772,0.4129728674888611,0.477142333984375,0.10988475382328033,0.4284273684024811,0.004806871060281992,0.005233566276729107,0.21714475750923157,0.32116666436195374,0.30308811366558075
erdogan2023_c013,erdogan2023,erdogan,en,2023-12-31,new_year_message,13,92,74,0.05759665369987488,0.049873653799295425,0.03587288782000542,0.09107811003923416,0.004503847565501928,0.0029247368220239878,0.012895113788545132,0.009533875621855259,0.17116490006446838,0.0028003291226923466,0.0010909000411629677,0.006689650006592274,0.1704949140548706,0.003386863972991705,0.0048619648441672325,0.7086315751075745,0.0035212342627346516,0.00047689577331766486,0.10993251204490662,0.00162816746160388,0.0012446963228285313,0.0015579633181914687,0.0024508037604391575,0.0030057555995881557,0.003461243351921439,0.0012363566784188151,0.0013270039344206452,0.006086988374590874,0.8678425550460815,0.12553252279758453,0.006624846253544092,0.17116490006446838,0.0035212342627346516,0.006689650006592274,0.7086315751075745,0.03587288782000542,0.8612177087925375
erdogan2024_c000,erdogan2024,erdogan,en,2024-12-31,new_year_message,0,87,67,0.0596282035112381,0.17072972655296326,0.03426756709814072,0.05578191205859184,0.0032979536335915327,0.004975846502929926,0.024240754544734955,0.028905406594276428,0.3044411838054657,0.006145762279629707,0.0013238884275779128,0.004649410955607891,0.4861340820789337,0.002692531095817685,0.003907106816768646,0.2975088357925415,0.00472705252468586,0.00043731898767873645,0.19767841696739197,0.0025208857841789722,0.002005932852625847,0.001211419585160911,0.0012890476500615478,0.003033795626834035,0.0044264839962124825,0.0008863447583280504,0.0017286916263401508,0.003581027267500758,0.9670212864875793,0.02987668476998806,0.0031020657625049353,0.4861340820789337,0.00472705252468586,0.004649410955607891,0.2975088357925415,0.03426756709814072,0.9639192207250744
erdogan2024_c001,erdogan2024,erdogan,en,2024-12-31,new_year_message,1,94,72,0.19268369674682617,0.7812934517860413,0.05331797897815704,0.08728253841400146,0.010050228796899319,0.016368849202990532,0.007882172241806984,0.007372030057013035,0.10073775798082352,0.01000291295349598,0.0012254087487235665,0.004423174075782299,0.05619219318032265,0.0020150451455265284,0.0030991898383945227,0.024670178070664406,0.0030986731871962547,0.0006281434325501323,0.002325565554201603,0.0012921551242470741,0.0015662957448512316,0.0005537125398404896,0.0011659475276246667,0.0010325999464839697,0.003400090616196394,0.0005018131341785192,0.0005415068008005619,0.0005086558521725237,0.9464942216873169,0.04674477502703667,0.00676100654527545,0.7812934517860413,0.003400090616196394,0.004423174075782299,0.024670178070664406,0.05331797897815704,0.9397332151420414
erdogan2024_c002,erdogan2024,erdogan,en,2024-12-31,new_year_message,2,90,80,0.22799652814865112,0.7297730445861816,0.035720229148864746,0.049686089158058167,0.009995369240641594,0.04139328375458717,0.06939823925495148,0.11353578418493271,0.013448243029415607,0.019226308912038803,0.004036244470626116,0.006173516158014536,0.007507211994379759,0.0016254474176093936,0.002272914396598935,0.0036561256274580956,0.001191164250485599,0.000779845577199012,0.0014963611029088497,0.0007806040230207145,0.001071808859705925,0.0008870376041159034,0.000956802919972688,0.0015790481120347977,0.0005780479405075312,0.0013913917355239391,0.0005557216936722398,0.0006509771919809282,0.9567750096321106,0.04052368551492691,0.002701360732316971,0.7297730445861816,0.0016254474176093936,0.006173516158014536,0.009995369240641594,0.035720229148864746,0.9540736488997936
erdogan2024_c003,erdogan2024,erdogan,en,2024-12-31,new_year_message,3,83,71,0.1398925483226776,0.013128521852195263,0.1463821679353714,0.31149911880493164,0.03252022713422775,0.02228761464357376,0.022601813077926636,0.0163627527654171,0.43851304054260254,0.014643640257418156,0.002745151286944747,0.004341485444456339,0.018269136548042297,0.006312008015811443,0.0026277105789631605,0.060545213520526886,0.002678496763110161,0.0007175016799010336,0.001030799699947238,0.0028258757665753365,0.0012919447617605329,0.0010331036755815148,0.0009495404665358365,0.0006670290022157133,0.0012148544192314148,0.0009629059350118041,0.0016907146200537682,0.0009869856294244528,0.9063637852668762,0.08604435622692108,0.007591829169541597,0.43851304054260254,0.006312008015811443,0.004341485444456339,0.060545213520526886,0.1463821679353714,0.8987719560973346
erdogan2024_c004,erdogan2024,erdogan,en,2024-12-31,new_year_message,4,107,85,0.02279585786163807,0.005232352297753096,0.16481804847717285,0.20801150798797607,0.01505601592361927,0.00246025319211185,0.006241342052817345,0.002903493121266365,0.6916711330413818,0.00199532019905746,0.0015697552589699626,0.004270930774509907,0.014281155541539192,0.005392313934862614,0.005790693685412407,0.13349632918834686,0.0014554759254679084,0.00036245890078134835,0.0017451829044148326,0.001402402645908296,0.0004779032606165856,0.0016534524038434029,0.000829556374810636,0.000853989040479064,0.0009483908652327955,0.0008993007359094918,0.0005946287419646978,0.002218813169747591,0.7175387740135193,0.26290521025657654,0.019555963575839996,0.6916711330413818,0.005392313934862614,0.005790693685412407,0.13349632918834686,0.16481804847717285,0.6979828104376793
erdogan2024_c005,erdogan2024,erdogan,en,2024-12-31,new_year_message,5,95,81,0.04999438673257828,0.022186463698744774,0.1646946370601654,0.35162076354026794,0.01205864641815424,0.0055634076707065105,0.005719731096178293,0.003415559884160757,0.5042098760604858,0.0054654632695019245,0.0008839209331199527,0.00502033531665802,0.1442323923110962,0.002789375837892294,0.007709128316491842,0.09059149026870728,0.001201193779706955,0.00035387466778047383,0.002326731802895665,0.0011613165261223912,0.0006565696094185114,0.0012773801572620869,0.0006745185819454491,0.001007590675726533,0.001133943791501224,0.0005451631150208414,0.0007239651749841869,0.0017359935445711017,0.08005250245332718,0.5531038045883179,0.36684373021125793,0.5042098760604858,0.002789375837892294,0.007709128316491842,0.09059149026870728,0.1646946370601654,-0.28679122775793076
erdogan2024_c006,erdogan2024,erdogan,en,2024-12-31,new_year_message,6,108,85,0.06917981058359146,0.006401567254215479,0.11574031412601471,0.47915124893188477,0.011289900168776512,0.006629963871091604,0.0126090282574296,0.013761029578745365,0.28489232063293457,0.005681371781975031,0.0007537783239968121,0.003035948146134615,0.162433460354805,0.0024245348758995533,0.003614383516833186,0.07837019115686417,0.0019954245071858168,0.00036761860246770084,0.15905150771141052,0.0018239218043163419,0.0009270302834920585,0.0014052677433937788,0.0009180423221550882,0.00153429398778826,0.001534478273242712,0.0004883354413323104,0.0011296645971015096,0.0015962996985763311,0.8336738348007202,0.16084988415241241,0.005476263351738453,0.47915124893188477,0.0024245348758995533,0.003614383516833186,0.07837019115686417,0.11574031412601471,0.8281975714489818
erdogan2024_c007,erdogan2024,erdogan,en,2024-12-31,new_year_message,7,114,98,0.1988576203584671,0.014995381236076355,0.312192440032959,0.37317371368408203,0.011411226354539394,0.01170192938297987,0.004630421753972769,0.004181578755378723,0.10561825335025787,0.006572828162461519,0.00048555416287854314,0.007627152372151613,0.1369425654411316,0.003197248326614499,0.009212685748934746,0.06374505162239075,0.0022749449126422405,0.0003598115872591734,0.002951656933873892,0.000970122404396534,0.001033273059874773,0.0007620988762937486,0.001031225430779159,0.0017446447163820267,0.001065903576090932,0.0003803478612098843,0.0006784924189560115,0.0010745861800387502,0.9649224281311035,0.03073459304869175,0.004343016073107719,0.37317371368408203,0.003197248326614499,0.009212685748934746,0.06374505162239075,0.312192440032959,0.9605794120579958
erdogan2024_c008,erdogan2024,erdogan,en,2024-12-31,new_year_message,8,82,64,0.019655704498291016,0.0015482486924156547,0.31966179609298706,0.23691904544830322,0.008460070937871933,0.002467525191605091,0.009200507774949074,0.004542716313153505,0.25088706612586975,0.0016758505953475833,0.0006041546585038304,0.0054800622165203094,0.016348253935575485,0.0033077802509069443,0.004982820712029934,0.2734423279762268,0.0014971209457144141,0.00026889375294558704,0.003094383515417576,0.001068875310011208,0.00043147127144038677,0.0011862240498885512,0.001002138596959412,0.0013235870283097029,0.0005868503940291703,0.0008044883143156767,0.0005673827836290002,0.003101344918832183,0.5987498760223389,0.3879920244216919,0.013258076272904873,0.25088706612586975,0.0033077802509069443,0.0054800622165203094,0.2734423279762268,0.31966179609298706,0.585491799749434
erdogan2024_c009,erdogan2024,erdogan,en,2024-12-31,new_year_message,9,101,76,0.016875803470611572,0.006115966476500034,0.1119864359498024,0.05397442355751991,0.006695086136460304,0.001786853768862784,0.007193845696747303,0.003401013556867838,0.7745067477226257,0.0009504863992333412,0.001357108005322516,0.006087718531489372,0.0171938706189394,0.004242004361003637,0.005797684658318758,0.30156388878822327,0.0014696870930492878,0.0003130175464320928,0.002950039692223072,0.0012349695898592472,0.00047790532698854804,0.0015318903606384993,0.0010389324743300676,0.0018806045409291983,0.0011739965993911028,0.0015608224784955382,0.0005121187423355877,0.002670151414349675,0.8844435214996338,0.1123690977692604,0.0031873900443315506,0.7745067477226257,0.004242004361003637,0.006087718531489372,0.30156388878822327,0.1119864359498024,0.8812561314553022
erdogan2024_c010,erdogan2024,erdogan,en,2024-12-31,new_year_message,10,80,66,0.03642147779464722,0.011001745238900185,0.0658394917845726,0.059429656714200974,0.005102826282382011,0.0021421194542199373,0.009091207757592201,0.00456605339422822,0.7677991986274719,0.001110557815991342,0.0015484882751479745,0.005427213851362467,0.029750777408480644,0.003750639269128442,0.005423809867352247,0.4106028378009796,0.0014074824284762144,0.0003236770862713456,0.005468154326081276,0.001073353923857212,0.000513036095071584,0.0017286973306909204,0.0011477235238999128,0.0018678396008908749,0.0016286681639030576,0.001483449013903737,0.0005777893820777535,0.00422444473952055,0.7759203314781189,0.21380403637886047,0.01027563214302063,0.7677991986274719,0.003750639269128442,0.005427213851362467,0.4106028378009796,0.0658394917845726,0.7656446993350983
erdogan2024_c011,erdogan2024,erdogan,en,2024-12-31,new_year_message,11,97,86,0.09392738342285156,0.15676264464855194,0.033464983105659485,0.057874251157045364,0.003906279802322388,0.005016635172069073,0.008703930303454399,0.010024585761129856,0.6101316809654236,0.005647745449095964,0.0013338018907234073,0.004593719728291035,0.5717597007751465,0.002276527928188443,0.005560614168643951,0.14297138154506683,0.002989924745634198,0.00042987140477634966,0.020508626475930214,0.0021541202440857887,0.0017015038756653666,0.0016597890062257648,0.0010673810029402375,0.0022786844056099653,0.005125114694237709,0.0010269724298268557,0.0013598876539617777,0.003599289571866393,0.8575667142868042,0.12767741084098816,0.014755911193788052,0.6101316809654236,0.005125114694237709,0.005560614168643951,0.14297138154506683,0.033464983105659485,0.8428108030930161
erdogan2025_c000,erdogan2025,erdogan,en,2025-12-31,new_year_message,0,90,69,0.037906721234321594,0.04807313531637192,0.03530332073569298,0.02879754640161991,0.004068236332386732,0.0029098724480718374,0.030221112072467804,0.015361431986093521,0.14944040775299072,0.0024438623804599047,0.001865035155788064,0.007000854704529047,0.054992202669382095,0.004396206233650446,0.0031599984504282475,0.8370023369789124,0.004867666866630316,0.000555172679014504,0.0340205579996109,0.0019842395558953285,0.001307224272750318,0.001497338991612196,0.002777985529974103,0.0025377424899488688,0.0030923867598176003,0.0019541161600500345,0.0016767674824222922,0.006203588098287582,0.9627988338470459,0.0339985117316246,0.003202662104740739,0.14944040775299072,0.004867666866630316,0.007000854704529047,0.8370023369789124,0.03530332073569298,0.9595961717423052
erdogan2025_c001,erdogan2025,erdogan,en,2025-12-31,new_year_message,1,81,68,0.597588062286377,0.620670735836029,0.045744240283966064,0.04739939421415329,0.011577192693948746,0.020637284964323044,0.005261463578790426,0.00930798053741455,0.00957124400883913,0.008894987404346466,0.001350846840068698,0.006602885201573372,0.03640848025679588,0.0037340859416872263,0.0047917733900249004,0.004227775614708662,0.013428191654384136,0.0016609722515568137,0.0030427260790020227,0.0019374358234927058,0.004529298283159733,0.0007758977590128779,0.0019418437732383609,0.0024142989423125982,0.006449776701629162,0.000797690125182271,0.0005932115600444376,0.0007480283384211361,0.7726784944534302,0.17143821716308594,0.055883314460515976,0.620670735836029,0.013428191654384136,0.006602885201573372,0.011577192693948746,0.045744240283966064,0.7167951799929142
erdogan2025_c002,erdogan2025,erdogan,en,2025-12-31,new_year_message,2,109,93,0.21174177527427673,0.02162322588264942,0.24143008887767792,0.4262947738170624,0.035117704421281815,0.03599969297647476,0.011133992113173008,0.014755388721823692,0.22482465207576752,0.023385679349303246,0.002651650458574295,0.004666022025048733,0.03598915413022041,0.005791759118437767,0.004767820239067078,0.006772945169359446,0.001896577887237072,0.0008254132117144763,0.000967817788477987,0.0020357312168926,0.0013451550621539354,0.001422713277861476,0.000661183730699122,0.0008495757938362658,0.001180893275886774,0.0006045840564183891,0.0014853000175207853,0.0007032545981928706,0.925922691822052,0.06918218731880188,0.004895078483968973,0.4262947738170624,0.005791759118437767,0.004767820239067078,0.035117704421281815,0.24143008887767792,0.921027613338083
erdogan2025_c003,erdogan2025,erdogan,en,2025-12-31,new_year_message,3,94,78,0.05655737966299057,0.00691560423001647,0.17722086608409882,0.19625526666641235,0.01578955538570881,0.004828835371881723,0.011871464550495148,0.005696205887943506,0.6055474877357483,0.0026244025211781263,0.001978813437744975,0.0036480349954217672,0.009594655595719814,0.004239877685904503,0.00403403677046299,0.10558314621448517,0.001285713748075068,0.00032003605156205595,0.0015768049051985145,0.0011628590291365981,0.0004860113840550184,0.0013568495633080602,0.0006908893119543791,0.0007059607305563986,0.0006999198812991381,0.0008412034367211163,0.0005571037763729692,0.0017518479144200683,0.9323452711105347,0.06432586908340454,0.003328868420794606,0.6055474877357483,0.004239877685904503,0.00403403677046299,0.10558314621448517,0.17722086608409882,0.9290164026897401
erdogan2025_c004,erdogan2025,erdogan,en,2025-12-31,new_year_message,4,99,81,0.0325842946767807,0.0049048978835344315,0.3618656396865845,0.23595234751701355,0.056531958281993866,0.00702177919447422,0.0035177371464669704,0.0054262178018689156,0.14494922757148743,0.011829174123704433,0.001180149964056909,0.008920274674892426,0.011658983305096626,0.07269639521837234,0.013005289249122143,0.07849909365177155,0.025388313457369804,0.0011962632415816188,0.0015700147487223148,0.0018279734067618847,0.0025153523311018944,0.0010676581878215075,0.0011295209405943751,0.0008474817150272429,0.0029010437428951263,0.0005625479388982058,0.001946577220223844,0.0008219327428378165,0.8849049806594849,0.11047939211130142,0.004615629557520151,0.23595234751701355,0.07269639521837234,0.013005289249122143,0.07849909365177155,0.3618656396865845,0.8802893511019647
erdogan2025_c005,erdogan2025,erdogan,en,2025-12-31,new_year_message,5,136,104,0.043304745107889175,0.5718690156936646,0.033162105828523636,0.04207796975970268,0.005163158290088177,0.0060163456946611404,0.018488556146621704,0.014548691920936108,0.16684623062610626,0.005573164205998182,0.0014710999093949795,0.007519866805523634,0.05369744449853897,0.0037868120707571507,0.0045990911312401295,0.6856943964958191,0.004184826742857695,0.0007929331623017788,0.00804351456463337,0.0014194604009389877,0.0015791120240464807,0.0016699328552931547,0.0023889157455414534,0.002418807242065668,0.006567931734025478,0.00133736920543015,0.0013390082167461514,0.004224462900310755,0.9151989221572876,0.08202111721038818,0.002779953647404909,0.5718690156936646,0.006567931734025478,0.007519866805523634,0.6856943964958191,0.033162105828523636,0.9124189685098827
erdogan2025_c006,erdogan2025,erdogan,en,2025-12-31,new_year_message,6,99,86,0.011004297994077206,0.004230846185237169,0.6368396282196045,0.18991363048553467,0.01547812856733799,0.0019154871115460992,0.0014791658613830805,0.0009779096581041813,0.16432873904705048,0.002387372776865959,0.00039488307083956897,0.008100079372525215,0.07668356597423553,0.005247991997748613,0.02664581499993801,0.03041720576584339,0.002138006966561079,0.00036387064028531313,0.0014080588007345796,0.0010466983076184988,0.0005848829168826342,0.001317994319833815,0.000778081186581403,0.0014970359625294805,0.001171780051663518,0.00030310574220493436,0.0005317088798619807,0.0009663592209108174,0.12354052066802979,0.479498028755188,0.3969614803791046,0.18991363048553467,0.005247991997748613,0.02664581499993801,0.03041720576584339,0.6368396282196045,-0.27342095971107483
erdogan2025_c007,erdogan2025,erdogan,en,2025-12-31,new_year_message,7,108,88,0.021688757464289665,0.0020518084056675434,0.5382343530654907,0.46641770005226135,0.12295202910900116,0.008243229240179062,0.006618433631956577,0.014520874246954918,0.028397513553500175,0.018539290875196457,0.0017542093992233276,0.004775503184646368,0.011332683265209198,0.005677179433405399,0.0022092494182288647,0.00518953800201416,0.005275402683764696,0.001076889457181096,0.002026116009801626,0.0026022407691925764,0.0015038491692394018,0.0015816024970263243,0.001532375579699874,0.0007297751726582646,0.0010710387723520398,0.0011143070878461003,0.0029330486431717873,0.0008804061799310148,0.25992077589035034,0.7157283425331116,0.024350885301828384,0.46641770005226135,0.005677179433405399,0.004775503184646368,0.12295202910900116,0.5382343530654907,0.23556989058852196
erdogan2025_c008,erdogan2025,erdogan,en,2025-12-31,new_year_message,8,102,84,0.24183019995689392,0.8371508121490479,0.04676487296819687,0.12982919812202454,0.007719855755567551,0.004987714346498251,0.004883122630417347,0.002863379195332527,0.12550608813762665,0.003645411692559719,0.00111756706610322,0.003040729323402047,0.018582502380013466,0.0014657665742561221,0.0058393157087266445,0.006684974301606417,0.001021972973830998,0.00031691722688265145,0.0009880483848974109,0.0008953557116910815,0.0005425088456831872,0.0015535694546997547,0.0007090369472280145,0.000691523659043014,0.0009496897691860795,0.0005935421213507652,0.0002544158196542412,0.0011155344545841217,0.7666447758674622,0.22119326889514923,0.012161941267549992,0.8371508121490479,0.0014657665742561221,0.0058393157087266445,0.007719855755567551,0.04676487296819687,0.7544828345999122
erdogan2025_c009,erdogan2025,erdogan,en,2025-12-31,new_year_message,9,86,70,0.0070737749338150024,0.0015375349903479218,0.4413437247276306,0.23173262178897858,0.045293230563402176,0.004189073108136654,0.0013130545848980546,0.001309830229729414,0.05054740980267525,0.0032268096692860126,0.0005497901001945138,0.039097048342227936,0.06514419615268707,0.01416915562003851,0.06409654021263123,0.03722122311592102,0.03227680176496506,0.0020614031236618757,0.0015619507757946849,0.006699333433061838,0.0032201616559177637,0.0009438589331693947,0.004931377712637186,0.02146214246749878,0.003113345941528678,0.00038677515112794936,0.0016730527859181166,0.0008305126684717834,0.22314348816871643,0.6014755964279175,0.1753809154033661,0.23173262178897858,0.03227680176496506,0.06409654021263123,0.045293230563402176,0.4413437247276306,0.04776257276535034
erdogan2025_c010,erdogan2025,erdogan,en,2025-12-31,new_year_message,10,96,79,0.005054000299423933,0.0009055599803104997,0.5040134787559509,0.26937395334243774,0.02159508876502514,0.001499564154073596,0.0016554805915802717,0.0011561381397768855,0.038152508437633514,0.0021431096829473972,0.0002899741812143475,0.01657439023256302,0.038919609040021896,0.005681921262294054,0.04302583262324333,0.019353415817022324,0.0031152688898146152,0.0005618904833681881,0.0009945565834641457,0.004175835754722357,0.0004908253322355449,0.0011248410446569324,0.0013912506401538849,0.0029851184226572514,0.0006415939424186945,0.00038555896026082337,0.0014109871117398143,0.0006093333940953016,0.21951480209827423,0.7129667401313782,0.06751842051744461,0.26937395334243774,0.005681921262294054,0.04302583262324333,0.02159508876502514,0.5040134787559509,0.15199638158082962
erdogan2025_c011,erdogan2025,erdogan,en,2025-12-31,new_year_message,11,114,95,0.08416253328323364,0.024242043495178223,0.2881662845611572,0.3694610297679901,0.013719789683818817,0.02154277078807354,0.022621039301156998,0.013131777755916119,0.22107313573360443,0.013622571714222431,0.0012202023062855005,0.004537837114185095,0.0686422660946846,0.002683955477550626,0.003222373779863119,0.07769251614809036,0.0016360469162464142,0.0004255951789673418,0.002687187632545829,0.0015975885326042771,0.0010021156631410122,0.0007098651258274913,0.0008029243908822536,0.0009061041637323797,0.0010436828015372157,0.0004329047806095332,0.0011169512290507555,0.0007800994790159166,0.873130202293396,0.12184183299541473,0.005027927923947573,0.3694610297679901,0.002683955477550626,0.004537837114185095,0.07769251614809036,0.2881662845611572,0.8681022743694484
erdogan2025_c012,erdogan2025,erdogan,en,2025-12-31,new_year_message,12,82,71,0.014940003864467144,0.009918173775076866,0.10033004730939865,0.07568658888339996,0.009599174372851849,0.001966385170817375,0.0024794212076812983,0.0022841100580990314,0.8673096895217896,0.0015185695374384522,0.0012005657190456986,0.0065482547506690025,0.06830838322639465,0.006858569569885731,0.013884863816201687,0.10107956826686859,0.0022336607798933983,0.00043544682557694614,0.003075194312259555,0.001478044898249209,0.0006869743228890002,0.0020429689902812243,0.0009909963700920343,0.00215841899625957,0.002635314827784896,0.0009942486649379134,0.000660609919577837,0.0017368943663313985,0.5077751874923706,0.472785085439682,0.019439678639173508,0.8673096895217896,0.006858569569885731,0.013884863816201687,0.10107956826686859,0.10033004730939865,0.4883355088531971
erdogan2025_c013,erdogan2025,erdogan,en,2025-12-31,new_year_message,13,177,140,0.1258704662322998,0.4905436336994171,0.02813611552119255,0.11226861923933029,0.003906888421624899,0.0067548202350735664,0.01628205180168152,0.017956605181097984,0.2752934694290161,0.007473444100469351,0.0011259870370849967,0.004412852227687836,0.4387580454349518,0.0017333372961729765,0.00457681342959404,0.18206319212913513,0.002588107483461499,0.00041043281089514494,0.0746556892991066,0.0015802568523213267,0.001574285444803536,0.0012457186821848154,0.0010782707249745727,0.002375007839873433,0.004197756294161081,0.0008216003770940006,0.001160693122074008,0.0036559277214109898,0.9508981704711914,0.045222096145153046,0.003879685653373599,0.4905436336994171,0.004197756294161081,0.00457681342959404,0.18206319212913513,0.02813611552119255,0.9470184848178178
macron2022_c000,macron2022,macron,en,2022-12-31,new_year_address,0,162,134,0.012315208092331886,0.10170643776655197,0.11758317053318024,0.03067181259393692,0.00580834224820137,0.002678912365809083,0.0033091071527451277,0.008635842241346836,0.07871701568365097,0.014456302858889103,0.0008228159276768565,0.008953076787292957,0.7914392352104187,0.008272884413599968,0.0086772246286273,0.08895605802536011,0.04542013630270958,0.0008966915193013847,0.010911144316196442,0.002444910118356347,0.007072034757584333,0.001298551564104855,0.0012971238465979695,0.0026947343721985817,0.01798352412879467,0.0007480023195967078,0.003943507093936205,0.0034621711820364,0.7422389388084412,0.24648837745189667,0.01127264741808176,0.7914392352104187,0.04542013630270958,0.008953076787292957,0.08895605802536011,0.11758317053318024,0.7309662913903594
macron2022_c001,macron2022,macron,en,2022-12-31,new_year_address,1,81,71,0.05393524840474129,0.015627576038241386,0.3052298128604889,0.20721907913684845,0.04987790063023567,0.015770331025123596,0.019344549626111984,0.012906954623758793,0.38777291774749756,0.012297607026994228,0.0029956644866615534,0.003871403867378831,0.027389608323574066,0.004543031100183725,0.003813620423898101,0.06901151686906815,0.00229994161054492,0.0006238700589165092,0.0010048231342807412,0.002988720778375864,0.0012651808792725205,0.0013414685381576419,0.0008166097686626017,0.0006352983764372766,0.0011273629497736692,0.0007235948578454554,0.001702624373137951,0.000920993450563401,0.5973002910614014,0.38316476345062256,0.019534990191459656,0.38777291774749756,0.004543031100183725,0.003871403867378831,0.06901151686906815,0.3052298128604889,0.5777653008699417
macron2022_c002,macron2022,macron,en,2022-12-31,new_year_address,2,81,69,0.013319112360477448,0.005062291864305735,0.08288677036762238,0.022899318486452103,0.006315914914011955,0.0012452536029741168,0.004198783542960882,0.002100891200825572,0.21887461841106415,0.0009694946347735822,0.001319207949563861,0.0198505949229002,0.016052719205617905,0.025516187772154808,0.018661219626665115,0.7831019163131714,0.008388906717300415,0.0007898901239968836,0.007346657570451498,0.0022665574215352535,0.001122981309890747,0.0024346993304789066,0.005507664754986763,0.0035221611615270376,0.003365003503859043,0.0013572359457612038,0.0014923091512173414,0.005165410228073597,0.04271138086915016,0.3339669406414032,0.6233216524124146,0.21887461841106415,0.025516187772154808,0.0198505949229002,0.7831019163131714,0.08288677036762238,-0.5806102715432644
macron2022_c003,macron2022,macron,en,2022-12-31,new_year_address,3,137,116,0.0024614636786282063,0.0007927524857223034,0.1674836128950119,0.008569363504648209,0.019203856587409973,0.00017881454550661147,0.0032741790637373924,0.0009561267215758562,0.030662264674901962,0.0006113204872235656,0.0480346642434597,0.011318912729620934,0.005916318856179714,0.03496299311518669,0.006988923996686935,0.00797923281788826,0.022025352343916893,0.002712892135605216,0.002511227037757635,0.026794716715812683,0.002235651249065995,0.24963049590587616,0.00296531873755157,0.0031694131903350353,0.003130462486296892,0.0010771763045340776,0.009883517399430275,0.6553281545639038,0.042719658464193344,0.5167768597602844,0.4405035078525543,0.030662264674901962,0.03496299311518669,0.011318912729620934,0.6553281545639038,0.1674836128950119,-0.397783849388361
macron2022_c004,macron2022,macron,en,2022-12-31,new_year_address,4,160,137,0.15754128992557526,0.5016825199127197,0.08847004920244217,0.36744436621665955,0.03542446345090866,0.014761068858206272,0.004234610591083765,0.0076184701174497604,0.03676748275756836,0.01703801564872265,0.0011886468855664134,0.0047490475699305534,0.013308124616742134,0.003510053502395749,0.006660918705165386,0.003687951248139143,0.002313826931640506,0.000791642814874649,0.0010076703038066626,0.0007590179448015988,0.0009996520821005106,0.0009763807174749672,0.0008602639427408576,0.0007657891255803406,0.0017150160856544971,0.00052933010738343,0.0005259386380203068,0.00040738805546425283,0.6200188398361206,0.3479629456996918,0.032018259167671204,0.5016825199127197,0.003510053502395749,0.006660918705165386,0.03542446345090866,0.08847004920244217,0.5880005806684494
macron2022_c005,macron2022,macron,en,2022-12-31,new_year_address,5,147,126,0.01712968945503235,0.004063824191689491,0.3617909848690033,0.515861451625824,0.11845354735851288,0.007047536317259073,0.0048827496357262135,0.010084059089422226,0.05659518018364906,0.01215637382119894,0.0009591522975824773,0.006652349606156349,0.0056773219257593155,0.005335517227649689,0.004548151511698961,0.016605904325842857,0.001909696846269071,0.0010001984192058444,0.0014090186450630426,0.0013776643900200725,0.0007048555416986346,0.0015792693011462688,0.0012888549827039242,0.00072929059388116,0.0010358794825151563,0.0012810889165848494,0.0013292555231601,0.0005410904996097088,0.38750576972961426,0.5729440450668335,0.039550237357616425,0.515861451625824,0.005335517227649689,0.006652349606156349,0.11845354735851288,0.3617909848690033,0.34795553237199783
macron2022_c006,macron2022,macron,en,2022-12-31,new_year_address,6,138,112,0.5170875787734985,0.042280517518520355,0.122800812125206,0.14357304573059082,0.04225923493504524,0.2720933258533478,0.04560627043247223,0.04701300337910652,0.0664525106549263,0.035747915506362915,0.00786524172872305,0.018569793552160263,0.012444905936717987,0.014162843115627766,0.006218630354851484,0.03593830019235611,0.0046647354029119015,0.003577369498088956,0.0015733592445030808,0.0028795991092920303,0.0041695511899888515,0.0007089271675795317,0.0029117006342858076,0.00451686279848218,0.0018296020571142435,0.001159987528808415,0.0017871428281068802,0.00045701503404416144,0.8391211032867432,0.1524331420660019,0.00844581238925457,0.5170875787734985,0.014162843115627766,0.018569793552160263,0.04225923493504524,0.122800812125206,0.8306752908974886
macron2022_c007,macron2022,macron,en,2022-12-31,new_year_address,7,118,103,0.031008636578917503,0.002291647717356682,0.09235499799251556,0.15414027869701385,0.02365024760365486,0.004487934987992048,0.02581501007080078,0.007871748879551888,0.7463020086288452,0.004038756713271141,0.012339400127530098,0.0041634696535766125,0.06097292900085449,0.010048179887235165,0.008183651603758335,0.07079607993364334,0.0048194946721196175,0.0012596797896549106,0.0029810327105224133,0.021891610696911812,0.001922938390634954,0.05184028297662735,0.0010898415930569172,0.0019189242739230394,0.003986545372754335,0.0007829417590983212,0.014013724401593208,0.1342211365699768,0.4658978283405304,0.46304062008857727,0.07106153666973114,0.7463020086288452,0.021891610696911812,0.008183651603758335,0.1342211365699768,0.09235499799251556,0.39483629167079926
macron2022_c008,macron2022,macron,en,2022-12-31,new_year_address,8,152,131,0.01221624854952097,0.0018002850702032447,0.30125340819358826,0.43270358443260193,0.01470055989921093,0.0007066180114634335,0.00826420821249485,0.0018160672625526786,0.26089802384376526,0.0015034383395686746,0.0026490427553653717,0.0030846099834889174,0.057345081120729446,0.0017095169750973582,0.005638736765831709,0.023875601589679718,0.0011184397153556347,0.00021981392637826502,0.006220856215804815,0.0018016676185652614,0.0004609961761161685,0.02262933738529682,0.0006246670382097363,0.0011444410774856806,0.0008369105053134263,0.0006056651473045349,0.0010449117980897427,0.1474301815032959,0.16866950690746307,0.7044099569320679,0.12692053616046906,0.43270358443260193,0.0018016676185652614,0.005638736765831709,0.1474301815032959,0.30125340819358826,0.04174897074699402
macron2022_c009,macron2022,macron,en,2022-12-31,new_year_address,9,106,90,0.03225969895720482,0.9242410063743591,0.025851335376501083,0.03912494704127312,0.00823375303298235,0.0010084002278745174,0.010766681283712387,0.00566911231726408,0.1331065148115158,0.0035497117787599564,0.008321398869156837,0.0030047385953366756,0.015097523108124733,0.001732540549710393,0.0034065747167915106,0.008124266751110554,0.0016615852946415544,0.0005237719160504639,0.0027239916380494833,0.0017728152452036738,0.0009910119697451591,0.0740501657128334,0.0006816426175646484,0.0012557217851281166,0.0023415032774209976,0.0014025237178429961,0.0010827339719980955,0.21432310342788696,0.42317676544189453,0.48420748114585876,0.09261567890644073,0.9242410063743591,0.0023415032774209976,0.0034065747167915106,0.21432310342788696,0.025851335376501083,0.3305610865354538
macron2022_c010,macron2022,macron,en,2022-12-31,new_year_address,10,154,136,0.00813524890691042,0.0007472513243556023,0.279895156621933,0.3218977153301239,0.024205194786190987,0.0006150169065222144,0.010056559927761555,0.0018486283952370286,0.20185326039791107,0.0009591056150384247,0.0038487690035253763,0.003927982412278652,0.00759330065920949,0.003988949581980705,0.0071027036756277084,0.07089728116989136,0.0014113426441326737,0.0003748804738279432,0.0037966626696288586,0.0016545327380299568,0.00043809361523017287,0.033460281789302826,0.0008413053001277149,0.0010502052027732134,0.0008613884565420449,0.0006467609200626612,0.001007793820463121,0.1763119250535965,0.06969321519136429,0.8369015455245972,0.09340519458055496,0.3218977153301239,0.003988949581980705,0.0071027036756277084,0.1763119250535965,0.279895156621933,-0.023711979389190674
macron2022_c011,macron2022,macron,en,2022-12-31,new_year_address,11,152,134,0.031687963753938675,0.003457598853856325,0.334267258644104,0.48382431268692017,0.02637084759771824,0.002527868840843439,0.0038000743370503187,0.002964892890304327,0.18588100373744965,0.002808749210089445,0.0007349443039856851,0.0032456412445753813,0.011725179851055145,0.002868250710889697,0.005323517136275768,0.03917372599244118,0.001015553018078208,0.00021971800015307963,0.0017513734055683017,0.0008325890521518886,0.0003740273241419345,0.002015476580709219,0.0007037376635707915,0.0005120403948239982,0.0005181723972782493,0.000611392199061811,0.0004898026818409562,0.0019108423730358481,0.20378610491752625,0.720933735370636,0.07528023421764374,0.48382431268692017,0.002868250710889697,0.005323517136275768,0.03917372599244118,0.334267258644104,0.1285058706998825
macron2022_c012,macron2022,macron,en,2022-12-31,new_year_address,12,108,93,0.01351502351462841,0.006547928787767887,0.44097012281417847,0.24166937172412872,0.12535779178142548,0.004801495000720024,0.0013773750979453325,0.001920362119562924,0.13392648100852966,0.007501501124352217,0.000733420078177005,0.005608105566352606,0.022541405633091927,0.012340104207396507,0.00589325837790966,0.01052933931350708,0.006673560477793217,0.0014109871117398143,0.0007859751931391656,0.0028790871147066355,0.0010792597895488143,0.002801731461659074,0.0010580820962786674,0.0007690555066801608,0.0038950054440647364,0.0003690870071295649,0.002824990777298808,0.00071556749753654,0.1918535977602005,0.7425355315208435,0.06561080366373062,0.24166937172412872,0.012340104207396507,0.00589325837790966,0.12535779178142548,0.44097012281417847,0.12624279409646988
macron2022_c013,macron2022,macron,en,2022-12-31,new_year_address,13,117,101,0.049779538065195084,0.005952990148216486,0.2545367479324341,0.25998446345329285,0.033706068992614746,0.005182440858334303,0.005140035413205624,0.002218358451500535,0.39121928811073303,0.0026007164269685745,0.0011506029404699802,0.005562597885727882,0.013383224606513977,0.006956534460186958,0.007535078562796116,0.14499013125896454,0.0017101818230003119,0.000445456535089761,0.001614677021279931,0.0014338535256683826,0.0006212472217157483,0.0021648432593792677,0.0009853884112089872,0.0008905133581720293,0.0010948458220809698,0.00045452103950083256,0.0007363541517406702,0.0016719738487154245,0.3793925642967224,0.5567132234573364,0.06389420479536057,0.39121928811073303,0.006956534460186958,0.007535078562796116,0.14499013125896454,0.2545367479324341,0.31549835950136185
macron2022_c014,macron2022,macron,en,2022-12-31,new_year_address,14,110,95,0.019298197701573372,0.005570598412305117,0.1038307473063469,0.042817894369363785,0.006246815901249647,0.0014721369370818138,0.008475296199321747,0.0040380931459367275,0.135842964053154,0.0012193054426461458,0.0011650653323158622,0.009188991039991379,0.01568724401295185,0.006481212563812733,0.003932557534426451,0.7955908179283142,0.0032215008977800608,0.0004993933835066855,0.005431376863270998,0.0011043845443055034,0.0007104644901119173,0.0017787045799195766,0.0024196694139391184,0.001866632024757564,0.0017110761255025864,0.001914624823257327,0.0009451647638343275,0.005533669143915176,0.32232850790023804,0.48028209805488586,0.1973894089460373,0.135842964053154,0.006481212563812733,0.009188991039991379,0.7955908179283142,0.1038307473063469,0.12493909895420074
macron2022_c015,macron2022,macron,en,2022-12-31,new_year_address,15,88,81,0.09477047622203827,0.0089108319953084,0.1486472189426422,0.38167837262153625,0.014152832329273224,0.00578088266775012,0.004654250107705593,0.0021966530475765467,0.43900638818740845,0.00334983435459435,0.0007988574216142297,0.005871269386261702,0.14324909448623657,0.0029468643479049206,0.008525632321834564,0.11366640776395798,0.0015069879591464996,0.00033935048850253224,0.0037117411848157644,0.0019154733745381236,0.0007479038904421031,0.0016511187423020601,0.0008741202764213085,0.001639406313188374,0.0010842966148629785,0.0004449229163583368,0.0009653162560425699,0.002367684617638588,0.4903789162635803,0.4809923470020294,0.02862873673439026,0.43900638818740845,0.0029468643479049206,0.008525632321834564,0.11366640776395798,0.1486472189426422,0.46175017952919006
macron2022_c016,macron2022,macron,en,2022-12-31,new_year_address,16,124,108,0.11885103583335876,0.006581535097211599,0.2049659788608551,0.4353339374065399,0.026156844571232796,0.006589144468307495,0.007805537898093462,0.0029292975086718798,0.3051879107952118,0.0030315250623971224,0.0010560377268120646,0.00355919124558568,0.020475292578339577,0.0028561430517584085,0.005280762445181608,0.05129697173833847,0.0011490066535770893,0.0003566711093299091,0.0016628402518108487,0.001281369593925774,0.0005050455220043659,0.0016351178055629134,0.0007555701886303723,0.0007005241350270808,0.0008425941341556609,0.000600192230194807,0.0006156663876026869,0.001987331546843052,0.8717644810676575,0.12124928086996078,0.006986247841268778,0.4353339374065399,0.0028561430517584085,0.005280762445181608,0.05129697173833847,0.2049659788608551,0.8647782332263887
macron2022_c017,macron2022,macron,en,2022-12-31,new_year_address,17,92,79,0.23460522294044495,0.0383317656815052,0.22735321521759033,0.2061854749917984,0.06322403997182846,0.02056851051747799,0.0026627392508089542,0.006093780510127544,0.03990204259753227,0.019300471991300583,0.0014760562917217612,0.005318985320627689,0.053115114569664,0.018962528556585312,0.004583348054438829,0.011347726918756962,0.056621816009283066,0.0015845930902287364,0.00271258014254272,0.0016977093182504177,0.007366369944065809,0.0007639217656105757,0.0011287825182080269,0.0010936575708910823,0.006247301585972309,0.0005012450274080038,0.001339050941169262,0.0006553315324708819,0.8477324843406677,0.14604495465755463,0.00622253492474556,0.23460522294044495,0.056621816009283066,0.005318985320627689,0.06322403997182846,0.22735321521759033,0.8415099494159222
macron2022_c018,macron2022,macron,en,2022-12-31,new_year_address,18,111,102,0.13157165050506592,0.006567661184817553,0.19817769527435303,0.41505858302116394,0.03419627994298935,0.007436656858772039,0.0024540305603295565,0.002277848543599248,0.19298622012138367,0.006423171143978834,0.0006053997203707695,0.006014207378029823,0.09914938360452652,0.010821051895618439,0.009050173684954643,0.051665905863046646,0.00828569196164608,0.0005641980678774416,0.0036937689874321222,0.0015962709439918399,0.001665326883085072,0.0012439845595508814,0.0008918623207136989,0.00115931814070791,0.002071621362119913,0.00035943632246926427,0.0013748425990343094,0.001285735284909606,0.7410640120506287,0.24612294137477875,0.012813067063689232,0.41505858302116394,0.010821051895618439,0.009050173684954643,0.051665905863046646,0.19817769527435303,0.7282509449869394
macron2022_c019,macron2022,macron,en,2022-12-31,new_year_address,19,129,117,0.21664050221443176,0.008798167109489441,0.1367824226617813,0.47516804933547974,0.02037150040268898,0.00951722078025341,0.008205268532037735,0.004302978049963713,0.4168587028980255,0.0031804905738681555,0.001229265471920371,0.004841394256800413,0.021222686395049095,0.003149778349325061,0.005909886676818132,0.06771115958690643,0.0010266643948853016,0.00030002908897586167,0.0026466527488082647,0.0009669031715020537,0.0005615049740299582,0.001703773275949061,0.0008219147566705942,0.0011656804708763957,0.000824559130705893,0.0005776520119979978,0.00045417496585287154,0.0019578125793486834,0.8732489347457886,0.12020939588546753,0.006541715934872627,0.47516804933547974,0.003149778349325061,0.005909886676818132,0.06771115958690643,0.1367824226617813,0.866707218810916
macron2022_c020,macron2022,macron,en,2022-12-31,new_year_address,20,139,117,0.02179678902029991,0.002127629006281495,0.32854458689689636,0.4942324161529541,0.04663975536823273,0.002124826656654477,0.0020765915978699923,0.001512414775788784,0.19673943519592285,0.0021796259097754955,0.0009110338287428021,0.008932149037718773,0.009259475395083427,0.0063601769506931305,0.034667644649744034,0.015381098724901676,0.0012013745727017522,0.0003916605783160776,0.0014165478060021996,0.0006691999151371419,0.0003686119453050196,0.0031969838310033083,0.0009265401167795062,0.0010462087811902165,0.0007411733968183398,0.0004463640507310629,0.00038350102840922773,0.0012448059860616922,0.43328961730003357,0.504348635673523,0.062361765652894974,0.4942324161529541,0.0063601769506931305,0.034667644649744034,0.04663975536823273,0.32854458689689636,0.3709278516471386
macron2022_c021,macron2022,macron,en,2022-12-31,new_year_address,21,105,96,0.010208111256361008,0.0022867454681545496,0.13936534523963928,0.07474489510059357,0.044052645564079285,0.0018301430391147733,0.003972948994487524,0.003029532264918089,0.7387175559997559,0.003572475863620639,0.0018513412214815617,0.009462645277380943,0.021499278023838997,0.09644830226898193,0.013805975206196308,0.10978227108716965,0.015651073306798935,0.0013129465514793992,0.002755772555246949,0.0027777967043220997,0.0013979611685499549,0.003586830571293831,0.0013638183008879423,0.0008902143454179168,0.00581330293789506,0.0011302308412268758,0.0034067444503307343,0.0024786051362752914,0.1655144989490509,0.6406762599945068,0.19380925595760345,0.7387175559997559,0.09644830226898193,0.013805975206196308,0.10978227108716965,0.13936534523963928,-0.02829475700855255
macron2022_c022,macron2022,macron,en,2022-12-31,new_year_address,22,105,94,0.0357942096889019,0.0054457406513392925,0.21380342543125153,0.6000810265541077,0.027221178635954857,0.006270627491176128,0.0037776236422359943,0.0030411193147301674,0.20084361732006073,0.005887066014111042,0.0005665381322614849,0.0054483008570969105,0.03829893469810486,0.004071591421961784,0.008149022236466408,0.03483252227306366,0.002571894321590662,0.0004663030558731407,0.0016714303055778146,0.0017268010415136814,0.0007380138267762959,0.0014660221058875322,0.0007936221081763506,0.0010041359346359968,0.0011304885847494006,0.00045233702985569835,0.0011036588111892343,0.0010757395066320896,0.1406329721212387,0.6379268765449524,0.2214401662349701,0.6000810265541077,0.004071591421961784,0.008149022236466408,0.03483252227306366,0.21380342543125153,-0.08080719411373138
macron2022_c023,macron2022,macron,en,2022-12-31,new_year_address,23,161,124,0.04472309350967407,0.0064974999986588955,0.3349899351596832,0.24765940010547638,0.024071721360087395,0.003936519846320152,0.006085538305342197,0.0022733695805072784,0.3359355032444,0.002030421746894717,0.0011794216698035598,0.00467678764835,0.010567652992904186,0.004611740820109844,0.012335757724940777,0.09308252483606339,0.0010675117373466492,0.0003182943619322032,0.0018731197342276573,0.0008701306651346385,0.0004156890499871224,0.0017744654323905706,0.0007096612825989723,0.0006972710834816098,0.0007989932782948017,0.0004702906298916787,0.00046179929631762207,0.0013484841911122203,0.5377287864685059,0.4416382312774658,0.02063300646841526,0.3359355032444,0.004611740820109844,0.012335757724940777,0.09308252483606339,0.3349899351596832,0.5170957800000906
macron2022_c024,macron2022,macron,en,2022-12-31,new_year_address,24,154,134,0.8629950881004333,0.07648330181837082,0.048390232026576996,0.17571915686130524,0.009650427848100662,0.019350962713360786,0.008532050997018814,0.0031882282346487045,0.18694229423999786,0.0032710200175642967,0.0017951816553249955,0.006212954875081778,0.07067905366420746,0.0027311344165354967,0.007524662185460329,0.0313824824988842,0.0019274904625490308,0.0004488833073992282,0.004420056939125061,0.0014539615949615836,0.0010656157974153757,0.0012978252489119768,0.0011504649883136153,0.0018134054262191057,0.001465318608097732,0.0006259185611270368,0.0005344182136468589,0.0020689868833869696,0.5380135178565979,0.4334692060947418,0.028517305850982666,0.8629950881004333,0.0027311344165354967,0.007524662185460329,0.0313824824988842,0.048390232026576996,0.5094962120056152
macron2022_c025,macron2022,macron,en,2022-12-31,new_year_address,25,111,87,0.059948377311229706,0.7298259735107422,0.03644333407282829,0.05310019478201866,0.008211759850382805,0.004741868004202843,0.03891300782561302,0.016062960028648376,0.3094046413898468,0.004292909521609545,0.0028118747286498547,0.0022873885463923216,0.010177643969655037,0.0014495985815301538,0.0015153692802414298,0.08028005063533783,0.0010385558707639575,0.00031066202791407704,0.00167602370493114,0.000737174937967211,0.0005209260270930827,0.001841209246776998,0.0006758051458746195,0.0005677652079612017,0.0009511313401162624,0.0014997062971815467,0.00048786361003294587,0.003258502809330821,0.8635120987892151,0.13308309018611908,0.003404854331165552,0.7298259735107422,0.0014495985815301538,0.0022873885463923216,0.08028005063533783,0.03644333407282829,0.8601072444580495
macron2022_c026,macron2022,macron,en,2022-12-31,new_year_address,26,177,156,0.08963009715080261,0.0803861990571022,0.04313966631889343,0.06476911157369614,0.0043525598011910915,0.0036395350471138954,0.009749036282300949,0.00646205386146903,0.28306108713150024,0.003107768716290593,0.0010782398749142885,0.005904748570173979,0.1991194784641266,0.0030016517266631126,0.004011847544461489,0.6440654993057251,0.0032699895091354847,0.0004444464575499296,0.01689106412231922,0.0015356417279690504,0.001330640516243875,0.0014228826621547341,0.0018553213449195027,0.0017830440774559975,0.0035478933714330196,0.0012844568118453026,0.0011905506253242493,0.005209540948271751,0.9050396680831909,0.08966559916734695,0.005294774658977985,0.28306108713150024,0.0035478933714330196,0.005904748570173979,0.6440654993057251,0.04313966631889343,0.8997448934242129
macron2023_c000,macron2023,macron,en,2023-12-31,new_year_address,0,117,103,0.0278640054166317,0.9086468815803528,0.02118690498173237,0.04087413102388382,0.004234053660184145,0.0031416770070791245,0.0054486882872879505,0.008515995927155018,0.052378810942173004,0.007016142830252647,0.0008435011259280145,0.0064779007807374,0.22371315956115723,0.002826261566951871,0.005727760959416628,0.14770200848579407,0.011259478516876698,0.0008927350281737745,0.020094484090805054,0.001585029880516231,0.0029693208634853363,0.0015241940272971988,0.0020928015001118183,0.0028849972877651453,0.01996951922774315,0.0011717003071680665,0.0011988756014034152,0.004179734271019697,0.8150662183761597,0.1760205179452896,0.008913204073905945,0.9086468815803528,0.01996951922774315,0.0064779007807374,0.14770200848579407,0.02118690498173237,0.8061530143022537
macron2023_c001,macron2023,macron,en,2023-12-31,new_year_address,1,84,68,0.0025480107869952917,0.002199809532612562,0.17934763431549072,0.015326729975640774,0.028522467240691185,0.0013205499853938818,0.0026150308549404144,0.004895089194178581,0.04435529187321663,0.005154285114258528,0.0024935556575655937,0.008548703044652939,0.06582923233509064,0.04240681976079941,0.004959882237017155,0.06488540023565292,0.5572983026504517,0.0013189041055738926,0.0036801558453589678,0.021696284413337708,0.021885333582758904,0.0015321522951126099,0.0029978470411151648,0.003119080327451229,0.009014548733830452,0.0012040111469104886,0.01747554913163185,0.0016121062217280269,0.007413005921989679,0.14185848832130432,0.850728452205658,0.06582923233509064,0.5572983026504517,0.008548703044652939,0.06488540023565292,0.17934763431549072,-0.8433154462836683
macron2023_c002,macron2023,macron,en,2023-12-31,new_year_address,2,110,89,0.013378629460930824,0.0023259040899574757,0.09793341159820557,0.0702788457274437,0.07602572441101074,0.01296260580420494,0.012046842835843563,0.275113970041275,0.011208076030015945,0.07602832466363907,0.0025509162805974483,0.02666282281279564,0.015703421086072922,0.11230143159627914,0.011950417421758175,0.003982109483331442,0.12002299726009369,0.00652520963922143,0.0036165183410048485,0.04824071004986763,0.008472399786114693,0.004334028344601393,0.002208755351603031,0.004014923702925444,0.004551507066935301,0.005904804449528456,0.13348768651485443,0.0012882393784821033,0.008199725300073624,0.13429468870162964,0.8575056195259094,0.275113970041275,0.13348768651485443,0.02666282281279564,0.07602572441101074,0.09793341159820557,-0.8493058942258358
macron2023_c003,macron2023,macron,en,2023-12-31,new_year_address,3,105,84,0.07314087450504303,0.007221524603664875,0.17307302355766296,0.35310807824134827,0.01830013282597065,0.005489659961313009,0.005741060711443424,0.0024019421543926,0.41233551502227783,0.002138604177162051,0.0010316588450223207,0.006566930096596479,0.01805209368467331,0.004442388657480478,0.007405217736959457,0.2236323356628418,0.0012643616646528244,0.00033350862213410437,0.002785111777484417,0.0012547473888844252,0.0005435450584627688,0.0017523674760013819,0.0012147166999056935,0.0014112083008512855,0.000847881194204092,0.000541901565156877,0.0005609026993624866,0.0021131255198270082,0.861554741859436,0.1273634433746338,0.011081837117671967,0.41233551502227783,0.004442388657480478,0.007405217736959457,0.2236323356628418,0.17307302355766296,0.8504729047417641
macron2023_c004,macron2023,macron,en,2023-12-31,new_year_address,4,114,96,0.22756992280483246,0.6257338523864746,0.08242380619049072,0.16832411289215088,0.01933533512055874,0.006094601005315781,0.0030293441377580166,0.0026421579532325268,0.03330859914422035,0.005316442344337702,0.0014743373030796647,0.010915113613009453,0.004222639370709658,0.012501303106546402,0.031112637370824814,0.016523944213986397,0.0018504011677578092,0.0008052671328186989,0.001589398947544396,0.0003782596322707832,0.0006866587791591883,0.0020296054426580667,0.0013913281727582216,0.0010575337801128626,0.0016352977836504579,0.0003104056522715837,0.0002507661411073059,0.0009088939987123013,0.7322649359703064,0.24477043747901917,0.022964611649513245,0.6257338523864746,0.012501303106546402,0.031112637370824814,0.01933533512055874,0.08242380619049072,0.7093003243207932
macron2023_c005,macron2023,macron,en,2023-12-31,new_year_address,5,104,76,0.005116058513522148,0.0017883043037727475,0.4789568781852722,0.13254067301750183,0.03025439754128456,0.0014846553094685078,0.00956389307975769,0.005577919539064169,0.1615239530801773,0.0019135791808366776,0.0010627219453454018,0.005132515914738178,0.0025476545561105013,0.00562172569334507,0.003966798540204763,0.24163348972797394,0.0014885247219353914,0.0003981411864515394,0.002011645585298538,0.001077644294127822,0.0004230243503116071,0.002622682834044099,0.0010779440635815263,0.0008685969514772296,0.0006490452797152102,0.0015816070372238755,0.0008245183271355927,0.0021747674327343702,0.7125065922737122,0.28044864535331726,0.007044732104986906,0.1615239530801773,0.00562172569334507,0.005132515914738178,0.24163348972797394,0.4789568781852722,0.7054618601687253
macron2023_c006,macron2023,macron,en,2023-12-31,new_year_address,6,80,71,0.08910618722438812,0.9107041358947754,0.038625992834568024,0.16936025023460388,0.01605244167149067,0.005541612394154072,0.005776647012680769,0.007252065930515528,0.022372357547283173,0.007518486585468054,0.0013596111675724387,0.0033534518443048,0.006021135952323675,0.0015023512532934546,0.0036090498324483633,0.0024736502673476934,0.0010041752830147743,0.0004972326569259167,0.0007691401406191289,0.0005323091754689813,0.0004677980614360422,0.0011582485167309642,0.0007981992093846202,0.0005459891399368644,0.0009220928186550736,0.0006631077849306166,0.00026339973555877805,0.0005924199358560145,0.9284375905990601,0.06608749181032181,0.0054748933762311935,0.9107041358947754,0.0015023512532934546,0.0036090498324483633,0.01605244167149067,0.038625992834568024,0.9229626972228289
macron2023_c007,macron2023,macron,en,2023-12-31,new_year_address,7,156,133,0.027661237865686417,0.006839060224592686,0.39584484696388245,0.3435792326927185,0.02933277003467083,0.007490294985473156,0.005135407205671072,0.0026988391764461994,0.2653024196624756,0.004836703650653362,0.0008669688832014799,0.004858357831835747,0.03661416098475456,0.002629538532346487,0.003671832149848342,0.051959387958049774,0.001501644728705287,0.00044789633830077946,0.0011686389334499836,0.0027556023560464382,0.0007264016894623637,0.0010368387447670102,0.0009409869671799242,0.0010338017018511891,0.0008517136448062956,0.0005469800671562552,0.0010078157065436244,0.0007911393768154085,0.782265841960907,0.20706942677497864,0.010664732195436954,0.3435792326927185,0.0027556023560464382,0.004858357831835747,0.051959387958049774,0.39584484696388245,0.77160110976547
macron2023_c008,macron2023,macron,en,2023-12-31,new_year_address,8,154,124,0.036437973380088806,0.0032390684355050325,0.33208414912223816,0.33168771862983704,0.02035895735025406,0.0034363362938165665,0.0077276877127587795,0.0025213882327079773,0.2078787088394165,0.0023001935333013535,0.0007741849985904992,0.006044739857316017,0.01481394749134779,0.003765889210626483,0.004412421025335789,0.16093651950359344,0.00112362380605191,0.0002936969103757292,0.001624335185624659,0.0009377527749165893,0.0004045993264298886,0.0012306174030527472,0.0009480344597250223,0.0009193600271828473,0.0005764205125160515,0.0006990379770286381,0.0006204625824466348,0.0022145460825413465,0.452800452709198,0.5255885720252991,0.021611006930470467,0.33168771862983704,0.003765889210626483,0.006044739857316017,0.16093651950359344,0.33208414912223816,0.43118944577872753
macron2023_c009,macron2023,macron,en,2023-12-31,new_year_address,9,90,77,0.08090914040803909,0.006611257325857878,0.23539936542510986,0.3820510506629944,0.017343096435070038,0.0056584677658975124,0.007030236069113016,0.0022480622865259647,0.33896440267562866,0.0020379219204187393,0.0009317426010966301,0.006384239532053471,0.01958087459206581,0.002849443582817912,0.006219226401299238,0.1016216054558754,0.0009073901455849409,0.00031239117379300296,0.0017088684253394604,0.0009408955229446292,0.0004497855552472174,0.001428213668987155,0.0009881524601951241,0.001297863433137536,0.0006599462940357625,0.0005763842491433024,0.00042561430018395185,0.00198925519362092,0.7572849988937378,0.2327195256948471,0.00999548938125372,0.3820510506629944,0.002849443582817912,0.006384239532053471,0.1016216054558754,0.23539936542510986,0.7472895095124841
macron2023_c010,macron2023,macron,en,2023-12-31,new_year_address,10,145,118,0.05705845355987549,0.007094664499163628,0.11130732297897339,0.2106664478778839,0.01448038499802351,0.004901140928268433,0.010822301730513573,0.00351356971077621,0.6488818526268005,0.002043574582785368,0.0015334623167291284,0.007411845959722996,0.015917301177978516,0.00515341479331255,0.006153021473437548,0.24629445374011993,0.0015540783060714602,0.0004564174741972238,0.0018123637419193983,0.0013284145388752222,0.0005805948167107999,0.0014738102909177542,0.001147103263065219,0.0015955370618030429,0.0010641762055456638,0.0008183370810002089,0.0006022441666573286,0.002484873402863741,0.8019413948059082,0.18672427535057068,0.011334306560456753,0.6488818526268005,0.00515341479331255,0.007411845959722996,0.24629445374011993,0.11130732297897339,0.7906070882454515
macron2023_c011,macron2023,macron,en,2023-12-31,new_year_address,11,149,111,0.029988322407007217,0.0032085715793073177,0.2704336941242218,0.2519790232181549,0.01535946223884821,0.0025363354943692684,0.008810167200863361,0.003133959835395217,0.4235258102416992,0.0016899212496355176,0.0010362614411860704,0.003991961479187012,0.0090998075902462,0.0031037249136716127,0.0042754122987389565,0.12574003636837006,0.0009007190237753093,0.00027784015401266515,0.0014898414956405759,0.0009268161375075579,0.00033948232885450125,0.0015554337296634912,0.0007867102976888418,0.0007702872972004116,0.0006127607193775475,0.0010508972918614745,0.0004651052877306938,0.0025528958067297935,0.780522882938385,0.2111228108406067,0.008354281075298786,0.4235258102416992,0.0031037249136716127,0.0042754122987389565,0.12574003636837006,0.2704336941242218,0.7721686018630862
macron2023_c012,macron2023,macron,en,2023-12-31,new_year_address,12,160,135,0.047304898500442505,0.006037132348865271,0.3003876805305481,0.39266565442085266,0.019241081550717354,0.005692566744983196,0.004919619765132666,0.001752297393977642,0.36965104937553406,0.002955046482384205,0.0007475148886442184,0.008587542921304703,0.08954409509897232,0.0033051902428269386,0.013490036129951477,0.05865582451224327,0.001325093093328178,0.00033253704896196723,0.0016988629940897226,0.0012502575991675258,0.0006012345547787845,0.0015313427429646254,0.0007808968075551093,0.0019907590467482805,0.0008585548494011164,0.00040743386489339173,0.0006313177291303873,0.0018753338372334838,0.6291670203208923,0.35645729303359985,0.014375675469636917,0.39266565442085266,0.0033051902428269386,0.013490036129951477,0.05865582451224327,0.3003876805305481,0.6147913448512554
macron2023_c013,macron2023,macron,en,2023-12-31,new_year_address,13,145,127,0.003852441906929016,0.0007952159503474832,0.35178157687187195,0.13335517048835754,0.026008732616901398,0.0005109371268190444,0.0017527887830510736,0.000849490868858993,0.1579267829656601,0.0006062865722924471,0.001448873314075172,0.008851144462823868,0.009927598759531975,0.007280074059963226,0.012301226146519184,0.016058247536420822,0.002493959851562977,0.0006261447560973465,0.003116092411801219,0.005062952172011137,0.0005813910975120962,0.2472633272409439,0.0018841181881725788,0.0028564336244016886,0.0014755572192370892,0.00044275648542679846,0.0020246522035449743,0.10351983457803726,0.3414728343486786,0.6276761293411255,0.030851060524582863,0.1579267829656601,0.007280074059963226,0.012301226146519184,0.2472633272409439,0.35178157687187195,0.3106217738240957
macron2023_c014,macron2023,macron,en,2023-12-31,new_year_address,14,120,94,0.28561851382255554,0.02817627228796482,0.09506888687610626,0.18665474653244019,0.02024472877383232,0.11991175264120102,0.07353571057319641,0.06896273046731949,0.5375905632972717,0.02340574935078621,0.0061860354617238045,0.00838674046099186,0.028236636891961098,0.00653623603284359,0.004358817357569933,0.1062317043542862,0.002715934766456485,0.0011917278170585632,0.0021155010908842087,0.0023774222936481237,0.0025572585873305798,0.0012006115866824985,0.001139892847277224,0.002707217587158084,0.0022171081509441137,0.0014122388092800975,0.001700422028079629,0.0012706727720797062,0.9741544723510742,0.0234150942414999,0.0024303931277245283,0.5375905632972717,0.00653623603284359,0.00838674046099186,0.1062317043542862,0.09506888687610626,0.9717240792233497
macron2023_c015,macron2023,macron,en,2023-12-31,new_year_address,15,89,71,0.16026441752910614,0.02648782916367054,0.14830747246742249,0.07839873433113098,0.049477819353342056,0.21710380911827087,0.12536446750164032,0.20203422009944916,0.07677415013313293,0.04679670184850693,0.009930669330060482,0.0075397188775241375,0.012938931584358215,0.005955417640507221,0.0027032378129661083,0.03961851820349693,0.0051530408672988415,0.0035905337426811457,0.0016864110948517919,0.005003981292247772,0.00458577461540699,0.001241466379724443,0.0016350641380995512,0.0029896574560552835,0.0025630483869463205,0.002390567446127534,0.003950023092329502,0.0008097575046122074,0.9425359964370728,0.05486775562167168,0.002596293343231082,0.21710380911827087,0.005955417640507221,0.0075397188775241375,0.049477819353342056,0.14830747246742249,0.9399397030938417
macron2023_c016,macron2023,macron,en,2023-12-31,new_year_address,16,110,80,0.11636365950107574,0.013345185667276382,0.13574495911598206,0.11639033257961273,0.03127306327223778,0.15590722858905792,0.16288000345230103,0.12274426221847534,0.11665812879800797,0.02669796720147133,0.007206007372587919,0.010466018691658974,0.01003971602767706,0.007678014691919088,0.0028119427151978016,0.07819820195436478,0.0038513385225087404,0.0036885398440063,0.0018394301878288388,0.0037834439426660538,0.0029419620987027884,0.0011614790419116616,0.0020850570872426033,0.0037250409368425608,0.002456307876855135,0.0025508676189929247,0.0033600875176489353,0.001209716429002583,0.9143714308738708,0.08334122598171234,0.0022874039132148027,0.16288000345230103,0.007678014691919088,0.010466018691658974,0.07819820195436478,0.13574495911598206,0.912084026960656
macron2023_c017,macron2023,macron,en,2023-12-31,new_year_address,17,143,119,0.2778126001358032,0.016864707693457603,0.21132002770900726,0.30072277784347534,0.05920659378170967,0.1995704025030136,0.03696593642234802,0.02705233544111252,0.10695963352918625,0.027002403512597084,0.006470407824963331,0.012899776920676231,0.01164140086621046,0.007368238177150488,0.008037376217544079,0.0238981693983078,0.0024957337882369757,0.002780841663479805,0.001102736103348434,0.0028970285784453154,0.0026238220743834972,0.0011762426001951098,0.0020303057972341776,0.003095401683822274,0.0015619202749803662,0.0011634196853265166,0.0017481101676821709,0.0005873137270100415,0.9740893244743347,0.023475954309105873,0.0024347633589059114,0.30072277784347534,0.007368238177150488,0.012899776920676231,0.05920659378170967,0.21132002770900726,0.9716545611154288
macron2023_c018,macron2023,macron,en,2023-12-31,new_year_address,18,202,157,0.14044782519340515,0.06804925203323364,0.04277769476175308,0.11068662256002426,0.004171387292444706,0.008052433840930462,0.030593862757086754,0.03548124060034752,0.6807887554168701,0.006617159582674503,0.0016232295893132687,0.003253638744354248,0.27155187726020813,0.001899349270388484,0.003413901198655367,0.18599779903888702,0.0016334372339770198,0.00028337337425909936,0.017460685223340988,0.001378111308440566,0.0011015658965334296,0.001386644085869193,0.0005911503103561699,0.001368482131510973,0.0017184001626446843,0.0013997702626511455,0.0011719352332875133,0.00427843164652586,0.8850247263908386,0.1080198585987091,0.006955365650355816,0.6807887554168701,0.001899349270388484,0.003413901198655367,0.18599779903888702,0.04277769476175308,0.8780693607404828
macron2024_c000,macron2024,macron,en,2024-12-31,new_year_address,0,105,88,0.24344423413276672,0.6877466440200806,0.08729837834835052,0.12689630687236786,0.020347556099295616,0.01352741289883852,0.0064790821634233,0.005340058822184801,0.022427499294281006,0.006074737757444382,0.0015830020420253277,0.004105511121451855,0.005944652482867241,0.0016082850052043796,0.0033472804352641106,0.0032633692026138306,0.001042745541781187,0.0005619284929707646,0.00048622480244375765,0.00069624517345801,0.0005894394125789404,0.0009775012731552124,0.0009439591085538268,0.0006358932587318122,0.0007264213636517525,0.0005083970609121025,0.0002643719199113548,0.0005843374528922141,0.6693028807640076,0.30564695596694946,0.025050140917301178,0.6877466440200806,0.0016082850052043796,0.004105511121451855,0.020347556099295616,0.08729837834835052,0.6442527398467064
macron2024_c001,macron2024,macron,en,2024-12-31,new_year_address,1,135,104,0.26626861095428467,0.04499652236700058,0.12715499103069305,0.09917036443948746,0.0625666007399559,0.34258630871772766,0.06887473165988922,0.19369712471961975,0.01780230551958084,0.08396085351705551,0.012014237232506275,0.01109253615140915,0.011681392788887024,0.011135929264128208,0.003925858065485954,0.010332242585718632,0.00831635296344757,0.007596638984978199,0.0019151088781654835,0.004926361609250307,0.0069395191967487335,0.0012046885676681995,0.0020906496793031693,0.004206745885312557,0.003342830576002598,0.002033272059634328,0.004933561198413372,0.0005437844665721059,0.9346632957458496,0.061870697885751724,0.0034659935627132654,0.34258630871772766,0.011135929264128208,0.01109253615140915,0.0625666007399559,0.12715499103069305,0.9311973021831363
macron2024_c002,macron2024,macron,en,2024-12-31,new_year_address,2,109,82,0.5277791023254395,0.012587828561663628,0.24510005116462708,0.2231692671775818,0.02647951804101467,0.03536338731646538,0.020684754475951195,0.010850716382265091,0.049775462597608566,0.005167958792299032,0.003446978284046054,0.004356103017926216,0.004134653136134148,0.0044983453117311,0.003512526396661997,0.018202301114797592,0.0014432637253776193,0.000579317391384393,0.0021049329079687595,0.0007757354178465903,0.0009677440975792706,0.0008257604786194861,0.0008184867911040783,0.0009113624109886587,0.0006935036508366466,0.0006782370619475842,0.0003952941915486008,0.0008171515073627234,0.9625722169876099,0.034998632967472076,0.002429124666377902,0.5277791023254395,0.0044983453117311,0.004356103017926216,0.02647951804101467,0.24510005116462708,0.960143092321232
macron2024_c003,macron2024,macron,en,2024-12-31,new_year_address,3,97,79,0.7041544914245605,0.02238031104207039,0.13965414464473724,0.19796478748321533,0.01585937663912773,0.02905711904168129,0.017214270308613777,0.006045716814696789,0.1807851940393448,0.004853977356106043,0.003738208906725049,0.00546790799126029,0.017547553405165672,0.00425595510751009,0.004133603069931269,0.0327114574611187,0.0015419614501297474,0.000517683569341898,0.0011088305618613958,0.0009703148971311748,0.0010251846397295594,0.0010043804068118334,0.0008429241715930402,0.0009995668660849333,0.0008829407161101699,0.0006169663392938673,0.000498311361297965,0.0017441846430301666,0.9358437657356262,0.05901078134775162,0.0051454100757837296,0.7041544914245605,0.00425595510751009,0.00546790799126029,0.0327114574611187,0.13965414464473724,0.9306983556598425
macron2024_c004,macron2024,macron,en,2024-12-31,new_year_address,4,118,94,0.023551512509584427,0.002474467968568206,0.299991637468338,0.2021663635969162,0.04694407805800438,0.0031584096141159534,0.001195258810184896,0.002755560213699937,0.02634843997657299,0.008622314780950546,0.0006883902242407203,0.008184615522623062,0.06154695525765419,0.08864077925682068,0.010360347107052803,0.0069602541625499725,0.2496495395898819,0.001220166333951056,0.005581602919846773,0.003392356913536787,0.007980342954397202,0.0016098438063636422,0.0011262916959822178,0.0016732987714931369,0.007607622537761927,0.00039592981920577586,0.005354839377105236,0.001199700403958559,0.3428794741630554,0.5366417765617371,0.12047871947288513,0.2021663635969162,0.2496495395898819,0.010360347107052803,0.04694407805800438,0.299991637468338,0.2224007546901703
macron2024_c005,macron2024,macron,en,2024-12-31,new_year_address,5,129,113,0.008775968104600906,0.001887324033305049,0.11534303426742554,0.6239474415779114,0.09835592657327652,0.0027330820448696613,0.0015069879591464996,0.0038873706944286823,0.026752663776278496,0.014748860150575638,0.0006788090104237199,0.015690794214606285,0.02974400483071804,0.04484410583972931,0.0144217349588871,0.003790096612647176,0.03184498846530914,0.0027098930440843105,0.0027171969413757324,0.00875405315309763,0.0019437620649114251,0.0051632956601679325,0.0015514401020482183,0.0015367943560704589,0.006384626496583223,0.0009341220720671117,0.017923302948474884,0.001482284045778215,0.016245242208242416,0.3380846679210663,0.6456701159477234,0.6239474415779114,0.04484410583972931,0.015690794214606285,0.09835592657327652,0.11534303426742554,-0.629424873739481
macron2024_c006,macron2024,macron,en,2024-12-31,new_year_address,6,111,90,0.08548275381326675,0.8757889866828918,0.023699846118688583,0.11222730576992035,0.004158719442784786,0.0034497769083827734,0.004367962945252657,0.005886872764676809,0.10820432752370834,0.007827349938452244,0.0007405850337818265,0.00498045003041625,0.2476072907447815,0.00141038466244936,0.0066259391605854034,0.024066338315606117,0.0024054697714746,0.00040668901056051254,0.004958352539688349,0.0011820016661658883,0.0012560765026137233,0.0012597661698237062,0.001026734709739685,0.0015331520698964596,0.003834628267213702,0.0007181802648119628,0.0006879013380967081,0.0017337094759568572,0.4398658275604248,0.5421462655067444,0.017987888306379318,0.8757889866828918,0.003834628267213702,0.0066259391605854034,0.024066338315606117,0.023699846118688583,0.4218779392540455
macron2024_c007,macron2024,macron,en,2024-12-31,new_year_address,7,105,88,0.038697075098752975,0.014992176555097103,0.05165160819888115,0.07639726996421814,0.007154292427003384,0.002744655590504408,0.005883840844035149,0.003527100430801511,0.8939803242683411,0.0013173078186810017,0.001914077321998775,0.005609272979199886,0.07328963279724121,0.0036266723182052374,0.005771388299763203,0.12792415916919708,0.0015248270938172936,0.000397014751797542,0.006522529758512974,0.0015395397786051035,0.0006518898881040514,0.002021718304604292,0.0011814356548711658,0.0024038178380578756,0.0020088874734938145,0.0012766431318596005,0.0006741787074133754,0.003086296608671546,0.8510723114013672,0.13566330075263977,0.013264376670122147,0.8939803242683411,0.0036266723182052374,0.005771388299763203,0.12792415916919708,0.05165160819888115,0.837807934731245
macron2024_c008,macron2024,macron,en,2024-12-31,new_year_address,8,180,154,0.01155059039592743,0.0017753897700458765,0.19532594084739685,0.2644769251346588,0.036298613995313644,0.0029939888045191765,0.0026276581920683384,0.0016044084914028645,0.17519834637641907,0.004023207817226648,0.0005392462480813265,0.012122002430260181,0.06813527643680573,0.012389694340527058,0.014520907774567604,0.04497407004237175,0.007593479938805103,0.0009840670973062515,0.0017398096388205886,0.020818736404180527,0.0011738926405087113,0.0015523075126111507,0.001762795029208064,0.0017882082611322403,0.0016123333480209112,0.00034125614911317825,0.007166258525103331,0.0007199787651188672,0.634537935256958,0.31840780377388,0.04705424606800079,0.2644769251346588,0.020818736404180527,0.014520907774567604,0.04497407004237175,0.19532594084739685,0.5874836891889572
macron2024_c009,macron2024,macron,en,2024-12-31,new_year_address,9,108,90,0.023659413680434227,0.0015089550288394094,0.38974595069885254,0.3441016376018524,0.021590277552604675,0.002342538209632039,0.00517677515745163,0.0014471813337877393,0.12812075018882751,0.0014599103014916182,0.0007240134873427451,0.00757933221757412,0.009592948481440544,0.0047163814306259155,0.008510309271514416,0.1697017103433609,0.001277355127967894,0.00030301560764200985,0.001924043521285057,0.0012183018261566758,0.0003817147226072848,0.0017963243881240487,0.001127407536841929,0.0012363012647256255,0.0004945105756632984,0.00046779646072536707,0.000696939998306334,0.0025845179334282875,0.21229644119739532,0.7457807660102844,0.04192277416586876,0.3441016376018524,0.0047163814306259155,0.008510309271514416,0.1697017103433609,0.38974595069885254,0.17037366703152657
macron2024_c010,macron2024,macron,en,2024-12-31,new_year_address,10,121,106,0.014263425022363663,0.0019074422307312489,0.39827218651771545,0.34773439168930054,0.25142577290534973,0.0035491245798766613,0.0011924919672310352,0.0017240004381164908,0.09591974318027496,0.007027596700936556,0.0012926124036312103,0.012047994881868362,0.008679907768964767,0.0417962521314621,0.016442129388451576,0.007736072409898043,0.00960699375718832,0.0022510213311761618,0.0013367865467444062,0.0022989287972450256,0.0012386934831738472,0.0025299498811364174,0.0014461302198469639,0.0008776141912676394,0.0031989431008696556,0.0006735450588166714,0.0019980159122496843,0.0009020722936838865,0.14445538818836212,0.7526146173477173,0.1029299646615982,0.34773439168930054,0.0417962521314621,0.016442129388451576,0.25142577290534973,0.39827218651771545,0.041525423526763916
macron2024_c011,macron2024,macron,en,2024-12-31,new_year_address,11,125,106,0.01081857644021511,0.0014727025991305709,0.334711492061615,0.3715232312679291,0.031466469168663025,0.001965531148016453,0.003628452541306615,0.0016108558047562838,0.05164290964603424,0.0019185051787644625,0.0006667114794254303,0.030074886977672577,0.008053009398281574,0.01059897430241108,0.12994930148124695,0.05773070827126503,0.0016266211168840528,0.0007248057518154383,0.0017625659238547087,0.0007108382997103035,0.0003504816850181669,0.0016551761655136943,0.0018645310774445534,0.003138591768220067,0.000694204936735332,0.0005637304275296628,0.0005251807742752135,0.0009434520616196096,0.04435587674379349,0.5018896460533142,0.4537545144557953,0.3715232312679291,0.01059897430241108,0.12994930148124695,0.05773070827126503,0.334711492061615,-0.4093986377120018
macron2024_c012,macron2024,macron,en,2024-12-31,new_year_address,12,144,122,0.13457085192203522,0.013693096116185188,0.30783289670944214,0.3863387107849121,0.041427627205848694,0.016956567764282227,0.006983284372836351,0.004013969097286463,0.19732540845870972,0.009296933189034462,0.0015184807125478983,0.005365677643567324,0.023493871092796326,0.006770391948521137,0.006044548004865646,0.02764078974723816,0.002188311889767647,0.0006848442717455328,0.0009008117485791445,0.001478769350796938,0.000989138730801642,0.001068896264769137,0.0008821645169518888,0.0007444650982506573,0.0012520195450633764,0.00048101996071636677,0.0010133571922779083,0.0008781206561252475,0.8590232729911804,0.13285863399505615,0.008118035271763802,0.3863387107849121,0.006770391948521137,0.006044548004865646,0.041427627205848694,0.30783289670944214,0.8509052377194166
macron2024_c013,macron2024,macron,en,2024-12-31,new_year_address,13,95,69,0.28279486298561096,0.01803951896727085,0.1694156378507614,0.3740383982658386,0.022286444902420044,0.015673989430069923,0.010738450102508068,0.004085620399564505,0.3525509238243103,0.005396097432821989,0.0022660077083855867,0.004108954221010208,0.04998296871781349,0.0025778296403586864,0.005033211316913366,0.02866455353796482,0.0011469174642115831,0.0003534190182108432,0.0012243154924362898,0.0012588761746883392,0.0007296889671124518,0.0012716497294604778,0.0006255613407120109,0.0008561746799387038,0.0008920611580833793,0.0005022347322665155,0.0006353589706122875,0.0016222881386056542,0.7396888136863708,0.2458302080631256,0.014480986632406712,0.3740383982658386,0.0025778296403586864,0.005033211316913366,0.02866455353796482,0.1694156378507614,0.7252078270539641
macron2024_c014,macron2024,macron,en,2024-12-31,new_year_address,14,108,84,0.01040363498032093,0.003241045866161585,0.09713426232337952,0.08833656460046768,0.00988911371678114,0.0013590669259428978,0.006117038428783417,0.0034638203214854,0.7140352129936218,0.0010303808376193047,0.001446790643967688,0.005635382141917944,0.016214368864893913,0.0067052762024104595,0.005275974050164223,0.4285949468612671,0.0021599652245640755,0.0003371920611243695,0.005160330794751644,0.001467652153223753,0.0005187678034417331,0.0026930253952741623,0.0011337994365021586,0.001428453833796084,0.001360964379273355,0.001242874888703227,0.0008580111316405237,0.004374575335532427,0.18508155643939972,0.6859089136123657,0.1290094554424286,0.7140352129936218,0.0067052762024104595,0.005635382141917944,0.4285949468612671,0.09713426232337952,0.05607210099697113
macron2024_c015,macron2024,macron,en,2024-12-31,new_year_address,15,169,137,0.05114903673529625,0.0471186637878418,0.05158454552292824,0.08635643869638443,0.004450998734682798,0.003079178975895047,0.012688816525042057,0.011254292912781239,0.24837180972099304,0.003201914019882679,0.0008499746327288449,0.005600433796644211,0.15537546575069427,0.0027661591302603483,0.003791407449170947,0.691322386264801,0.002630819333717227,0.0003657883498817682,0.025978675112128258,0.0012754142517223954,0.0010166056454181671,0.0014202772872522473,0.001558976829983294,0.0018483643652871251,0.002574969781562686,0.001541571575216949,0.0011840409133583307,0.005418680142611265,0.6901364922523499,0.2986733913421631,0.011190099641680717,0.24837180972099304,0.0027661591302603483,0.005600433796644211,0.691322386264801,0.05158454552292824,0.6789463926106691
macron2025_c000,macron2025,macron,en,2025-12-31,new_year_address,0,154,122,0.049619853496551514,0.04545923322439194,0.07675130665302277,0.08489765226840973,0.006797341164201498,0.004219747614115477,0.006384795531630516,0.007823698222637177,0.05173960700631142,0.007350560277700424,0.0007669480401091278,0.008875750005245209,0.6503506302833557,0.0073006353341042995,0.00738451536744833,0.403999000787735,0.03528347983956337,0.0010326667688786983,0.05532838776707649,0.002420636359602213,0.005606906022876501,0.0016218533273786306,0.002302024746313691,0.0037983511574566364,0.018962671980261803,0.0007344157202169299,0.003913585562258959,0.0070013608783483505,0.45943525433540344,0.49174073338508606,0.04882397875189781,0.6503506302833557,0.03528347983956337,0.008875750005245209,0.403999000787735,0.07675130665302277,0.41061127558350563
macron2025_c001,macron2025,macron,en,2025-12-31,new_year_address,1,117,97,0.08090460300445557,0.9778875708580017,0.017932578921318054,0.05791725963354111,0.009253790602087975,0.0018252019071951509,0.002828418044373393,0.0026126825250685215,0.008144588209688663,0.002726190723478794,0.0014145203167572618,0.004309156443923712,0.0030335651244968176,0.00148927909322083,0.004030643496662378,0.0009254562319256365,0.00113607756793499,0.00046121026389300823,0.0008276842418126762,0.0004604226560331881,0.0003876748960465193,0.0018582402262836695,0.0009443999733775854,0.0007844069041311741,0.0007985252304933965,0.0008143541635945439,0.00016711695934645832,0.0009322174591943622,0.9604878425598145,0.035461440682411194,0.004050711635500193,0.9778875708580017,0.00148927909322083,0.004309156443923712,0.009253790602087975,0.017932578921318054,0.9564371309243143
macron2025_c002,macron2025,macron,en,2025-12-31,new_year_address,2,142,120,0.0023824390955269337,0.0003606753016356379,0.22741743922233582,0.07827128469944,0.09251892566680908,0.0011400958755984902,0.0014012219617143273,0.0032575984951108694,0.010015939362347126,0.006602560169994831,0.001099080196581781,0.0455327108502388,0.013633615337312222,0.2738152742385864,0.01922791078686714,0.0038973912596702576,0.21789667010307312,0.005733777303248644,0.0020221753511577845,0.02294628880918026,0.004412768874317408,0.007487647235393524,0.003933185711503029,0.0030347967986017466,0.006885172799229622,0.0009366249432787299,0.07109712064266205,0.001881698495708406,0.007018748205155134,0.12883253395557404,0.8641486167907715,0.07827128469944,0.2738152742385864,0.0455327108502388,0.09251892566680908,0.22741743922233582,-0.8571298685856164
macron2025_c003,macron2025,macron,en,2025-12-31,new_year_address,3,160,136,0.013592636212706566,0.002007286064326763,0.2391025573015213,0.41264697909355164,0.02068173699080944,0.0019849364180117846,0.0024896885734051466,0.001074202824383974,0.16434024274349213,0.0024702895898371935,0.00040046311914920807,0.010735558345913887,0.08915720880031586,0.006235154811292887,0.010651486925780773,0.12123586237430573,0.0028847120702266693,0.0005070663755759597,0.002814204664900899,0.0029931433964520693,0.0006734664784744382,0.001672087935730815,0.0015290662413462996,0.0018310750601813197,0.0012757065705955029,0.00035320065217092633,0.0020970948971807957,0.0022702214773744345,0.10761615633964539,0.6045661568641663,0.28781771659851074,0.41264697909355164,0.006235154811292887,0.010735558345913887,0.12123586237430573,0.2391025573015213,-0.18020156025886536
macron2025_c004,macron2025,macron,en,2025-12-31,new_year_address,4,173,155,0.09270084649324417,0.8152616024017334,0.05980377644300461,0.10229922831058502,0.007150239776819944,0.005227064248174429,0.0057835387997329235,0.003636111505329609,0.0722057968378067,0.004856041632592678,0.0008373312302865088,0.004168523941189051,0.03148774057626724,0.0016498182667419314,0.004058699123561382,0.05549601465463638,0.0014337089378386736,0.0004765540361404419,0.0014023198746144772,0.0006562236230820417,0.0006405156455002725,0.0009267614223062992,0.0010190464090555906,0.0008165602921508253,0.002184254815801978,0.0005347058759070933,0.00038908017450012267,0.00114697206299752,0.4543270766735077,0.5189967751502991,0.026676181703805923,0.8152616024017334,0.002184254815801978,0.004168523941189051,0.05549601465463638,0.05980377644300461,0.42765089496970177
macron2025_c005,macron2025,macron,en,2025-12-31,new_year_address,5,85,72,0.24033911526203156,0.7228958010673523,0.04752058535814285,0.12242399901151657,0.007774800527840853,0.008266877382993698,0.008747558109462261,0.003344994969666004,0.06641965359449387,0.003889784449711442,0.0011616135016083717,0.005905380472540855,0.025037629529833794,0.002123358193784952,0.003838692791759968,0.07358864694833755,0.0014171163784340024,0.0005201039602980018,0.002177463611587882,0.0006595662562176585,0.0006854237872175872,0.0008045349968597293,0.0013563063694164157,0.0009640069329179823,0.0017210557125508785,0.00045181193854659796,0.0003876144764944911,0.0014100925764068961,0.8234766721725464,0.17098212242126465,0.005541160237044096,0.7228958010673523,0.002123358193784952,0.005905380472540855,0.07358864694833755,0.04752058535814285,0.8179355119355023
macron2025_c006,macron2025,macron,en,2025-12-31,new_year_address,6,99,88,0.017189092934131622,0.006642650812864304,0.18501123785972595,0.26612862944602966,0.011764120310544968,0.0023803284857422113,0.004951330367475748,0.002256716601550579,0.3444499671459198,0.0025135537143796682,0.0005412751343101263,0.003916400484740734,0.1121198758482933,0.002254086546599865,0.004608559422194958,0.17910562455654144,0.0014055917272344232,0.00030088756466284394,0.004963057115674019,0.0023345507215708494,0.0005665049538947642,0.0014516001101583242,0.0008620366570539773,0.0011425992706790566,0.001268394640646875,0.0005387268611229956,0.001201246865093708,0.0023533347994089127,0.7301397919654846,0.2619565725326538,0.007903638295829296,0.3444499671459198,0.0023345507215708494,0.004608559422194958,0.17910562455654144,0.18501123785972595,0.7222361536696553
macron2025_c007,macron2025,macron,en,2025-12-31,new_year_address,7,98,84,0.032222967594861984,0.007861536927521229,0.17138983309268951,0.21887080371379852,0.01288691721856594,0.003466186113655567,0.012517930939793587,0.0038201056886464357,0.5800364017486572,0.0021877498365938663,0.0014581360155716538,0.006030989345163107,0.014686759561300278,0.004564815666526556,0.007674018852412701,0.2203669399023056,0.001296313595958054,0.00034499939647503197,0.001333809457719326,0.0009817993268370628,0.0004648719623219222,0.0016464509535580873,0.0007993988110683858,0.0011613246751949191,0.0008338477928191423,0.0010976598132401705,0.0005570017965510488,0.0030051397625356913,0.1624152958393097,0.7634060978889465,0.07417865842580795,0.5800364017486572,0.004564815666526556,0.007674018852412701,0.2203669399023056,0.17138983309268951,0.08823663741350174
macron2025_c008,macron2025,macron,en,2025-12-31,new_year_address,8,169,146,0.04873877763748169,0.012186295352876186,0.0949016883969307,0.12545154988765717,0.008045762777328491,0.00303035625256598,0.006217838730663061,0.003300360171124339,0.13717463612556458,0.0019496582681313157,0.0008445932762697339,0.010429725982248783,0.04857421666383743,0.005165498703718185,0.0066649396903812885,0.745238184928894,0.0029886600095778704,0.0005524870357476175,0.008891124278306961,0.0012368159368634224,0.00089908397058025,0.001628756639547646,0.00287024793215096,0.002454139059409499,0.0021839390974491835,0.0009598940960131586,0.0010278779082000256,0.0048844111151993275,0.7693013548851013,0.2126825600862503,0.018016081303358078,0.13717463612556458,0.005165498703718185,0.010429725982248783,0.745238184928894,0.0949016883969307,0.7512852735817432
macron2025_c009,macron2025,macron,en,2025-12-31,new_year_address,9,47,44,0.011696763336658478,0.0034031381364911795,0.12812085449695587,0.028554504737257957,0.006451396271586418,0.0013262415304780006,0.005100868176668882,0.003415571292862296,0.06196564808487892,0.001178732723928988,0.0009363104472868145,0.014599472284317017,0.017215488478541374,0.010734460316598415,0.0063573201186954975,0.826287567615509,0.006335928104817867,0.0006993627757765353,0.00707780197262764,0.001675894483923912,0.0010059289634227753,0.0020019446965306997,0.004350566305220127,0.0030275729950517416,0.002200193703174591,0.001930060563609004,0.0014737043529748917,0.004702992737293243,0.2603086829185486,0.6597538590431213,0.07993748039007187,0.06196564808487892,0.010734460316598415,0.014599472284317017,0.826287567615509,0.12812085449695587,0.18037120252847672
macron2025_c010,macron2025,macron,en,2025-12-31,new_year_address,10,172,150,0.058504197746515274,0.005120135378092527,0.2472611665725708,0.39409157633781433,0.01827128604054451,0.00578279048204422,0.008419126272201538,0.003723874920979142,0.3146551251411438,0.0034259031526744366,0.0008385975961573422,0.004683015868067741,0.02410762757062912,0.003172292374074459,0.004739526193588972,0.1307922750711441,0.0011709420941770077,0.0002959435514640063,0.0019351727096363902,0.0012850943021476269,0.0004979301011189818,0.0014342134818434715,0.0008032767800614238,0.0008219178416766226,0.0006222904194146395,0.0005825267871841788,0.0007967990823090076,0.0018390767509117723,0.6909895539283752,0.2956033945083618,0.01340705156326294,0.39409157633781433,0.003172292374074459,0.004739526193588972,0.1307922750711441,0.2472611665725708,0.6775825023651123
macron2025_c011,macron2025,macron,en,2025-12-31,new_year_address,11,104,88,0.016432538628578186,0.005215856246650219,0.10290107876062393,0.041487809270620346,0.00568518228828907,0.0014649579534307122,0.0042823441326618195,0.0037447211798280478,0.3464635908603668,0.0013714953092858195,0.0007636688533239067,0.007487169001251459,0.05046655610203743,0.0064758541993796825,0.0065843272022902966,0.6729309558868408,0.0031070683617144823,0.00033105353941209614,0.006648622918874025,0.0010272832587361336,0.0007044076919555664,0.001547876512631774,0.0014650402590632439,0.001477086916565895,0.001885610050521791,0.0014010376762598753,0.000881590589415282,0.0031956667080521584,0.8144807815551758,0.1769518256187439,0.00856737233698368,0.3464635908603668,0.0064758541993796825,0.007487169001251459,0.6729309558868408,0.10290107876062393,0.8059134092181921
macron2025_c012,macron2025,macron,en,2025-12-31,new_year_address,12,188,149,0.06799892336130142,0.043710969388484955,0.056997526437044144,0.09241988509893417,0.003968515433371067,0.004221891984343529,0.01713799126446247,0.01329009048640728,0.18329274654388428,0.003975884523242712,0.0007996681961230934,0.0061115967109799385,0.19388872385025024,0.0028828540816903114,0.004854970145970583,0.641247570514679,0.002656721044331789,0.0003646573459263891,0.017053499817848206,0.0012026162585243583,0.0010511161526665092,0.0011471742764115334,0.0013284519081935287,0.001696638879366219,0.0021264965180307627,0.0011820248328149319,0.0012915091356262565,0.005199895240366459,0.7064918279647827,0.2722134590148926,0.021294724196195602,0.19388872385025024,0.0028828540816903114,0.0061115967109799385,0.641247570514679,0.056997526437044144,0.6851971037685871
merkel1_c000,merkel1,merkel,en,2016-12-31,new_year_address,0,130,105,0.05554715171456337,0.00629994785413146,0.24256303906440735,0.28220248222351074,0.04526801034808159,0.009382315911352634,0.007194182835519314,0.004407112020999193,0.19697074592113495,0.006980256177484989,0.001426577684469521,0.01338526513427496,0.011246108449995518,0.03756950423121452,0.011093582026660442,0.12888333201408386,0.007865036837756634,0.0007716465042904019,0.0020091277547180653,0.0036129786167293787,0.0014286953955888748,0.002740591298788786,0.001151815871708095,0.0011709098471328616,0.001374420360662043,0.00025067912065424025,0.003144863760098815,0.0017528170719742775,0.5922900438308716,0.3568171560764313,0.05089280381798744,0.28220248222351074,0.03756950423121452,0.01338526513427496,0.12888333201408386,0.24256303906440735,0.5413972400128841
merkel1_c001,merkel1,merkel,en,2016-12-31,new_year_address,1,84,74,0.002882944419980049,0.00024210977426264435,0.20447172224521637,0.07071548700332642,0.010356104001402855,0.00022147232084535062,0.001371708931401372,0.0004956091870553792,0.004400687292218208,0.0003963344497606158,0.002714923582971096,0.16752378642559052,0.005297729279845953,0.04786687716841698,0.05725487694144249,0.002913064556196332,0.014231160283088684,0.00623612105846405,0.0015759096713736653,0.007999708876013756,0.0010222129058092833,0.03801745921373367,0.028946593403816223,0.05112166330218315,0.001010156120173633,0.0005660931346938014,0.00230469205416739,0.3022730052471161,0.00771966902539134,0.10651672631502151,0.8857635855674744,0.07071548700332642,0.04786687716841698,0.16752378642559052,0.3022730052471161,0.20447172224521637,-0.878043916542083
merkel1_c002,merkel1,merkel,en,2016-12-31,new_year_address,2,114,100,0.0259243194013834,0.0006375241209752858,0.16743022203445435,0.2305523306131363,0.032894786447286606,0.0012712277239188552,0.0028995766770094633,0.0018134353449568152,0.06747815757989883,0.004267766140401363,0.0029722994659096003,0.00841557141393423,0.06979700177907944,0.07798250764608383,0.019620325416326523,0.009676145389676094,0.09754538536071777,0.001183015527203679,0.004474346525967121,0.01258167251944542,0.004780678078532219,0.07767954468727112,0.0008996902615763247,0.0021269407588988543,0.005869045853614807,0.00034932646667584777,0.018796084448695183,0.1851552575826645,0.3913290500640869,0.499130517244339,0.10954045504331589,0.2305523306131363,0.09754538536071777,0.019620325416326523,0.1851552575826645,0.16743022203445435,0.281788595020771
merkel1_c003,merkel1,merkel,en,2016-12-31,new_year_address,3,105,90,0.1971370130777359,0.011114421300590038,0.23228807747364044,0.5910726189613342,0.043453920632600784,0.012460914440453053,0.0020574587397277355,0.001918140915222466,0.08930052816867828,0.0071122972294688225,0.0008243328775279224,0.009673481807112694,0.03761385753750801,0.006845589727163315,0.011746061034500599,0.006593387573957443,0.0034145473036915064,0.0007401948096230626,0.0020105326548218727,0.0015667008701711893,0.0010746321640908718,0.00109293672721833,0.001149508636444807,0.0018256788607686758,0.0015040847938507795,0.0002776595938485116,0.0007503357483074069,0.0005960527341812849,0.7068154215812683,0.2567659616470337,0.036418575793504715,0.5910726189613342,0.006845589727163315,0.011746061034500599,0.043453920632600784,0.23228807747364044,0.6703968457877636
merkel1_c004,merkel1,merkel,en,2016-12-31,new_year_address,4,148,125,0.007146462798118591,0.002209343248978257,0.40207454562187195,0.15278945863246918,0.1724153310060501,0.00247307145036757,0.0012863206211477518,0.0023278810549527407,0.2825068533420563,0.008194662630558014,0.001815546303987503,0.020529333502054214,0.014844238758087158,0.12701672315597534,0.023874536156654358,0.010043969377875328,0.01606684736907482,0.0025473006535321474,0.0008422401733696461,0.002889032941311598,0.0017294653225690126,0.009900957345962524,0.0010856847511604428,0.0012565504293888807,0.004973698873072863,0.0006127554806880653,0.004771305713802576,0.001886666053906083,0.5344665050506592,0.44267702102661133,0.022856462746858597,0.2825068533420563,0.12701672315597534,0.023874536156654358,0.1724153310060501,0.40207454562187195,0.5116100423038006
merkel1_c005,merkel1,merkel,en,2016-12-31,new_year_address,5,140,124,0.012588617391884327,0.0011411127634346485,0.377533882856369,0.44774699211120605,0.025591615587472916,0.001197831123135984,0.0021177902817726135,0.001354725332930684,0.0430215559899807,0.0021975270938128233,0.0005032556946389377,0.015561900101602077,0.011853919364511967,0.014268701896071434,0.17080067098140717,0.0202208049595356,0.0029459933284670115,0.0003891269152518362,0.0013534616446122527,0.000855680147651583,0.00041300238808616996,0.003503929590806365,0.000938939570914954,0.0014325611991807818,0.0005893910420127213,0.0004396456351969391,0.0007251390488818288,0.0017847898416221142,0.04147937893867493,0.44393691420555115,0.5145836472511292,0.44774699211120605,0.014268701896071434,0.17080067098140717,0.025591615587472916,0.377533882856369,-0.4731042683124542
merkel1_c006,merkel1,merkel,en,2016-12-31,new_year_address,6,124,105,0.03864876925945282,0.003340943716466427,0.3535795509815216,0.42857104539871216,0.04661920666694641,0.004597868770360947,0.0025911149568855762,0.001984567381441593,0.08298037946224213,0.0024816272780299187,0.0007003953214734793,0.03138355165719986,0.004360102117061615,0.01581667736172676,0.07152380049228668,0.017136353999376297,0.0015648388070985675,0.0006113779381848872,0.0008072135969996452,0.000508455210365355,0.00047540682135149837,0.0028078369796276093,0.0012558408780023456,0.0022154198959469795,0.0005081949639134109,0.0003837118565570563,0.0004246100434102118,0.001016144291497767,0.37514957785606384,0.5796480178833008,0.04520241916179657,0.42857104539871216,0.01581667736172676,0.07152380049228668,0.04661920666694641,0.3535795509815216,0.3299471586942673
merkel1_c007,merkel1,merkel,en,2016-12-31,new_year_address,7,100,91,0.29703712463378906,0.020625878125429153,0.15611311793327332,0.42076852917671204,0.029505621641874313,0.02101525105535984,0.011311673559248447,0.015200657770037651,0.17694565653800964,0.015648262575268745,0.0027825741562992334,0.002714717062190175,0.02379794605076313,0.003207501722499728,0.0034786139149218798,0.010159565135836601,0.0014461618848145008,0.00041083208634518087,0.0011858518701046705,0.0013611458707600832,0.0009319555247202516,0.0012480452423915267,0.0005214998382143676,0.0005233856500126421,0.0007957466295920312,0.0005101970746181905,0.0008825588156469166,0.0010568051366135478,0.9622458219528198,0.03268430382013321,0.005069837439805269,0.42076852917671204,0.003207501722499728,0.0034786139149218798,0.029505621641874313,0.15611311793327332,0.9571759845130146
merkel1_c008,merkel1,merkel,en,2016-12-31,new_year_address,8,84,77,0.12166091799736023,0.007718139793723822,0.22898507118225098,0.37512725591659546,0.017774337902665138,0.005757309030741453,0.013445397838950157,0.003653788473457098,0.3378460705280304,0.002704255748540163,0.0014870002632960677,0.0028901402838528156,0.018349550664424896,0.002543136477470398,0.00453524012118578,0.07424895465373993,0.0008241874747909606,0.0002533280639909208,0.0018547968938946724,0.0012767227599397302,0.0004376893339212984,0.002341159153729677,0.000698525516781956,0.0005830800510011613,0.0006519823800772429,0.0006013542879372835,0.00067571469116956,0.003071487881243229,0.9461819529533386,0.04938899353146553,0.004429031163454056,0.37512725591659546,0.002543136477470398,0.00453524012118578,0.07424895465373993,0.22898507118225098,0.9417529217898846
merkel1_c009,merkel1,merkel,en,2016-12-31,new_year_address,9,120,96,0.07833167910575867,0.1578942835330963,0.03031279891729355,0.09824948757886887,0.004001957830041647,0.005772939883172512,0.014535860158503056,0.03206944465637207,0.4168326258659363,0.011717948131263256,0.0010701142018660903,0.003931059967726469,0.6893180012702942,0.0018023845041170716,0.004431868903338909,0.10794711858034134,0.003259656485170126,0.00039916610694490373,0.02998451516032219,0.002185685560107231,0.0018553495174273849,0.0015125637874007225,0.000778508372604847,0.0017655635019764304,0.004329530056566,0.0011797896586358547,0.0020987908355891705,0.0037793987430632114,0.9174314737319946,0.07583921402692795,0.0067292931489646435,0.6893180012702942,0.004329530056566,0.004431868903338909,0.10794711858034134,0.03031279891729355,0.91070218058303
merkel2_c000,merkel2,merkel,en,2017-12-31,new_year_address,0,104,94,0.018414197489619255,0.08023563027381897,0.11530300229787827,0.10122974961996078,0.020078513771295547,0.014065433293581009,0.03883308172225952,0.22948074340820312,0.03476706147193909,0.0851326733827591,0.0010886628879234195,0.005008297506719828,0.1431197077035904,0.004259919282048941,0.0036528771743178368,0.02202078513801098,0.00828547216951847,0.001164145302027464,0.0030063060112297535,0.002261414425447583,0.0020669871009886265,0.0011540761915966868,0.0007755791302770376,0.0007482714136131108,0.002830584067851305,0.0010530294384807348,0.007235918194055557,0.0008815800538286567,0.9434626698493958,0.051751747727394104,0.0047855740413069725,0.22948074340820312,0.00828547216951847,0.005008297506719828,0.02202078513801098,0.11530300229787827,0.9386770958080888
merkel2_c001,merkel2,merkel,en,2017-12-31,new_year_address,1,88,77,0.7598099708557129,0.014631136320531368,0.1694869101047516,0.3171065151691437,0.02320336364209652,0.014516562223434448,0.0038975465577095747,0.003983382601290941,0.02219562791287899,0.004101292230188847,0.0013960112119093537,0.005550522357225418,0.009604466147720814,0.004159301985055208,0.006695499178022146,0.0027539534494280815,0.001617795554921031,0.00046650838339701295,0.0020531134214252234,0.0006247578421607614,0.0006926506175659597,0.0011093445355072618,0.000741040741559118,0.0012290898011997342,0.0006801579147577286,0.0003326569276396185,0.00028283949359320104,0.0009382210555486381,0.9674005508422852,0.028465421870350838,0.004133969079703093,0.7598099708557129,0.004159301985055208,0.006695499178022146,0.02320336364209652,0.1694869101047516,0.9632665817625821
merkel2_c002,merkel2,merkel,en,2017-12-31,new_year_address,2,88,80,0.0004970557056367397,0.00031442928593605757,0.7626425623893738,0.01622091792523861,0.03892805427312851,0.00025019366876222193,0.000402271980419755,0.0007888885447755456,0.010498415678739548,0.0013846713118255138,0.0014453454641625285,0.04288104176521301,0.009227766655385494,0.07299888879060745,0.05267951637506485,0.002602951368317008,0.028230926021933556,0.0023147452156990767,0.00038795641739852726,0.0069069149903953075,0.0014002854004502296,0.03155049309134483,0.002142774173989892,0.0023187557235360146,0.002467268379405141,0.0005598128773272038,0.00927978940308094,0.007044350262731314,0.018102027475833893,0.26076561212539673,0.7211323380470276,0.01622091792523861,0.07299888879060745,0.05267951637506485,0.03892805427312851,0.7626425623893738,-0.7030303105711937
merkel2_c003,merkel2,merkel,en,2017-12-31,new_year_address,3,81,70,0.1956048160791397,0.03514576330780983,0.1274571418762207,0.4376441538333893,0.023719392716884613,0.014150618575513363,0.005273959133774042,0.0033388298470526934,0.12860620021820068,0.009467609226703644,0.0008101757848635316,0.004354498349130154,0.17137014865875244,0.003345376579090953,0.006006940733641386,0.03294743224978447,0.0028795881662517786,0.0005607041530311108,0.0033265231177210808,0.002975134178996086,0.0012257525231689215,0.0017155584646388888,0.0007613128400407732,0.0011489760363474488,0.002407935680821538,0.00028380489675328135,0.0022378561552613974,0.0013689389452338219,0.4087592363357544,0.5054512619972229,0.08578946441411972,0.4376441538333893,0.003345376579090953,0.006006940733641386,0.03294743224978447,0.1274571418762207,0.3229697719216347
merkel2_c004,merkel2,merkel,en,2017-12-31,new_year_address,4,91,78,0.12506406009197235,0.009149455465376377,0.2551029622554779,0.46319717168807983,0.02136836014688015,0.006993181072175503,0.005413379520177841,0.0038801629561930895,0.28147000074386597,0.0045424229465425014,0.0009513615514151752,0.0030164357740432024,0.032449983060359955,0.002656711032614112,0.004761585965752602,0.018539629876613617,0.0009765364229679108,0.00027163742925040424,0.0016091656871140003,0.0008490651962347329,0.00050992367323488,0.001419114414602518,0.0005728975520469248,0.0005795641918666661,0.000708258303347975,0.000541369547136128,0.0005129165365360677,0.0013139228103682399,0.8542909026145935,0.13360193371772766,0.012107175774872303,0.46319717168807983,0.002656711032614112,0.004761585965752602,0.02136836014688015,0.2551029622554779,0.8421837268397212
merkel2_c005,merkel2,merkel,en,2017-12-31,new_year_address,5,80,64,0.004812467377632856,0.001548007014207542,0.8384431004524231,0.1680617332458496,0.023393288254737854,0.0005775666213594377,0.0007930026040412486,0.0006570600089617074,0.018138758838176727,0.000851979129947722,0.0003035270783584565,0.005685702431946993,0.005278103519231081,0.0020682152826339006,0.006142870523035526,0.0024152155965566635,0.0008032725309021771,0.0002309055271325633,0.0006558794411830604,0.000664223509375006,0.00019364179752301425,0.0016518764896318316,0.0008570553618483245,0.0008182875462807715,0.0003417544940020889,0.00040562174399383366,0.0003259444492869079,0.000644214334897697,0.6186344623565674,0.36772027611732483,0.013645286671817303,0.1680617332458496,0.0020682152826339006,0.006142870523035526,0.023393288254737854,0.8384431004524231,0.6049891756847501
merkel2_c006,merkel2,merkel,en,2017-12-31,new_year_address,6,110,93,0.03639741986989975,0.007482318673282862,0.338058739900589,0.39967280626296997,0.013226400129497051,0.003052453277632594,0.0028001198079437017,0.0015964023768901825,0.19468899071216583,0.003586862701922655,0.000429215986514464,0.004333776887506247,0.17105256021022797,0.0019840437453240156,0.006078530568629503,0.03872894495725632,0.001214194344356656,0.00027284023235552013,0.0027573746629059315,0.0012955644633620977,0.000570708594750613,0.00138819869607687,0.0007816475699655712,0.001036001369357109,0.0010229640174657106,0.0004481978539843112,0.00081885966937989,0.0016208784654736519,0.6020406484603882,0.3811914026737213,0.01676793023943901,0.39967280626296997,0.0019840437453240156,0.006078530568629503,0.03872894495725632,0.338058739900589,0.5852727182209492
merkel2_c007,merkel2,merkel,en,2017-12-31,new_year_address,7,113,95,0.07045543938875198,0.8736028671264648,0.04647272452712059,0.06900942325592041,0.009886289946734905,0.005996929481625557,0.01971992664039135,0.008567317388951778,0.14068485796451569,0.005035968031734228,0.0019833201076835394,0.0025150857400149107,0.013040469028055668,0.0011246496578678489,0.002235646126791835,0.02720203809440136,0.0009325497667305171,0.0003093450504820794,0.0007898791809566319,0.0008853513281792402,0.0004992142203263938,0.0018645633244886994,0.0006601723725907505,0.0005819774232804775,0.0007680744165554643,0.0008099040715023875,0.00046337791718542576,0.0018655749736353755,0.9286547303199768,0.06790344417095184,0.0034418045543134212,0.8736028671264648,0.0011246496578678489,0.0025150857400149107,0.02720203809440136,0.04647272452712059,0.9252129257656634
merkel2_c008,merkel2,merkel,en,2017-12-31,new_year_address,8,91,84,0.021810613572597504,0.0013238316169008613,0.2451900839805603,0.15978200733661652,0.010600038804113865,0.001162874512374401,0.009486246854066849,0.0017471254104748368,0.44178396463394165,0.0008001495734788477,0.002100226702168584,0.0029818022157996893,0.01328509021550417,0.0034453130792826414,0.004750858061015606,0.15615642070770264,0.0011575404787436128,0.00026411720318719745,0.0030598831363022327,0.001872596680186689,0.0004247145261615515,0.015307338908314705,0.0007502621156163514,0.0009633220033720136,0.0007093366584740579,0.0005882938276045024,0.0009461349691264331,0.03848428279161453,0.47704800963401794,0.5062873959541321,0.016664549708366394,0.44178396463394165,0.0034453130792826414,0.004750858061015606,0.15615642070770264,0.2451900839805603,0.46038345992565155
merkel2_c009,merkel2,merkel,en,2017-12-31,new_year_address,9,165,133,0.06608665734529495,0.08939386904239655,0.0547134131193161,0.08405282348394394,0.004414099734276533,0.00404723733663559,0.009734757244586945,0.00813040230423212,0.2863500416278839,0.004712146241217852,0.0009520181338302791,0.006083392072468996,0.3452056646347046,0.002326793735846877,0.004519118927419186,0.484279990196228,0.0022599503863602877,0.0003945752396248281,0.012980321422219276,0.0013340432196855545,0.0011765856761485338,0.0011415776098147035,0.0012324308045208454,0.0017481825780123472,0.002808429766446352,0.0010651302291080356,0.0012891605729237199,0.0043138377368450165,0.703419029712677,0.2801782786846161,0.01640266925096512,0.3452056646347046,0.002808429766446352,0.006083392072468996,0.484279990196228,0.0547134131193161,0.6870163604617119
merkel2020_c000,merkel2020,merkel,en,2019-12-31,new_year_address,0,93,77,0.13460291922092438,0.019683828577399254,0.07827111333608627,0.24513088166713715,0.014836066402494907,0.009176405146718025,0.018047120422124863,0.0141194062307477,0.7896925210952759,0.004523647017776966,0.0031950122211128473,0.00386298936791718,0.023135319352149963,0.0028976472094655037,0.0038296699058264494,0.03824480250477791,0.000997989671304822,0.0003431452496442944,0.0020145645830780268,0.001684429356828332,0.0006361648556776345,0.002015970414504409,0.0006713213515467942,0.0009018195560202003,0.0006819535046815872,0.0013667504535987973,0.0007356194546446204,0.001673193764872849,0.9680882096290588,0.02974316105246544,0.0021686707623302937,0.7896925210952759,0.0028976472094655037,0.00386298936791718,0.03824480250477791,0.07827111333608627,0.9659195388667285
merkel2020_c001,merkel2020,merkel,en,2019-12-31,new_year_address,1,146,122,0.20942896604537964,0.014134754426777363,0.0657225027680397,0.08747441321611404,0.020009977743029594,0.013559584505856037,0.10354774445295334,0.020905058830976486,0.4389505386352539,0.005974569823592901,0.016367902979254723,0.00414787232875824,0.011042099446058273,0.003765175584703684,0.002246454358100891,0.26495465636253357,0.0019958377815783024,0.0005315719754435122,0.0013921207282692194,0.0023807690013200045,0.0011937887175008655,0.0011773485457524657,0.0009761726832948625,0.0010340838925912976,0.0008245378849096596,0.0014478277880698442,0.0011973715154454112,0.004077971447259188,0.9597749710083008,0.0372767299413681,0.002948303008452058,0.4389505386352539,0.003765175584703684,0.00414787232875824,0.26495465636253357,0.0657225027680397,0.9568266679998487
merkel2020_c002,merkel2020,merkel,en,2019-12-31,new_year_address,2,122,104,0.016206003725528717,0.0027488060295581818,0.16826121509075165,0.31968584656715393,0.02502213977277279,0.0021460840944200754,0.0034406990744173527,0.0010784739861264825,0.3686612844467163,0.002629548544064164,0.0008005824056454003,0.006753876805305481,0.04698891192674637,0.007667931262403727,0.011910997331142426,0.04645611718297005,0.004716271534562111,0.0006192791624926031,0.0016247559105977416,0.01757008396089077,0.0009117867448367178,0.002044736174866557,0.0016230606706812978,0.0012392421485856175,0.0014567465987056494,0.0004225157026667148,0.0034173212479799986,0.0014166778419166803,0.46008217334747314,0.502446174621582,0.03747166693210602,0.3686612844467163,0.01757008396089077,0.011910997331142426,0.04645611718297005,0.16826121509075165,0.4226105064153671
merkel2020_c003,merkel2020,merkel,en,2019-12-31,new_year_address,3,179,157,0.01163796242326498,0.0023765696678310633,0.34264758229255676,0.3625815212726593,0.13785099983215332,0.0031000461895018816,0.001137161860242486,0.001743414206430316,0.09856494516134262,0.007173767313361168,0.0008746251696720719,0.005267241969704628,0.014884322881698608,0.016958698630332947,0.011917908675968647,0.011609086766839027,0.014795476570725441,0.0012796035734936595,0.0014650485245510936,0.012060015462338924,0.0017759359907358885,0.003357561072334647,0.0013066584942862391,0.0007790075032971799,0.002572628203779459,0.0005654758424498141,0.004635199438780546,0.0008139759884215891,0.07651595771312714,0.6979116201400757,0.22557243704795837,0.3625815212726593,0.016958698630332947,0.011917908675968647,0.13785099983215332,0.34264758229255676,-0.14905647933483124
merkel2020_c004,merkel2020,merkel,en,2019-12-31,new_year_address,4,152,126,0.4490334689617157,0.07445365190505981,0.14977486431598663,0.40909820795059204,0.02189544215798378,0.010626256465911865,0.0037392904050648212,0.002109111752361059,0.12740837037563324,0.003969859331846237,0.0012471885420382023,0.0033406137954443693,0.03355038911104202,0.0019816954154521227,0.0061858599074184895,0.007269568275660276,0.000942965445574373,0.00035004690289497375,0.0018712914315983653,0.0008002201211638749,0.0005797217017970979,0.0014060013927519321,0.0007153725018724799,0.0007667898898944259,0.0010733118979260325,0.00037504974170587957,0.0003063032345380634,0.0012934966944158077,0.8188244700431824,0.1729699969291687,0.008205555379390717,0.4490334689617157,0.0019816954154521227,0.0061858599074184895,0.02189544215798378,0.14977486431598663,0.8106189146637917
merkel2020_c005,merkel2020,merkel,en,2019-12-31,new_year_address,5,82,68,0.023506516590714455,0.9440153241157532,0.03360234573483467,0.1052718535065651,0.008885160088539124,0.002009739400818944,0.0017520723631605506,0.0016126264818012714,0.016880953684449196,0.0036679478362202644,0.0005125897587276995,0.008785797283053398,0.012544511817395687,0.0017166252946481109,0.008988206274807453,0.003189370734617114,0.0017767669633030891,0.0006673812167719007,0.0009790665935724974,0.0008709132671356201,0.000538661377504468,0.0013986636186018586,0.0014860591618344188,0.0019844709895551205,0.0021330632735043764,0.0005052294000051916,0.00027886824682354927,0.0006637805490754545,0.7979103922843933,0.18226246535778046,0.019827144220471382,0.9440153241157532,0.0021330632735043764,0.008988206274807453,0.008885160088539124,0.03360234573483467,0.7780832480639219
merkel2020_c006,merkel2020,merkel,en,2019-12-31,new_year_address,6,99,88,0.06957580149173737,0.9561018347740173,0.027128932997584343,0.09346070885658264,0.010627131909132004,0.0031518645118921995,0.004045388661324978,0.0037375399842858315,0.05509883537888527,0.004422587808221579,0.0012981026666238904,0.0030820858664810658,0.008907985873520374,0.001516762305982411,0.0038565434515476227,0.004790220409631729,0.0011701370822265744,0.00038418147596530616,0.0009944119956344366,0.0006016375264152884,0.0004783932236023247,0.0016534625319764018,0.0007844416541047394,0.0006221549701876938,0.0011944774305447936,0.0005317330942489207,0.0002572611556388438,0.0008181796292774379,0.9203650951385498,0.07009828835725784,0.00953663606196642,0.9561018347740173,0.001516762305982411,0.0038565434515476227,0.010627131909132004,0.027128932997584343,0.9108284590765834
merkel2020_c007,merkel2020,merkel,en,2019-12-31,new_year_address,7,98,91,0.018787164241075516,0.0012101710308343172,0.3120194375514984,0.3595883548259735,0.03316814824938774,0.0017975192749872804,0.005637509748339653,0.002454866422340274,0.3162849247455597,0.0019221944967284799,0.0010560608934611082,0.004189610481262207,0.010934543795883656,0.0055860192514956,0.007504313252866268,0.10262662917375565,0.0012776940129697323,0.0003159085172228515,0.002615208737552166,0.0009283029939979315,0.0003904825134668499,0.0028165364637970924,0.000763631658628583,0.0006154780276119709,0.0007023701327852905,0.0006968745728954673,0.0006892757955938578,0.0032062209211289883,0.5487335324287415,0.43507397174835205,0.0161924846470356,0.3595883548259735,0.0055860192514956,0.007504313252866268,0.10262662917375565,0.3120194375514984,0.5325410477817059
merkel2020_c008,merkel2020,merkel,en,2019-12-31,new_year_address,8,123,103,0.08168388903141022,0.8196203708648682,0.0148644233122468,0.048281483352184296,0.006318473722785711,0.0069366698153316975,0.03550717979669571,0.018336907029151917,0.5645901560783386,0.009891747497022152,0.006591154262423515,0.00377091858536005,0.18687908351421356,0.0019093587761744857,0.003079925663769245,0.122988261282444,0.002162440214306116,0.0004457056929823011,0.005572947207838297,0.0022739742416888475,0.0015765302814543247,0.0020385445095598698,0.0010090743890032172,0.0013428573729470372,0.0038332866970449686,0.0012460451107472181,0.0016656520310789347,0.005243073217570782,0.9036564230918884,0.09040296077728271,0.00594062777236104,0.8196203708648682,0.0038332866970449686,0.00377091858536005,0.122988261282444,0.0148644233122468,0.8977157953195274
merkel3_c000,merkel3,merkel,en,2018-12-31,new_year_address,0,104,91,0.005812487099319696,0.002462822012603283,0.10777152329683304,0.023526491597294807,0.03549949452280998,0.002477385103702545,0.009710540063679218,0.15583425760269165,0.009615539573132992,0.026130223646759987,0.0024043945595622063,0.01756727509200573,0.015715889632701874,0.16325604915618896,0.008917716331779957,0.009654397144913673,0.5320346355438232,0.0024882489815354347,0.005171843804419041,0.00430423254147172,0.013685300014913082,0.002416846342384815,0.001493142219260335,0.002639466430991888,0.005428410600870848,0.003565611317753792,0.024329062551259995,0.0022821007296442986,0.15350459516048431,0.5433745980262756,0.30312082171440125,0.15583425760269165,0.5320346355438232,0.01756727509200573,0.03549949452280998,0.10777152329683304,-0.14961622655391693
merkel3_c001,merkel3,merkel,en,2018-12-31,new_year_address,1,98,87,0.013532251119613647,0.004198542330414057,0.6141977310180664,0.2910133898258209,0.08904381096363068,0.0015079912263900042,0.0006215720204636455,0.0009294571354985237,0.01931341364979744,0.002513749524950981,0.0007306979387067258,0.01055577676743269,0.0019898887258023024,0.0224442221224308,0.01577064022421837,0.00213406840339303,0.002696024952456355,0.0007546644774265587,0.0009158432367257774,0.00045243484782986343,0.00045394341577775776,0.002198767615482211,0.0012810479383915663,0.0007291053771041334,0.0010319926077499986,0.00035123160341754556,0.0003975726431235671,0.0005733406287617981,0.43353578448295593,0.5398342609405518,0.0266299769282341,0.2910133898258209,0.0224442221224308,0.01577064022421837,0.08904381096363068,0.6141977310180664,0.40690580755472183
merkel3_c002,merkel3,merkel,en,2018-12-31,new_year_address,2,104,93,0.01563308574259281,0.008093921467661858,0.3741467595100403,0.28024423122406006,0.09314467757940292,0.003959719091653824,0.0019724643789231777,0.002822183072566986,0.3817513883113861,0.006785344798117876,0.0016490487614646554,0.006279946770519018,0.012741426937282085,0.017138948664069176,0.023322517052292824,0.012521691620349884,0.0033160154707729816,0.0008729399996809661,0.0008755022427067161,0.0013051050482317805,0.0008608403732068837,0.004558748099952936,0.0006911833770573139,0.0007147459546104074,0.0017857872880995274,0.000539757136721164,0.000984773738309741,0.000969570828601718,0.13364344835281372,0.8228492140769958,0.04350733384490013,0.3817513883113861,0.017138948664069176,0.023322517052292824,0.09314467757940292,0.3741467595100403,0.09013611450791359
merkel3_c003,merkel3,merkel,en,2018-12-31,new_year_address,3,101,89,0.7222411036491394,0.007238606922328472,0.13507269322872162,0.23601652681827545,0.033424749970436096,0.009987921454012394,0.0069497753866016865,0.01018740888684988,0.01018456369638443,0.003062176052480936,0.0019194914493709803,0.003452286357060075,0.0024007977917790413,0.0029175139497965574,0.003225305350497365,0.0014439333463087678,0.0009328857413493097,0.00034883266198448837,0.005081770475953817,0.0005837119533680379,0.0004784281481988728,0.001352459192276001,0.0005823386018164456,0.000734894594643265,0.0002889428869821131,0.0006448817439377308,0.00026960583636537194,0.0008084605797193944,0.7898001074790955,0.2053186595439911,0.004881261382251978,0.7222411036491394,0.0029175139497965574,0.003452286357060075,0.033424749970436096,0.13507269322872162,0.7849188460968435
merkel3_c004,merkel3,merkel,en,2018-12-31,new_year_address,4,160,138,0.32059741020202637,0.005595608148723841,0.1548086702823639,0.43325915932655334,0.09001725167036057,0.00858218688517809,0.0016797147691249847,0.00141389190685004,0.09978798031806946,0.005193525925278664,0.0009142468334175646,0.014614475890994072,0.021744171157479286,0.05306210741400719,0.033128440380096436,0.009338541887700558,0.007262186147272587,0.0015577926533296704,0.003795650554820895,0.002611512551084161,0.0014555230736732483,0.002783536445349455,0.0018065710319206119,0.0017311826813966036,0.002909294096753001,0.0003291897301096469,0.0016563704703003168,0.0010789853986352682,0.1964540183544159,0.5354294776916504,0.26811644434928894,0.43325915932655334,0.05306210741400719,0.033128440380096436,0.09001725167036057,0.1548086702823639,-0.07166242599487305
merkel3_c005,merkel3,merkel,en,2018-12-31,new_year_address,5,87,79,0.015365795232355595,0.0019249775214120746,0.34549787640571594,0.14465759694576263,0.011416557244956493,0.001864566933363676,0.005405146162956953,0.0030643341597169638,0.1032392606139183,0.001554973190650344,0.0005223067128099501,0.006354968063533306,0.009488056413829327,0.00816868245601654,0.0063600256107747555,0.490923136472702,0.003064434975385666,0.0003807897446677089,0.004286420997232199,0.001337190973572433,0.0006011726800352335,0.0022289252374321222,0.0013974611647427082,0.001246928353793919,0.0010196611983701587,0.0006029497599229217,0.0010018240427598357,0.002766026183962822,0.6690098643302917,0.3247167468070984,0.006273328792303801,0.14465759694576263,0.00816868245601654,0.0063600256107747555,0.490923136472702,0.34549787640571594,0.662736535537988
merkel3_c006,merkel3,merkel,en,2018-12-31,new_year_address,6,122,103,0.08303430676460266,0.8400534391403198,0.049072325229644775,0.05801784619688988,0.005930683575570583,0.012071155942976475,0.045326005667448044,0.029042448848485947,0.07137507945299149,0.01039609219878912,0.0019454150460660458,0.003425432601943612,0.03245144337415695,0.0010641072876751423,0.0017995003145188093,0.030796406790614128,0.0010847976664081216,0.0004347015346866101,0.0014964095316827297,0.0008117573452182114,0.0007539772777818143,0.0008014938211999834,0.000770884333178401,0.0007814260316081345,0.001063921139575541,0.0009301295503973961,0.0005770465941168368,0.00113097601570189,0.877586305141449,0.11791188269853592,0.0045018321834504604,0.8400534391403198,0.0010847976664081216,0.003425432601943612,0.030796406790614128,0.049072325229644775,0.8730844729579985
merkel3_c007,merkel3,merkel,en,2018-12-31,new_year_address,7,136,119,0.0691908746957779,0.0034363053273409605,0.32240408658981323,0.38588908314704895,0.027389010414481163,0.005695322994142771,0.004064652137458324,0.0020081764087080956,0.09424152225255966,0.003152392106130719,0.0006073429831303656,0.009401366114616394,0.026796510443091393,0.007625758647918701,0.01165827363729477,0.21164380013942719,0.0025679278187453747,0.0005390591686591506,0.002400559140369296,0.0013424112694337964,0.0007436142768710852,0.0019505760865285993,0.001449035364203155,0.0013135937042534351,0.0009943386539816856,0.0003310964675620198,0.0011789073469117284,0.002095536794513464,0.5449244379997253,0.4402414560317993,0.014834117144346237,0.38588908314704895,0.007625758647918701,0.01165827363729477,0.21164380013942719,0.32240408658981323,0.5300903208553791
merkel3_c008,merkel3,merkel,en,2018-12-31,new_year_address,8,92,82,0.0757436752319336,0.20205380022525787,0.02426980249583721,0.0566985048353672,0.0034126408863812685,0.003985441289842129,0.012749598361551762,0.016261093318462372,0.4828701615333557,0.006201885640621185,0.0012141377665102482,0.004964849445968866,0.5706411004066467,0.0018518443685024977,0.004189608618617058,0.22993186116218567,0.0030066550243645906,0.00038275885162875056,0.0243495125323534,0.0020903930999338627,0.0016827230574563146,0.0017856300109997392,0.0011548090260475874,0.0022429940290749073,0.004126987420022488,0.0015877775149419904,0.0016580185620114207,0.00579093536362052,0.9399876594543457,0.055256735533475876,0.004755611531436443,0.5706411004066467,0.004126987420022488,0.004964849445968866,0.22993186116218567,0.02426980249583721,0.9352320479229093
putin2022_c000,putin2022,putin,en,2022-12-31,new_year_address,0,115,91,0.09474136680364609,0.0053725834004580975,0.33406689763069153,0.26412010192871094,0.0759878009557724,0.01751181297004223,0.004329530056566,0.004527395591139793,0.03456652909517288,0.008997967466711998,0.001421509892679751,0.00969427078962326,0.02233538217842579,0.01991807296872139,0.006552983541041613,0.014115788973867893,0.01943284086883068,0.0011912862537428737,0.011405992321670055,0.002517867134884,0.0026812725700438023,0.0005580547731369734,0.0014597087865695357,0.00218829233199358,0.0024041200522333384,0.00022831610112916678,0.0016592693282291293,0.0003596217429731041,0.6276937127113342,0.3546088933944702,0.01769743487238884,0.26412010192871094,0.01991807296872139,0.00969427078962326,0.0759878009557724,0.33406689763069153,0.6099962778389454
putin2022_c001,putin2022,putin,en,2022-12-31,new_year_address,1,100,85,0.19358417391777039,0.011342907324433327,0.22320003807544708,0.4862547218799591,0.024144403636455536,0.018696069717407227,0.008292222395539284,0.0036285400856286287,0.16225041449069977,0.005465647671371698,0.0009592075948603451,0.00749785965308547,0.0628143697977066,0.0029726913198828697,0.006106622517108917,0.05607769638299942,0.0015359773533418775,0.00045471731573343277,0.0024160936009138823,0.0015495436964556575,0.0008785570971667767,0.0010070196585729718,0.0009595315787009895,0.001637087669223547,0.0008079912513494492,0.00036950220237486064,0.000857349019497633,0.0011000275844708085,0.7581749558448792,0.23325715959072113,0.008567875251173973,0.4862547218799591,0.0029726913198828697,0.00749785965308547,0.05607769638299942,0.22320003807544708,0.7496070805937052
putin2022_c002,putin2022,putin,en,2022-12-31,new_year_address,2,112,96,0.23926134407520294,0.004725446458905935,0.06526608765125275,0.3259936273097992,0.04614545404911041,0.012379184365272522,0.024575086310505867,0.02004830911755562,0.07298220694065094,0.018947666510939598,0.00549790496006608,0.003564495127648115,0.0636616200208664,0.008336677215993404,0.007018023170530796,0.009179852902889252,0.007462384179234505,0.001171589712612331,0.0042523047886788845,0.06559253484010696,0.0024368995800614357,0.02641039341688156,0.0008037094376049936,0.0012005040189251304,0.0016010153340175748,0.0008231821702793241,0.07413757592439651,0.007647376041859388,0.32407620549201965,0.5086625814437866,0.16726121306419373,0.3259936273097992,0.07413757592439651,0.007018023170530796,0.04614545404911041,0.06526608765125275,0.15681499242782593
putin2022_c003,putin2022,putin,en,2022-12-31,new_year_address,3,124,101,0.0019115392351523042,0.0005664968048222363,0.5811527967453003,0.07422419637441635,0.02451460249722004,0.0007130029844120145,0.00042847200529649854,0.0008129358175210655,0.003475432051345706,0.000966222898568958,0.0005039781681261957,0.12928375601768494,0.0031268650200217962,0.027626536786556244,0.17892546951770782,0.0015830690972507,0.006880769040435553,0.0017198657151311636,0.0006880268338136375,0.0013442591298371553,0.0006144663784652948,0.0008127162582240999,0.006013939622789621,0.023820094764232635,0.0005291265551932156,0.0006207718979567289,0.0005554595263674855,0.000309964147163555,0.011407449841499329,0.19290027022361755,0.7956923246383667,0.07422419637441635,0.027626536786556244,0.17892546951770782,0.02451460249722004,0.5811527967453003,-0.7842848747968674
putin2022_c004,putin2022,putin,en,2022-12-31,new_year_address,4,132,112,0.10801395028829575,0.15607725083827972,0.055793143808841705,0.06345726549625397,0.0042173913680016994,0.00791012030094862,0.015431593172252178,0.016825886443257332,0.24324031174182892,0.007474154233932495,0.0009174904553219676,0.006173557136207819,0.48094427585601807,0.0026454634498804808,0.00466650677844882,0.4357878863811493,0.004666626453399658,0.0004932818119414151,0.020733285695314407,0.0020958080422133207,0.002238586777821183,0.001029781298711896,0.0013612171169370413,0.0023223008029162884,0.004906616639345884,0.0008985426393337548,0.001775970566086471,0.0032758924644440413,0.7106150984764099,0.26309019327163696,0.026294665411114693,0.48094427585601807,0.004906616639345884,0.006173557136207819,0.4357878863811493,0.055793143808841705,0.6843204330652952
putin2022_c005,putin2022,putin,en,2022-12-31,new_year_address,5,147,119,0.44769710302352905,0.9156220555305481,0.026671675965189934,0.03396148979663849,0.010294931940734386,0.01523591112345457,0.007610975299030542,0.006634004879742861,0.012475863099098206,0.005471926648169756,0.0020885434933006763,0.006680435501039028,0.006931288633495569,0.0022207859437912703,0.0039586713537573814,0.0024332928005605936,0.0020955728832632303,0.001086954027414322,0.0009116004803217947,0.0011409551370888948,0.001108685857616365,0.0010690607596188784,0.0017221751622855663,0.0015821994747966528,0.0014375823084264994,0.0008771552238613367,0.00033486069878563285,0.0006436393014155328,0.947026252746582,0.04596266150474548,0.007011092267930508,0.9156220555305481,0.0022207859437912703,0.006680435501039028,0.010294931940734386,0.026671675965189934,0.9400151604786515
putin2022_c006,putin2022,putin,en,2022-12-31,new_year_address,6,123,103,0.02462325058877468,0.003353309817612171,0.5436373949050903,0.199284628033638,0.07376141846179962,0.006245039869099855,0.0019405004568397999,0.0024672518484294415,0.040373001247644424,0.007088822312653065,0.001189964939840138,0.01370981801301241,0.004575247876346111,0.056971315294504166,0.03574158623814583,0.009928436949849129,0.010178370401263237,0.001452895812690258,0.0008321373024955392,0.0028997117187827826,0.0014133185613900423,0.0011709756217896938,0.001689039752818644,0.001014473382383585,0.0012750456808134913,0.00038637302350252867,0.0016477924073114991,0.0004014090809505433,0.037262994796037674,0.3260515630245209,0.6366854906082153,0.199284628033638,0.056971315294504166,0.03574158623814583,0.07376141846179962,0.5436373949050903,-0.5994224958121777
putin2022_c007,putin2022,putin,en,2022-12-31,new_year_address,7,118,106,0.19539131224155426,0.9495646357536316,0.02347595803439617,0.0639100968837738,0.008718334138393402,0.0027224246878176928,0.003428199328482151,0.0030234637670218945,0.008610495366156101,0.002621798776090145,0.0010193042689934373,0.004285004455596209,0.005733093712478876,0.0012905668700113893,0.0035012168809771538,0.0018569380044937134,0.0010531553998589516,0.000406067818403244,0.0013603060506284237,0.0004167516599409282,0.0003947872610297054,0.0012516052229329944,0.0009055777336470783,0.0008302836213260889,0.0008808369166217744,0.0006697821663692594,0.0001703124144114554,0.0008882812689989805,0.8903764486312866,0.10191535204648972,0.007708185818046331,0.9495646357536316,0.0012905668700113893,0.004285004455596209,0.008718334138393402,0.02347595803439617,0.8826682628132403
putin2022_c008,putin2022,putin,en,2022-12-31,new_year_address,8,93,79,0.4182246923446655,0.04354958236217499,0.10185746848583221,0.130523219704628,0.012278369627892971,0.017098238691687584,0.00591085571795702,0.010728556662797928,0.10940086841583252,0.018172793090343475,0.000919706653803587,0.005672392435371876,0.5022655725479126,0.007609263528138399,0.006347415037453175,0.05983962491154671,0.024397974833846092,0.0007640550029464066,0.006659499369561672,0.0026903527323156595,0.0057207755744457245,0.0008853289182297885,0.0011058504460379481,0.0014998526312410831,0.004690814763307571,0.0005967234028503299,0.0027366699650883675,0.0014719924656674266,0.7848644256591797,0.15661850571632385,0.05851706489920616,0.5022655725479126,0.024397974833846092,0.006347415037453175,0.05983962491154671,0.10185746848583221,0.7263473607599735
putin2022_c009,putin2022,putin,en,2022-12-31,new_year_address,9,80,68,0.38107964396476746,0.024862483143806458,0.038141269236803055,0.28385165333747864,0.010455470532178879,0.016671018674969673,0.02062184549868107,0.0780186876654625,0.0376276820898056,0.02223297767341137,0.0011251828400418162,0.005702972412109375,0.26244112849235535,0.007045544683933258,0.00622305553406477,0.03498813882470131,0.018301423639059067,0.0007033729343675077,0.1324739009141922,0.001569360843859613,0.0035485965199768543,0.0006996361771598458,0.0009371936321258545,0.0016716404352337122,0.0023886258713901043,0.0006264356779865921,0.002264188602566719,0.0013347232015803456,0.8057039976119995,0.16022847592830658,0.034067511558532715,0.38107964396476746,0.018301423639059067,0.00622305553406477,0.03498813882470131,0.038141269236803055,0.7716364860534668
putin2022_c010,putin2022,putin,en,2022-12-31,new_year_address,10,188,158,0.18489979207515717,0.05201950669288635,0.043472032994031906,0.14329291880130768,0.005150445271283388,0.014330172911286354,0.08213069289922714,0.1491965651512146,0.11391985416412354,0.013970422558486462,0.0016323341988027096,0.0031201450619846582,0.3449706435203552,0.0013397696893662214,0.0025496752932667732,0.039866793900728226,0.0027657144237309694,0.000491091632284224,0.2537967562675476,0.001904741977341473,0.0017328463727608323,0.0010779682779684663,0.0006506106001324952,0.0020750751718878746,0.0020923116244375706,0.0009431653306819499,0.0017593916272744536,0.0025548110716044903,0.9686923027038574,0.027761705219745636,0.003545977408066392,0.3449706435203552,0.0027657144237309694,0.0031201450619846582,0.039866793900728226,0.043472032994031906,0.965146325295791
putin2023_c000,putin2023,putin,en,2023-12-31,new_year_address,0,93,75,0.29503440856933594,0.02844802476465702,0.13714385032653809,0.13208694756031036,0.02991773746907711,0.26446983218193054,0.03538275137543678,0.2035367637872696,0.0592547170817852,0.0725698322057724,0.002854243852198124,0.00931941531598568,0.031257420778274536,0.008374032564461231,0.005122004076838493,0.02803795225918293,0.006961573380976915,0.002767614321783185,0.00202595884911716,0.00348206190392375,0.004858800675719976,0.0010507956612855196,0.0016316063702106476,0.0031881174072623253,0.0025149527937173843,0.0014234795235097408,0.0036637759767472744,0.00047194724902510643,0.8082385063171387,0.1831328123807907,0.008628679439425468,0.29503440856933594,0.008374032564461231,0.00931941531598568,0.02991773746907711,0.13714385032653809,0.7996098268777132
putin2023_c001,putin2023,putin,en,2023-12-31,new_year_address,1,91,82,0.23247037827968597,0.0196820255368948,0.1677582710981369,0.5013561248779297,0.03609662130475044,0.019843077287077904,0.006558626424521208,0.00317781581543386,0.15772739052772522,0.008446449413895607,0.0011586712207645178,0.005422750022262335,0.11324514448642731,0.004085744731128216,0.005739246495068073,0.04405995458364487,0.0028088423423469067,0.0007236793753691018,0.0029469765722751617,0.002249903744086623,0.0013621514663100243,0.0012277429923415184,0.0009042067104019225,0.0012380641419440508,0.0022294046357274055,0.00035719192237593234,0.00163276179227978,0.0012672529555857182,0.6828269362449646,0.3051958680152893,0.011977204121649265,0.5013561248779297,0.004085744731128216,0.005739246495068073,0.04405995458364487,0.1677582710981369,0.6708497321233153
putin2023_c002,putin2023,putin,en,2023-12-31,new_year_address,2,91,78,0.8675834536552429,0.03770078346133232,0.07645410299301147,0.11345794796943665,0.024173466488718987,0.19909225404262543,0.01683703437447548,0.016584396362304688,0.03165030479431152,0.016134046018123627,0.0038533371407538652,0.016679633408784866,0.03224250674247742,0.009436521679162979,0.009518924169242382,0.017655501142144203,0.007191980257630348,0.004398935008794069,0.0035671107470989227,0.00445011118426919,0.004859797190874815,0.000945278094150126,0.004117843694984913,0.007346800062805414,0.003461210522800684,0.0011403609532862902,0.0018080325098708272,0.0006507119978778064,0.8078799843788147,0.1835332214832306,0.008586806245148182,0.8675834536552429,0.009436521679162979,0.016679633408784866,0.024173466488718987,0.07645410299301147,0.7992931781336665
putin2023_c003,putin2023,putin,en,2023-12-31,new_year_address,3,84,77,0.10326864570379257,0.014397489838302135,0.07907351106405258,0.2865546941757202,0.007851634174585342,0.005009274464100599,0.006391475908458233,0.008307202719151974,0.09402206540107727,0.004414537455886602,0.0008465346181765199,0.005957845598459244,0.49466848373413086,0.0022778965067118406,0.006905816495418549,0.02248973585665226,0.003084612777456641,0.0005323358345776796,0.5373245477676392,0.0021212599240243435,0.0014489581808447838,0.0014230215456336737,0.0011914093047380447,0.00527548510581255,0.0031215958297252655,0.0005426853895187378,0.0013241576962172985,0.0022237044759094715,0.9493688344955444,0.044797781854867935,0.0058333994820714,0.5373245477676392,0.0031215958297252655,0.006905816495418549,0.02248973585665226,0.07907351106405258,0.943535435013473
putin2023_c004,putin2023,putin,en,2023-12-31,new_year_address,4,86,72,0.052421532571315765,0.02065696008503437,0.0420302152633667,0.07815004140138626,0.004998554941266775,0.004466937854886055,0.03389356657862663,0.07183679938316345,0.23779115080833435,0.004738900810480118,0.001247899723239243,0.003922639414668083,0.22920866310596466,0.002861812710762024,0.0034877487923949957,0.42513158917427063,0.003674894804134965,0.0005035632639192045,0.4952419400215149,0.0016987021081149578,0.001389373792335391,0.0013055463787168264,0.001216589706018567,0.002759269904345274,0.003412764286622405,0.0012687415583059192,0.0015608749818056822,0.0036187218502163887,0.961891233921051,0.03587464988231659,0.002234113635495305,0.4952419400215149,0.003674894804134965,0.003922639414668083,0.42513158917427063,0.0420302152633667,0.9596571202855557
putin2023_c005,putin2023,putin,en,2023-12-31,new_year_address,5,139,107,0.2330356389284134,0.18553148210048676,0.03520568460226059,0.16010689735412598,0.004469397943466902,0.012320069596171379,0.06505794823169708,0.059260640293359756,0.24551863968372345,0.011828561313450336,0.0016599770169705153,0.0032001053914427757,0.43469151854515076,0.0012075204867869616,0.0030733237508684397,0.0677863135933876,0.0019048668909817934,0.00035292241955175996,0.08003923296928406,0.0015988362720236182,0.0013780371518805623,0.001030269544571638,0.0006741503602825105,0.0016563169192522764,0.0021256357431411743,0.000964599137660116,0.0013207223964855075,0.00315703172236681,0.9648865461349487,0.03180275112390518,0.0033106289338320494,0.43469151854515076,0.0021256357431411743,0.0032001053914427757,0.0677863135933876,0.03520568460226059,0.9615759172011167
putin2024_c000,putin2024,putin,en,2024-12-31,new_year_address,0,137,108,0.35000696778297424,0.03231891989707947,0.13610431551933289,0.30721935629844666,0.03326937183737755,0.07170715928077698,0.03393253684043884,0.014404172077775002,0.3157535791397095,0.014502713456749916,0.003718223422765732,0.006263767369091511,0.020754678174853325,0.005132170394062996,0.00424983212724328,0.08844044059515,0.002046976238489151,0.0009994016727432609,0.001330553088337183,0.0029304716736078262,0.0016916694585233927,0.001005450263619423,0.0012812396744266152,0.001356648514047265,0.0013640020042657852,0.0008411125745624304,0.001416797167621553,0.0010067822877317667,0.9295374751091003,0.06794176250696182,0.002520781708881259,0.35000696778297424,0.005132170394062996,0.006263767369091511,0.08844044059515,0.13610431551933289,0.9270166934002191
putin2024_c001,putin2024,putin,en,2024-12-31,new_year_address,1,123,105,0.24713051319122314,0.018937602639198303,0.06799252331256866,0.48061200976371765,0.01132521778345108,0.013421168550848961,0.008885595947504044,0.008407856337726116,0.3064108192920685,0.005927721504122019,0.0009803501889109612,0.003989960066974163,0.2997649312019348,0.0026810483541339636,0.007205680012702942,0.05124305188655853,0.0022273710928857327,0.0005101715796627104,0.16674545407295227,0.0024189811665564775,0.0012725082924589515,0.001587217440828681,0.0009855137905105948,0.002585495123639703,0.00236302288249135,0.00043773255310952663,0.0012896255357190967,0.002008652314543724,0.9510371685028076,0.0450146347284317,0.003948227968066931,0.48061200976371765,0.0026810483541339636,0.007205680012702942,0.05124305188655853,0.06799252331256866,0.9470889405347407
putin2024_c002,putin2024,putin,en,2024-12-31,new_year_address,2,158,132,0.827345609664917,0.050006818026304245,0.0924098864197731,0.15217359364032745,0.023501992225646973,0.1861506551504135,0.02441326342523098,0.019004996865987778,0.07126319408416748,0.018213482573628426,0.0032076630741357803,0.010849476791918278,0.03761711344122887,0.006005582399666309,0.006969674024730921,0.02429802529513836,0.0045434716157615185,0.0020711293909698725,0.00237473682500422,0.004180232994258404,0.003780591068789363,0.0008252387051470578,0.002439837669953704,0.0038486849516630173,0.0020029833540320396,0.0010147463763132691,0.0017380424542352557,0.0007016660529188812,0.9560868740081787,0.04020790010690689,0.003705226583406329,0.827345609664917,0.006005582399666309,0.010849476791918278,0.02429802529513836,0.0924098864197731,0.9523816474247724
putin2024_c003,putin2024,putin,en,2024-12-31,new_year_address,3,113,85,0.05723978579044342,0.1379023790359497,0.02712992951273918,0.037426501512527466,0.00366069539450109,0.007287415210157633,0.13919135928153992,0.12517252564430237,0.40870970487594604,0.009882538579404354,0.0027814037166535854,0.0034354059025645256,0.26602792739868164,0.0021058686543256044,0.002262147143483162,0.3247733414173126,0.0040580653585493565,0.0004337991413194686,0.043518006801605225,0.003103218972682953,0.0019302958389744163,0.0013766912743449211,0.000939820718485862,0.002009365474805236,0.003071945160627365,0.0020199576392769814,0.0029638626147061586,0.005276579409837723,0.9833859801292419,0.01460452750325203,0.002009462798014283,0.40870970487594604,0.0040580653585493565,0.0034354059025645256,0.3247733414173126,0.02712992951273918,0.9813765173312277
putin2025_c000,putin2025,putin,en,2025-12-31,new_year_address,0,101,89,0.02471921220421791,0.018603306263685226,0.22527441382408142,0.2077835649251938,0.01680900529026985,0.005716768093407154,0.011214504018425941,0.01035840529948473,0.6736182570457458,0.008031796663999557,0.0016656172228977084,0.002129149390384555,0.11798227578401566,0.0027780423406511545,0.003049371298402548,0.08131751418113708,0.002349304500967264,0.00035365918301977217,0.004022092092782259,0.002656240016222,0.0011028117733076215,0.0019565867260098457,0.0005287867388688028,0.000645542168058455,0.0015061041340231895,0.0006917300052009523,0.001809386652894318,0.0016951372381299734,0.6665306091308594,0.32547110319137573,0.007998236455023289,0.6736182570457458,0.0027780423406511545,0.003049371298402548,0.08131751418113708,0.22527441382408142,0.6585323726758361
putin2025_c001,putin2025,putin,en,2025-12-31,new_year_address,1,96,79,0.24668075144290924,0.012702073901891708,0.21592994034290314,0.35715219378471375,0.011707096360623837,0.010728029534220695,0.013953445479273796,0.0036902206484228373,0.13416288793087006,0.003083275631070137,0.001063283416442573,0.00407034857198596,0.03397604450583458,0.002718946896493435,0.004295843653380871,0.15167343616485596,0.001555998926050961,0.0003067225916311145,0.0047762650065124035,0.0011654855916276574,0.0007019874174147844,0.0009382519638165832,0.0009155030711553991,0.0008973542717285454,0.0008081671549007297,0.00037414912367239594,0.0006289755692705512,0.002221879083663225,0.5124344229698181,0.4660916328430176,0.02147390879690647,0.35715219378471375,0.002718946896493435,0.004295843653380871,0.15167343616485596,0.21592994034290314,0.49096051417291164
putin2025_c002,putin2025,putin,en,2025-12-31,new_year_address,2,90,78,0.12444522976875305,0.0547063872218132,0.02410084195435047,0.06045299768447876,0.004284038674086332,0.010827980935573578,0.10458242148160934,0.26506900787353516,0.5385504364967346,0.011633843183517456,0.002415153430774808,0.0032038746867328882,0.27038246393203735,0.002114378148689866,0.0026044619735330343,0.16423983871936798,0.003269244683906436,0.00046450694208033383,0.09767605364322662,0.002417398151010275,0.0018974257400259376,0.0014000515220686793,0.0007393861305899918,0.0019539822824299335,0.002583193127065897,0.002679042052477598,0.002364479936659336,0.0037285962607711554,0.9802747368812561,0.017341235652565956,0.0023840332869440317,0.5385504364967346,0.003269244683906436,0.0032038746867328882,0.16423983871936798,0.02410084195435047,0.9778907035943121
putin2025_c003,putin2025,putin,en,2025-12-31,new_year_address,3,94,78,0.15661169588565826,0.103682741522789,0.036044538021087646,0.1423821747303009,0.003995364066213369,0.005341875366866589,0.015990979969501495,0.01716899871826172,0.2395153045654297,0.005316023714840412,0.001059047062881291,0.004407739732414484,0.574345588684082,0.0018562079640105367,0.005154771730303764,0.12108832597732544,0.0027475866954773664,0.0004236773238517344,0.3041433095932007,0.0018134580459445715,0.0014858914073556662,0.0012573704589158297,0.0011673776898533106,0.003316514892503619,0.004465303383767605,0.0008103131549432874,0.001219560974277556,0.0036669489927589893,0.891535222530365,0.10039830952882767,0.008066494017839432,0.574345588684082,0.004465303383767605,0.005154771730303764,0.12108832597732544,0.036044538021087646,0.8834687285125256
putin2025_c004,putin2025,putin,en,2025-12-31,new_year_address,4,172,134,0.1407129317522049,0.20130828022956848,0.03178218752145767,0.09645453840494156,0.0037270872853696346,0.007941712625324726,0.03343348950147629,0.04156939312815666,0.30426448583602905,0.011337103322148323,0.0014069108292460442,0.0037105882074683905,0.652324914932251,0.0015002284198999405,0.00350419944152236,0.08674094080924988,0.0030847243033349514,0.0003925165510736406,0.06846968084573746,0.0022576183546334505,0.0019325276371091604,0.0012331524631008506,0.0007784564513713121,0.002180430805310607,0.003416275605559349,0.0009846588363870978,0.0018312783213332295,0.0038444679230451584,0.9556699395179749,0.04205329343676567,0.002276733284816146,0.652324914932251,0.003416275605559349,0.0037105882074683905,0.08674094080924988,0.03178218752145767,0.9533932062331587
trump1_c000,trump1,trump,en,2021-01-19,farewell_address,0,98,85,0.4779658913612366,0.058873388916254044,0.13173577189445496,0.14951369166374207,0.040923215448856354,0.29774606227874756,0.039815355092287064,0.042011845856904984,0.04784607142210007,0.03830675035715103,0.005947405472397804,0.016592547297477722,0.018624885007739067,0.010356441140174866,0.005263795144855976,0.030778298154473305,0.005115637090057135,0.00440202234312892,0.0014303894713521004,0.0032015733886510134,0.004588807933032513,0.0007295373943634331,0.0029223840683698654,0.005194047465920448,0.002712791319936514,0.0010496521135792136,0.0020763427019119263,0.00045771393342874944,0.9329453706741333,0.06274241209030151,0.004312219098210335,0.4779658913612366,0.010356441140174866,0.016592547297477722,0.040923215448856354,0.13173577189445496,0.928633151575923
trump1_c001,trump1,trump,en,2021-01-19,farewell_address,1,125,104,0.2575215697288513,0.800690233707428,0.015467038378119469,0.08365596830844879,0.003848855383694172,0.009047484025359154,0.01189683098345995,0.03707963228225708,0.1534210443496704,0.012643270194530487,0.0010901609202846885,0.004418955184519291,0.49087125062942505,0.0016880631446838379,0.005350965540856123,0.04053178429603577,0.004083983600139618,0.00048631033860147,0.06222904101014137,0.0016342501621693373,0.0024954089894890785,0.0013921625213697553,0.0010498430347070098,0.002529037883505225,0.006279431749135256,0.0010787473293021321,0.0012327202130109072,0.0026942999102175236,0.9783897399902344,0.019029105082154274,0.0025811977684497833,0.800690233707428,0.006279431749135256,0.005350965540856123,0.04053178429603577,0.015467038378119469,0.9758085422217846
trump1_c002,trump1,trump,en,2021-01-19,farewell_address,2,141,127,0.11674916744232178,0.9830812811851501,0.011859506368637085,0.02557683363556862,0.004560218192636967,0.0019931450951844454,0.004352838732302189,0.0037327809259295464,0.008350650779902935,0.002314761746674776,0.001218445715494454,0.004637016449123621,0.006023050751537085,0.0013750276993960142,0.0031055347062647343,0.003400897141546011,0.0017663788748905063,0.00048695510486140847,0.002354166703298688,0.0005407033022493124,0.0005375327309593558,0.0013196474174037576,0.001275939168408513,0.0012849492486566305,0.0014782575890421867,0.0010251718340441585,0.0001953587052412331,0.0014148564077913761,0.9410353899002075,0.05389577895402908,0.005068764556199312,0.9830812811851501,0.0017663788748905063,0.004637016449123621,0.004560218192636967,0.011859506368637085,0.9359666253440082
trump1_c003,trump1,trump,en,2021-01-19,farewell_address,3,99,85,0.6858343482017517,0.922069251537323,0.009746256284415722,0.042578794062137604,0.00706724775955081,0.00640623364597559,0.008675121702253819,0.008473221212625504,0.016698993742465973,0.003613458015024662,0.001842796104028821,0.005357703194022179,0.007663825526833534,0.0019169115694239736,0.005058747716248035,0.006225063931196928,0.001836062758229673,0.0004309467622078955,0.0020358823239803314,0.0006900287698954344,0.0007391170365735888,0.0016589888837188482,0.0012081388849765062,0.001609646831639111,0.0008408007561229169,0.0009730569436214864,0.0002809067373163998,0.001692332443781197,0.9808734059333801,0.014557214453816414,0.0045693414285779,0.922069251537323,0.0019169115694239736,0.005357703194022179,0.00706724775955081,0.009746256284415722,0.9763040645048022
trump1_c004,trump1,trump,en,2021-01-19,farewell_address,4,139,121,0.019322415813803673,0.0012093764962628484,0.2811334729194641,0.2737065553665161,0.08299849927425385,0.0072147417813539505,0.007269447203725576,0.0033039571717381477,0.1018015444278717,0.005150726065039635,0.003563988720998168,0.010476107709109783,0.007707209791988134,0.01074752677232027,0.012160129845142365,0.02659136801958084,0.00682960357517004,0.0014288225211203098,0.0016253925859928131,0.0652952492237091,0.001636743894778192,0.0014955955557525158,0.002830192446708679,0.0022654307540506124,0.0007205962319858372,0.0004462458018679172,0.006230541504919529,0.0006094329874031246,0.31486737728118896,0.41857144236564636,0.2665611505508423,0.2737065553665161,0.0652952492237091,0.012160129845142365,0.08299849927425385,0.2811334729194641,0.04830622673034668
trump1_c005,trump1,trump,en,2021-01-19,farewell_address,5,144,125,0.5135220289230347,0.019383002072572708,0.08888140320777893,0.15346212685108185,0.012558968737721443,0.016242679208517075,0.01514540147036314,0.007428823038935661,0.06579076498746872,0.003468944225460291,0.0015653088921681046,0.014100879430770874,0.012847566045820713,0.009128639474511147,0.00858101062476635,0.5102376341819763,0.003941189032047987,0.0007252181530930102,0.0057748123072087765,0.0010033604921773076,0.0013310873182490468,0.001178356003947556,0.002600335516035557,0.0032830736599862576,0.0012814074289053679,0.0007048401166684926,0.0007977501954883337,0.00234052212908864,0.8619992136955261,0.1233171671628952,0.014683656394481659,0.5135220289230347,0.009128639474511147,0.014100879430770874,0.5102376341819763,0.08888140320777893,0.8473155573010445
trump1_c006,trump1,trump,en,2021-01-19,farewell_address,6,113,94,0.37515828013420105,0.02890874817967415,0.19176757335662842,0.37068238854408264,0.03997228667140007,0.04903506487607956,0.01049818191677332,0.018118122592568398,0.04347485676407814,0.026047684252262115,0.0030113011598587036,0.011785870417952538,0.007411767728626728,0.013949562795460224,0.007130942307412624,0.009485810995101929,0.003173539415001869,0.0010052103316411376,0.001340737915597856,0.0012212219880893826,0.0016429167008027434,0.0006229630671441555,0.001139512867666781,0.0013276871759444475,0.0008291332051157951,0.00043857915443368256,0.0009093426633626223,0.0003481268649920821,0.9591070413589478,0.03347675874829292,0.007416225504130125,0.37515828013420105,0.013949562795460224,0.011785870417952538,0.03997228667140007,0.19176757335662842,0.9516908158548176
trump1_c007,trump1,trump,en,2021-01-19,farewell_address,7,129,108,0.2568761110305786,0.005639693699777126,0.16126754879951477,0.061280254274606705,0.06766645610332489,0.006011366378515959,0.00255753705278039,0.002830872079357505,0.017919357866048813,0.0050947112031280994,0.007090309634804726,0.04247336462140083,0.001949542318470776,0.5460475087165833,0.10427916049957275,0.0027224556542932987,0.022099671885371208,0.004424786660820246,0.0030100715812295675,0.0017941242549568415,0.003059019334614277,0.0030819675885140896,0.003988282755017281,0.0031736602541059256,0.004095759242773056,0.0006638026679866016,0.0015920388977974653,0.0008825306431390345,0.15192508697509766,0.4474782943725586,0.40059661865234375,0.2568761110305786,0.5460475087165833,0.10427916049957275,0.06766645610332489,0.16126754879951477,-0.2486715316772461
trump1_c008,trump1,trump,en,2021-01-19,farewell_address,8,176,137,0.29664576053619385,0.00673077255487442,0.1001199260354042,0.07074616849422455,0.06702031940221786,0.043771352618932724,0.08335285633802414,0.04911923035979271,0.027387676760554314,0.02561373822391033,0.1252957284450531,0.010097014717757702,0.004128241911530495,0.01364328246563673,0.0044467877596616745,0.006680245976895094,0.005126447416841984,0.002030643867328763,0.001172519288957119,0.0026510870084166527,0.003101201495155692,0.0005376208573579788,0.0012749375309795141,0.001813496695831418,0.0006036547711119056,0.0015159164322540164,0.0017587017500773072,0.0006667926209047437,0.9631292223930359,0.03183850646018982,0.0050322990864515305,0.29664576053619385,0.01364328246563673,0.010097014717757702,0.1252957284450531,0.1001199260354042,0.9580969233065844
trump1_c009,trump1,trump,en,2021-01-19,farewell_address,9,144,119,0.08712149411439896,0.0027770649176090956,0.4148877263069153,0.1776411235332489,0.047321926802396774,0.016375459730625153,0.054325707256793976,0.01155776809900999,0.06919078528881073,0.009944448247551918,0.025926737114787102,0.006885824725031853,0.003253997303545475,0.006095826160162687,0.0022687604650855064,0.010590475983917713,0.002796483226120472,0.0009986551012843847,0.00062290218193084,0.004744891542941332,0.0015032064402475953,0.0005709667457267642,0.0012913818936794996,0.0008414408075623214,0.0004863317299168557,0.0011822038795799017,0.0018549426458775997,0.0008275158470496535,0.9350752830505371,0.06110536679625511,0.003819402540102601,0.1776411235332489,0.006095826160162687,0.006885824725031853,0.047321926802396774,0.4148877263069153,0.9312558805104345
trump1_c010,trump1,trump,en,2021-01-19,farewell_address,10,122,99,0.06928203254938126,0.0064667705446481705,0.1941457986831665,0.10549885034561157,0.10533874481916428,0.02921154536306858,0.009204820729792118,0.048108361661434174,0.020347828045487404,0.06963606178760529,0.011357247829437256,0.01370859332382679,0.013432431034743786,0.09856132417917252,0.006067960988730192,0.006516007706522942,0.2552849352359772,0.004018752835690975,0.0020116185769438744,0.026096127927303314,0.026958201080560684,0.0007957594934850931,0.002721888478845358,0.0026778012979775667,0.0035288603976368904,0.0012698324862867594,0.014413801021873951,0.0006018001004122198,0.17413027584552765,0.42400696873664856,0.4018627107143402,0.10549885034561157,0.2552849352359772,0.01370859332382679,0.10533874481916428,0.1941457986831665,-0.22773243486881256
trump1_c011,trump1,trump,en,2021-01-19,farewell_address,11,92,76,0.03527706861495972,0.005824275780469179,0.42939630150794983,0.502683162689209,0.041744668036699295,0.01164558157324791,0.010894376784563065,0.013920767232775688,0.041500333696603775,0.007543927524238825,0.0015068170614540577,0.006392617244273424,0.003078022738918662,0.004003201145678759,0.0024171117693185806,0.009897148236632347,0.001638274174183607,0.000728404673282057,0.002436982002109289,0.0012125775683671236,0.0007599529344588518,0.0017506267176941037,0.0012552645057439804,0.0011624547187238932,0.0006426101899705827,0.0008536864770576358,0.0007679116679355502,0.001064307987689972,0.7712666988372803,0.2152673751115799,0.01346595399081707,0.502683162689209,0.004003201145678759,0.006392617244273424,0.041744668036699295,0.42939630150794983,0.7578007448464632
trump1_c012,trump1,trump,en,2021-01-19,farewell_address,12,124,107,0.32615944743156433,0.021202804520726204,0.18314124643802643,0.270178884267807,0.020228486508131027,0.18206322193145752,0.026519523933529854,0.1619623303413391,0.03654327616095543,0.06166300177574158,0.0016513608861714602,0.014000493101775646,0.027809910476207733,0.005973145831376314,0.005831523332744837,0.01730521023273468,0.0037676948122680187,0.0016674655489623547,0.0013623086269944906,0.002199791604653001,0.0026980452239513397,0.000864662928506732,0.0015345759456977248,0.002989563625305891,0.001041073934175074,0.0014789503766223788,0.00242580845952034,0.0005108778714202344,0.9376146793365479,0.057366758584976196,0.005018516909331083,0.32615944743156433,0.005973145831376314,0.014000493101775646,0.020228486508131027,0.18314124643802643,0.9325961624272168
trump1_c013,trump1,trump,en,2021-01-19,farewell_address,13,94,84,0.013382424600422382,0.006011425983160734,0.23731352388858795,0.06828755140304565,0.06924843043088913,0.005244413390755653,0.0009501509484834969,0.002569538075476885,0.01208600215613842,0.006285239942371845,0.0015271520242094994,0.26744145154953003,0.007139695342630148,0.3594558537006378,0.0716523751616478,0.004021444823592901,0.024378297850489616,0.008337967097759247,0.0013336468255147338,0.0007402057526633143,0.0024699922651052475,0.0009454974788241088,0.006740068085491657,0.016586611047387123,0.005756852682679892,0.000412391236750409,0.0011408769059926271,0.000515457009896636,0.5231581926345825,0.38917282223701477,0.08766897767782211,0.06828755140304565,0.3594558537006378,0.26744145154953003,0.06924843043088913,0.23731352388858795,0.4354892149567604
trump1_c014,trump1,trump,en,2021-01-19,farewell_address,14,81,70,0.06170706823468208,0.005111709237098694,0.36817666888237,0.16826249659061432,0.08309950679540634,0.030361782759428024,0.11277201026678085,0.0711955726146698,0.010293717496097088,0.013525046408176422,0.01509693544358015,0.005456204991787672,0.00148964358959347,0.003827896434813738,0.0014083310961723328,0.006021663546562195,0.0016807687934488058,0.0019079853082075715,0.0020118034444749355,0.002487513003870845,0.0014106595190241933,0.001334667787887156,0.0013246015878394246,0.0010281981667503715,0.0005138698033988476,0.0020855930633842945,0.0019501247443258762,0.0011468596057966352,0.9348746538162231,0.06272284686565399,0.0024025358725339174,0.16826249659061432,0.003827896434813738,0.005456204991787672,0.08309950679540634,0.36817666888237,0.9324721179436892
trump1_c015,trump1,trump,en,2021-01-19,farewell_address,15,88,70,0.04543231427669525,0.001218708697706461,0.5589198470115662,0.495071142911911,0.05734381452202797,0.016827842220664024,0.0036561673041433096,0.006731207016855478,0.009172395803034306,0.0066051725298166275,0.0011524265864863992,0.02201862260699272,0.0057768551632761955,0.006515671499073505,0.0047412533313035965,0.0035152160562574863,0.00432687159627676,0.0019388094078749418,0.0019789603538811207,0.0038967416621744633,0.0016322495648637414,0.0007444133516401052,0.0038015968166291714,0.005615681409835815,0.0006438503041863441,0.0010312034282833338,0.0011124515440315008,0.0004675227391999215,0.4675213396549225,0.4420648217201233,0.0904138833284378,0.495071142911911,0.006515671499073505,0.02201862260699272,0.05734381452202797,0.5589198470115662,0.3771074563264847
trump1_c016,trump1,trump,en,2021-01-19,farewell_address,16,88,77,0.2725692391395569,0.016338158398866653,0.15392768383026123,0.2153417319059372,0.07821957767009735,0.39220353960990906,0.05523369833827019,0.12548573315143585,0.0292003583163023,0.07335175573825836,0.009588467888534069,0.01631235145032406,0.012573352083563805,0.012596674263477325,0.0063989353366196156,0.01297198049724102,0.006794094108045101,0.009050542488694191,0.001848106738179922,0.007633701432496309,0.006221598479896784,0.001562975812703371,0.0033697723411023617,0.005634163971990347,0.002557039726525545,0.0019561948720365763,0.006259302143007517,0.0005482531851157546,0.9184748530387878,0.07352064549922943,0.00800454244017601,0.39220353960990906,0.012596674263477325,0.01631235145032406,0.07821957767009735,0.15392768383026123,0.9104703105986118
trump1_c017,trump1,trump,en,2021-01-19,farewell_address,17,81,63,0.19752371311187744,0.021467411890625954,0.2506439685821533,0.5275402069091797,0.024262918159365654,0.013569850474596024,0.004212202504277229,0.002397264586761594,0.10131242126226425,0.005284335929900408,0.0007291328511200845,0.006680123042315245,0.060334496200084686,0.0028975026216357946,0.013907557353377342,0.0196571983397007,0.0013420135946944356,0.0004091592854820192,0.002344622043892741,0.0008496272494085133,0.0007040274213068187,0.0014623627066612244,0.000766783719882369,0.0016474096337333322,0.001086644479073584,0.00027918352861888707,0.0005563600570894778,0.0010016007581725717,0.7519791722297668,0.23727039992809296,0.01075044646859169,0.5275402069091797,0.0028975026216357946,0.013907557353377342,0.024262918159365654,0.2506439685821533,0.7412287257611752
trump1_c018,trump1,trump,en,2021-01-19,farewell_address,18,92,77,0.03903403505682945,0.008566555567085743,0.27689850330352783,0.4670691192150116,0.03838645666837692,0.006129929330199957,0.00164480647072196,0.001611275365576148,0.05010146647691727,0.006273492239415646,0.0004727128834929317,0.027578217908740044,0.10129035264253616,0.01133953407406807,0.0980171337723732,0.03376970812678337,0.004482361488044262,0.0009041611338034272,0.0022818248253315687,0.0013204815331846476,0.001081856433302164,0.001535183284431696,0.001663616974838078,0.004597836174070835,0.0020817103795707226,0.00030126850469969213,0.0012836001114919782,0.0008524927543476224,0.262858510017395,0.5449475049972534,0.19219399988651276,0.4670691192150116,0.01133953407406807,0.0980171337723732,0.03838645666837692,0.27689850330352783,0.07066451013088226
trump1_c019,trump1,trump,en,2021-01-19,farewell_address,19,118,101,0.23511099815368652,0.034223735332489014,0.07900924980640411,0.3409251570701599,0.011034876108169556,0.012185371480882168,0.006110768299549818,0.004692330956459045,0.6752490997314453,0.00399588979780674,0.0014309168327599764,0.0057380408979952335,0.16040368378162384,0.002904151799157262,0.009106697514653206,0.10598750412464142,0.001538541167974472,0.0004312584351282567,0.0181466992944479,0.00155788310803473,0.0010397318983450532,0.0016169869340956211,0.0011800286592915654,0.0030855925288051367,0.002548793563619256,0.0005983094451949,0.0006273181061260402,0.0020252536050975323,0.8958597779273987,0.09600143134593964,0.008138798177242279,0.6752490997314453,0.002904151799157262,0.009106697514653206,0.10598750412464142,0.07900924980640411,0.8877209797501564
trump1_c020,trump1,trump,en,2021-01-19,farewell_address,20,87,76,0.8924791812896729,0.021174630150198936,0.06998708099126816,0.1840648502111435,0.013623218983411789,0.03414253517985344,0.01128082349896431,0.008807815611362457,0.04705012962222099,0.005327639635652304,0.0018171273404732347,0.010239188559353352,0.012483760714530945,0.005845577921718359,0.0073052081279456615,0.02814534865319729,0.0024674420710653067,0.0006166759412735701,0.0015962489414960146,0.00110952730756253,0.0012290757149457932,0.0010035712039098144,0.001282570417970419,0.0022132580634206533,0.0006803672877140343,0.0007356468122452497,0.0005696450243704021,0.001401450950652361,0.9419358968734741,0.052638571709394455,0.005425562616437674,0.8924791812896729,0.005845577921718359,0.010239188559353352,0.02814534865319729,0.06998708099126816,0.9365103342570364
trump1_c021,trump1,trump,en,2021-01-19,farewell_address,21,101,90,0.030645249411463737,0.0014911850448697805,0.09484102576971054,0.04388788342475891,0.050778694450855255,0.003910545259714127,0.0023395479656755924,0.0038628093898296356,0.03447303548455238,0.006787009537220001,0.002588503761216998,0.02659185603260994,0.01114923320710659,0.44306573271751404,0.03013782575726509,0.0047696735709905624,0.13663820922374725,0.004044762346893549,0.0026719183661043644,0.04459226503968239,0.006103960797190666,0.0027525052428245544,0.0026474217884242535,0.003884513396769762,0.004215545952320099,0.0006331045879051089,0.028555089607834816,0.0008843471296131611,0.046359311789274216,0.33464181423187256,0.6189989447593689,0.04388788342475891,0.44306573271751404,0.03013782575726509,0.050778694450855255,0.09484102576971054,-0.5726396329700947
trump1_c022,trump1,trump,en,2021-01-19,farewell_address,22,89,76,0.3071292042732239,0.013994491659104824,0.2011173963546753,0.430987149477005,0.048939984291791916,0.015420481562614441,0.0027965086046606302,0.0018539043376222253,0.18738986551761627,0.006094638258218765,0.0014664654154330492,0.011205719783902168,0.034675758332014084,0.014335176907479763,0.05623392388224602,0.012514171190559864,0.003713028971105814,0.0008066553273238242,0.0016099726781249046,0.0017110498156398535,0.0013263324508443475,0.0022651355247944593,0.0010337756248191,0.0019145036349073052,0.0014747881796211004,0.00033827501465566456,0.0007773934048600495,0.0010120903607457876,0.7596457004547119,0.21475297212600708,0.02560127153992653,0.430987149477005,0.014335176907479763,0.05623392388224602,0.048939984291791916,0.2011173963546753,0.7340444289147854
trump1_c023,trump1,trump,en,2021-01-19,farewell_address,23,173,146,0.004480087198317051,0.0013699124101549387,0.37740305066108704,0.08089008182287216,0.03327186405658722,0.000804132258053869,0.0008850315934978426,0.0009655751055106521,0.00673691276460886,0.0012593679130077362,0.0012244514655321836,0.07853053510189056,0.003991864621639252,0.024896837770938873,0.6465002298355103,0.002670763526111841,0.0026364168152213097,0.0012916531413793564,0.0007649748586118221,0.0007713979575783014,0.0004270851204637438,0.0038737475406378508,0.002790800528600812,0.008455168455839157,0.0006456123664975166,0.0006096322904340923,0.0004862192436121404,0.0008117742254398763,0.41590210795402527,0.5207250714302063,0.06337279826402664,0.08089008182287216,0.024896837770938873,0.6465002298355103,0.03327186405658722,0.37740305066108704,0.3525293096899986
trump1_c024,trump1,trump,en,2021-01-19,farewell_address,24,84,71,0.8443012237548828,0.013195089995861053,0.1343238204717636,0.22285126149654388,0.0230662003159523,0.03780165687203407,0.007492734119296074,0.005060894414782524,0.02437993511557579,0.004612776450812817,0.0024543004110455513,0.00711737759411335,0.02442385070025921,0.005302392411977053,0.006602741777896881,0.0056139319203794,0.0034723267890512943,0.0008020495879463851,0.010496167466044426,0.0013233815552666783,0.001580504234880209,0.0008807790582068264,0.0011526786256581545,0.0030344000551849604,0.0011570343049243093,0.00040482732583768666,0.0004876650928054005,0.0008232868858613074,0.8971045017242432,0.09443194419145584,0.008463555946946144,0.8443012237548828,0.005302392411977053,0.00711737759411335,0.0230662003159523,0.1343238204717636,0.888640945777297
trump1_c025,trump1,trump,en,2021-01-19,farewell_address,25,99,89,0.22276154160499573,0.008607988245785236,0.3641098141670227,0.23082563281059265,0.018825575709342957,0.022221941500902176,0.011326796375215054,0.028980642557144165,0.013526923023164272,0.010614336468279362,0.001241719932295382,0.0033797461073845625,0.081593818962574,0.004037939943373203,0.0024736961349844933,0.009452707134187222,0.0064780088141560555,0.000771326245740056,0.13554975390434265,0.0015354581410065293,0.002597117330878973,0.0006874877726659179,0.000898574769962579,0.0014025918208062649,0.0022664282005280256,0.00046038030995987356,0.0011407530400902033,0.000627365312539041,0.8933358788490295,0.09964419901371002,0.007019898854196072,0.23082563281059265,0.0064780088141560555,0.0033797461073845625,0.018825575709342957,0.3641098141670227,0.8863159799948335
trump1_c026,trump1,trump,en,2021-01-19,farewell_address,26,170,149,0.6437051296234131,0.0211002416908741,0.1638873666524887,0.3393424451351166,0.017247764393687248,0.05060556158423424,0.00987202674150467,0.006329999305307865,0.1579468846321106,0.007589374203234911,0.001305977231822908,0.008103429339826107,0.05280724912881851,0.004594836384057999,0.009563088417053223,0.04562545195221901,0.002635905286297202,0.0005655731656588614,0.003139764303341508,0.0016252052737399936,0.001504212967120111,0.0009611157584004104,0.0010740627767518163,0.0022839687298983335,0.0011486690491437912,0.0004600076354108751,0.0007572427857667208,0.0010112687014043331,0.9564741253852844,0.03871706873178482,0.004808804485946894,0.6437051296234131,0.004594836384057999,0.009563088417053223,0.04562545195221901,0.1638873666524887,0.9516653208993375
trump1_c027,trump1,trump,en,2021-01-19,farewell_address,27,178,156,0.11216676980257034,0.8598781228065491,0.021957658231258392,0.08071669936180115,0.004223730880767107,0.007756303064525127,0.013226896524429321,0.019151940941810608,0.4312848746776581,0.012282921001315117,0.0014252600958570838,0.0035218249540776014,0.26162758469581604,0.0017822980880737305,0.00561630679294467,0.025045515969395638,0.002590704709291458,0.00034674975904636085,0.006632593460381031,0.0019300918793305755,0.0016164197586476803,0.0016967221163213253,0.0007433578139171004,0.0014774545561522245,0.002538214437663555,0.0008338354527950287,0.0010121790692210197,0.0020984734874218702,0.8445406556129456,0.14617452025413513,0.009284770116209984,0.8598781228065491,0.002590704709291458,0.00561630679294467,0.025045515969395638,0.021957658231258392,0.8352558854967356
trump2_c000,trump2,trump,en,,composite_excerpts,0,138,111,0.47551852464675903,0.680321216583252,0.011771456338465214,0.14239726960659027,0.0043672663159668446,0.008856898173689842,0.011302562430500984,0.013142559677362442,0.16060596704483032,0.0036972113884985447,0.0012347050942480564,0.004974996671080589,0.08202984184026718,0.00200349441729486,0.008201823569834232,0.06649933010339737,0.002248739590868354,0.00045275696902535856,0.41268786787986755,0.0019610202871263027,0.0011261716717854142,0.0021635135635733604,0.0019603511318564415,0.004770008381456137,0.0025345601607114077,0.0007813505362719297,0.0006810834747739136,0.003220516722649336,0.9228504300117493,0.07098668813705444,0.006162861827760935,0.680321216583252,0.0025345601607114077,0.008201823569834232,0.06649933010339737,0.011771456338465214,0.9166875681839883
trump2_c001,trump2,trump,en,,composite_excerpts,1,143,115,0.05977054685354233,0.007274586241692305,0.14650996029376984,0.21202123165130615,0.022066297009587288,0.026708250865340233,0.17231087386608124,0.19190749526023865,0.14536431431770325,0.019842656329274178,0.005437137093394995,0.007279327139258385,0.008503146469593048,0.0034007213544100523,0.003722143592312932,0.030541764572262764,0.0020520281977951527,0.0005739058833569288,0.002676171949133277,0.0013362971367314458,0.0010696464451029897,0.0007869633263908327,0.0007450772682204843,0.0012767032021656632,0.0004347102658357471,0.0025245994329452515,0.001557924086228013,0.000955827534198761,0.873706042766571,0.1151246652007103,0.011169265024363995,0.21202123165130615,0.0034007213544100523,0.007279327139258385,0.030541764572262764,0.14650996029376984,0.862536777742207
trump2_c002,trump2,trump,en,,composite_excerpts,2,128,97,0.06503476947546005,0.9319899678230286,0.03059544786810875,0.0651765763759613,0.006905178539454937,0.005178865510970354,0.020102884620428085,0.008125388994812965,0.045449938625097275,0.004622974433004856,0.0018706358969211578,0.004746688064187765,0.008412432856857777,0.0015609486727043986,0.002050880342721939,0.04898029938340187,0.0011919190874323249,0.0004125364648643881,0.0012951029930263758,0.0005542761646211147,0.0004939099890179932,0.0010866272496059537,0.0010486965766176581,0.001006835955195129,0.0007999315857887268,0.0007901302305981517,0.0003873861860483885,0.0018091885140165687,0.8739485144615173,0.11676489561796188,0.00928658340126276,0.9319899678230286,0.0015609486727043986,0.004746688064187765,0.04898029938340187,0.03059544786810875,0.8646619310602546
trump3_c000,trump3,trump,en,2017-01-20,inaugural_address,0,95,78,0.10081300884485245,0.9418715834617615,0.026616927236318588,0.08142010867595673,0.006677610799670219,0.004335688892751932,0.00800293404608965,0.004607218783348799,0.1641453504562378,0.0045454902574419975,0.0015299669466912746,0.002652078168466687,0.023838868364691734,0.001350936247035861,0.0036496887914836407,0.008956944569945335,0.0014052530750632286,0.00032761614420451224,0.0011600328143686056,0.0010009735124185681,0.000647319364361465,0.0014365214155986905,0.0007251442293636501,0.000764986383728683,0.0012485237093642354,0.0006983537459746003,0.0003328958118800074,0.0013741309521719813,0.9009290337562561,0.09140348434448242,0.007667480036616325,0.9418715834617615,0.0014052530750632286,0.0036496887914836407,0.008956944569945335,0.026616927236318588,0.8932615537196398
trump3_c001,trump3,trump,en,2017-01-20,inaugural_address,1,100,85,0.22276806831359863,0.9650775194168091,0.019309692084789276,0.029726840555667877,0.008336842991411686,0.0023445687256753445,0.004420940298587084,0.004136053379625082,0.006208519916981459,0.0022898484021425247,0.0015763244591653347,0.0034001844469457865,0.0026243862230330706,0.001172450021840632,0.002538893138989806,0.0012531500542536378,0.0009966356446966529,0.00038976973155513406,0.0010331765515729785,0.0003970794496126473,0.0003652590385172516,0.0017856957856565714,0.000881899322848767,0.0006925014313310385,0.0005630117375403643,0.0008850893937051296,0.00015307511785067618,0.001166122267022729,0.9559233784675598,0.040248047560453415,0.003828573739156127,0.9650775194168091,0.001172450021840632,0.0034001844469457865,0.008336842991411686,0.019309692084789276,0.9520948047284037
trump3_c002,trump3,trump,en,2017-01-20,inaugural_address,2,109,89,0.0023540155962109566,0.001749024260789156,0.38482925295829773,0.02050095982849598,0.0281243734061718,0.0008389113936573267,0.0009098597220145166,0.0023568077012896538,0.0036114773247390985,0.0020479660015553236,0.0015456628752872348,0.11584591865539551,0.0031953109428286552,0.17318236827850342,0.4461607038974762,0.0018695801263675094,0.02130064368247986,0.002495245076715946,0.0010782635072246194,0.000657408672850579,0.001113221631385386,0.0018871003994718194,0.002596421865746379,0.009373346343636513,0.001868388382717967,0.0009129472891800106,0.0009489833610132337,0.0007030676351860166,0.028132421895861626,0.2586544156074524,0.7132132649421692,0.02050095982849598,0.17318236827850342,0.4461607038974762,0.0281243734061718,0.38482925295829773,-0.6850808430463076
trump3_c003,trump3,trump,en,2017-01-20,inaugural_address,3,80,69,0.06596412509679794,0.009306956082582474,0.30229705572128296,0.30549874901771545,0.029311031103134155,0.014545575715601444,0.06607803702354431,0.03965369239449501,0.029856771230697632,0.008178961463272572,0.0033264278899878263,0.008632789365947247,0.007808980997651815,0.0018099801382049918,0.0033328495919704437,0.008558685891330242,0.0006452257512137294,0.0004076932091265917,0.0031060082837939262,0.0005400327499955893,0.0005374448955990374,0.0020121759735047817,0.0005430890014395118,0.0014581041177734733,0.0002613131364341825,0.0004443979123607278,0.0006137120071798563,0.0021833034697920084,0.9067532420158386,0.09022868424654007,0.0030180932953953743,0.30549874901771545,0.0018099801382049918,0.008632789365947247,0.029311031103134155,0.30229705572128296,0.9037351487204432
trump3_c004,trump3,trump,en,2017-01-20,inaugural_address,4,94,79,0.037170641124248505,0.003312797285616398,0.49683818221092224,0.0716404989361763,0.15298977494239807,0.015084574930369854,0.006707439199090004,0.009049049578607082,0.024819962680339813,0.009817198850214481,0.010112810879945755,0.023191560059785843,0.004524435382336378,0.028789201751351357,0.008443127386271954,0.007740386296063662,0.010385388508439064,0.001904557808302343,0.0008050074684433639,0.0019665970467031,0.003098618471994996,0.0008860218222253025,0.001342987292446196,0.003302127355709672,0.0009250692673958838,0.00039779796497896314,0.0012557648587971926,0.0005277502350509167,0.3673073351383209,0.5629280209541321,0.06976466625928879,0.0716404989361763,0.028789201751351357,0.023191560059785843,0.15298977494239807,0.49683818221092224,0.29754266887903214
trump3_c005,trump3,trump,en,2017-01-20,inaugural_address,5,118,104,0.005139542743563652,0.000743496639188379,0.13365358114242554,0.03212953731417656,0.028161143884062767,0.0010458664037287235,0.0010947008850052953,0.0015277251368388534,0.01299060694873333,0.0017374783055856824,0.0012049054494127631,0.1172371506690979,0.0043698446825146675,0.5874651670455933,0.06355653703212738,0.027616510167717934,0.22129137814044952,0.0032124752178788185,0.003875895170494914,0.002964637940749526,0.004323127679526806,0.0024256582837551832,0.010791584849357605,0.013721209019422531,0.004354642704129219,0.0004407608066685498,0.003889028914272785,0.0019158306531608105,0.38586702942848206,0.4403008818626404,0.17383208870887756,0.03212953731417656,0.5874651670455933,0.1172371506690979,0.028161143884062767,0.13365358114242554,0.2120349407196045
trump3_c006,trump3,trump,en,2017-01-20,inaugural_address,6,136,114,0.022027887403964996,0.0024997128639370203,0.2932194173336029,0.09148544818162918,0.03671186789870262,0.003881024196743965,0.0009541661129333079,0.002969623077660799,0.011194729246199131,0.005494770128279924,0.000622340536210686,0.02644246071577072,0.02463524229824543,0.15576797723770142,0.017758062109351158,0.014545165933668613,0.3773449659347534,0.001822863006964326,0.0051493532955646515,0.002715563867241144,0.011469326913356781,0.0006679202197119594,0.003760548308491707,0.006643714848905802,0.006081849802285433,0.0003582618955988437,0.0026906521525233984,0.000557196734007448,0.09975734353065491,0.3129296898841858,0.5873129367828369,0.09148544818162918,0.3773449659347534,0.02644246071577072,0.03671186789870262,0.2932194173336029,-0.487555593252182
trump3_c007,trump3,trump,en,2017-01-20,inaugural_address,7,91,79,0.0030482467263936996,0.0010639820247888565,0.40601903200149536,0.019126517698168755,0.06071043014526367,0.0008788835839368403,0.0005765557289123535,0.00231338432058692,0.003347254591062665,0.002497976180166006,0.0015747997676953673,0.03954975679516792,0.0023352636490017176,0.23493891954421997,0.011186978779733181,0.0027112734969705343,0.4250296652317047,0.003679267829284072,0.001202037325128913,0.0025712973438203335,0.008903028443455696,0.001210473827086389,0.003564562415704131,0.005791089031845331,0.0051881796680390835,0.0009037054842337966,0.0026554781943559647,0.0008924455032683909,0.0242560263723135,0.23892000317573547,0.7368239760398865,0.019126517698168755,0.4250296652317047,0.03954975679516792,0.06071043014526367,0.40601903200149536,-0.712567949667573
trump3_c008,trump3,trump,en,2017-01-20,inaugural_address,8,83,70,0.01677599363029003,0.002392149530351162,0.5178106427192688,0.3922126591205597,0.023475339636206627,0.0023859108332544565,0.004546681419014931,0.0022879100870341063,0.09381834417581558,0.0017389965942129493,0.0005688837845809758,0.007498495280742645,0.010646708309650421,0.001836091629229486,0.004915471654385328,0.026393553242087364,0.0006024459726177156,0.00021731160813942552,0.0014639183646067977,0.0006130379624664783,0.00027352836332283914,0.001169114839285612,0.0008060916443355381,0.0013858460588380694,0.00034883178886957467,0.0005236421129666269,0.0003241437079850584,0.0009856780525296926,0.375720739364624,0.6124510169029236,0.011828240007162094,0.3922126591205597,0.001836091629229486,0.007498495280742645,0.026393553242087364,0.5178106427192688,0.36389249935746193
trump3_c009,trump3,trump,en,2017-01-20,inaugural_address,9,96,82,0.09330493211746216,0.0046418216079473495,0.1899530589580536,0.3285519480705261,0.009935908019542694,0.007727377116680145,0.0052406988106667995,0.002234643092378974,0.32237979769706726,0.00324941030703485,0.0006771815824322402,0.013748843222856522,0.3119733929634094,0.003970507998019457,0.016361840069293976,0.06871985644102097,0.0029497183859348297,0.0004204407159704715,0.006994260940700769,0.003413147060200572,0.0012440911959856749,0.001219573779962957,0.0013408407103270292,0.006611809134483337,0.001256910152733326,0.00037877762224525213,0.0012652388541027904,0.0020061256363987923,0.516219437122345,0.37347790598869324,0.11030270159244537,0.3285519480705261,0.003970507998019457,0.016361840069293976,0.06871985644102097,0.1899530589580536,0.4059167355298996
trump3_c010,trump3,trump,en,2017-01-20,inaugural_address,10,92,85,0.19136255979537964,0.005466886796057224,0.26711419224739075,0.46178096532821655,0.01181385014206171,0.007926714606583118,0.008082655258476734,0.004610834643244743,0.17561152577400208,0.00314611685462296,0.000761522154789418,0.0049678850919008255,0.03157768025994301,0.002158117014914751,0.004889526404440403,0.06352628022432327,0.000873396813403815,0.00023430153669323772,0.003946930635720491,0.0006747067091055214,0.00046953631681390107,0.0008784252568148077,0.0008477102965116501,0.0012071754317730665,0.0005675528664141893,0.0004871182900387794,0.00035350967664271593,0.0014652209356427193,0.789592444896698,0.20067963004112244,0.009727970696985722,0.46178096532821655,0.002158117014914751,0.0049678850919008255,0.06352628022432327,0.26711419224739075,0.7798644741997123
trump3_c011,trump3,trump,en,2017-01-20,inaugural_address,11,99,89,0.1021670401096344,0.005504474509507418,0.2715083062648773,0.5417314171791077,0.015352180227637291,0.00908144935965538,0.005898177623748779,0.0027957747224718332,0.2035655677318573,0.003527589375153184,0.0007081051007844508,0.007410821504890919,0.06516531109809875,0.0019185916753485799,0.00831938162446022,0.024211890995502472,0.0010384811321273446,0.00036387736327014863,0.002780840266495943,0.001536342198960483,0.0005853117327205837,0.0009725449490360916,0.0008838442736305296,0.002371715847402811,0.0006910075317136943,0.00041448758565820754,0.0005122799193486571,0.0009766099974513054,0.5659611225128174,0.41735410690307617,0.016684751957654953,0.5417314171791077,0.0019185916753485799,0.00831938162446022,0.024211890995502472,0.2715083062648773,0.5492763705551624
trump3_c012,trump3,trump,en,2017-01-20,inaugural_address,12,106,91,0.10001643747091293,0.007549924310296774,0.22706013917922974,0.40859225392341614,0.012186042033135891,0.006451424211263657,0.0039038979448378086,0.002632533898577094,0.1433197408914566,0.00562488567084074,0.0008291300036944449,0.00515394564718008,0.30350616574287415,0.0015870686620473862,0.006621135398745537,0.0065559763461351395,0.0015859169652685523,0.00038321560714393854,0.0045118145644664764,0.003144653281196952,0.000889756076503545,0.0011622704332694411,0.0006939400336705148,0.0020245700143277645,0.0010119895450770855,0.00049540278268978,0.0011041315738111734,0.0010013921419158578,0.8692692518234253,0.11736035346984863,0.013370469212532043,0.40859225392341614,0.003144653281196952,0.006621135398745537,0.012186042033135891,0.22706013917922974,0.8558987826108932
trump3_c013,trump3,trump,en,2017-01-20,inaugural_address,13,80,71,0.003212420269846916,0.0007645742152817547,0.5567359924316406,0.21857072412967682,0.06503419578075409,0.0017978479154407978,0.003368140896782279,0.0029406503308564425,0.02953932248055935,0.002894248813390732,0.0011731687700375915,0.060863904654979706,0.005639450624585152,0.009217862971127033,0.05077124014496803,0.005838756449520588,0.0012474367395043373,0.0007729959324933589,0.0004122563696000725,0.0006127470405772328,0.000337297999067232,0.0010437509045004845,0.0011656199349090457,0.0040848227217793465,0.00034053728450089693,0.0010393824195489287,0.0005347845726646483,0.0005375875625759363,0.5486741662025452,0.403207391500473,0.0481184646487236,0.21857072412967682,0.009217862971127033,0.060863904654979706,0.06503419578075409,0.5567359924316406,0.5005557015538216
trump3_c014,trump3,trump,en,2017-01-20,inaugural_address,14,86,73,0.26634731888771057,0.015896249562501907,0.21111387014389038,0.26941558718681335,0.02716878242790699,0.1140306368470192,0.04319516941905022,0.01672106422483921,0.3354480266571045,0.018411895260214806,0.003655161941424012,0.011406084522604942,0.06527241319417953,0.005187384318560362,0.006875576917082071,0.07866951078176498,0.002890869742259383,0.0016155119519680738,0.001549784210510552,0.003916160669177771,0.0025427385699003935,0.000928850204218179,0.001497124321758747,0.003532759379595518,0.0021427127066999674,0.000715003116056323,0.00207069655880332,0.0008957676473073661,0.9427852630615234,0.05149361863732338,0.005721128545701504,0.3354480266571045,0.005187384318560362,0.011406084522604942,0.07866951078176498,0.21111387014389038,0.9370641345158219
trump3_c015,trump3,trump,en,2017-01-20,inaugural_address,15,108,94,0.42648857831954956,0.016492551192641258,0.2822791039943695,0.345051109790802,0.05253991112112999,0.06324449926614761,0.017353616654872894,0.028406914323568344,0.02708633616566658,0.016070352867245674,0.0026007250417023897,0.00633702939376235,0.01492993626743555,0.002405118430033326,0.003461990272626281,0.005031461361795664,0.00140391883905977,0.000778738409280777,0.002179292030632496,0.0011097958777099848,0.0013619025703519583,0.0010394839337095618,0.0006937882862985134,0.0015002783620730042,0.000699960277415812,0.0007104332908056676,0.0007755391416139901,0.0006937620928511024,0.8298161625862122,0.16061942279338837,0.009564460255205631,0.42648857831954956,0.002405118430033326,0.00633702939376235,0.05253991112112999,0.2822791039943695,0.8202517023310065
trump3_c016,trump3,trump,en,2017-01-20,inaugural_address,16,129,105,0.15008224546909332,0.8740484118461609,0.023978466168045998,0.1396903097629547,0.004164970479905605,0.007949816063046455,0.008767005056142807,0.008476069197058678,0.1341038942337036,0.008189172483980656,0.000889583199750632,0.005240736063569784,0.25473394989967346,0.001470118877477944,0.006305670365691185,0.024906178936362267,0.002489049220457673,0.0004051400173921138,0.015566479414701462,0.0014775447780266404,0.0014044791460037231,0.0011346207465976477,0.001143264933489263,0.0024814242497086525,0.0027290082070976496,0.000666737905703485,0.0007185482536442578,0.0016810105880722404,0.7905791997909546,0.1895214170217514,0.019899427890777588,0.8740484118461609,0.0027290082070976496,0.006305670365691185,0.024906178936362267,0.023978466168045998,0.770679771900177
