chunk_id,speech_id,leader,language,speech_date,speech_type,chunk_index,n_chunks_in_speech,relative_position,token_count,word_count,national_identity_cos,national_identity_cos_en,national_identity_pct,national_identity_rel,national_identity_kw,security_military_cos,security_military_cos_en,security_military_pct,security_military_rel,security_military_kw,economy_welfare_cos,economy_welfare_cos_en,economy_welfare_pct,economy_welfare_rel,economy_welfare_kw,foreign_policy_cos,foreign_policy_cos_en,foreign_policy_pct,foreign_policy_rel,foreign_policy_kw,democracy_institutions_cos,democracy_institutions_cos_en,democracy_institutions_pct,democracy_institutions_rel,democracy_institutions_kw,social_solidarity_cos,social_solidarity_cos_en,social_solidarity_pct,social_solidarity_rel,social_solidarity_kw,crisis_resilience_cos,crisis_resilience_cos_en,crisis_resilience_pct,crisis_resilience_rel,crisis_resilience_kw,future_reform_technology_cos,future_reform_technology_cos_en,future_reform_technology_pct,future_reform_technology_rel,future_reform_technology_kw,conflict_threat_framing_cos,conflict_threat_framing_cos_en,conflict_threat_framing_pct,conflict_threat_framing_rel,cooperation_solidarity_framing_cos,cooperation_solidarity_framing_cos_en,cooperation_solidarity_framing_pct,cooperation_solidarity_framing_rel,past_orientation_cos,past_orientation_cos_en,past_orientation_pct,past_orientation_rel,future_orientation_cos,future_orientation_cos_en,future_orientation_pct,future_orientation_rel,us_vs_them_cos,us_vs_them_cos_en,us_vs_them_pct,us_vs_them_rel,gratitude_recognition_cos,gratitude_recognition_cos_en,gratitude_recognition_pct,gratitude_recognition_rel,promises_commitments_cos,promises_commitments_cos_en,promises_commitments_pct,promises_commitments_rel,top_theme_emb,top_theme_margin,national_identity_nli,security_military_nli,economy_welfare_nli,foreign_policy_nli,democracy_institutions_nli,social_solidarity_nli,crisis_resilience_nli,future_reform_technology_nli,conflict_threat_framing_nli,cooperation_solidarity_framing_nli,past_orientation_nli,future_orientation_nli,us_vs_them_nli,gratitude_recognition_nli,promises_commitments_nli,top_theme_nli
erdogan1_c000,erdogan1,erdogan,en,,symposium_speech,0,10,0.0,80,70,0.2389195,0.2389195,0.318,-0.047753185,0.0,0.21931803,0.21931803,0.226,-0.05208394,0.0,0.1645241,0.1645241,0.074,-0.092113,0.0,0.31619474,0.31619474,0.802,0.05417466,0.0,0.35359544,0.35359544,0.906,0.10741581,0.0,0.18895108,0.18895108,0.086,-0.11284238,0.0,0.27696592,0.27696592,0.278,-0.04206863,0.0,0.36364418,0.36364418,0.802,0.07030198,0.0,0.22504173,0.22504173,0.314,-0.038260207,0.25921655,0.25921655,0.158,-0.07456282,0.3208567,0.3208567,0.614,0.022536695,0.32111222,0.32111222,0.49,-0.01453957,0.22739343,0.22739343,0.286,-0.04338588,0.25687474,0.25687474,0.294,-0.06458557,0.33376503,0.33376503,0.526,0.0054470897,democracy_institutions,0.10400003,0.92708737,0.0026470982,0.0007839426,0.9845011,0.40250957,0.07814848,0.03204008,0.005511934,0.0006130294,0.066629894,0.99574363,0.9540946,0.09951397,0.997915,0.24476895,foreign_policy
erdogan1_c001,erdogan1,erdogan,en,,symposium_speech,1,10,0.111,118,97,0.30574805,0.30574805,0.622,0.019075364,0.0,0.2319021,0.2319021,0.338,-0.03949988,2.0618556,0.16582769,0.16582769,0.082,-0.090809405,1.0309278,0.25553522,0.25553522,0.498,-0.006484866,2.0618556,0.32802108,0.32802108,0.838,0.081841454,1.0309278,0.20012951,0.20012951,0.11,-0.10166395,0.0,0.31672233,0.31672233,0.494,-0.0023122132,0.0,0.2545146,0.2545146,0.318,-0.038827598,0.0,0.23465535,0.23465535,0.37,-0.028646588,0.28304648,0.28304648,0.274,-0.05073288,0.34917843,0.34917843,0.806,0.050858438,0.24071342,0.24071342,0.146,-0.09493837,0.25768512,0.25768512,0.454,-0.013094187,0.26218235,0.26218235,0.31,-0.05927795,0.24644995,0.24644995,0.134,-0.08186799,democracy_institutions,0.21600002,0.8859772,0.008881676,0.00032694527,0.954584,0.44939262,0.6032309,0.4882834,0.00016474658,0.6397589,0.011630993,0.998772,0.00109019,0.9310875,0.99113554,0.92603666,foreign_policy
erdogan1_c002,erdogan1,erdogan,en,,symposium_speech,2,10,0.222,139,118,0.19231868,0.19231868,0.146,-0.094354,0.84745765,0.24459094,0.24459094,0.414,-0.026811033,0.84745765,0.21305984,0.21305984,0.318,-0.043577254,0.84745765,0.22466835,0.22466835,0.274,-0.037351727,0.0,0.41967553,0.41967553,0.974,0.1734959,0.84745765,0.20190676,0.20190676,0.122,-0.0998867,0.0,0.30535054,0.30535054,0.41,-0.013684005,0.84745765,0.26524478,0.26524478,0.414,-0.02809742,0.0,0.24867852,0.24867852,0.462,-0.014623418,0.24186127,0.24186127,0.11,-0.091918096,0.2521075,0.2521075,0.266,-0.046212494,0.25701156,0.25701156,0.19,-0.07864022,0.22145768,0.22145768,0.258,-0.049321637,0.19448626,0.19448626,0.09,-0.12697405,0.31995443,0.31995443,0.43,-0.008363515,democracy_institutions,0.55999994,0.91212356,0.55892897,0.0024343822,0.81819266,0.98648083,0.66334194,0.99335885,0.00025865273,0.0030072695,0.0079456875,0.9548373,0.99876004,0.99749345,0.24278861,0.9899767,crisis_resilience
erdogan1_c003,erdogan1,erdogan,en,,symposium_speech,3,10,0.333,152,128,0.30100977,0.30100977,0.594,0.014337093,1.5625,0.24883242,0.24883242,0.426,-0.022569552,0.0,0.18957663,0.18957663,0.19,-0.06706047,0.0,0.2718285,0.2718285,0.606,0.009808421,0.0,0.38270187,0.38270187,0.934,0.13652225,0.78125,0.22411293,0.22411293,0.21,-0.07768053,0.78125,0.3255342,0.3255342,0.582,0.006499648,0.0,0.32878813,0.32878813,0.702,0.03544593,0.0,0.29316235,0.29316235,0.65,0.029860407,0.2776575,0.2776575,0.246,-0.056121856,0.34057647,0.34057647,0.742,0.042256474,0.30921143,0.30921143,0.398,-0.026440352,0.28042588,0.28042588,0.586,0.009646565,0.22862154,0.22862154,0.166,-0.092838764,0.30542207,0.30542207,0.362,-0.022895873,democracy_institutions,0.232,0.8945594,0.021044564,0.0011786722,0.6265241,0.5480689,0.4764579,0.6477704,0.0013723688,0.0010505168,0.49346963,0.97754294,0.007922628,0.12543988,0.6778473,0.037082024,national_identity
erdogan1_c004,erdogan1,erdogan,en,,symposium_speech,4,10,0.444,96,88,0.2414775,0.2414775,0.35,-0.045195177,2.2727273,0.26852083,0.26852083,0.546,-0.0028811395,0.0,0.24939719,0.24939719,0.55,-0.007239908,0.0,0.23348415,0.23348415,0.342,-0.028535932,0.0,0.50471836,0.50471836,0.998,0.25853872,1.1363636,0.28707278,0.28707278,0.434,-0.014720678,1.1363636,0.35840818,0.35840818,0.758,0.039373636,0.0,0.28322577,0.28322577,0.518,-0.010116428,0.0,0.2388024,0.2388024,0.398,-0.024499536,0.2872165,0.2872165,0.306,-0.04656285,0.27687883,0.27687883,0.398,-0.021441162,0.29396856,0.29396856,0.322,-0.041683227,0.26789933,0.26789933,0.506,-0.0028799772,0.2736271,0.2736271,0.37,-0.047833204,0.36030626,0.36030626,0.662,0.031988323,democracy_institutions,0.24000001,0.97764987,0.0012448432,0.0003150387,0.93987197,0.9945519,0.9911868,0.4829168,0.0002617008,0.0006667022,0.06681232,0.34834027,0.984276,0.87525487,0.26090702,0.99937123,democracy_institutions
erdogan1_c005,erdogan1,erdogan,en,,symposium_speech,5,10,0.556,96,78,0.19518837,0.19518837,0.154,-0.09148431,1.2820513,0.1998283,0.1998283,0.142,-0.071573675,0.0,0.17845102,0.17845102,0.13,-0.07818608,0.0,0.2632391,0.2632391,0.558,0.0012190044,0.0,0.39320967,0.39320967,0.954,0.14703004,2.5641026,0.18666767,0.18666767,0.078,-0.11512579,0.0,0.24493118,0.24493118,0.114,-0.07410337,0.0,0.3445501,0.3445501,0.738,0.0512079,0.0,0.2734785,0.2734785,0.582,0.010176569,0.2270159,0.2270159,0.07,-0.10676347,0.2781194,0.2781194,0.41,-0.02020061,0.33901215,0.33901215,0.546,0.0033603609,0.24745892,0.24745892,0.394,-0.023320392,0.20214824,0.20214824,0.114,-0.11931206,0.31923738,0.31923738,0.426,-0.009080559,democracy_institutions,0.21600002,0.077762425,0.18297236,0.0009290033,0.9379822,0.9692224,0.012722707,0.40822467,9.685608e-05,0.00074953143,0.00042140938,0.99882597,0.004690933,0.9928509,0.0011890647,0.9325762,democracy_institutions
erdogan1_c006,erdogan1,erdogan,en,,symposium_speech,6,10,0.667,106,88,0.2740459,0.2740459,0.494,-0.012626767,1.1363636,0.22406304,0.22406304,0.258,-0.047338933,0.0,0.18207906,0.18207906,0.154,-0.074558035,0.0,0.19430336,0.19430336,0.15,-0.06771672,0.0,0.38398358,0.38398358,0.942,0.13780396,1.1363636,0.2988639,0.2988639,0.478,-0.0029295683,0.0,0.24896994,0.24896994,0.142,-0.070064604,0.0,0.32138726,0.32138726,0.67,0.028045058,0.0,0.26912415,0.26912415,0.55,0.0058222115,0.29751903,0.29751903,0.346,-0.036260337,0.24857378,0.24857378,0.254,-0.049746215,0.3298325,0.3298325,0.514,-0.005819291,0.28079724,0.28079724,0.594,0.010017931,0.26293498,0.26293498,0.318,-0.058525324,0.38009864,0.38009864,0.754,0.0517807,democracy_institutions,0.27199996,0.78282857,0.07863355,0.00049264234,0.5239075,0.91000706,0.9301416,0.23185325,0.00012053648,0.00035976942,0.046464663,0.047602657,0.0005647764,0.760584,0.16221407,0.25902826,social_solidarity
erdogan1_c007,erdogan1,erdogan,en,,symposium_speech,7,10,0.778,84,74,0.3135267,0.3135267,0.65,0.026854008,5.4054055,0.23957235,0.23957235,0.39,-0.031829625,0.0,0.21090072,0.21090072,0.302,-0.045736372,0.0,0.26508695,0.26508695,0.574,0.0030668676,0.0,0.43002146,0.43002146,0.978,0.18384184,0.0,0.28179055,0.28179055,0.398,-0.020002902,0.0,0.29419082,0.29419082,0.33,-0.024843723,0.0,0.24784786,0.24784786,0.298,-0.045494348,0.0,0.23286794,0.23286794,0.362,-0.030433998,0.25156683,0.25156683,0.138,-0.08221254,0.2211465,0.2211465,0.126,-0.0771735,0.2730059,0.2730059,0.238,-0.06264588,0.32058197,0.32058197,0.754,0.04980266,0.315361,0.315361,0.502,-0.0060993135,0.3746712,0.3746712,0.722,0.04635325,democracy_institutions,0.328,0.9576556,0.640411,0.050424073,0.7801604,0.9967713,0.86861795,0.09773432,0.07098909,0.003279443,0.5341265,0.4956056,0.87541467,0.255158,0.0004637128,0.9987576,democracy_institutions
erdogan1_c008,erdogan1,erdogan,en,,symposium_speech,8,10,0.889,84,68,0.2263427,0.2263427,0.266,-0.06032999,2.9411764,0.24353734,0.24353734,0.41,-0.027864635,0.0,0.15585902,0.15585902,0.066,-0.10077807,0.0,0.28526723,0.28526723,0.674,0.023247153,0.0,0.37418944,0.37418944,0.926,0.12800981,0.0,0.20100188,0.20100188,0.118,-0.10079157,0.0,0.24260262,0.24260262,0.098,-0.07643193,0.0,0.26193666,0.26193666,0.378,-0.03140554,0.0,0.2124066,0.2124066,0.234,-0.050895333,0.19583732,0.19583732,0.018,-0.13794205,0.20680684,0.20680684,0.09,-0.09151316,0.28482655,0.28482655,0.282,-0.05082524,0.2741766,0.2741766,0.522,0.003397286,0.2566778,0.2566778,0.29,-0.0647825,0.36574107,0.36574107,0.69,0.037423134,democracy_institutions,0.25199997,0.893936,0.6013595,0.14572215,0.9011187,0.99574363,0.8960241,0.060031526,0.48389235,0.0011559009,0.65786827,0.27727726,0.9915462,0.79318607,0.10699346,0.99718267,democracy_institutions
erdogan1_c009,erdogan1,erdogan,en,,symposium_speech,9,10,1.0,109,95,0.23108107,0.23108107,0.286,-0.055591613,2.1052632,0.20309891,0.20309891,0.15,-0.06830306,0.0,0.21157664,0.21157664,0.31,-0.045060456,0.0,0.22314659,0.22314659,0.254,-0.038873494,0.0,0.38227293,0.38227293,0.93,0.1360933,3.1578948,0.20316227,0.20316227,0.134,-0.09863119,0.0,0.2131437,0.2131437,0.022,-0.10589084,0.0,0.29824954,0.29824954,0.57,0.00490734,0.0,0.19522524,0.19522524,0.158,-0.0680767,0.26482883,0.26482883,0.186,-0.068950534,0.20040761,0.20040761,0.078,-0.097912386,0.3368311,0.3368311,0.542,0.0011793077,0.2501688,0.2501688,0.406,-0.020610511,0.2432921,0.2432921,0.218,-0.07816821,0.39616978,0.39616978,0.806,0.06785184,democracy_institutions,0.36,0.98293835,0.014111099,0.109562784,0.43878517,0.99913234,0.16411418,0.023531878,0.22867285,0.0017274587,0.26459584,0.14926767,0.8664559,0.014461763,0.19512397,0.9712384,democracy_institutions
erdogan2022_c000,erdogan2022,erdogan,en,2022-12-31,new_year_message,0,13,0.0,87,71,0.35535976,0.35535976,0.782,0.06868708,2.8169014,0.22854,0.22854,0.326,-0.04286197,1.4084507,0.14583233,0.14583233,0.05,-0.11080477,0.0,0.24797523,0.24797523,0.454,-0.014044851,0.0,0.18555963,0.18555963,0.206,-0.060619995,0.0,0.22976378,0.22976378,0.234,-0.07202968,0.0,0.26573062,0.26573062,0.198,-0.053303927,0.0,0.25010926,0.25010926,0.302,-0.043232948,0.0,0.22190419,0.22190419,0.294,-0.04139775,0.26378453,0.26378453,0.178,-0.06999484,0.43011093,0.43011093,0.978,0.13179094,0.33451104,0.33451104,0.538,-0.0011407435,0.22263822,0.22263822,0.266,-0.048141092,0.33561358,0.33561358,0.566,0.014153272,0.2904181,0.2904181,0.294,-0.03789985,national_identity,0.328,0.9583222,0.011050795,0.0002622123,0.6940954,0.019382194,0.9429023,0.054853197,0.0010142631,0.007831048,0.009670993,0.97012687,0.0048016408,0.37937838,0.94073534,0.9642542,national_identity
erdogan2022_c001,erdogan2022,erdogan,en,2022-12-31,new_year_message,1,13,0.083,111,91,0.23086342,0.23086342,0.282,-0.05580926,1.0989012,0.14338519,0.14338519,0.01,-0.12801678,0.0,0.12643811,0.12643811,0.018,-0.13019899,0.0,0.15978768,0.15978768,0.05,-0.1022324,0.0,0.17282647,0.17282647,0.138,-0.07335316,0.0,0.17606068,0.17606068,0.062,-0.12573278,1.0989012,0.3033892,0.3033892,0.382,-0.015645355,1.0989012,0.2149638,0.2149638,0.158,-0.07837841,0.0,0.14543077,0.14543077,0.03,-0.117871165,0.22283971,0.22283971,0.05,-0.11093965,0.41330844,0.41330844,0.962,0.114988446,0.2677595,0.2677595,0.218,-0.06789228,0.14164348,0.14164348,0.026,-0.12913583,0.31827027,0.31827027,0.518,-0.0031900406,0.26577845,0.26577845,0.21,-0.06253949,crisis_resilience,0.099999994,0.9935054,0.030835913,0.0068504806,0.016801614,0.8876923,0.94739324,0.33018765,0.0004821762,0.00022516825,0.46186623,0.9988328,0.5471919,0.010944577,0.86422455,0.95540243,national_identity
erdogan2022_c002,erdogan2022,erdogan,en,2022-12-31,new_year_message,2,13,0.167,84,59,0.29809648,0.29809648,0.582,0.011423796,1.6949153,0.18354523,0.18354523,0.09,-0.08785674,0.0,0.18843953,0.18843953,0.186,-0.06819756,0.0,0.19539732,0.19539732,0.158,-0.066622764,0.0,0.1987299,0.1987299,0.286,-0.047449723,0.0,0.21115825,0.21115825,0.162,-0.09063521,0.0,0.24622808,0.24622808,0.118,-0.07280646,0.0,0.2633936,0.2633936,0.386,-0.029948592,0.0,0.154683,0.154683,0.038,-0.108618945,0.2608813,0.2608813,0.166,-0.07289806,0.42779666,0.42779666,0.974,0.12947667,0.35663217,0.35663217,0.61,0.020980388,0.16191985,0.16191985,0.07,-0.108859465,0.3018964,0.3018964,0.47,-0.019563913,0.35271013,0.35271013,0.65,0.024392188,national_identity,0.19600001,0.95921534,0.0883079,0.003685674,0.54262096,0.0068372046,0.91851217,0.26203844,0.0018494503,0.0010024585,0.12727249,0.99619776,0.9994817,0.21833587,0.9944397,0.99924463,national_identity
erdogan2022_c003,erdogan2022,erdogan,en,2022-12-31,new_year_message,3,13,0.25,97,76,0.2537682,0.2537682,0.418,-0.032904476,1.3157895,0.2035878,0.2035878,0.154,-0.06781417,0.0,0.2450872,0.2450872,0.526,-0.01154989,0.0,0.28340924,0.28340924,0.658,0.021389157,0.0,0.34474432,0.34474432,0.89,0.0985647,2.631579,0.22842655,0.22842655,0.222,-0.07336691,0.0,0.26942384,0.26942384,0.226,-0.049610704,0.0,0.35438573,0.35438573,0.778,0.06104353,0.0,0.24951003,0.24951003,0.47,-0.013791904,0.28672206,0.28672206,0.298,-0.0470573,0.3380211,0.3380211,0.73,0.039701104,0.47219658,0.47219658,0.938,0.1365448,0.28039932,0.28039932,0.582,0.009620011,0.25291604,0.25291604,0.262,-0.06854427,0.42587447,0.42587447,0.906,0.09755653,democracy_institutions,0.11199999,0.43494123,0.28666824,0.00016603847,0.97195256,0.08218025,0.08636199,0.50494367,0.00021485926,0.00048500838,0.005220126,0.96802044,0.9992191,0.9800148,0.4045074,0.9996266,foreign_policy
erdogan2022_c004,erdogan2022,erdogan,en,2022-12-31,new_year_message,4,13,0.333,116,76,0.15292028,0.15292028,0.038,-0.1337524,0.0,0.28367054,0.28367054,0.614,0.012268573,0.0,0.16728376,0.16728376,0.09,-0.08935334,1.3157895,0.25212175,0.25212175,0.482,-0.009898335,1.3157895,0.16195609,0.16195609,0.098,-0.08422354,0.0,0.13312252,0.13312252,0.018,-0.16867094,0.0,0.3412797,0.3412797,0.678,0.022245139,0.0,0.18819812,0.18819812,0.074,-0.10514408,0.0,0.3266409,0.3266409,0.802,0.063338965,0.22121535,0.22121535,0.046,-0.11256401,0.3305583,0.3305583,0.682,0.032238305,0.2575304,0.2575304,0.194,-0.078121394,0.2497094,0.2497094,0.402,-0.021069914,0.1996037,0.1996037,0.106,-0.1218566,0.22917025,0.22917025,0.09,-0.09914769,crisis_resilience,0.06399995,0.5051878,0.9796871,0.0004442183,0.9502496,0.1987048,0.14596547,0.99941504,0.0003225072,0.9878059,0.00038147112,0.997851,0.99972254,0.9994653,0.6310829,0.9992834,crisis_resilience
erdogan2022_c005,erdogan2022,erdogan,en,2022-12-31,new_year_message,5,13,0.417,106,85,0.3656195,0.3656195,0.802,0.07894683,2.3529413,0.4268711,0.4268711,0.982,0.15546912,1.1764706,0.26421887,0.26421887,0.638,0.0075817704,1.1764706,0.3486544,0.3486544,0.898,0.08663431,0.0,0.20973295,0.20973295,0.358,-0.036446676,0.0,0.33033076,0.33033076,0.642,0.028537303,2.3529413,0.4550369,0.4550369,0.978,0.13600236,1.1764706,0.31039688,0.31039688,0.614,0.017054677,0.0,0.4259711,0.4259711,0.99,0.16266915,0.43470758,0.43470758,0.934,0.10092822,0.3246061,0.3246061,0.638,0.026286095,0.42455056,0.42455056,0.83,0.08889878,0.3779245,0.3779245,0.918,0.10714519,0.29020402,0.29020402,0.418,-0.03125629,0.35446697,0.35446697,0.654,0.026149035,security_military,0.004000008,0.9948103,0.9768134,0.5648787,0.98532796,0.5986055,0.92046857,0.99439085,0.067978516,0.03564497,0.8850739,0.10859007,0.99985373,0.9535353,0.7614054,0.9991524,national_identity
erdogan2022_c006,erdogan2022,erdogan,en,2022-12-31,new_year_message,6,13,0.5,107,86,0.09629919,0.09629919,0.002,-0.1903735,0.0,0.19266188,0.19266188,0.118,-0.07874009,1.1627907,0.32507712,0.32507712,0.814,0.06844002,4.6511626,0.20079316,0.20079316,0.17,-0.06122692,3.488372,0.087927505,0.087927505,0.006,-0.15825212,0.0,0.12259796,0.12259796,0.002,-0.1791955,0.0,0.3239185,0.3239185,0.566,0.004883945,1.1627907,0.13795611,0.13795611,0.01,-0.15538609,0.0,0.20796509,0.20796509,0.206,-0.055336848,0.19505012,0.19505012,0.014,-0.13872924,0.19781047,0.19781047,0.074,-0.100509524,0.11785869,0.11785869,0.006,-0.21779309,0.18187714,0.18187714,0.114,-0.088902175,0.17303875,0.17303875,0.034,-0.14842156,0.10703945,0.10703945,0.002,-0.22127849,economy_welfare,0.24800003,0.8250265,0.0012743262,0.9547952,0.9811849,0.005691431,0.04709609,0.9986223,0.024798159,0.037221756,0.007853845,0.41649997,0.9960005,0.99683344,0.2866682,0.81687254,crisis_resilience
erdogan2022_c007,erdogan2022,erdogan,en,2022-12-31,new_year_message,7,13,0.583,82,72,0.22564456,0.22564456,0.262,-0.061028123,4.1666665,0.22749537,0.22749537,0.31,-0.0439066,0.0,0.50937814,0.50937814,0.998,0.25274104,1.3888888,0.17884645,0.17884645,0.094,-0.08317363,0.0,0.15066858,0.15066858,0.074,-0.09551105,0.0,0.24452826,0.24452826,0.286,-0.057265192,0.0,0.31286484,0.31286484,0.45,-0.0061697066,0.0,0.16535613,0.16535613,0.042,-0.12798607,0.0,0.20452812,0.20452812,0.186,-0.058773816,0.23774484,0.23774484,0.098,-0.09603453,0.24050392,0.24050392,0.218,-0.057816073,0.19867536,0.19867536,0.03,-0.13697642,0.19630761,0.19630761,0.154,-0.0744717,0.295183,0.295183,0.434,-0.026277304,0.23831168,0.23831168,0.106,-0.09000626,economy_welfare,0.54800004,0.9969276,0.010159832,0.99897975,0.9171544,0.9677701,0.996597,0.8192074,0.13069749,0.0006785173,0.9689739,0.9994428,0.23868327,0.10127792,0.98184043,0.9994877,economy_welfare
erdogan2022_c008,erdogan2022,erdogan,en,2022-12-31,new_year_message,8,13,0.667,93,87,0.19003299,0.19003299,0.138,-0.09663969,0.0,0.27292857,0.27292857,0.57,0.0015265942,0.0,0.47929007,0.47929007,0.99,0.22265297,4.597701,0.2149644,0.2149644,0.226,-0.047055677,1.1494253,0.18357101,0.18357101,0.19,-0.062608615,0.0,0.2431146,0.2431146,0.278,-0.05867885,1.1494253,0.3654165,0.3654165,0.794,0.04638195,0.0,0.22048692,0.22048692,0.166,-0.07285528,0.0,0.2353091,0.2353091,0.374,-0.027992845,0.27841997,0.27841997,0.254,-0.055359393,0.26539272,0.26539272,0.318,-0.032927275,0.2136204,0.2136204,0.058,-0.12203139,0.21244758,0.21244758,0.198,-0.058331728,0.283812,0.283812,0.394,-0.03764832,0.26052094,0.26052094,0.182,-0.067797005,economy_welfare,0.19599998,0.9912548,0.06785488,0.9996574,0.99783003,0.49102882,0.98808503,0.9986698,0.012624949,0.042762153,0.028247785,0.9995479,0.96771675,0.9670387,0.95325327,0.9987056,economy_welfare
erdogan2022_c009,erdogan2022,erdogan,en,2022-12-31,new_year_message,9,13,0.75,123,109,0.11303465,0.11303465,0.006,-0.17363803,0.0,0.30830956,0.30830956,0.718,0.036907583,0.9174312,0.14477181,0.14477181,0.046,-0.11186528,0.9174312,0.41506073,0.41506073,0.986,0.15304065,2.7522936,0.11217607,0.11217607,0.014,-0.13400355,0.0,0.13312003,0.13312003,0.014,-0.16867343,0.0,0.37523255,0.37523255,0.834,0.056198,0.9174312,0.15719941,0.15719941,0.03,-0.13614279,0.0,0.35161412,0.35161412,0.886,0.08831218,0.24460654,0.24460654,0.114,-0.089172825,0.19166972,0.19166972,0.054,-0.10665028,0.14646412,0.14646412,0.01,-0.18918766,0.2563373,0.2563373,0.442,-0.014441997,0.16945785,0.16945785,0.03,-0.15200245,0.13250214,0.13250214,0.006,-0.1958158,foreign_policy,0.15200001,0.9920157,0.81616837,0.00013605114,0.9296323,0.008994129,0.19140323,0.84917164,0.001974259,0.0014131118,0.29421496,0.99937737,0.005291605,0.9853421,0.93667716,0.98282325,national_identity
erdogan2022_c010,erdogan2022,erdogan,en,2022-12-31,new_year_message,10,13,0.833,111,90,0.15530047,0.15530047,0.054,-0.13137221,1.1111112,0.17200267,0.17200267,0.054,-0.0993993,0.0,0.33130574,0.33130574,0.826,0.074668646,0.0,0.17218208,0.17218208,0.066,-0.089838,0.0,0.12757942,0.12757942,0.026,-0.118600205,0.0,0.13630487,0.13630487,0.022,-0.16548859,0.0,0.29004037,0.29004037,0.31,-0.028994173,0.0,0.17066649,0.17066649,0.046,-0.12267572,0.0,0.13333255,0.13333255,0.018,-0.12996939,0.18698452,0.18698452,0.006,-0.14679484,0.3226282,0.3226282,0.634,0.024308205,0.26633373,0.26633373,0.206,-0.069318056,0.111423604,0.111423604,0.006,-0.1593557,0.20773228,0.20773228,0.13,-0.11372803,0.1996441,0.1996441,0.042,-0.12867384,economy_welfare,0.516,0.96235603,0.00027106237,0.30097666,0.15159214,0.073297285,0.48990005,0.020196635,0.35342816,0.00020906502,0.07751766,0.79953647,0.99824196,0.11777493,0.89116746,0.99576837,national_identity
erdogan2022_c011,erdogan2022,erdogan,en,2022-12-31,new_year_message,11,13,0.917,81,70,0.22512846,0.22512846,0.254,-0.061544225,0.0,0.18839177,0.18839177,0.11,-0.0830102,0.0,0.256038,0.256038,0.59,-0.0005990863,2.857143,0.37612835,0.37612835,0.934,0.114108264,0.0,0.21693197,0.21693197,0.414,-0.029247656,0.0,0.16930002,0.16930002,0.034,-0.13249344,0.0,0.21364665,0.21364665,0.026,-0.1053879,0.0,0.39715356,0.39715356,0.886,0.10381135,0.0,0.22706787,0.22706787,0.326,-0.036234066,0.25392306,0.25392306,0.15,-0.07985631,0.23935512,0.23935512,0.214,-0.05896488,0.4951436,0.4951436,0.966,0.1594918,0.23970014,0.23970014,0.35,-0.031079173,0.18258195,0.18258195,0.058,-0.13887836,0.34893662,0.34893662,0.61,0.020618677,foreign_policy,0.048000038,0.94652253,0.30486885,0.79462415,0.98613805,0.44522804,0.74119425,0.42629173,0.17674264,0.0013966718,0.27478904,0.25655252,0.9997822,0.91726565,0.16912912,0.99973416,foreign_policy
erdogan2022_c012,erdogan2022,erdogan,en,2022-12-31,new_year_message,12,13,1.0,161,126,0.33923292,0.33923292,0.722,0.05256024,1.5873016,0.25147623,0.25147623,0.442,-0.019925743,0.0,0.2965141,0.2965141,0.746,0.039876997,0.7936508,0.28026325,0.28026325,0.65,0.018243164,0.0,0.34313264,0.34313264,0.886,0.09695302,0.7936508,0.32774636,0.32774636,0.63,0.025952905,0.0,0.28025317,0.28025317,0.286,-0.038781375,0.0,0.46132636,0.46132636,0.962,0.16798416,0.7936508,0.23021215,0.23021215,0.346,-0.033089787,0.35726637,0.35726637,0.614,0.023487002,0.4182816,0.4182816,0.966,0.11996162,0.5469392,0.5469392,0.998,0.21128741,0.21667267,0.21667267,0.222,-0.054106638,0.3291356,0.3291356,0.546,0.00767529,0.40187368,0.40187368,0.846,0.07355574,future_reform_technology,0.076000035,0.9380105,0.004420852,0.059674338,0.8361034,0.34562275,0.9889171,0.01057049,0.0033147435,0.00052133633,0.39763686,0.8096714,0.99708503,0.16444936,0.9421086,0.99931484,social_solidarity
erdogan2023_c000,erdogan2023,erdogan,en,2023-12-31,new_year_message,0,14,0.0,86,67,0.32250166,0.32250166,0.674,0.035828978,2.9850745,0.22322728,0.22322728,0.254,-0.048174694,0.0,0.19147024,0.19147024,0.206,-0.06516686,0.0,0.20157614,0.20157614,0.174,-0.060443938,0.0,0.18644133,0.18644133,0.21,-0.059738293,0.0,0.2672041,0.2672041,0.35,-0.03458935,0.0,0.2360034,0.2360034,0.074,-0.08303115,0.0,0.25958723,0.25958723,0.354,-0.033754975,0.0,0.19933206,0.19933206,0.174,-0.06396988,0.3001625,0.3001625,0.366,-0.03361687,0.37969637,0.37969637,0.886,0.081376374,0.3970914,0.3970914,0.754,0.061439604,0.20031437,0.20031437,0.162,-0.07046494,0.3553921,0.3553921,0.646,0.03393179,0.31341362,0.31341362,0.406,-0.01490432,national_identity,0.32000002,0.7957772,0.0012843081,0.0018422537,0.51866806,0.03725677,0.9961231,0.001194878,0.0034229355,0.00026790518,0.11486404,0.0024060889,0.9994776,0.010693758,0.9831843,0.9418684,social_solidarity
erdogan2023_c001,erdogan2023,erdogan,en,2023-12-31,new_year_message,1,14,0.077,98,84,0.19752085,0.19752085,0.162,-0.08915183,0.0,0.27996847,0.27996847,0.606,0.008566499,1.1904762,0.15549128,0.15549128,0.062,-0.10114582,0.0,0.22361591,0.22361591,0.262,-0.038404167,2.3809524,0.19060981,0.19060981,0.246,-0.055569813,2.3809524,0.29255843,0.29255843,0.454,-0.009235024,1.1904762,0.2687535,0.2687535,0.218,-0.050281048,0.0,0.23267865,0.23267865,0.218,-0.06066355,1.1904762,0.31352267,0.31352267,0.75,0.050220728,0.38940686,0.38940686,0.754,0.055627495,0.28440988,0.28440988,0.454,-0.013910115,0.30450457,0.30450457,0.37,-0.031147212,0.24899596,0.24899596,0.398,-0.021783352,0.25362355,0.25362355,0.27,-0.06783676,0.21307504,0.21307504,0.062,-0.1152429,security_military,0.15200001,0.6924763,0.059510153,0.0007222463,0.7124323,0.14984211,0.9575962,0.9857043,0.00012681478,0.010408315,0.14761661,0.18672453,0.0010859442,0.99569374,0.009029014,0.9501803,crisis_resilience
erdogan2023_c002,erdogan2023,erdogan,en,2023-12-31,new_year_message,2,14,0.154,121,104,0.22449999,0.22449999,0.246,-0.062172696,0.0,0.28183398,0.28183398,0.61,0.010432005,1.9230769,0.24462989,0.24462989,0.522,-0.012007207,0.96153843,0.23768449,0.23768449,0.382,-0.024335593,1.9230769,0.17501155,0.17501155,0.142,-0.07116808,0.96153843,0.3105178,0.3105178,0.53,0.008724332,0.0,0.31082302,0.31082302,0.438,-0.008211523,0.0,0.2616349,0.2616349,0.374,-0.031707317,0.96153843,0.35032856,0.35032856,0.882,0.087026626,0.40166408,0.40166408,0.806,0.06788471,0.24702907,0.24702907,0.242,-0.05129093,0.2692024,0.2692024,0.222,-0.066449374,0.25447154,0.25447154,0.426,-0.016307771,0.26528275,0.26528275,0.326,-0.056177557,0.21775359,0.21775359,0.074,-0.11056435,security_military,0.08000004,0.8173286,0.18798834,0.01709447,0.99905825,0.40497065,0.99806005,0.80177456,0.000105340936,0.9976904,0.02480997,0.99921453,0.051319942,0.99855196,0.010601172,0.993831,foreign_policy
erdogan2023_c003,erdogan2023,erdogan,en,2023-12-31,new_year_message,3,14,0.231,80,69,0.33990806,0.33990806,0.73,0.05323538,1.4492754,0.26668385,0.26668385,0.542,-0.004718125,1.4492754,0.21568342,0.21568342,0.33,-0.04095368,1.4492754,0.4112013,0.4112013,0.974,0.14918122,2.8985507,0.24069427,0.24069427,0.55,-0.005485356,1.4492754,0.39450175,0.39450175,0.85,0.09270829,1.4492754,0.31654125,0.31654125,0.486,-0.002493292,0.0,0.3106925,0.3106925,0.618,0.017350286,0.0,0.29669946,0.29669946,0.658,0.033397526,0.46211642,0.46211642,0.97,0.12833706,0.23228663,0.23228663,0.182,-0.06603336,0.36202884,0.36202884,0.638,0.026377052,0.30079436,0.30079436,0.698,0.030015051,0.2658198,0.2658198,0.334,-0.05564052,0.2871589,0.2871589,0.278,-0.041159034,foreign_policy,0.12399995,0.99931884,0.15765491,0.0532262,0.9804594,0.71243227,0.9509376,0.31718826,0.00020582443,0.0012255675,0.60871035,0.019832712,0.96669465,0.9876995,0.31195062,0.9996587,national_identity
erdogan2023_c004,erdogan2023,erdogan,en,2023-12-31,new_year_message,4,14,0.308,94,83,0.28703576,0.28703576,0.538,0.0003630817,0.0,0.27533448,0.27533448,0.59,0.003932506,0.0,0.29264492,0.29264492,0.738,0.03600782,0.0,0.4133794,0.4133794,0.982,0.15135932,2.4096386,0.24159113,0.24159113,0.554,-0.0045884997,0.0,0.40112954,0.40112954,0.866,0.09933609,1.2048193,0.30060926,0.30060926,0.37,-0.018425286,0.0,0.28761142,0.28761142,0.546,-0.005730778,1.2048193,0.32328898,0.32328898,0.786,0.05998704,0.55142784,0.55142784,0.998,0.21764848,0.2779582,0.2779582,0.406,-0.020361781,0.37748176,0.37748176,0.698,0.041829973,0.2999238,0.2999238,0.69,0.029144496,0.32044393,0.32044393,0.526,-0.0010163784,0.32672808,0.32672808,0.478,-0.0015898645,foreign_policy,0.116,0.50897115,0.0004888104,0.042439774,0.9588567,0.13547494,0.99964505,0.019363638,0.00030179255,0.00034870428,0.998399,0.0014808282,0.007246802,0.0054216753,0.9985562,0.9990434,social_solidarity
erdogan2023_c005,erdogan2023,erdogan,en,2023-12-31,new_year_message,5,14,0.385,108,99,0.27878192,0.27878192,0.502,-0.007890761,0.0,0.22242159,0.22242159,0.25,-0.048980385,0.0,0.21633893,0.21633893,0.334,-0.040298164,0.0,0.3243837,0.3243837,0.834,0.062363625,1.010101,0.32929152,0.32929152,0.85,0.0831119,0.0,0.2754084,0.2754084,0.378,-0.026385069,0.0,0.32715458,0.32715458,0.59,0.00812003,0.0,0.35062075,0.35062075,0.774,0.057278544,0.0,0.2847134,0.2847134,0.626,0.021411449,0.3553032,0.3553032,0.59,0.021523833,0.3223935,0.3223935,0.626,0.024073511,0.39503545,0.39503545,0.746,0.05938366,0.28708208,0.28708208,0.646,0.016302764,0.2920015,0.2920015,0.426,-0.02945882,0.33540887,0.33540887,0.542,0.007090926,democracy_institutions,0.016000032,0.9827407,0.020449392,0.00028021098,0.996746,0.13449147,0.998862,0.99812144,0.00057929166,0.011755133,0.017078074,0.9970822,0.99855626,0.9983834,0.96403897,0.9997831,social_solidarity
erdogan2023_c006,erdogan2023,erdogan,en,2023-12-31,new_year_message,6,14,0.462,100,81,0.27984434,0.27984434,0.506,-0.006828338,2.4691358,0.34967077,0.34967077,0.83,0.078268796,1.2345679,0.2724142,0.2724142,0.662,0.015777111,1.2345679,0.31918487,0.31918487,0.814,0.05716479,0.0,0.1757165,0.1757165,0.15,-0.07046312,0.0,0.27850938,0.27850938,0.39,-0.023284078,0.0,0.40723678,0.40723678,0.918,0.08820224,0.0,0.23411445,0.23411445,0.23,-0.05922775,0.0,0.41639137,0.41639137,0.982,0.15308943,0.36347196,0.36347196,0.638,0.02969259,0.24433099,0.24433099,0.226,-0.053989008,0.29146087,0.29146087,0.302,-0.044190913,0.3566324,0.3566324,0.878,0.0858531,0.2488098,0.2488098,0.254,-0.07265051,0.25003,0.25003,0.154,-0.07828793,crisis_resilience,0.088,0.9810764,0.003531207,0.01477119,0.7447956,0.001257044,0.9837694,0.94524795,9.351046e-05,0.0014750635,0.050330628,0.009994227,0.12142506,0.122103885,0.97267544,0.9960623,social_solidarity
erdogan2023_c007,erdogan2023,erdogan,en,2023-12-31,new_year_message,7,14,0.538,85,74,0.20473346,0.20473346,0.182,-0.08193922,0.0,0.23371527,0.23371527,0.35,-0.037686706,1.3513514,0.23840472,0.23840472,0.474,-0.018232375,2.7027028,0.3079471,0.3079471,0.782,0.045927018,0.0,0.2032932,0.2032932,0.318,-0.04288642,0.0,0.21109323,0.21109323,0.158,-0.090700224,0.0,0.31622824,0.31622824,0.478,-0.002806306,0.0,0.23396903,0.23396903,0.226,-0.05937317,0.0,0.34304908,0.34304908,0.874,0.07974714,0.26773578,0.26773578,0.206,-0.066043586,0.22142039,0.22142039,0.13,-0.0768996,0.2379173,0.2379173,0.134,-0.09773448,0.31673548,0.31673548,0.746,0.045956165,0.17728716,0.17728716,0.042,-0.14417315,0.17776927,0.17776927,0.026,-0.15054867,foreign_policy,0.30400002,0.74349403,0.6744794,0.08100938,0.95027274,0.106226124,0.91352236,0.9656413,0.0007870083,0.024492992,0.0017649075,0.99532723,0.26542804,0.9991013,0.007665875,0.88368845,crisis_resilience
erdogan2023_c008,erdogan2023,erdogan,en,2023-12-31,new_year_message,8,14,0.615,86,75,0.3939522,0.3939522,0.858,0.10727951,4.0,0.33158207,0.33158207,0.806,0.060180098,0.0,0.26080644,0.26080644,0.626,0.004169345,0.0,0.35091183,0.35091183,0.902,0.088891745,1.3333334,0.33855426,0.33855426,0.882,0.09237464,2.6666667,0.3563081,0.3563081,0.738,0.054514647,0.0,0.44899273,0.44899273,0.974,0.12995818,1.3333334,0.3120085,0.3120085,0.63,0.018666297,0.0,0.34152538,0.34152538,0.862,0.07822344,0.40876,0.40876,0.838,0.07498065,0.4043861,0.4043861,0.922,0.10606611,0.38584647,0.38584647,0.722,0.05019468,0.3363704,0.3363704,0.818,0.0655911,0.37329358,0.37329358,0.71,0.051833272,0.3874662,0.3874662,0.782,0.059148252,crisis_resilience,0.07199997,0.97722995,0.0006499983,0.00027053358,0.51464427,0.59207714,0.8534859,0.99596924,0.00017882818,0.0033179715,0.031618763,0.9989738,0.09534947,0.68801004,0.939276,0.9371389,crisis_resilience
erdogan2023_c009,erdogan2023,erdogan,en,2023-12-31,new_year_message,9,14,0.692,82,61,0.45954102,0.45954102,0.962,0.17286834,3.2786884,0.30065796,0.30065796,0.682,0.029255986,0.0,0.22427374,0.22427374,0.366,-0.032363355,0.0,0.30590057,0.30590057,0.774,0.043880492,0.0,0.2134014,0.2134014,0.39,-0.03277822,0.0,0.36053392,0.36053392,0.75,0.058740467,1.6393442,0.31966054,0.31966054,0.526,0.0006259978,0.0,0.31770754,0.31770754,0.658,0.024365336,0.0,0.301952,0.301952,0.694,0.038650066,0.43408698,0.43408698,0.93,0.10030761,0.30324376,0.30324376,0.51,0.004923761,0.44272074,0.44272074,0.874,0.107068956,0.30682558,0.30682558,0.714,0.036046267,0.272516,0.272516,0.366,-0.048944294,0.32135728,0.32135728,0.442,-0.00696066,national_identity,0.18800002,0.9997589,0.3712506,0.000506292,0.7652427,0.5366772,0.9915544,0.010611421,0.0002586527,0.00021029334,0.86539483,0.4378235,0.9998538,0.001294368,0.8905325,0.99926066,national_identity
erdogan2023_c010,erdogan2023,erdogan,en,2023-12-31,new_year_message,10,14,0.769,114,92,0.25150275,0.25150275,0.414,-0.03516993,0.0,0.31101578,0.31101578,0.738,0.039613813,2.173913,0.16894019,0.16894019,0.098,-0.08769691,1.0869565,0.3330227,0.3330227,0.854,0.07100263,0.0,0.2251839,0.2251839,0.466,-0.020995721,0.0,0.21281229,0.21281229,0.17,-0.08898117,0.0,0.35810566,0.35810566,0.754,0.039071113,0.0,0.271682,0.271682,0.466,-0.021660209,1.0869565,0.389023,0.389023,0.966,0.12572107,0.30525762,0.30525762,0.394,-0.028521746,0.3320009,0.3320009,0.694,0.033680916,0.32852933,0.32852933,0.506,-0.007122457,0.3761648,0.3761648,0.914,0.10538548,0.23884971,0.23884971,0.206,-0.08261059,0.28504667,0.28504667,0.27,-0.043271273,foreign_policy,0.099999964,0.9565531,0.88810545,0.0021074724,0.45241493,0.0021955154,0.11486404,0.9719126,0.00021696732,0.13034075,0.01798621,0.99886423,0.027233833,0.9986853,0.8389108,0.9994286,crisis_resilience
erdogan2023_c011,erdogan2023,erdogan,en,2023-12-31,new_year_message,11,14,0.846,82,69,0.45619678,0.45619678,0.958,0.1695241,2.8985507,0.2563259,0.2563259,0.462,-0.015076071,0.0,0.20438245,0.20438245,0.27,-0.052254647,1.4492754,0.27168187,0.27168187,0.602,0.009661794,0.0,0.20181724,0.20181724,0.306,-0.04436238,0.0,0.26795268,0.26795268,0.354,-0.033840775,0.0,0.310508,0.310508,0.43,-0.008526534,0.0,0.24382943,0.24382943,0.274,-0.049512774,0.0,0.31211278,0.31211278,0.746,0.04881084,0.35618517,0.35618517,0.602,0.022405803,0.37351513,0.37351513,0.866,0.07519513,0.3188681,0.3188681,0.47,-0.016783684,0.37251782,0.37251782,0.902,0.10173851,0.24830034,0.24830034,0.25,-0.07315996,0.28243506,0.28243506,0.258,-0.04588288,national_identity,0.356,0.9971771,0.4956056,0.013725786,0.799129,0.60112536,0.97450763,0.63578796,0.0001210082,0.017797453,0.20561504,0.73592645,0.019419348,0.8488156,0.008881676,0.9826576,national_identity
erdogan2023_c012,erdogan2023,erdogan,en,2023-12-31,new_year_message,12,14,0.923,89,70,0.20756,0.20756,0.186,-0.07911268,0.0,0.2490865,0.2490865,0.43,-0.022315472,0.0,0.27728868,0.27728868,0.69,0.020651579,1.4285715,0.2839446,0.2839446,0.666,0.021924525,0.0,0.16259506,0.16259506,0.106,-0.08358456,0.0,0.20480502,0.20480502,0.142,-0.09698844,0.0,0.4151938,0.4151938,0.934,0.09615925,1.4285715,0.32013392,0.32013392,0.666,0.026791722,0.0,0.27427712,0.27427712,0.59,0.010975182,0.3069136,0.3069136,0.406,-0.02686575,0.3606796,0.3606796,0.846,0.0623596,0.43235838,0.43235838,0.85,0.0967066,0.21676315,0.21676315,0.23,-0.054016158,0.24334359,0.24334359,0.222,-0.078116715,0.31094214,0.31094214,0.39,-0.017375797,crisis_resilience,0.24400002,0.7741888,0.13011953,0.032222297,0.9790358,0.034651488,0.763594,0.98260766,0.0014437558,0.0007870084,0.016898684,0.3354053,0.98170066,0.9939964,0.6211962,0.99898183,crisis_resilience
erdogan2023_c013,erdogan2023,erdogan,en,2023-12-31,new_year_message,13,14,1.0,92,74,0.29139763,0.29139763,0.562,0.0047249496,1.3513514,0.24917635,0.24917635,0.434,-0.022225618,0.0,0.258607,0.258607,0.614,0.0019699037,0.0,0.28940454,0.28940454,0.694,0.02738446,0.0,0.20515323,0.20515323,0.334,-0.0410264,0.0,0.26603895,0.26603895,0.342,-0.0357545,2.7027028,0.2755037,0.2755037,0.262,-0.04353085,0.0,0.38402146,0.38402146,0.862,0.09067926,0.0,0.24266341,0.24266341,0.426,-0.020638525,0.33428034,0.33428034,0.49,0.00050097704,0.37876603,0.37876603,0.878,0.080446035,0.5445483,0.5445483,0.994,0.20889649,0.21789466,0.21789466,0.242,-0.052884653,0.31921476,0.31921476,0.522,-0.0022455454,0.3994065,0.3994065,0.822,0.07108855,future_reform_technology,0.16799998,0.7901258,0.05384938,0.0037362205,0.92700064,0.13793841,0.99681497,0.73469096,0.01756003,0.0019723359,0.29244375,0.12080137,0.99971145,0.9881194,0.99775034,0.9981756,social_solidarity
erdogan2024_c000,erdogan2024,erdogan,en,2024-12-31,new_year_message,0,12,0.0,87,67,0.34498763,0.34498763,0.742,0.05831495,2.9850745,0.22206189,0.22206189,0.246,-0.049340084,0.0,0.19473654,0.19473654,0.218,-0.061900556,0.0,0.22663912,0.22663912,0.278,-0.03538096,0.0,0.18342799,0.18342799,0.186,-0.062751636,0.0,0.30101722,0.30101722,0.502,-0.0007762313,0.0,0.24148706,0.24148706,0.094,-0.07754749,0.0,0.27050012,0.27050012,0.45,-0.02284208,0.0,0.17999838,0.17999838,0.106,-0.083303556,0.31748876,0.31748876,0.434,-0.016290605,0.38642406,0.38642406,0.91,0.08810407,0.415975,0.415975,0.802,0.08032322,0.19137877,0.19137877,0.138,-0.07940054,0.37387353,0.37387353,0.718,0.052413225,0.32420266,0.32420266,0.458,-0.0041152835,national_identity,0.24000001,0.98282325,0.00017265153,0.00024298557,0.42656046,0.0018785202,0.94610083,0.0005152657,0.0003597694,0.00021654407,0.040313438,0.006718871,0.9946151,0.0010775026,0.9877322,0.37956524,national_identity
erdogan2024_c001,erdogan2024,erdogan,en,2024-12-31,new_year_message,1,12,0.091,94,72,0.43634757,0.43634757,0.93,0.14967489,2.7777777,0.39985657,0.39985657,0.946,0.1284546,1.3888888,0.23009485,0.23009485,0.43,-0.026542246,0.0,0.26416013,0.26416013,0.566,0.0021400452,0.0,0.20855099,0.20855099,0.35,-0.037628636,0.0,0.40161735,0.40161735,0.87,0.09982389,4.1666665,0.38843995,0.38843995,0.878,0.06940541,0.0,0.28614035,0.28614035,0.534,-0.0072018504,1.3888888,0.28896308,0.28896308,0.634,0.02566114,0.41332376,0.41332376,0.854,0.079544395,0.5344661,0.5344661,0.998,0.23614609,0.40799606,0.40799606,0.774,0.07234427,0.28329358,0.28329358,0.626,0.012514263,0.5013848,0.5013848,0.95,0.17992449,0.34832057,0.34832057,0.606,0.020002633,security_military,0.015999973,0.99925196,0.044472914,0.00044857574,0.37001196,0.013808657,0.98347044,0.0599214,0.00028130738,0.00068517134,0.29941237,0.91379195,0.799129,0.0031974872,0.9995308,0.99763805,national_identity
erdogan2024_c002,erdogan2024,erdogan,en,2024-12-31,new_year_message,2,12,0.182,90,80,0.26265165,0.26265165,0.45,-0.02402103,3.75,0.18672743,0.18672743,0.102,-0.08467454,0.0,0.17795414,0.17795414,0.126,-0.07868296,0.0,0.18577816,0.18577816,0.118,-0.076241925,1.25,0.44056034,0.44056034,0.986,0.19438072,5.0,0.26503527,0.26503527,0.334,-0.036758184,0.0,0.23666176,0.23666176,0.078,-0.082372785,0.0,0.20092946,0.20092946,0.106,-0.09241274,0.0,0.15944368,0.15944368,0.058,-0.10385826,0.2466529,0.2466529,0.122,-0.08712646,0.2686867,0.2686867,0.33,-0.029633284,0.19904,0.19904,0.034,-0.13661179,0.25377357,0.25377357,0.418,-0.017005742,0.36174396,0.36174396,0.674,0.04028365,0.26162136,0.26162136,0.19,-0.066696584,democracy_institutions,0.536,0.9783847,0.0012943681,0.00031503872,0.877398,0.6033477,0.996108,0.007183844,0.0018137437,0.0010628869,0.596793,0.7400804,0.20327225,0.007395841,0.9998133,0.99930406,social_solidarity
erdogan2024_c003,erdogan2024,erdogan,en,2024-12-31,new_year_message,3,12,0.273,83,71,0.153927,0.153927,0.046,-0.13274568,0.0,0.22540838,0.22540838,0.274,-0.045993596,1.4084507,0.4231274,0.4231274,0.958,0.16649032,4.2253523,0.19164073,0.19164073,0.138,-0.07037935,0.0,0.18239626,0.18239626,0.178,-0.06378336,1.4084507,0.19181491,0.19181491,0.09,-0.10997854,0.0,0.30897224,0.30897224,0.418,-0.010062307,1.4084507,0.24181366,0.24181366,0.262,-0.051528543,0.0,0.15701395,0.15701395,0.05,-0.106287986,0.23294428,0.23294428,0.082,-0.100835085,0.28409123,0.28409123,0.45,-0.014228761,0.2946154,0.2946154,0.334,-0.041036397,0.1357129,0.1357129,0.014,-0.1350664,0.24509679,0.24509679,0.23,-0.07636352,0.30052486,0.30052486,0.326,-0.02779308,economy_welfare,0.53999996,0.4421547,0.056178067,0.56748724,0.0008778914,0.013222821,0.0017891591,0.88156396,0.00027640708,0.00018164382,0.0043738224,0.011050794,0.9701269,0.03346293,0.8980088,0.9995281,crisis_resilience
erdogan2024_c004,erdogan2024,erdogan,en,2024-12-31,new_year_message,4,12,0.364,107,85,0.1588698,0.1588698,0.062,-0.12780288,2.3529413,0.15692994,0.15692994,0.038,-0.11447203,0.0,0.47669703,0.47669703,0.986,0.22005993,2.3529413,0.11150435,0.11150435,0.006,-0.15051574,0.0,0.14281714,0.14281714,0.066,-0.103362486,0.0,0.23231322,0.23231322,0.242,-0.06948024,0.0,0.19384678,0.19384678,0.006,-0.12518777,0.0,0.25944182,0.25944182,0.346,-0.03390038,0.0,0.15938836,0.15938836,0.054,-0.103913575,0.18743412,0.18743412,0.01,-0.14634524,0.21036053,0.21036053,0.106,-0.08795947,0.35079235,0.35079235,0.594,0.015140563,0.16348186,0.16348186,0.082,-0.10729745,0.23815241,0.23815241,0.194,-0.08330789,0.33029836,0.33029836,0.506,0.001980424,economy_welfare,0.64,0.95741737,0.014714448,0.99929035,0.68458045,0.8773192,0.9988486,0.97708833,0.0028671587,0.004133968,0.12231338,0.07978201,0.9997575,0.99873805,0.1594136,0.9996339,economy_welfare
erdogan2024_c005,erdogan2024,erdogan,en,2024-12-31,new_year_message,5,12,0.455,95,81,0.28640437,0.28640437,0.534,-0.0002683103,2.4691358,0.22527608,0.22527608,0.27,-0.04612589,0.0,0.34946626,0.34946626,0.866,0.09282917,1.2345679,0.18724409,0.18724409,0.126,-0.074775994,0.0,0.19028369,0.19028369,0.234,-0.05589594,0.0,0.286341,0.286341,0.43,-0.015452445,0.0,0.39127806,0.39127806,0.894,0.07224351,1.2345679,0.2700327,0.2700327,0.442,-0.023309499,0.0,0.29244334,0.29244334,0.646,0.029141396,0.3415055,0.3415055,0.522,0.007726133,0.31272727,0.31272727,0.558,0.014407277,0.31673414,0.31673414,0.446,-0.01891765,0.27835745,0.27835745,0.57,0.0075781345,0.2842932,0.2842932,0.402,-0.037167102,0.35195202,0.35195202,0.638,0.023634076,crisis_resilience,0.027999997,0.6500231,0.013454154,0.11308892,0.7589798,0.3165805,0.99389654,0.14451067,0.00016898241,0.003298651,0.21042132,0.99887747,0.6287779,0.8903419,0.6663882,0.98937833,social_solidarity
erdogan2024_c006,erdogan2024,erdogan,en,2024-12-31,new_year_message,6,12,0.545,108,85,0.26390022,0.26390022,0.458,-0.022772461,2.3529413,0.2521305,0.2521305,0.446,-0.019271463,0.0,0.2137611,0.2137611,0.322,-0.04287599,2.3529413,0.27843225,0.27843225,0.642,0.016412169,0.0,0.1397299,0.1397299,0.05,-0.10644972,0.0,0.28436053,0.28436053,0.41,-0.017432928,1.1764706,0.24847102,0.24847102,0.138,-0.070563525,0.0,0.26121682,0.26121682,0.37,-0.032125384,0.0,0.2466354,0.2466354,0.45,-0.016666532,0.35461393,0.35461393,0.582,0.020834565,0.2636707,0.2636707,0.31,-0.034649283,0.32856497,0.32856497,0.51,-0.0070868134,0.19220676,0.19220676,0.146,-0.07857256,0.20227586,0.20227586,0.118,-0.11918445,0.2639034,0.2639034,0.202,-0.06441453,foreign_policy,0.18400002,0.43698236,0.001360376,0.023353035,0.21535073,0.0053018946,0.10463732,0.0009528706,0.00033274127,0.00037482666,0.8555346,0.21068509,0.79645085,0.00018271105,0.99734515,0.9966234,national_identity
erdogan2024_c007,erdogan2024,erdogan,en,2024-12-31,new_year_message,7,12,0.636,114,98,0.30426311,0.30426311,0.614,0.017590433,3.0612245,0.32532144,0.32532144,0.786,0.053919464,0.0,0.19911084,0.19911084,0.238,-0.05752626,0.0,0.2512549,0.2512549,0.474,-0.010765195,0.0,0.19164893,0.19164893,0.254,-0.054530695,0.0,0.36063436,0.36063436,0.754,0.0588409,1.0204082,0.3603896,0.3603896,0.762,0.041355044,0.0,0.15042612,0.15042612,0.022,-0.14291608,0.0,0.31810164,0.31810164,0.77,0.054799706,0.41509807,0.41509807,0.862,0.081318706,0.30489212,0.30489212,0.514,0.0065721273,0.23739728,0.23739728,0.126,-0.0982545,0.28247017,0.28247017,0.618,0.011690855,0.39904618,0.39904618,0.81,0.077585876,0.28306755,0.28306755,0.266,-0.045250386,security_military,0.023999989,0.9992068,0.015276945,0.00015843622,0.94258606,0.44462508,0.99938214,0.97193927,0.00011191532,0.0036535403,0.94202864,0.9984603,0.004239825,0.009134472,0.9991777,0.9996223,social_solidarity
erdogan2024_c008,erdogan2024,erdogan,en,2024-12-31,new_year_message,8,12,0.727,82,64,0.24344502,0.24344502,0.37,-0.043227658,0.0,0.27175623,0.27175623,0.566,0.0003542602,1.5625,0.2087177,0.2087177,0.286,-0.047919393,0.0,0.37784714,0.37784714,0.938,0.115827054,0.0,0.20461056,0.20461056,0.326,-0.04156907,0.0,0.21950196,0.21950196,0.194,-0.0822915,0.0,0.23936436,0.23936436,0.09,-0.07967019,0.0,0.3015744,0.3015744,0.582,0.008232206,0.0,0.32926917,0.32926917,0.83,0.06596723,0.36422026,0.36422026,0.646,0.030440897,0.27822155,0.27822155,0.414,-0.020098448,0.39975667,0.39975667,0.762,0.064104885,0.26374406,0.26374406,0.482,-0.0070352554,0.18126643,0.18126643,0.046,-0.14019388,0.31360722,0.31360722,0.41,-0.014710724,foreign_policy,0.356,0.9992282,0.88012904,0.00044508654,0.99955404,0.64282495,0.34936622,0.99833214,0.0045561134,0.971537,0.9353465,0.36043274,0.9997464,0.998545,0.98538435,0.9997488,foreign_policy
erdogan2024_c009,erdogan2024,erdogan,en,2024-12-31,new_year_message,9,12,0.818,101,76,0.29166812,0.29166812,0.566,0.0049954355,0.0,0.3666498,0.3666498,0.874,0.095247835,2.631579,0.22863573,0.22863573,0.394,-0.028001368,0.0,0.39039505,0.39039505,0.954,0.12837496,0.0,0.19732746,0.19732746,0.282,-0.04885216,0.0,0.29511613,0.29511613,0.462,-0.0066773295,0.0,0.29809472,0.29809472,0.362,-0.020939827,0.0,0.39255542,0.39255542,0.878,0.09921321,0.0,0.35414225,0.35414225,0.898,0.09084031,0.3664855,0.3664855,0.654,0.03270614,0.29517376,0.29517376,0.494,-0.0031462312,0.5257503,0.5257503,0.978,0.1900985,0.29752222,0.29752222,0.674,0.026742905,0.22161004,0.22161004,0.146,-0.09985027,0.37670094,0.37670094,0.738,0.048382998,foreign_policy,0.075999975,0.99491996,0.012845958,0.00018777506,0.87773734,0.085099034,0.9829874,0.50668293,0.0011672309,0.0018208297,0.5232757,0.117724195,0.9938847,0.08528932,0.93039507,0.99937123,national_identity
erdogan2024_c010,erdogan2024,erdogan,en,2024-12-31,new_year_message,10,12,0.909,80,66,0.21932523,0.21932523,0.23,-0.06734745,1.5151515,0.23669171,0.23669171,0.374,-0.03471026,0.0,0.22628576,0.22628576,0.374,-0.03035134,0.0,0.32949698,0.32949698,0.846,0.0674769,0.0,0.30238047,0.30238047,0.774,0.056200847,0.0,0.2568904,0.2568904,0.322,-0.04490307,0.0,0.3345273,0.3345273,0.634,0.015492767,0.0,0.3715693,0.3715693,0.842,0.0782271,0.0,0.29751694,0.29751694,0.67,0.034215003,0.35259923,0.35259923,0.574,0.018819869,0.31770247,0.31770247,0.594,0.019382477,0.45042956,0.45042956,0.89,0.11477777,0.2769784,0.2769784,0.55,0.0061990917,0.25307828,0.25307828,0.266,-0.068382025,0.44391966,0.44391966,0.946,0.11560172,foreign_policy,0.004000008,0.9928647,0.7497291,0.122628234,0.7329743,0.7047701,0.9932156,0.20701426,0.10487773,0.001098731,0.91177064,0.011233709,0.9990655,0.17222406,0.9944934,0.9981215,social_solidarity
erdogan2024_c011,erdogan2024,erdogan,en,2024-12-31,new_year_message,11,12,1.0,97,86,0.33682963,0.33682963,0.714,0.05015695,2.3255813,0.31097645,0.31097645,0.734,0.039574474,0.0,0.24295716,0.24295716,0.514,-0.0136799365,0.0,0.2694744,0.2694744,0.598,0.007454306,0.0,0.22578818,0.22578818,0.478,-0.02039145,0.0,0.3731162,0.3731162,0.794,0.07132274,0.0,0.31533933,0.31533933,0.466,-0.0036952198,0.0,0.24646753,0.24646753,0.282,-0.046874672,0.0,0.24150488,0.24150488,0.418,-0.021797061,0.3876769,0.3876769,0.742,0.05389753,0.3488601,0.3488601,0.794,0.05054012,0.3704322,0.3704322,0.686,0.034780413,0.25214824,0.25214824,0.414,-0.01863107,0.48417318,0.48417318,0.942,0.16271287,0.34129238,0.34129238,0.57,0.012974441,social_solidarity,0.060000002,0.40341994,0.0025212683,0.002883959,0.596198,0.043487504,0.99289924,0.011800597,0.00042223284,0.0010182288,0.055157777,0.39478412,0.48352647,0.0067712096,0.9966365,0.9963251,social_solidarity
erdogan2025_c000,erdogan2025,erdogan,en,2025-12-31,new_year_message,0,14,0.0,90,69,0.34985667,0.34985667,0.77,0.06318399,2.8985507,0.22777243,0.22777243,0.314,-0.043629542,0.0,0.1948503,0.1948503,0.222,-0.0617868,0.0,0.23114437,0.23114437,0.322,-0.030875713,0.0,0.18399838,0.18399838,0.194,-0.06218125,0.0,0.2994254,0.2994254,0.486,-0.0023680627,0.0,0.24695085,0.24695085,0.13,-0.0720837,0.0,0.28226706,0.28226706,0.506,-0.011075139,0.0,0.18766661,0.18766661,0.134,-0.07563533,0.31188163,0.31188163,0.422,-0.021897733,0.3970951,0.3970951,0.914,0.09877512,0.41407052,0.41407052,0.798,0.07841873,0.20396297,0.20396297,0.174,-0.066816345,0.39084446,0.39084446,0.778,0.06938416,0.3326515,0.3326515,0.522,0.0043335557,national_identity,0.264,0.9298874,0.0015307452,0.00047936055,0.2769838,0.110453166,0.9789956,0.0005770345,0.0004710118,0.00026842882,0.45265687,0.08266031,0.88844466,0.0027044297,0.9981721,0.96340305,social_solidarity
erdogan2025_c001,erdogan2025,erdogan,en,2025-12-31,new_year_message,1,14,0.077,81,68,0.3329606,0.3329606,0.706,0.046287924,2.9411764,0.5149972,0.5149972,0.998,0.24359521,5.882353,0.23917064,0.23917064,0.482,-0.017466456,0.0,0.18989764,0.18989764,0.134,-0.07212244,0.0,0.20485613,0.20485613,0.33,-0.041323498,0.0,0.37233055,0.37233055,0.786,0.07053709,0.0,0.3793404,0.3793404,0.846,0.060305864,1.4705882,0.18328094,0.18328094,0.066,-0.11006126,0.0,0.3080404,0.3080404,0.722,0.04473847,0.30487132,0.30487132,0.386,-0.028908044,0.34192136,0.34192136,0.754,0.043601364,0.2251989,0.2251989,0.086,-0.11045289,0.28517073,0.28517073,0.63,0.014391422,0.63462394,0.63462394,0.994,0.31316364,0.30216938,0.30216938,0.346,-0.026148558,security_military,0.15200001,0.9913055,0.99413466,0.00011279297,0.24472384,0.051082734,0.97553027,0.90934503,6.7883055e-05,0.4353013,0.075943805,0.9964412,0.00012681476,0.8269216,0.9998222,0.057652242,security_military
erdogan2025_c002,erdogan2025,erdogan,en,2025-12-31,new_year_message,2,14,0.154,109,93,0.13821836,0.13821836,0.034,-0.14845432,0.0,0.25756457,0.25756457,0.478,-0.013837397,1.0752689,0.38562965,0.38562965,0.902,0.12899256,2.1505377,0.26677305,0.26677305,0.578,0.004752964,1.0752689,0.12398611,0.12398611,0.022,-0.122193515,0.0,0.150603,0.150603,0.026,-0.15119046,0.0,0.28955418,0.28955418,0.306,-0.029480368,0.0,0.23105216,0.23105216,0.206,-0.062290043,0.0,0.24094084,0.24094084,0.414,-0.0223611,0.22311062,0.22311062,0.054,-0.11066875,0.27711532,0.27711532,0.402,-0.02120468,0.27023065,0.27023065,0.23,-0.065421134,0.16279432,0.16279432,0.078,-0.10798499,0.19545949,0.19545949,0.094,-0.12600082,0.2468812,0.2468812,0.138,-0.08143674,economy_welfare,0.324,0.6211388,0.058446527,0.4265605,0.98892784,0.01583014,0.004194714,0.9269842,0.00025814815,0.008796121,0.008660931,0.9986515,0.988842,0.7651988,0.9560891,0.999654,foreign_policy
erdogan2025_c003,erdogan2025,erdogan,en,2025-12-31,new_year_message,3,14,0.231,94,78,0.21763606,0.21763606,0.226,-0.06903662,1.2820513,0.24955039,0.24955039,0.438,-0.021851584,1.2820513,0.39250076,0.39250076,0.926,0.13586366,3.8461537,0.15730968,0.15730968,0.046,-0.1047104,0.0,0.16375384,0.16375384,0.114,-0.08242579,0.0,0.26552993,0.26552993,0.338,-0.036263525,0.0,0.21425903,0.21425903,0.03,-0.10477552,0.0,0.28274125,0.28274125,0.514,-0.010600954,1.2820513,0.17878723,0.17878723,0.102,-0.08451471,0.21612081,0.21612081,0.042,-0.117658556,0.2090717,0.2090717,0.098,-0.0892483,0.34055167,0.34055167,0.562,0.004899889,0.16139567,0.16139567,0.058,-0.10938364,0.2610937,0.2610937,0.306,-0.0603666,0.32266772,0.32266772,0.454,-0.0056502223,economy_welfare,0.412,0.85179883,0.7495458,0.9995299,0.13070095,0.44866782,0.9990996,0.81493807,0.007190813,0.0007451558,0.16598141,0.9725975,0.99975175,0.2728472,0.9966168,0.9997063,economy_welfare
erdogan2025_c004,erdogan2025,erdogan,en,2025-12-31,new_year_message,4,14,0.308,99,81,0.2421781,0.2421781,0.358,-0.044494584,1.2345679,0.20799169,0.20799169,0.166,-0.06341028,0.0,0.24946019,0.24946019,0.554,-0.007176906,0.0,0.18525718,0.18525718,0.114,-0.0767629,0.0,0.21794818,0.21794818,0.418,-0.028231442,1.2345679,0.24588124,0.24588124,0.29,-0.05591221,1.2345679,0.35516125,0.35516125,0.73,0.036126703,2.4691358,0.392725,0.392725,0.882,0.09938279,1.2345679,0.16482762,0.16482762,0.07,-0.098474324,0.26198468,0.26198468,0.17,-0.07179469,0.31942472,0.31942472,0.602,0.021104723,0.43177137,0.43177137,0.846,0.09611958,0.13118926,0.13118926,0.01,-0.13959005,0.27086744,0.27086744,0.358,-0.05059287,0.3859192,0.3859192,0.778,0.057601273,future_reform_technology,0.15200001,0.5369807,0.00027106237,0.0012207953,0.21988146,0.6821504,0.9703525,0.04725521,0.0151307285,0.00028130738,0.006641112,0.9928439,0.9997,0.017968966,0.93199056,0.9994673,social_solidarity
erdogan2025_c005,erdogan2025,erdogan,en,2025-12-31,new_year_message,5,14,0.385,136,104,0.19595918,0.19595918,0.158,-0.0907135,0.0,0.18317229,0.18317229,0.082,-0.088229686,0.0,0.18733451,0.18733451,0.174,-0.06930259,0.0,0.102984026,0.102984026,0.002,-0.15903606,0.0,0.14950392,0.14950392,0.07,-0.09667571,0.96153843,0.25630474,0.25630474,0.314,-0.045488715,0.0,0.24670786,0.24670786,0.126,-0.07232669,0.0,0.14356074,0.14356074,0.014,-0.14978147,0.0,0.0830571,0.0830571,0.002,-0.18024483,0.22773653,0.22773653,0.074,-0.10604283,0.24994697,0.24994697,0.262,-0.04837303,0.21607488,0.21607488,0.066,-0.1195769,0.10741518,0.10741518,0.002,-0.16336414,0.4016745,0.4016745,0.818,0.0802142,0.24595347,0.24595347,0.126,-0.08236447,social_solidarity,0.14000002,0.4542301,0.0029349518,0.0580381,0.0429424,0.11255132,0.99914247,0.18580864,0.0005442133,0.0044079763,0.4244381,0.9545204,0.109372385,0.0010965896,0.99976176,0.9996982,social_solidarity
erdogan2025_c006,erdogan2025,erdogan,en,2025-12-31,new_year_message,6,14,0.462,99,86,0.2726087,0.2726087,0.49,-0.014063984,1.1627907,0.24005505,0.24005505,0.394,-0.031346917,0.0,0.23793994,0.23793994,0.466,-0.018697158,0.0,0.25688356,0.25688356,0.506,-0.0051365197,1.1627907,0.20147428,0.20147428,0.302,-0.044705346,0.0,0.3269037,0.3269037,0.618,0.025110245,2.3255813,0.3956908,0.3956908,0.902,0.07665625,1.1627907,0.2568053,0.2568053,0.334,-0.036536902,0.0,0.25108024,0.25108024,0.49,-0.012221694,0.39631325,0.39631325,0.782,0.062533885,0.2794143,0.2794143,0.426,-0.0189057,0.34106538,0.34106538,0.566,0.005413592,0.27707684,0.27707684,0.554,0.0062975287,0.34450817,0.34450817,0.606,0.023047864,0.47218025,0.47218025,0.974,0.1438623,crisis_resilience,0.28400004,0.99968123,0.9224824,0.0013070536,0.95818704,0.9380106,0.99958515,0.99587405,0.00023735814,0.06662989,0.99014014,0.91462487,0.5563092,0.0043908665,0.9974787,0.9998222,national_identity
erdogan2025_c007,erdogan2025,erdogan,en,2025-12-31,new_year_message,7,14,0.538,108,88,0.18674321,0.18674321,0.13,-0.09992947,1.1363636,0.21004646,0.21004646,0.19,-0.061355516,0.0,0.14645074,0.14645074,0.054,-0.11018635,0.0,0.21231896,0.21231896,0.21,-0.049701124,0.0,0.22512777,0.22512777,0.462,-0.021051854,2.2727273,0.2286368,0.2286368,0.226,-0.073156655,0.0,0.22088632,0.22088632,0.038,-0.09814823,1.1363636,0.16212891,0.16212891,0.034,-0.13121329,0.0,0.21187973,0.21187973,0.23,-0.05142221,0.2529273,0.2529273,0.142,-0.08085206,0.29266286,0.29266286,0.478,-0.0056571364,0.19991949,0.19991949,0.038,-0.1357323,0.20536515,0.20536515,0.186,-0.06541416,0.18225855,0.18225855,0.054,-0.13920176,0.20713505,0.20713505,0.054,-0.12118289,democracy_institutions,0.23600002,0.9195703,0.0009075026,0.00017743676,0.5762588,0.23941602,0.6533205,0.0010464257,0.00017332716,0.00036829786,0.9879811,0.9855382,0.009670993,0.00027425666,0.9921157,0.6002854,national_identity
erdogan2025_c008,erdogan2025,erdogan,en,2025-12-31,new_year_message,8,14,0.615,102,84,0.23231795,0.23231795,0.29,-0.054354727,1.1904762,0.31276703,0.31276703,0.75,0.041365057,1.1904762,0.1647348,0.1647348,0.078,-0.0919023,0.0,0.3049209,0.3049209,0.762,0.04290083,1.1904762,0.15840244,0.15840244,0.094,-0.08777718,0.0,0.28406966,0.28406966,0.402,-0.017723799,1.1904762,0.23233584,0.23233584,0.062,-0.08669871,0.0,0.17716025,0.17716025,0.054,-0.116181955,0.0,0.29885042,0.29885042,0.674,0.03554848,0.41634688,0.41634688,0.886,0.08256751,0.19362783,0.19362783,0.058,-0.10469216,0.22371502,0.22371502,0.078,-0.11193676,0.23886576,0.23886576,0.346,-0.03191355,0.22470975,0.22470975,0.154,-0.09675056,0.25488725,0.25488725,0.166,-0.07343069,foreign_policy,0.012000024,0.9935743,0.5506074,0.00014510752,0.9934103,0.07609814,0.043977574,0.034913782,0.00018199884,0.0032540055,0.9922369,0.8222248,0.05237608,0.25673878,0.9996451,0.9993333,national_identity
erdogan2025_c009,erdogan2025,erdogan,en,2025-12-31,new_year_message,9,14,0.692,86,70,0.22259218,0.22259218,0.242,-0.06408051,0.0,0.25760207,0.25760207,0.482,-0.013799906,0.0,0.20828174,0.20828174,0.282,-0.048355356,0.0,0.1567158,0.1567158,0.042,-0.105304286,0.0,0.19680282,0.19680282,0.278,-0.0493768,0.0,0.27336764,0.27336764,0.37,-0.028425813,0.0,0.2733733,0.2733733,0.25,-0.04566124,0.0,0.22856247,0.22856247,0.198,-0.06477973,0.0,0.25330797,0.25330797,0.498,-0.00999397,0.32308596,0.32308596,0.446,-0.010693401,0.2710055,0.2710055,0.346,-0.027314484,0.29214042,0.29214042,0.31,-0.04351136,0.18756992,0.18756992,0.126,-0.083209395,0.28787246,0.28787246,0.414,-0.033587843,0.30538636,0.30538636,0.358,-0.022931576,security_military,0.11199999,0.99953175,0.99896574,0.00031197804,0.9992563,0.97800976,0.9991944,0.9994493,0.0003521251,0.99647564,0.57606506,0.99569374,0.8442646,0.87689817,0.9995986,0.9998197,national_identity
erdogan2025_c010,erdogan2025,erdogan,en,2025-12-31,new_year_message,10,14,0.769,96,79,0.18730557,0.18730557,0.134,-0.09936711,1.2658228,0.29158074,0.29158074,0.65,0.020178765,1.2658228,0.14265537,0.14265537,0.042,-0.113981724,0.0,0.3240392,0.3240392,0.83,0.06201911,0.0,0.13018018,0.13018018,0.034,-0.115999445,0.0,0.1294789,0.1294789,0.01,-0.17231455,0.0,0.23492925,0.23492925,0.07,-0.0841053,1.2658228,0.20233792,0.20233792,0.114,-0.09100428,0.0,0.39806086,0.39806086,0.974,0.13475892,0.2661072,0.2661072,0.194,-0.06767216,0.25700417,0.25700417,0.278,-0.041315824,0.24963479,0.24963479,0.17,-0.086017,0.26569757,0.26569757,0.502,-0.005081743,0.12915619,0.12915619,0.002,-0.19230412,0.20674688,0.20674688,0.05,-0.121571064,foreign_policy,0.18,0.9994967,0.99509466,0.00021570001,0.99958026,0.8321003,0.9652176,0.99653006,0.00020865718,0.991977,0.9265533,0.97555363,0.98065495,0.99964994,0.9957478,0.9989013,foreign_policy
erdogan2025_c011,erdogan2025,erdogan,en,2025-12-31,new_year_message,11,14,0.846,114,95,0.29314685,0.29314685,0.57,0.006474167,2.1052632,0.32115585,0.32115585,0.77,0.049753875,1.0526316,0.1992862,0.1992862,0.242,-0.057350904,0.0,0.3245973,0.3245973,0.838,0.06257722,1.0526316,0.2770067,0.2770067,0.686,0.03082706,1.0526316,0.31440106,0.31440106,0.546,0.012607604,2.1052632,0.34547985,0.34547985,0.706,0.0264453,0.0,0.2649567,0.2649567,0.406,-0.02838549,0.0,0.31188887,0.31188887,0.742,0.048586935,0.40455717,0.40455717,0.818,0.0707778,0.33149222,0.33149222,0.686,0.03317222,0.3219245,0.3219245,0.494,-0.0137272775,0.27616215,0.27616215,0.546,0.005382836,0.29695368,0.29695368,0.442,-0.024506629,0.33528966,0.33528966,0.538,0.006971717,foreign_policy,0.06800002,0.9174138,0.042982552,0.000120772114,0.9679296,0.22695495,0.9807104,0.06421197,0.00015720345,0.001853059,0.50848305,0.007176882,0.45737907,0.032805953,0.9941913,0.9995381,social_solidarity
erdogan2025_c012,erdogan2025,erdogan,en,2025-12-31,new_year_message,12,14,0.923,82,71,0.26644695,0.26644695,0.466,-0.020225734,0.0,0.19717541,0.19717541,0.13,-0.07422656,0.0,0.22926413,0.22926413,0.414,-0.027372971,0.0,0.26283962,0.26283962,0.554,0.00081953406,0.0,0.28272152,0.28272152,0.714,0.036541894,0.0,0.2721067,0.2721067,0.366,-0.029686749,0.0,0.32766908,0.32766908,0.594,0.008634537,1.4084507,0.33722523,0.33722523,0.726,0.043883026,0.0,0.23403409,0.23403409,0.366,-0.029267848,0.37909275,0.37909275,0.714,0.045313388,0.34565258,0.34565258,0.774,0.047332585,0.418432,0.418432,0.81,0.08278021,0.23724806,0.23724806,0.338,-0.03353125,0.2656833,0.2656833,0.33,-0.055777013,0.40078092,0.40078092,0.842,0.072462976,future_reform_technology,0.012000024,0.9990673,0.5131805,0.09392703,0.96658444,0.99104494,0.99654365,0.99632865,0.00971787,0.005980329,0.9334915,0.99710476,0.9836127,0.9540518,0.9828068,0.99976265,national_identity
erdogan2025_c013,erdogan2025,erdogan,en,2025-12-31,new_year_message,13,14,1.0,177,140,0.34617287,0.34617287,0.746,0.059500188,2.857143,0.28370965,0.28370965,0.618,0.012307674,0.0,0.30401206,0.30401206,0.766,0.047374964,0.71428573,0.27399522,0.27399522,0.61,0.011975139,0.0,0.23891036,0.23891036,0.538,-0.0072692633,0.0,0.33429956,0.33429956,0.654,0.03250611,1.4285715,0.27694607,0.27694607,0.274,-0.04208848,0.0,0.38327485,0.38327485,0.858,0.08993265,0.0,0.22631565,0.22631565,0.322,-0.03698629,0.34981835,0.34981835,0.554,0.016038984,0.35513505,0.35513505,0.826,0.056815058,0.538691,0.538691,0.99,0.2030392,0.22965828,0.22965828,0.294,-0.041121036,0.42105308,0.42105308,0.874,0.099592775,0.4396472,0.4396472,0.934,0.11132926,future_reform_technology,0.09200001,0.64191353,0.0062655336,0.78637683,0.101322375,0.11726853,0.990936,0.013096005,0.0012351676,0.0019494017,0.16769518,0.9212514,0.99432516,0.044618387,0.9991856,0.99645156,social_solidarity
macron2022_c000,macron2022,macron,en,2022-12-31,new_year_address,0,27,0.0,162,134,0.32206216,0.32206216,0.67,0.035389483,2.238806,0.3598583,0.3598583,0.854,0.08845633,2.238806,0.28551292,0.28551292,0.718,0.028875828,0.0,0.23793131,0.23793131,0.386,-0.02408877,0.0,0.23997156,0.23997156,0.546,-0.006208062,0.0,0.3866742,0.3866742,0.83,0.08488074,0.74626863,0.34590936,0.34590936,0.71,0.02687481,0.74626863,0.23372895,0.23372895,0.222,-0.059613258,0.0,0.2368037,0.2368037,0.382,-0.026498243,0.3633168,0.3633168,0.634,0.02953744,0.32549828,0.32549828,0.654,0.027178288,0.31425628,0.31425628,0.43,-0.021395504,0.31177562,0.31177562,0.73,0.040996313,0.5610485,0.5610485,0.974,0.2395882,0.33435106,0.33435106,0.53,0.0060331225,security_military,0.023999989,0.86442494,0.9979572,0.0029008575,0.078925885,0.96737945,0.999757,0.3022881,0.00020947366,0.00013927705,0.8672608,0.0039762286,0.05345272,0.0010691264,0.9988631,0.95050293,social_solidarity
macron2022_c001,macron2022,macron,en,2022-12-31,new_year_address,1,27,0.038,81,71,0.49949142,0.49949142,0.99,0.21281874,4.2253523,0.30614161,0.30614161,0.702,0.034739643,0.0,0.24029069,0.24029069,0.49,-0.01634641,0.0,0.3221268,0.3221268,0.826,0.060106725,0.0,0.25609046,0.25609046,0.622,0.009910837,0.0,0.38787666,0.38787666,0.846,0.0860832,1.4084507,0.43165702,0.43165702,0.958,0.11262247,0.0,0.37102884,0.37102884,0.838,0.07768664,1.4084507,0.33856058,0.33856058,0.858,0.07525864,0.4729843,0.4729843,0.978,0.13920495,0.41289285,0.41289285,0.954,0.11457285,0.482047,0.482047,0.954,0.1463952,0.36982784,0.36982784,0.894,0.099048525,0.36981693,0.36981693,0.702,0.048356622,0.46034226,0.46034226,0.962,0.13202432,national_identity,0.032000005,0.999828,0.0688264,0.04700851,0.6731917,0.1673547,0.99436355,0.54262096,0.08632348,0.00013819334,0.73086655,9.332801e-05,0.6675812,0.48932046,0.06659954,0.9997176,national_identity
macron2022_c002,macron2022,macron,en,2022-12-31,new_year_address,2,27,0.077,81,69,0.4030726,0.4030726,0.874,0.116399914,1.4492754,0.26993835,0.26993835,0.554,-0.0014636219,0.0,0.25721383,0.25721383,0.594,0.00057673454,0.0,0.29573596,0.29573596,0.734,0.033715874,1.4492754,0.22551343,0.22551343,0.47,-0.020666197,0.0,0.41779327,0.41779327,0.914,0.11599982,1.4492754,0.41996425,0.41996425,0.942,0.10092971,1.4492754,0.30680957,0.30680957,0.59,0.013467371,0.0,0.34153578,0.34153578,0.866,0.07823384,0.5315312,0.5315312,0.99,0.19775185,0.3561454,0.3561454,0.83,0.057825416,0.3810715,0.3810715,0.702,0.045419723,0.38252133,0.38252133,0.93,0.11174202,0.35030663,0.35030663,0.618,0.028846323,0.32113898,0.32113898,0.438,-0.007178962,crisis_resilience,0.027999997,0.121842414,0.059732586,0.1437277,0.8760523,0.36229205,0.93199056,0.9932156,0.008023037,0.0038844764,0.009412588,0.47365722,0.9981792,0.99857855,0.18963362,0.9841394,crisis_resilience
macron2022_c003,macron2022,macron,en,2022-12-31,new_year_address,3,27,0.115,137,116,0.20879182,0.20879182,0.194,-0.07788086,0.0,0.26310667,0.26310667,0.526,-0.008295298,0.86206895,0.25049093,0.25049093,0.566,-0.0061461627,0.86206895,0.24482507,0.24482507,0.43,-0.017195016,0.86206895,0.16386676,0.16386676,0.118,-0.08231287,0.86206895,0.19205055,0.19205055,0.094,-0.10974291,0.0,0.42684543,0.42684543,0.95,0.107810885,5.172414,0.26218143,0.26218143,0.382,-0.031160772,0.86206895,0.32217085,0.32217085,0.782,0.058868915,0.26709965,0.26709965,0.202,-0.066679716,0.31870365,0.31870365,0.598,0.020383656,0.2740222,0.2740222,0.242,-0.061629593,0.220132,0.220132,0.254,-0.05064732,0.23764497,0.23764497,0.19,-0.083815336,0.22824031,0.22824031,0.086,-0.10007763,crisis_resilience,0.384,0.99372226,0.81047887,0.012241275,0.9987863,0.057229258,0.9782396,0.99574363,0.0028091217,0.9970015,0.0016776675,0.9967333,0.98387814,0.99672055,0.9984811,0.91042596,foreign_policy
macron2022_c004,macron2022,macron,en,2022-12-31,new_year_address,4,27,0.154,160,137,0.3174473,0.3174473,0.666,0.030774623,0.729927,0.23881386,0.23881386,0.382,-0.03258811,0.0,0.3375473,0.3375473,0.842,0.080910206,3.649635,0.23168156,0.23168156,0.326,-0.030338526,0.729927,0.20991154,0.20991154,0.366,-0.036268085,1.459854,0.37865323,0.37865323,0.806,0.07685977,4.379562,0.38579452,0.38579452,0.87,0.066759974,0.729927,0.19905515,0.19905515,0.098,-0.09428705,0.0,0.2564929,0.2564929,0.51,-0.006809026,0.4286353,0.4286353,0.918,0.094855934,0.2730053,0.2730053,0.37,-0.025314689,0.19612971,0.19612971,0.026,-0.13952208,0.2638764,0.2638764,0.486,-0.0069029033,0.33067054,0.33067054,0.554,0.009210229,0.23650952,0.23650952,0.098,-0.09180842,crisis_resilience,0.027999997,0.9995169,0.007156037,0.9967174,0.99199253,0.8506238,0.986967,0.9915789,0.002568365,0.00456498,0.974869,0.8565425,0.9675332,0.043315187,0.99717444,0.9989034,national_identity
macron2022_c005,macron2022,macron,en,2022-12-31,new_year_address,5,27,0.192,147,126,0.2102089,0.2102089,0.202,-0.07646379,0.7936508,0.17475137,0.17475137,0.058,-0.0966506,0.0,0.2583201,0.2583201,0.61,0.0016829967,0.0,0.33401382,0.33401382,0.858,0.07199374,1.5873016,0.22492659,0.22492659,0.458,-0.021253034,0.0,0.22138269,0.22138269,0.206,-0.08041076,1.5873016,0.3042807,0.3042807,0.394,-0.014753848,1.5873016,0.31644097,0.31644097,0.654,0.023098767,0.7936508,0.22425164,0.22425164,0.31,-0.039050296,0.34007227,0.34007227,0.518,0.0062929094,0.27124977,0.27124977,0.35,-0.027070224,0.29248863,0.29248863,0.318,-0.04316315,0.21397369,0.21397369,0.202,-0.056805626,0.20628212,0.20628212,0.126,-0.11517818,0.3246514,0.3246514,0.462,-0.00366655,foreign_policy,0.204,0.9992592,0.004133968,0.4507371,0.9997284,0.61543465,0.5472675,0.98150665,0.9939496,0.00044770088,0.980034,0.7401626,0.9994673,0.3600389,0.9653158,0.99973935,foreign_policy
macron2022_c006,macron2022,macron,en,2022-12-31,new_year_address,6,27,0.231,138,112,0.2940577,0.2940577,0.578,0.0073850155,1.7857143,0.22589993,0.22589993,0.29,-0.045502037,0.0,0.25896433,0.25896433,0.618,0.0023272336,0.0,0.2516111,0.2516111,0.478,-0.010408968,0.0,0.33788672,0.33788672,0.878,0.091707096,1.7857143,0.26912615,0.26912615,0.358,-0.03266731,0.89285713,0.34815857,0.34815857,0.714,0.029124022,0.89285713,0.3135277,0.3135277,0.638,0.0201855,0.0,0.19629575,0.19629575,0.162,-0.067006186,0.29371637,0.29371637,0.322,-0.040062994,0.41304505,0.41304505,0.958,0.11472505,0.3583568,0.3583568,0.622,0.022705019,0.20438619,0.20438619,0.178,-0.06639312,0.3893944,0.3893944,0.774,0.067934096,0.37549472,0.37549472,0.726,0.04717678,democracy_institutions,0.16400003,0.9981031,0.00020825012,0.000799392,0.006388321,0.8892887,0.4985352,0.3156239,0.00042720794,0.00031627135,0.016850078,0.4120569,0.998897,0.14769343,0.9957622,0.9989798,national_identity
macron2022_c007,macron2022,macron,en,2022-12-31,new_year_address,7,27,0.269,118,103,0.16187638,0.16187638,0.066,-0.1247963,0.0,0.21981107,0.21981107,0.234,-0.051590905,0.0,0.24010688,0.24010688,0.486,-0.016530216,0.0,0.14719698,0.14719698,0.026,-0.1148231,0.0,0.1941295,0.1941295,0.266,-0.05205013,0.0,0.18161052,0.18161052,0.07,-0.12018293,0.0,0.35143805,0.35143805,0.722,0.0324035,0.0,0.27884293,0.27884293,0.494,-0.014499277,0.0,0.27135992,0.27135992,0.566,0.008057982,0.22527081,0.22527081,0.066,-0.10850856,0.2882638,0.2882638,0.47,-0.010056198,0.36708167,0.36708167,0.658,0.031429887,0.17379957,0.17379957,0.106,-0.09697974,0.21780041,0.21780041,0.138,-0.1036599,0.35030997,0.35030997,0.622,0.021992028,crisis_resilience,0.22800002,0.9834227,0.8884688,0.08449275,0.6163831,0.13892841,0.9965064,0.9985249,0.9995514,0.0010403186,0.010797567,0.10631887,0.9997439,0.88984036,0.6752295,0.9996345,future_reform_technology
macron2022_c008,macron2022,macron,en,2022-12-31,new_year_address,8,27,0.308,152,131,0.1305863,0.1305863,0.026,-0.15608639,0.0,0.22075096,0.22075096,0.238,-0.050651014,0.0,0.34146583,0.34146583,0.854,0.084828734,3.053435,0.17300358,0.17300358,0.07,-0.0890165,0.0,0.19308127,0.19308127,0.258,-0.05309835,0.0,0.18525845,0.18525845,0.074,-0.11653501,0.7633588,0.26876572,0.26876572,0.222,-0.05026883,0.0,0.2313114,0.2313114,0.21,-0.062030807,0.0,0.20082366,0.20082366,0.182,-0.062478274,0.20699964,0.20699964,0.03,-0.12677972,0.16912018,0.16912018,0.01,-0.12919982,0.28022882,0.28022882,0.262,-0.05542296,0.14623967,0.14623967,0.034,-0.12453964,0.23356754,0.23356754,0.174,-0.08789277,0.33970535,0.33970535,0.566,0.011387408,economy_welfare,0.59599996,0.9480585,0.00020582443,0.9874479,0.17344564,0.9039745,0.9794919,0.9563905,0.1474017,0.00024874634,0.12797922,0.9071479,0.31662673,0.04575595,0.744842,0.99777865,economy_welfare
macron2022_c009,macron2022,macron,en,2022-12-31,new_year_address,9,27,0.346,106,90,0.18442526,0.18442526,0.122,-0.10224742,1.1111112,0.22552662,0.22552662,0.278,-0.045875356,0.0,0.19014788,0.19014788,0.198,-0.06648922,0.0,0.13417028,0.13417028,0.018,-0.1278498,0.0,0.19052574,0.19052574,0.242,-0.055653885,0.0,0.20842388,0.20842388,0.15,-0.09336957,0.0,0.31156838,0.31156838,0.446,-0.007466167,0.0,0.24714993,0.24714993,0.294,-0.046192273,0.0,0.14234135,0.14234135,0.022,-0.12096059,0.2035326,0.2035326,0.026,-0.13024676,0.22472,0.22472,0.142,-0.073599994,0.2381798,0.2381798,0.138,-0.09747198,0.15554062,0.15554062,0.054,-0.1152387,0.29630324,0.29630324,0.438,-0.025157064,0.26449132,0.26449132,0.206,-0.06382662,crisis_resilience,0.15200001,0.8289388,0.49365267,0.0006399274,0.13150747,0.5776145,0.9994976,0.9991187,0.007710576,0.00063247676,0.46769646,0.06301948,0.6167339,0.3654284,0.9103463,0.99465156,social_solidarity
macron2022_c010,macron2022,macron,en,2022-12-31,new_year_address,10,27,0.385,154,136,0.12810157,0.12810157,0.022,-0.15857111,0.0,0.20700929,0.20700929,0.162,-0.064392686,0.0,0.27775404,0.27775404,0.694,0.021116942,0.7352941,0.19250634,0.19250634,0.142,-0.06951374,0.7352941,0.16997921,0.16997921,0.134,-0.07620041,0.7352941,0.1549426,0.1549426,0.03,-0.14685085,0.0,0.26738855,0.26738855,0.206,-0.051645994,0.0,0.31558198,0.31558198,0.646,0.022239774,2.2058823,0.17752329,0.17752329,0.098,-0.08577865,0.20147537,0.20147537,0.022,-0.132304,0.1877526,0.1877526,0.046,-0.11056739,0.32009122,0.32009122,0.478,-0.015560567,0.13894945,0.13894945,0.022,-0.13182986,0.25744915,0.25744915,0.298,-0.06401116,0.34454268,0.34454268,0.586,0.016224742,economy_welfare,0.047999978,0.17651184,0.00019601775,0.98968184,0.70904434,0.8465142,0.9970479,0.84061295,0.5948308,0.00040527197,0.50878817,0.064270675,0.9990961,0.4336217,0.096551284,0.99951595,social_solidarity
macron2022_c011,macron2022,macron,en,2022-12-31,new_year_address,11,27,0.423,152,134,0.16365474,0.16365474,0.074,-0.12301794,0.0,0.22712138,0.22712138,0.306,-0.04428059,0.0,0.34514225,0.34514225,0.858,0.08850515,2.238806,0.18397163,0.18397163,0.11,-0.07804845,0.0,0.20930451,0.20930451,0.354,-0.036875114,0.0,0.25502264,0.25502264,0.31,-0.04677081,1.4925373,0.2551523,0.2551523,0.166,-0.06388226,0.74626863,0.30631864,0.30631864,0.586,0.012976438,0.0,0.18216774,0.18216774,0.126,-0.0811342,0.26634926,0.26634926,0.198,-0.06743011,0.2064658,0.2064658,0.086,-0.0918542,0.34681833,0.34681833,0.582,0.011166543,0.16168419,0.16168419,0.062,-0.10909513,0.27748471,0.27748471,0.378,-0.04397559,0.33230293,0.33230293,0.518,0.0039849877,economy_welfare,0.27199996,0.98063636,0.0007808885,0.98771137,0.12522575,0.9752726,0.9964551,0.4178356,0.00078394247,0.0003882334,0.27454582,0.9078038,0.9986196,0.114492215,0.8132037,0.99278826,social_solidarity
macron2022_c012,macron2022,macron,en,2022-12-31,new_year_address,12,27,0.462,108,93,0.3886542,0.3886542,0.85,0.10198152,3.2258065,0.31091735,0.31091735,0.73,0.039515376,0.0,0.3247623,0.3247623,0.81,0.06812522,1.0752689,0.28882694,0.28882694,0.69,0.026806861,0.0,0.30129403,0.30129403,0.77,0.055114403,0.0,0.34087825,0.34087825,0.67,0.039084792,0.0,0.55460066,0.55460066,0.998,0.23556611,2.1505377,0.42698509,0.42698509,0.942,0.13364288,1.0752689,0.30226943,0.30226943,0.698,0.03896749,0.37492585,0.37492585,0.682,0.041146487,0.38596916,0.38596916,0.906,0.08764917,0.4207515,0.4207515,0.814,0.08509973,0.2816456,0.2816456,0.614,0.010866284,0.39642358,0.39642358,0.794,0.07496327,0.37983805,0.37983805,0.75,0.05152011,crisis_resilience,0.056000054,0.9922294,0.0010691264,0.9982827,0.41442478,0.9575863,0.9981827,0.9995592,0.09691927,0.0001072088,0.012527933,0.99963105,0.8910549,0.9920466,0.99099714,0.9998151,crisis_resilience
macron2022_c013,macron2022,macron,en,2022-12-31,new_year_address,13,27,0.5,117,101,0.36632127,0.36632127,0.81,0.079648584,0.990099,0.22781721,0.22781721,0.318,-0.043584764,0.0,0.24281864,0.24281864,0.51,-0.013818458,0.0,0.23050483,0.23050483,0.314,-0.031515256,0.0,0.21815285,0.21815285,0.422,-0.028026775,0.0,0.31939614,0.31939614,0.57,0.017602682,0.0,0.32832578,0.32832578,0.598,0.009291232,0.0,0.49059594,0.49059594,0.986,0.19725373,1.980198,0.26485598,0.26485598,0.534,0.0015540421,0.38414705,0.38414705,0.73,0.050367683,0.3315936,0.3315936,0.69,0.033273607,0.45743364,0.45743364,0.914,0.121781856,0.27440482,0.27440482,0.534,0.0036255121,0.3001076,0.3001076,0.466,-0.021352708,0.34291136,0.34291136,0.582,0.014593422,future_reform_technology,0.176,0.99972415,0.07352562,0.0047275503,0.6957516,0.11399812,0.9996856,0.9792154,0.0001084724,0.0027469008,0.17745425,0.9985278,0.8270613,0.9742884,0.3047654,0.9996506,national_identity
macron2022_c014,macron2022,macron,en,2022-12-31,new_year_address,14,27,0.538,110,95,0.27050832,0.27050832,0.478,-0.016164362,0.0,0.40114284,0.40114284,0.95,0.12974086,2.1052632,0.24883983,0.24883983,0.546,-0.007797271,0.0,0.35816014,0.35816014,0.914,0.09614006,0.0,0.26293015,0.26293015,0.654,0.01675053,0.0,0.30006874,0.30006874,0.49,-0.00172472,0.0,0.38271695,0.38271695,0.862,0.06368241,2.1052632,0.41461372,0.41461372,0.914,0.12127152,0.0,0.37322417,0.37322417,0.946,0.10992223,0.35007894,0.35007894,0.562,0.016299576,0.27399266,0.27399266,0.382,-0.024327338,0.43790674,0.43790674,0.866,0.10225496,0.2633675,0.2633675,0.47,-0.007411808,0.25441772,0.25441772,0.274,-0.06704259,0.36380595,0.36380595,0.678,0.03548801,security_military,0.036000013,0.96422046,0.9994907,0.00068250176,0.99698395,0.9398582,0.882984,0.99063283,0.008652551,0.90764016,0.0147427935,0.055515114,0.99973726,0.96870846,0.9937223,0.9992578,security_military
macron2022_c015,macron2022,macron,en,2022-12-31,new_year_address,15,27,0.577,88,81,0.35212368,0.35212368,0.774,0.065450996,2.4691358,0.41257262,0.41257262,0.966,0.14117065,0.0,0.2578593,0.2578593,0.598,0.0012221932,0.0,0.30476153,0.30476153,0.758,0.042741448,0.0,0.27805188,0.27805188,0.69,0.031872258,1.2345679,0.3672486,0.3672486,0.77,0.06545514,2.4691358,0.3389345,0.3389345,0.658,0.019899964,0.0,0.28671074,0.28671074,0.538,-0.0066314638,0.0,0.3635957,0.3635957,0.914,0.100293756,0.39721897,0.39721897,0.79,0.06343961,0.25861374,0.25861374,0.286,-0.03970626,0.3126089,0.3126089,0.414,-0.023042887,0.38310865,0.38310865,0.934,0.112329334,0.3345671,0.3345671,0.562,0.013106793,0.34791505,0.34791505,0.602,0.019597113,security_military,0.19200003,0.998693,0.061311528,0.000116145944,0.9742272,0.3903615,0.9392481,0.8811555,0.000116145944,0.014842418,0.5242729,0.0026470982,0.029844807,0.8394709,0.82566,0.9997362,national_identity
macron2022_c016,macron2022,macron,en,2022-12-31,new_year_address,16,27,0.615,124,108,0.20128511,0.20128511,0.17,-0.08538757,0.9259259,0.2091055,0.2091055,0.178,-0.062296465,0.0,0.26392886,0.26392886,0.634,0.007291764,0.0,0.24412885,0.24412885,0.418,-0.017891228,0.0,0.2607484,0.2607484,0.646,0.014568761,1.8518518,0.1978276,0.1978276,0.102,-0.10396585,0.0,0.24638681,0.24638681,0.122,-0.072647735,0.0,0.42164394,0.42164394,0.926,0.12830174,0.9259259,0.21297264,0.21297264,0.242,-0.050329298,0.26013282,0.26013282,0.162,-0.073646545,0.21196295,0.21196295,0.11,-0.08635704,0.46216762,0.46216762,0.93,0.12651584,0.1719764,0.1719764,0.09,-0.09880291,0.19308737,0.19308737,0.082,-0.12837294,0.38388553,0.38388553,0.774,0.055567592,future_reform_technology,0.27999997,0.9853843,0.0029868437,0.03586381,0.84032446,0.8226827,0.9362062,0.09463063,0.99512315,0.001167231,0.020351816,0.15591203,0.99816316,0.9247557,0.91000456,0.9997717,future_reform_technology
macron2022_c017,macron2022,macron,en,2022-12-31,new_year_address,17,27,0.654,92,79,0.33567274,0.33567274,0.71,0.049000055,1.2658228,0.2568919,0.2568919,0.466,-0.014510065,0.0,0.19930002,0.19930002,0.246,-0.057337075,0.0,0.2489517,0.2489517,0.458,-0.013068378,1.2658228,0.2752675,0.2752675,0.682,0.029087886,1.2658228,0.3870415,0.3870415,0.838,0.08524805,0.0,0.30958197,0.30958197,0.422,-0.009452581,0.0,0.25599784,0.25599784,0.326,-0.037344366,0.0,0.19354579,0.19354579,0.154,-0.06975615,0.33837712,0.33837712,0.506,0.0045977533,0.32535303,0.32535303,0.65,0.027033031,0.27483547,0.27483547,0.246,-0.060816318,0.23711638,0.23711638,0.33,-0.03366293,0.373559,0.373559,0.714,0.05209869,0.30460262,0.30460262,0.354,-0.023715317,social_solidarity,0.12800002,0.84654593,0.00043393252,0.00016378422,0.3432867,0.0013432378,0.057718594,0.10984892,0.0002516778,0.0009110513,0.026380423,0.95846003,0.00081514573,0.0155885415,0.99858,0.9996601,national_identity
macron2022_c018,macron2022,macron,en,2022-12-31,new_year_address,18,27,0.692,111,102,0.32473594,0.32473594,0.682,0.038063258,2.9411764,0.29400373,0.29400373,0.662,0.022601753,0.0,0.33704537,0.33704537,0.838,0.080408275,0.0,0.23198766,0.23198766,0.33,-0.030032426,0.0,0.31153226,0.31153226,0.814,0.06535263,0.0,0.45171773,0.45171773,0.958,0.14992428,1.9607843,0.3729688,0.3729688,0.814,0.053934246,0.98039216,0.37078732,0.37078732,0.83,0.07744512,0.0,0.21749042,0.21749042,0.254,-0.04581152,0.38719428,0.38719428,0.738,0.05341491,0.2838825,0.2838825,0.446,-0.014437497,0.36185652,0.36185652,0.634,0.026204735,0.2575673,0.2575673,0.45,-0.013212025,0.40813816,0.40813816,0.838,0.08667785,0.37966147,0.37966147,0.746,0.05134353,social_solidarity,0.120000005,0.9651848,0.0010103129,0.00062025123,0.014643826,0.6882327,0.99942297,0.49499527,0.00038371203,0.0015158918,0.16805328,0.6888872,0.6900502,0.015837748,0.63770795,0.99956095,social_solidarity
macron2022_c019,macron2022,macron,en,2022-12-31,new_year_address,19,27,0.731,129,117,0.3115248,0.3115248,0.642,0.024852127,0.85470086,0.2939285,0.2939285,0.654,0.022526532,0.0,0.3729897,0.3729897,0.894,0.11635262,0.0,0.25630808,0.25630808,0.502,-0.0057120025,0.0,0.353315,0.353315,0.902,0.10713537,0.0,0.4021057,0.4021057,0.874,0.10031223,0.0,0.36429352,0.36429352,0.778,0.04525897,0.0,0.43068683,0.43068683,0.946,0.13734463,0.85470086,0.23167889,0.23167889,0.354,-0.03162305,0.37729606,0.37729606,0.702,0.043516695,0.32036412,0.32036412,0.606,0.022044122,0.44716993,0.44716993,0.882,0.111518145,0.26234707,0.26234707,0.466,-0.008432239,0.42238134,0.42238134,0.878,0.100921035,0.47183007,0.47183007,0.966,0.14351213,future_reform_technology,0.04399997,0.39361808,0.00042554305,0.02218004,0.055515118,0.934664,0.9992749,0.06371499,0.0013172913,0.0007321811,0.24963012,0.01798621,0.99640644,0.018725162,0.9925031,0.9995408,social_solidarity
macron2022_c020,macron2022,macron,en,2022-12-31,new_year_address,20,27,0.769,139,117,0.17583404,0.17583404,0.102,-0.11083864,0.0,0.17511126,0.17511126,0.062,-0.09629071,0.0,0.36147535,0.36147535,0.878,0.10483825,1.7094017,0.16708283,0.16708283,0.062,-0.09493725,0.0,0.20750768,0.20750768,0.346,-0.03867194,0.0,0.31367692,0.31367692,0.538,0.011883467,4.2735043,0.20591332,0.20591332,0.018,-0.11312123,0.0,0.44595104,0.44595104,0.954,0.15260884,6.837607,0.13291496,0.13291496,0.014,-0.13038698,0.24150538,0.24150538,0.106,-0.09227398,0.17671895,0.17671895,0.03,-0.121601045,0.3182541,0.3182541,0.462,-0.017397672,0.14728215,0.14728215,0.038,-0.12349716,0.20603806,0.20603806,0.122,-0.11542225,0.2580408,0.2580408,0.17,-0.070277154,future_reform_technology,0.075999975,0.45350385,0.00022385306,0.98287266,0.10179018,0.9758776,0.99450946,0.17346317,0.920218,0.00042554305,0.76541805,0.30290633,0.63953906,0.43458128,0.9190269,0.9972154,social_solidarity
macron2022_c021,macron2022,macron,en,2022-12-31,new_year_address,21,27,0.808,105,96,0.3438071,0.3438071,0.738,0.05713442,3.125,0.30219156,0.30219156,0.694,0.030789584,0.0,0.29158348,0.29158348,0.734,0.034946382,1.0416666,0.27494627,0.27494627,0.622,0.012926191,0.0,0.4688347,0.4688347,0.99,0.22265507,3.125,0.38296798,0.38296798,0.818,0.08117452,1.0416666,0.34436154,0.34436154,0.694,0.025326997,0.0,0.4116956,0.4116956,0.906,0.1183534,0.0,0.2426332,0.2426332,0.422,-0.020668745,0.35540012,0.35540012,0.594,0.02162075,0.2590547,0.2590547,0.29,-0.039265305,0.45970505,0.45970505,0.926,0.12405327,0.2856165,0.2856165,0.634,0.014837176,0.3997823,0.3997823,0.814,0.07832199,0.45791247,0.45791247,0.958,0.12959453,democracy_institutions,0.08399999,0.92632043,0.00024393635,0.33818638,0.3060083,0.99667555,0.90265256,0.42435235,0.001648483,0.00042554302,0.19102567,0.0008119703,0.99698395,0.14996657,0.07818368,0.9996072,democracy_institutions
macron2022_c022,macron2022,macron,en,2022-12-31,new_year_address,22,27,0.846,105,94,0.23732653,0.23732653,0.31,-0.04934615,2.1276596,0.27668053,0.27668053,0.594,0.0052785575,0.0,0.20894375,0.20894375,0.29,-0.047693342,0.0,0.30683666,0.30683666,0.778,0.044816583,1.0638298,0.39878818,0.39878818,0.962,0.15260856,0.0,0.30056834,0.30056834,0.494,-0.0012251139,0.0,0.33948365,0.33948365,0.666,0.020449102,1.0638298,0.34861803,0.34861803,0.762,0.055275828,0.0,0.343107,0.343107,0.878,0.079805076,0.3169821,0.3169821,0.43,-0.016797274,0.22911447,0.22911447,0.166,-0.06920552,0.2717203,0.2717203,0.234,-0.063931495,0.28728926,0.28728926,0.65,0.01650995,0.290896,0.290896,0.422,-0.030564308,0.30078048,0.30078048,0.33,-0.027537465,democracy_institutions,0.18400002,0.4312997,0.01042845,0.0005193048,0.87357926,0.957715,0.994225,0.9922294,0.0002606808,0.0007194324,0.116411984,0.87976795,0.00044945235,0.98670053,0.96249723,0.99968743,social_solidarity
macron2022_c023,macron2022,macron,en,2022-12-31,new_year_address,23,27,0.885,161,124,0.34622929,0.34622929,0.75,0.059556603,0.8064516,0.21352813,0.21352813,0.21,-0.057873845,0.0,0.25562298,0.25562298,0.586,-0.0010141134,1.6129032,0.38242924,0.38242924,0.946,0.12040916,2.419355,0.2549085,0.2549085,0.618,0.008728877,1.6129032,0.31427547,0.31427547,0.542,0.012482017,1.6129032,0.29109398,0.29109398,0.314,-0.027940571,0.0,0.33359194,0.33359194,0.714,0.040249735,0.0,0.30180597,0.30180597,0.69,0.038504034,0.41626003,0.41626003,0.882,0.08248067,0.2691192,0.2691192,0.334,-0.029200792,0.37449348,0.37449348,0.694,0.038841695,0.28119835,0.28119835,0.61,0.010419041,0.20868471,0.20868471,0.134,-0.112775594,0.26141912,0.26141912,0.186,-0.06689882,foreign_policy,0.19599998,0.955444,0.010870826,0.08785687,0.9510968,0.007403014,0.78654087,0.034651488,0.24350749,0.0005305765,0.41902375,0.2505459,0.99784267,0.9840783,0.9186902,0.9980506,national_identity
macron2022_c024,macron2022,macron,en,2022-12-31,new_year_address,24,27,0.923,154,134,0.32733852,0.32733852,0.69,0.040665835,1.4925373,0.3122661,0.3122661,0.742,0.04086414,1.4925373,0.29458308,0.29458308,0.742,0.037945986,0.74626863,0.3324121,0.3324121,0.85,0.07039201,1.4925373,0.22022411,0.22022411,0.43,-0.025955513,0.0,0.32815874,0.32815874,0.634,0.02636528,0.74626863,0.34317786,0.34317786,0.69,0.024143308,0.0,0.24689403,0.24689403,0.286,-0.04644817,0.0,0.36880505,0.36880505,0.926,0.10550311,0.4621615,0.4621615,0.974,0.12838215,0.2979333,0.2979333,0.502,-0.00038668513,0.29429662,0.29429662,0.33,-0.041355163,0.3353993,0.3353993,0.81,0.06461999,0.37211055,0.37211055,0.706,0.05065024,0.30350763,0.30350763,0.35,-0.024810314,foreign_policy,0.10800004,0.9430861,0.5371628,0.22742376,0.9993307,0.23083307,0.9836441,0.75858885,0.04845097,0.17688477,0.9828562,0.62096286,0.9395816,0.96841115,0.9972477,0.99810684,foreign_policy
macron2022_c025,macron2022,macron,en,2022-12-31,new_year_address,25,27,0.962,111,87,0.24230853,0.24230853,0.366,-0.044364154,0.0,0.1822494,0.1822494,0.078,-0.089152575,0.0,0.21162702,0.21162702,0.314,-0.045010075,0.0,0.23480722,0.23480722,0.362,-0.027212858,1.1494253,0.23734406,0.23734406,0.53,-0.008835569,0.0,0.21156731,0.21156731,0.166,-0.09022614,1.1494253,0.27665237,0.27665237,0.27,-0.04238218,0.0,0.37501347,0.37501347,0.846,0.08167127,0.0,0.18134934,0.18134934,0.11,-0.0819526,0.28123027,0.28123027,0.266,-0.052549094,0.27167773,0.27167773,0.354,-0.026642263,0.44872233,0.44872233,0.886,0.11307055,0.18582672,0.18582672,0.122,-0.08495259,0.25624913,0.25624913,0.282,-0.06521118,0.36944434,0.36944434,0.706,0.0411264,future_reform_technology,0.31600004,0.9977765,0.0014508126,0.009633654,0.9854685,0.028939435,0.99541277,0.015776979,0.99894947,0.001351121,0.16172528,0.2338266,0.9988098,0.043629892,0.73923415,0.99849147,future_reform_technology
macron2022_c026,macron2022,macron,en,2022-12-31,new_year_address,26,27,1.0,177,156,0.3542808,0.3542808,0.778,0.06760812,1.2820513,0.24350141,0.24350141,0.406,-0.027900562,0.0,0.34041446,0.34041446,0.846,0.08377737,0.0,0.25404066,0.25404066,0.49,-0.007979423,0.64102566,0.27846104,0.27846104,0.694,0.032281414,0.0,0.37442777,0.37442777,0.802,0.07263431,1.2820513,0.3911839,0.3911839,0.89,0.072149366,0.64102566,0.4460752,0.4460752,0.958,0.152733,0.64102566,0.2382912,0.2382912,0.394,-0.025010735,0.44123828,0.44123828,0.95,0.10745892,0.34702253,0.34702253,0.782,0.048702538,0.4974168,0.4974168,0.974,0.16176501,0.23372254,0.23372254,0.302,-0.037056774,0.39795572,0.39795572,0.802,0.07649541,0.42437077,0.42437077,0.902,0.096052825,future_reform_technology,0.06800002,0.9831984,0.005641909,0.07284254,0.97426397,0.027324531,0.99680877,0.7601767,0.0098123,0.0020587535,0.5338228,0.9876401,0.8195325,0.018941708,0.9938399,0.9993663,social_solidarity
macron2023_c000,macron2023,macron,en,2023-12-31,new_year_address,0,19,0.0,117,103,0.34822673,0.34822673,0.762,0.061554044,1.9417475,0.3167993,0.3167993,0.762,0.04539734,0.0,0.25419968,0.25419968,0.582,-0.0024374127,0.0,0.24214257,0.24214257,0.406,-0.019877508,0.0,0.2541863,0.2541863,0.614,0.008006677,0.0,0.4612503,0.4612503,0.974,0.15945685,1.9417475,0.36464348,0.36464348,0.782,0.045608938,0.0,0.23192945,0.23192945,0.214,-0.06141275,0.0,0.22840224,0.22840224,0.338,-0.034899697,0.38104564,0.38104564,0.722,0.047266275,0.33988646,0.33988646,0.738,0.04156646,0.31095022,0.31095022,0.402,-0.024701566,0.2912538,0.2912538,0.658,0.020474494,0.5881832,0.5881832,0.982,0.26672292,0.32112104,0.32112104,0.434,-0.007196903,social_solidarity,0.19199997,0.8737814,0.05791809,0.00028517868,0.48316064,0.15443976,0.99963945,0.23274586,9.4243806e-05,0.00077784655,0.34507766,0.02143024,0.00025266255,0.0003535028,0.9998063,0.09903368,social_solidarity
macron2023_c001,macron2023,macron,en,2023-12-31,new_year_address,1,19,0.056,84,68,0.20760682,0.20760682,0.19,-0.07906586,1.4705882,0.32309312,0.32309312,0.782,0.051691145,4.4117646,0.1523883,0.1523883,0.058,-0.10424879,0.0,0.2416198,0.2416198,0.402,-0.020400286,0.0,0.12981535,0.12981535,0.03,-0.11636427,0.0,0.19637436,0.19637436,0.098,-0.1054191,2.9411764,0.25633207,0.25633207,0.178,-0.06270248,0.0,0.1537821,0.1537821,0.026,-0.1395601,0.0,0.34227544,0.34227544,0.87,0.0789735,0.24952142,0.24952142,0.134,-0.084257945,0.28304088,0.28304088,0.442,-0.015279114,0.18433884,0.18433884,0.022,-0.15131295,0.24506114,0.24506114,0.382,-0.025718167,0.2457165,0.2457165,0.234,-0.07574381,0.1845437,0.1845437,0.034,-0.14377424,security_military,0.38,0.805168,0.83264524,6.2293344e-05,0.99056923,0.0019080462,0.9725975,0.93546456,0.00018378459,0.9996178,0.00036757952,0.9995932,0.9534053,0.035177976,0.9969246,0.013795365,foreign_policy
macron2023_c002,macron2023,macron,en,2023-12-31,new_year_address,2,19,0.111,110,89,0.26908785,0.26908785,0.47,-0.01758483,1.1235955,0.35030958,0.35030958,0.834,0.07890761,2.247191,0.30554998,0.30554998,0.778,0.048912883,1.1235955,0.24530113,0.24530113,0.434,-0.016718954,0.0,0.1564808,0.1564808,0.086,-0.08969882,0.0,0.2742158,0.2742158,0.374,-0.027577668,0.0,0.4092198,0.4092198,0.926,0.090185255,0.0,0.19834736,0.19834736,0.09,-0.09499484,1.1235955,0.403831,0.403831,0.978,0.14052907,0.2705918,0.2705918,0.218,-0.06318757,0.28184012,0.28184012,0.438,-0.01647988,0.21421026,0.21421026,0.062,-0.12144153,0.31589878,0.31589878,0.734,0.045119464,0.23830606,0.23830606,0.202,-0.083154246,0.20037544,0.20037544,0.046,-0.1279425,crisis_resilience,0.09200001,0.36977014,0.01029825,0.013064487,0.9513686,0.0028476815,0.0013147246,0.2883937,0.000104521256,0.9381524,0.00023968685,0.9947799,0.00023643298,0.9992635,0.0005976693,0.0013670258,foreign_policy
macron2023_c003,macron2023,macron,en,2023-12-31,new_year_address,3,19,0.167,105,84,0.27115226,0.27115226,0.482,-0.015520424,0.0,0.26565748,0.26565748,0.538,-0.005744487,0.0,0.28879783,0.28879783,0.726,0.03216073,0.0,0.30995893,0.30995893,0.79,0.047938854,0.0,0.27150935,0.27150935,0.678,0.025329724,0.0,0.2910387,0.2910387,0.45,-0.010754764,0.0,0.43242222,0.43242222,0.962,0.113387674,0.0,0.34458256,0.34458256,0.742,0.051240355,0.0,0.30646718,0.30646718,0.718,0.043165237,0.37895012,0.37895012,0.71,0.045170754,0.3385073,0.3385073,0.734,0.0401873,0.42076546,0.42076546,0.818,0.085113674,0.2427624,0.2427624,0.37,-0.02801691,0.2643208,0.2643208,0.322,-0.057139516,0.39730242,0.39730242,0.814,0.06898448,crisis_resilience,0.17199999,0.97901577,0.55784535,0.17002514,0.9915544,0.661267,0.96440536,0.9975177,0.0045032725,0.0019418171,0.3001042,0.6866853,0.999623,0.4088372,0.4689122,0.99966794,crisis_resilience
macron2023_c004,macron2023,macron,en,2023-12-31,new_year_address,4,19,0.222,114,96,0.19148248,0.19148248,0.142,-0.0951902,0.0,0.20048843,0.20048843,0.146,-0.07091354,0.0,0.23605405,0.23605405,0.458,-0.020583048,1.0416666,0.26901978,0.26901978,0.59,0.0069997013,1.0416666,0.23604795,0.23604795,0.522,-0.010131672,0.0,0.22105229,0.22105229,0.202,-0.08074117,0.0,0.31140363,0.31140363,0.442,-0.0076309144,0.0,0.3498654,0.3498654,0.77,0.056523204,2.0833333,0.23132972,0.23132972,0.35,-0.031972215,0.28464246,0.28464246,0.282,-0.049136907,0.30844092,0.30844092,0.534,0.010120928,0.28136438,0.28136438,0.266,-0.054287404,0.21847147,0.21847147,0.246,-0.052307844,0.28397095,0.28397095,0.398,-0.037489355,0.35065794,0.35065794,0.626,0.02234,future_reform_technology,0.18,0.99762183,0.118232295,0.02025469,0.9753314,0.7710256,0.9609333,0.7860896,0.0049629416,0.0007978335,0.014378491,0.99306935,0.9926542,0.48608568,0.9995859,0.9996769,national_identity
macron2023_c005,macron2023,macron,en,2023-12-31,new_year_address,5,19,0.278,104,76,0.18166855,0.18166855,0.118,-0.10500413,0.0,0.22654401,0.22654401,0.302,-0.044857964,0.0,0.42991534,0.42991534,0.97,0.17327824,2.631579,0.23466697,0.23466697,0.354,-0.027353108,1.3157895,0.24657047,0.24657047,0.574,0.00039084256,1.3157895,0.20239311,0.20239311,0.126,-0.09940034,1.3157895,0.26137134,0.26137134,0.19,-0.057663202,0.0,0.41865468,0.41865468,0.918,0.12531248,5.263158,0.16064884,0.16064884,0.066,-0.1026531,0.2623167,0.2623167,0.174,-0.07146266,0.32079566,0.32079566,0.61,0.02247566,0.36823928,0.36823928,0.678,0.0325875,0.149887,0.149887,0.042,-0.120892316,0.26984876,0.26984876,0.35,-0.051611543,0.389028,0.389028,0.79,0.060710073,economy_welfare,0.052000046,0.03314852,7.100179e-05,0.99713844,0.82891715,0.20354918,0.80734676,0.013286685,0.99372226,0.000103102124,0.0016072204,0.80486643,0.99973106,0.060751904,0.46004635,0.9997393,economy_welfare
macron2023_c006,macron2023,macron,en,2023-12-31,new_year_address,6,19,0.333,80,71,0.17227866,0.17227866,0.094,-0.114394024,0.0,0.21539405,0.21539405,0.218,-0.05600792,0.0,0.5016664,0.5016664,0.994,0.24502933,4.2253523,0.18715425,0.18715425,0.122,-0.07486583,0.0,0.21024516,0.21024516,0.37,-0.035934463,0.0,0.29555738,0.29555738,0.466,-0.0062360764,0.0,0.31404787,0.31404787,0.462,-0.0049866736,1.4084507,0.27143663,0.27143663,0.454,-0.021905571,0.0,0.19340022,0.19340022,0.15,-0.06990172,0.2949913,0.2949913,0.334,-0.03878805,0.2425395,0.2425395,0.222,-0.0557805,0.28251904,0.28251904,0.27,-0.053132743,0.17362857,0.17362857,0.102,-0.09715074,0.32356116,0.32356116,0.534,0.002100855,0.3723151,0.3723151,0.718,0.04399717,economy_welfare,0.528,0.9771646,0.0002199534,0.9921841,0.08061042,0.9743617,0.96134377,0.99703634,0.014392337,0.00029595708,0.14511536,0.31615812,0.992452,0.2096719,0.98793465,0.99974185,crisis_resilience
macron2023_c007,macron2023,macron,en,2023-12-31,new_year_address,7,19,0.389,156,133,0.23253629,0.23253629,0.294,-0.054136395,0.7518797,0.4167429,0.4167429,0.978,0.14534092,1.5037594,0.35904476,0.35904476,0.874,0.102407664,0.0,0.2586313,0.2586313,0.51,-0.0033887923,0.0,0.35847282,0.35847282,0.91,0.1122932,3.0075188,0.29791182,0.29791182,0.47,-0.0038816333,1.5037594,0.32497156,0.32497156,0.578,0.00593701,0.0,0.4226368,0.4226368,0.934,0.1292946,0.7518797,0.28930402,0.28930402,0.638,0.02600208,0.28702793,0.28702793,0.302,-0.04675144,0.30986786,0.30986786,0.55,0.0115478635,0.42079934,0.42079934,0.822,0.08514756,0.24364632,0.24364632,0.378,-0.027132988,0.36275876,0.36275876,0.678,0.04129845,0.43829352,0.43829352,0.926,0.10997558,security_military,0.04399997,0.9952632,0.9982522,0.06387539,0.9090223,0.99880975,0.9981324,0.94224656,0.04475909,0.006438102,0.19280517,0.99847525,0.9944478,0.30497235,0.996016,0.9992099,democracy_institutions
macron2023_c008,macron2023,macron,en,2023-12-31,new_year_address,8,19,0.444,154,124,0.26117188,0.26117188,0.442,-0.025500804,0.8064516,0.27027524,0.27027524,0.558,-0.0011267364,0.0,0.19777615,0.19777615,0.234,-0.058860943,0.0,0.23850998,0.23850998,0.394,-0.023510098,0.8064516,0.30433398,0.30433398,0.786,0.05815436,0.8064516,0.24241525,0.24241525,0.274,-0.059378207,0.8064516,0.25629318,0.25629318,0.174,-0.06274137,0.0,0.3554642,0.3554642,0.786,0.062121987,0.0,0.22572935,0.22572935,0.318,-0.037572592,0.26908767,0.26908767,0.21,-0.06469169,0.2766832,0.2766832,0.394,-0.021636784,0.3671015,0.3671015,0.662,0.031449705,0.25033635,0.25033635,0.41,-0.020442963,0.2467011,0.2467011,0.238,-0.0747592,0.3561398,0.3561398,0.658,0.027821869,democracy_institutions,0.0,0.98883116,0.00035557942,0.0002627248,0.7440989,0.98806196,0.97505975,0.792183,0.026937887,0.0042812545,0.22114035,0.25742656,0.99928194,0.73573655,0.8418582,0.9993358,national_identity
macron2023_c009,macron2023,macron,en,2023-12-31,new_year_address,9,19,0.5,90,77,0.37718147,0.37718147,0.826,0.09050879,2.5974026,0.29798692,0.29798692,0.678,0.026584953,0.0,0.3025416,0.3025416,0.754,0.045904517,1.2987013,0.28367668,0.28367668,0.662,0.021656603,0.0,0.33451748,0.33451748,0.866,0.08833785,0.0,0.35871926,0.35871926,0.742,0.056925803,1.2987013,0.31829366,0.31829366,0.514,-0.00074088573,0.0,0.47313854,0.47313854,0.97,0.17979634,3.8961039,0.27975643,0.27975643,0.618,0.016454488,0.32647374,0.32647374,0.474,-0.007305622,0.29396904,0.29396904,0.482,-0.0043509603,0.39524317,0.39524317,0.75,0.059591383,0.26340973,0.26340973,0.474,-0.007369578,0.34263802,0.34263802,0.59,0.02117771,0.3518537,0.3518537,0.63,0.023535758,future_reform_technology,0.10400003,0.9758546,0.0002874147,0.81294155,0.15699139,0.035762645,0.8330871,0.07372961,0.00016668822,0.00035143827,0.027066175,0.9171544,0.17426969,0.98721576,0.9493944,0.9998239,national_identity
macron2023_c010,macron2023,macron,en,2023-12-31,new_year_address,10,19,0.556,145,118,0.21945468,0.21945468,0.234,-0.067218006,0.84745765,0.24736026,0.24736026,0.422,-0.024041712,0.0,0.34099132,0.34099132,0.85,0.08435422,0.84745765,0.2608375,0.2608375,0.542,-0.001182586,0.0,0.25934225,0.25934225,0.638,0.013162628,0.0,0.23093374,0.23093374,0.238,-0.070859715,0.0,0.27402335,0.27402335,0.254,-0.045011193,0.0,0.46237957,0.46237957,0.966,0.16903737,0.0,0.21983689,0.21983689,0.266,-0.043465048,0.26402658,0.26402658,0.182,-0.06975278,0.2615589,0.2615589,0.302,-0.036761105,0.47134936,0.47134936,0.934,0.13569757,0.2146042,0.2146042,0.214,-0.056175113,0.23435852,0.23435852,0.182,-0.08710179,0.41417664,0.41417664,0.87,0.0858587,future_reform_technology,0.116,0.99573535,0.010683432,0.9255671,0.98486924,0.714628,0.9986955,0.6568234,0.9988259,0.0011138391,0.4743877,0.008985429,0.999813,0.829492,0.95523566,0.9997796,future_reform_technology
macron2023_c011,macron2023,macron,en,2023-12-31,new_year_address,11,19,0.611,149,111,0.16639386,0.16639386,0.082,-0.12027882,0.0,0.14368686,0.14368686,0.014,-0.12771511,0.0,0.22871724,0.22871724,0.402,-0.027919859,0.0,0.25511357,0.25511357,0.494,-0.0069065094,1.8018018,0.22614586,0.22614586,0.482,-0.020033762,0.0,0.19919215,0.19919215,0.106,-0.102601305,0.0,0.20187795,0.20187795,0.014,-0.117156595,0.0,0.3603417,0.3603417,0.79,0.066999495,0.0,0.16896555,0.16896555,0.078,-0.09433639,0.25736767,0.25736767,0.154,-0.076411694,0.19633408,0.19633408,0.066,-0.10198592,0.390784,0.390784,0.734,0.05513221,0.19694933,0.19694933,0.158,-0.07382998,0.18756433,0.18756433,0.07,-0.13389598,0.34182227,0.34182227,0.574,0.013504326,future_reform_technology,0.29600003,0.9522643,0.00021909605,0.099062964,0.99799275,0.09223707,0.67453307,0.70463353,0.9982826,0.0015700475,0.18496986,0.06365676,0.99978346,0.883588,0.43692234,0.999723,future_reform_technology
macron2023_c012,macron2023,macron,en,2023-12-31,new_year_address,12,19,0.667,160,135,0.34695327,0.34695327,0.754,0.06028059,1.4814814,0.31558272,0.31558272,0.754,0.04418075,0.0,0.27053905,0.27053905,0.658,0.013901949,0.0,0.32028306,0.32028306,0.818,0.058262974,0.7407407,0.29476207,0.29476207,0.746,0.04858245,0.0,0.34674937,0.34674937,0.698,0.04495591,0.0,0.4344874,0.4344874,0.966,0.115452856,0.7407407,0.40113655,0.40113655,0.89,0.107794344,0.7407407,0.3268495,0.3268495,0.81,0.06354755,0.37229556,0.37229556,0.674,0.038516194,0.3773888,0.3773888,0.874,0.07906881,0.48132357,0.48132357,0.946,0.14567178,0.32080677,0.32080677,0.758,0.05002746,0.37626,0.37626,0.734,0.054799706,0.4976257,0.4976257,0.994,0.16930777,crisis_resilience,0.076000035,0.9897316,0.5855752,0.010631947,0.93405765,0.9283763,0.99874294,0.99042207,0.0068239546,0.003586616,0.5482654,0.5580862,0.997409,0.9892545,0.9126888,0.99918485,social_solidarity
macron2023_c013,macron2023,macron,en,2023-12-31,new_year_address,13,19,0.722,145,127,0.28107864,0.28107864,0.514,-0.005594045,0.0,0.2354165,0.2354165,0.366,-0.03598547,0.78740156,0.21032745,0.21032745,0.298,-0.04630965,0.0,0.34428346,0.34428346,0.894,0.08226338,3.1496062,0.32915747,0.32915747,0.846,0.082977846,0.78740156,0.30124658,0.30124658,0.506,-0.0005468726,2.3622048,0.2894487,0.2894487,0.302,-0.029585838,0.0,0.32794696,0.32794696,0.698,0.034604758,0.0,0.29690978,0.29690978,0.662,0.03360784,0.39028046,0.39028046,0.762,0.05650109,0.2809602,0.2809602,0.434,-0.017359793,0.34005287,0.34005287,0.558,0.0044010878,0.29674464,0.29674464,0.67,0.025965333,0.22630262,0.22630262,0.162,-0.09515768,0.31280643,0.31280643,0.402,-0.015511513,foreign_policy,0.047999978,0.98769957,0.03753801,0.00097164605,0.99729556,0.7923839,0.6691506,0.99891406,0.0001760562,0.0071352534,0.98941934,0.8243206,0.10748432,0.9877114,0.99356186,0.9919067,crisis_resilience
macron2023_c014,macron2023,macron,en,2023-12-31,new_year_address,14,19,0.778,120,94,0.33074325,0.33074325,0.702,0.04407057,3.1914895,0.178817,0.178817,0.074,-0.09258497,0.0,0.16761336,0.16761336,0.094,-0.08902374,0.0,0.1786271,0.1786271,0.09,-0.08339298,0.0,0.20433016,0.20433016,0.322,-0.041849464,0.0,0.25658125,0.25658125,0.318,-0.04521221,0.0,0.31767383,0.31767383,0.51,-0.0013607144,1.0638298,0.26507193,0.26507193,0.41,-0.028270274,0.0,0.15970224,0.15970224,0.062,-0.1035997,0.29918665,0.29918665,0.354,-0.034592718,0.30587888,0.30587888,0.518,0.0075588822,0.3637414,0.3637414,0.646,0.028089613,0.19264889,0.19264889,0.15,-0.078130424,0.3246076,0.3246076,0.542,0.003147304,0.30654132,0.30654132,0.374,-0.021776617,national_identity,0.19200003,0.9996856,0.0013096058,0.02368947,0.31742626,0.025468083,0.99903774,0.46411213,0.051869474,0.0032319087,0.8087101,0.6335804,0.9989638,0.0144896265,0.99896073,0.99952614,national_identity
macron2023_c015,macron2023,macron,en,2023-12-31,new_year_address,15,19,0.833,89,71,0.3238259,0.3238259,0.678,0.037153214,2.8169014,0.25733343,0.25733343,0.474,-0.014068544,1.4084507,0.13732255,0.13732255,0.03,-0.11931455,0.0,0.24422763,0.24422763,0.426,-0.017792448,1.4084507,0.21882904,0.21882904,0.426,-0.02735059,0.0,0.2188414,0.2188414,0.19,-0.08295205,1.4084507,0.2537809,0.2537809,0.162,-0.065253645,0.0,0.25529063,0.25529063,0.322,-0.038051575,0.0,0.20070523,0.20070523,0.178,-0.06259671,0.27185878,0.27185878,0.23,-0.061920583,0.39970523,0.39970523,0.918,0.101385236,0.27837825,0.27837825,0.258,-0.057273537,0.23644133,0.23644133,0.322,-0.034337983,0.37487668,0.37487668,0.726,0.05341637,0.25850248,0.25850248,0.174,-0.06981546,national_identity,0.20399997,0.9527942,0.583856,0.00011591935,0.77581716,0.0007793661,0.991977,0.1113378,0.00020582441,0.09231887,0.011093567,0.99374664,0.0006238938,0.6007887,0.999433,0.53266823,social_solidarity
macron2023_c016,macron2023,macron,en,2023-12-31,new_year_address,16,19,0.889,110,80,0.23458908,0.23458908,0.302,-0.052083597,0.0,0.15332502,0.15332502,0.03,-0.11807695,0.0,0.12573504,0.12573504,0.01,-0.13090205,0.0,0.2687922,0.2687922,0.586,0.0067721307,2.5,0.2163719,0.2163719,0.41,-0.029807732,0.0,0.1732511,0.1732511,0.05,-0.12854235,0.0,0.19996276,0.19996276,0.01,-0.11907178,0.0,0.26104605,0.26104605,0.366,-0.03229615,0.0,0.1815669,0.1815669,0.118,-0.081735045,0.24534222,0.24534222,0.118,-0.08843714,0.27253407,0.27253407,0.362,-0.025785923,0.36092725,0.36092725,0.626,0.025275469,0.17218955,0.17218955,0.094,-0.09858976,0.2339833,0.2339833,0.178,-0.08747701,0.30581862,0.30581862,0.366,-0.022499323,foreign_policy,0.17600003,0.99849886,0.00026221233,0.00053369283,0.10734387,0.015739111,0.23475732,0.010580707,0.011755133,0.0011740822,0.025540898,0.32090113,0.99934363,0.17953055,0.95930225,0.9986515,national_identity
macron2023_c017,macron2023,macron,en,2023-12-31,new_year_address,17,19,0.944,143,119,0.30113626,0.30113626,0.598,0.014463574,0.84033614,0.2089319,0.2089319,0.174,-0.06247008,0.0,0.17092915,0.17092915,0.102,-0.08570795,0.0,0.23479056,0.23479056,0.358,-0.027229518,0.0,0.26528364,0.26528364,0.658,0.019104019,0.0,0.28409436,0.28409436,0.406,-0.017699093,0.84033614,0.30511266,0.30511266,0.402,-0.013921887,0.84033614,0.31170422,0.31170422,0.622,0.018362015,0.0,0.15480435,0.15480435,0.042,-0.10849759,0.2828675,0.2828675,0.27,-0.050911874,0.38508752,0.38508752,0.898,0.086767524,0.38914216,0.38914216,0.73,0.05349037,0.20341036,0.20341036,0.17,-0.067368954,0.39345694,0.39345694,0.786,0.07199663,0.33966607,0.33966607,0.562,0.011348128,democracy_institutions,0.036000013,0.9935369,0.00023413582,0.0003867204,0.009055265,0.01539492,0.7694703,0.0046185427,0.006009427,0.0010024585,0.016075421,0.9787126,0.8084739,0.04142348,0.9984269,0.99931616,national_identity
macron2023_c018,macron2023,macron,en,2023-12-31,new_year_address,18,19,1.0,202,157,0.41303226,0.41303226,0.894,0.12635958,1.2738854,0.23221722,0.23221722,0.342,-0.03918475,0.0,0.2287072,0.2287072,0.398,-0.027929902,0.0,0.29556778,0.29556778,0.73,0.0335477,0.0,0.29157317,0.29157317,0.738,0.04539354,0.0,0.32697487,0.32697487,0.622,0.025181413,1.2738854,0.3549385,0.3549385,0.726,0.03590396,0.6369427,0.36296362,0.36296362,0.798,0.069621414,0.6369427,0.263974,0.263974,0.53,0.0006720722,0.42052865,0.42052865,0.902,0.086749285,0.40918887,0.40918887,0.934,0.11086887,0.45707184,0.45707184,0.91,0.121420056,0.29833776,0.29833776,0.678,0.027558446,0.35376745,0.35376745,0.642,0.032307148,0.38294443,0.38294443,0.77,0.054626495,national_identity,0.096000016,0.9937284,0.010130412,0.0017073675,0.9495292,0.012407695,0.9939906,0.052037816,0.0008710656,0.0016842226,0.098079324,0.8533637,0.94168097,0.4499968,0.9807612,0.99598104,social_solidarity
macron2024_c000,macron2024,macron,en,2024-12-31,new_year_address,0,16,0.0,105,88,0.26370087,0.26370087,0.454,-0.022971809,1.1363636,0.2350132,0.2350132,0.362,-0.03638877,0.0,0.22978137,0.22978137,0.422,-0.026855722,0.0,0.23455751,0.23455751,0.346,-0.027462572,0.0,0.36596638,0.36596638,0.914,0.119786754,1.1363636,0.2756065,0.2756065,0.386,-0.026186943,1.1363636,0.27150136,0.27150136,0.238,-0.047533184,0.0,0.3223608,0.3223608,0.686,0.02901861,2.2727273,0.25869662,0.25869662,0.518,-0.004605323,0.34006336,0.34006336,0.514,0.0062839985,0.31235644,0.31235644,0.554,0.014036447,0.33912605,0.33912605,0.55,0.0034742653,0.2557247,0.2557247,0.438,-0.015054613,0.29860783,0.29860783,0.454,-0.02285248,0.3622017,0.3622017,0.674,0.03388375,democracy_institutions,0.22799999,0.9998623,0.0003459916,0.20882358,0.917386,0.99021614,0.9996133,0.9897811,0.9226568,0.00022782183,0.9928648,0.15527052,0.99592984,0.009869395,0.9990034,0.9995794,national_identity
macron2024_c001,macron2024,macron,en,2024-12-31,new_year_address,1,16,0.067,135,104,0.3834773,0.3834773,0.838,0.09680462,2.8846154,0.2556579,0.2556579,0.458,-0.01574406,0.0,0.13711457,0.13711457,0.026,-0.11952253,0.0,0.23016334,0.23016334,0.306,-0.031856745,0.96153843,0.18757755,0.18757755,0.218,-0.05860208,0.96153843,0.25028145,0.25028145,0.306,-0.051512003,0.0,0.32062536,0.32062536,0.534,0.0015908182,0.0,0.17097592,0.17097592,0.05,-0.12236628,0.0,0.21106476,0.21106476,0.222,-0.052237183,0.30790716,0.30790716,0.41,-0.0258722,0.406189,0.406189,0.926,0.107869,0.22410238,0.22410238,0.082,-0.11154941,0.25416046,0.25416046,0.422,-0.016618848,0.39194733,0.39194733,0.782,0.07048702,0.21334437,0.21334437,0.066,-0.114973575,national_identity,0.30400002,0.9998416,0.0012843081,0.00020988306,0.9895715,0.0009164002,0.5173271,0.016513688,0.00017400544,0.0019955386,0.47079745,0.99930274,0.000361177,0.110855594,0.9992889,0.9976033,national_identity
macron2024_c002,macron2024,macron,en,2024-12-31,new_year_address,2,16,0.133,109,82,0.2765372,0.2765372,0.498,-0.010135472,1.2195122,0.15384868,0.15384868,0.034,-0.11755329,0.0,0.13189319,0.13189319,0.022,-0.12474391,0.0,0.18057555,0.18057555,0.098,-0.08144453,0.0,0.19155475,0.19155475,0.25,-0.05462487,0.0,0.20785299,0.20785299,0.146,-0.09394047,0.0,0.3162651,0.3162651,0.482,-0.0027694404,0.0,0.2260177,0.2260177,0.186,-0.067324504,0.0,0.12935404,0.12935404,0.01,-0.1339479,0.24762923,0.24762923,0.126,-0.08615014,0.34313372,0.34313372,0.766,0.044813722,0.28303558,0.28303558,0.274,-0.05261621,0.1550945,0.1550945,0.05,-0.11568481,0.31622142,0.31622142,0.506,-0.0052388906,0.26900277,0.26900277,0.222,-0.059315175,national_identity,0.016000003,0.9892855,0.001104103,0.0020467504,0.17406671,0.007345826,0.5107405,0.04580928,0.005263408,0.00075246283,0.06254542,0.99743664,0.9981105,0.041201085,0.716417,0.9997532,national_identity
macron2024_c003,macron2024,macron,en,2024-12-31,new_year_address,3,16,0.2,97,79,0.31685105,0.31685105,0.662,0.030178368,1.2658228,0.16318813,0.16318813,0.046,-0.10821384,0.0,0.17323181,0.17323181,0.11,-0.083405286,0.0,0.11467183,0.11467183,0.01,-0.14734825,1.2658228,0.16226055,0.16226055,0.102,-0.08391908,0.0,0.3291103,0.3291103,0.638,0.027316839,2.5316455,0.3917512,0.3917512,0.898,0.07271665,0.0,0.21194172,0.21194172,0.146,-0.081400484,0.0,0.11931488,0.11931488,0.006,-0.14398706,0.40106308,0.40106308,0.798,0.06728372,0.3752079,0.3752079,0.87,0.076887906,0.31332538,0.31332538,0.422,-0.02232641,0.18189569,0.18189569,0.118,-0.08888362,0.4016886,0.4016886,0.822,0.0802283,0.23009871,0.23009871,0.094,-0.09821923,crisis_resilience,0.236,0.9591256,0.013597484,0.27965632,0.48121002,0.14934519,0.998399,0.9973709,0.25782347,0.0012918458,0.86413854,0.89377385,0.9994653,0.08692227,0.99735034,0.9994705,social_solidarity
macron2024_c004,macron2024,macron,en,2024-12-31,new_year_address,4,16,0.267,118,94,0.2488195,0.2488195,0.39,-0.03785318,1.0638298,0.2950216,0.2950216,0.674,0.023619622,0.0,0.28109884,0.28109884,0.706,0.024461746,1.0638298,0.29304382,0.29304382,0.718,0.03102374,0.0,0.17625174,0.17625174,0.154,-0.069927886,0.0,0.29459596,0.29459596,0.458,-0.0071974993,5.319149,0.4468535,0.4468535,0.97,0.12781894,2.1276596,0.24364644,0.24364644,0.27,-0.04969576,1.0638298,0.27329063,0.27329063,0.578,0.009988695,0.3752609,0.3752609,0.69,0.041481525,0.30980486,0.30980486,0.546,0.011484861,0.26475847,0.26475847,0.202,-0.07089332,0.25487593,0.25487593,0.43,-0.015903383,0.29994255,0.29994255,0.462,-0.021517754,0.2661768,0.2661768,0.218,-0.06214115,crisis_resilience,0.25200003,0.9996324,0.0096429745,0.026180504,0.9833749,0.023825368,0.99756086,0.9977305,0.00028741476,0.0007672924,0.9930288,0.79795074,0.99667233,0.04561757,0.99565166,0.9994505,national_identity
macron2024_c005,macron2024,macron,en,2024-12-31,new_year_address,5,16,0.333,129,113,0.24102025,0.24102025,0.346,-0.045652434,0.88495576,0.18792246,0.18792246,0.106,-0.08347951,0.0,0.17696762,0.17696762,0.122,-0.079669476,0.0,0.21970426,0.21970426,0.242,-0.042315826,0.0,0.2881328,0.2881328,0.73,0.04195316,0.88495576,0.20063381,0.20063381,0.114,-0.10115965,0.0,0.2678792,0.2678792,0.21,-0.05115536,0.88495576,0.22461602,0.22461602,0.178,-0.06872618,0.0,0.25012204,0.25012204,0.478,-0.013179898,0.3019141,0.3019141,0.378,-0.03186527,0.27489683,0.27489683,0.386,-0.023423165,0.24237677,0.24237677,0.154,-0.09327501,0.2686615,0.2686615,0.51,-0.0021178126,0.19653189,0.19653189,0.098,-0.124928415,0.31190532,0.31190532,0.394,-0.016412616,democracy_institutions,0.38400003,0.012734982,0.00031627133,9.666712e-05,0.7790698,0.97631055,0.11511247,0.61427826,0.0001491294,0.00026478487,0.0029121782,0.12241827,0.00016832374,0.98457545,0.55880857,0.027091904,democracy_institutions
macron2024_c006,macron2024,macron,en,2024-12-31,new_year_address,6,16,0.4,111,90,0.2582667,0.2582667,0.43,-0.028405994,0.0,0.1782554,0.1782554,0.07,-0.09314658,0.0,0.19209154,0.19209154,0.21,-0.06454556,0.0,0.2917744,0.2917744,0.702,0.02975431,0.0,0.39298934,0.39298934,0.95,0.14680971,2.2222223,0.26714236,0.26714236,0.346,-0.0346511,0.0,0.29154032,0.29154032,0.318,-0.027494222,0.0,0.29844216,0.29844216,0.574,0.005099952,0.0,0.20772806,0.20772806,0.202,-0.05557388,0.36370343,0.36370343,0.642,0.029924065,0.226572,0.226572,0.154,-0.07174799,0.26663518,0.26663518,0.21,-0.069016606,0.27432808,0.27432808,0.53,0.0035487711,0.28158453,0.28158453,0.386,-0.039875776,0.36956787,0.36956787,0.71,0.04124993,democracy_institutions,0.24799997,0.04497357,0.008299687,0.0021447653,0.9597903,0.9972424,0.5268601,0.07097703,0.00073075376,0.00062633416,0.0045472644,0.11460598,0.026430631,0.9251286,0.9994996,0.9981792,democracy_institutions
macron2024_c007,macron2024,macron,en,2024-12-31,new_year_address,7,16,0.467,105,88,0.27211708,0.27211708,0.486,-0.014555603,0.0,0.22581114,0.22581114,0.282,-0.045590833,1.1363636,0.35866338,0.35866338,0.87,0.102026284,1.1363636,0.21737084,0.21737084,0.238,-0.044649243,0.0,0.29900125,0.29900125,0.758,0.05282162,0.0,0.32717717,0.32717717,0.626,0.02538371,1.1363636,0.30420393,0.30420393,0.39,-0.014830619,1.1363636,0.38010514,0.38010514,0.85,0.086762935,0.0,0.22935021,0.22935021,0.342,-0.03395173,0.35083735,0.35083735,0.566,0.017057985,0.3413989,0.3413989,0.75,0.0430789,0.49594736,0.49594736,0.97,0.16029558,0.20449436,0.20449436,0.182,-0.066284955,0.3046543,0.3046543,0.474,-0.016806006,0.47185665,0.47185665,0.97,0.14353871,economy_welfare,0.01999998,0.9469902,0.0049533057,0.8104133,0.92982376,0.99741405,0.99769485,0.1351322,0.0018530595,0.0002627248,0.04123003,0.017526364,0.99862224,0.91184926,0.9799382,0.9986541,social_solidarity
macron2024_c008,macron2024,macron,en,2024-12-31,new_year_address,8,16,0.533,180,154,0.26973462,0.26973462,0.474,-0.01693806,1.2987013,0.3872851,0.3872851,0.93,0.11588314,3.2467532,0.27260706,0.27260706,0.67,0.015969962,0.64935064,0.35754848,0.35754848,0.91,0.095528394,1.2987013,0.30772656,0.30772656,0.798,0.061546937,0.64935064,0.31660643,0.31660643,0.554,0.014812976,0.64935064,0.37061507,0.37061507,0.81,0.05158052,0.64935064,0.32221544,0.32221544,0.682,0.028873235,0.64935064,0.43025213,0.43025213,0.998,0.1669502,0.3733031,0.3733031,0.678,0.03952372,0.26522157,0.26522157,0.314,-0.03309843,0.29664323,0.29664323,0.346,-0.039008558,0.3160305,0.3160305,0.742,0.04525119,0.25645202,0.25645202,0.286,-0.06500828,0.2721004,0.2721004,0.23,-0.05621755,security_military,0.01999998,0.9963429,0.035846926,0.0025960314,0.99962956,0.9923193,0.80147004,0.99016875,0.0026991668,0.5832034,0.5125706,0.9846051,0.9229003,0.9965436,0.9956304,0.99896777,foreign_policy
macron2024_c009,macron2024,macron,en,2024-12-31,new_year_address,9,16,0.6,108,90,0.24071005,0.24071005,0.338,-0.04596263,1.1111112,0.4133607,0.4133607,0.97,0.14195871,6.6666665,0.17349154,0.17349154,0.114,-0.08314556,0.0,0.34392905,0.34392905,0.89,0.08190897,4.4444447,0.24570927,0.24570927,0.57,-0.00047035515,0.0,0.2358581,0.2358581,0.266,-0.06593536,0.0,0.27242342,0.27242342,0.246,-0.04661113,0.0,0.29626495,0.29626495,0.566,0.0029227436,0.0,0.35699594,0.35699594,0.906,0.093694,0.2974946,0.2974946,0.342,-0.036284775,0.23519826,0.23519826,0.194,-0.063121736,0.2878641,0.2878641,0.294,-0.047787696,0.23720463,0.23720463,0.334,-0.033574685,0.22333822,0.22333822,0.15,-0.09812209,0.2747907,0.2747907,0.242,-0.053527236,security_military,0.08000004,0.61901075,0.99709344,0.00013605112,0.99509454,0.3649473,0.08525124,0.88084835,0.3106944,0.18443675,0.17999855,0.7340361,0.9969485,0.67904574,0.7097237,0.9980882,security_military
macron2024_c010,macron2024,macron,en,2024-12-31,new_year_address,10,16,0.667,121,106,0.16607302,0.16607302,0.078,-0.12059966,0.0,0.31760874,0.31760874,0.766,0.046206772,1.8867924,0.26555997,0.26555997,0.646,0.008922875,1.8867924,0.36633694,0.36633694,0.926,0.10431686,2.8301888,0.21273644,0.21273644,0.386,-0.033443183,0.0,0.21428402,0.21428402,0.182,-0.08750944,0.0,0.27512592,0.27512592,0.258,-0.043908626,0.0,0.476185,0.476185,0.974,0.18284279,0.9433962,0.32832235,0.32832235,0.818,0.06502041,0.2778222,0.2778222,0.25,-0.05595717,0.17610978,0.17610978,0.026,-0.12221022,0.34577516,0.34577516,0.578,0.010123372,0.21093367,0.21093367,0.194,-0.05984564,0.1431401,0.1431401,0.014,-0.1783202,0.27681255,0.27681255,0.246,-0.051505387,future_reform_technology,0.047999978,0.8053262,0.9952724,0.2066738,0.9958175,0.039527465,0.85173714,0.13831806,0.989409,0.00033015272,0.028060738,0.9390807,0.69523466,0.9960776,0.96664745,0.99869037,foreign_policy
macron2024_c011,macron2024,macron,en,2024-12-31,new_year_address,11,16,0.733,125,106,0.19518547,0.19518547,0.15,-0.091487214,0.9433962,0.1345126,0.1345126,0.006,-0.13688937,0.0,0.25983715,0.25983715,0.622,0.0032000542,0.9433962,0.25972268,0.25972268,0.53,-0.0022974014,2.8301888,0.22617748,0.22617748,0.486,-0.020002142,0.0,0.23482846,0.23482846,0.262,-0.066965,0.0,0.2551751,0.2551751,0.17,-0.06385943,0.0,0.36475524,0.36475524,0.814,0.07141304,0.9433962,0.2163539,0.2163539,0.246,-0.046948045,0.27933365,0.27933365,0.262,-0.054445714,0.2130492,0.2130492,0.122,-0.08527079,0.28632298,0.28632298,0.286,-0.049328804,0.22907196,0.22907196,0.29,-0.04170735,0.18582162,0.18582162,0.066,-0.13563868,0.24061115,0.24061115,0.11,-0.08770679,future_reform_technology,0.19200003,0.9913055,0.0003640087,0.7235292,0.86921585,0.82828003,0.99752736,0.38977876,0.17024916,0.00073218124,0.6564105,0.03547437,0.00161665,0.9261703,0.2918631,0.9992848,social_solidarity
macron2024_c012,macron2024,macron,en,2024-12-31,new_year_address,12,16,0.8,144,122,0.19901806,0.19901806,0.166,-0.08765462,0.0,0.21359701,0.21359701,0.214,-0.057804957,0.0,0.4022964,0.4022964,0.938,0.1456593,1.6393442,0.2766779,0.2766779,0.626,0.014657825,1.6393442,0.1933505,0.1933505,0.262,-0.05282913,0.0,0.17451835,0.17451835,0.058,-0.12727511,0.0,0.32111913,0.32111913,0.538,0.002084583,0.0,0.36206454,0.36206454,0.794,0.06872234,1.6393442,0.22339362,0.22339362,0.298,-0.03990832,0.26483548,0.26483548,0.19,-0.06894389,0.23697706,0.23697706,0.206,-0.06134294,0.33341956,0.33341956,0.534,-0.0022322237,0.16412775,0.16412775,0.086,-0.10665156,0.18979163,0.18979163,0.078,-0.13166867,0.30083382,0.30083382,0.338,-0.027484119,economy_welfare,0.144,0.99921304,0.0039995015,0.9809308,0.99860334,0.5651487,0.9421086,0.99846625,0.99687636,0.0014076105,0.03919513,0.082253955,0.9727532,0.7670579,0.9166195,0.9992267,national_identity
macron2024_c013,macron2024,macron,en,2024-12-31,new_year_address,13,16,0.867,95,69,0.2997381,0.2997381,0.586,0.013065428,1.4492754,0.23016754,0.23016754,0.33,-0.041234434,0.0,0.22384143,0.22384143,0.358,-0.032795668,0.0,0.30848366,0.30848366,0.786,0.04646358,0.0,0.21528313,0.21528313,0.402,-0.0308965,0.0,0.2848795,0.2848795,0.422,-0.01691395,0.0,0.46572453,0.46572453,0.986,0.14668998,1.4492754,0.42669624,0.42669624,0.938,0.13335404,1.4492754,0.30465487,0.30465487,0.714,0.041352928,0.36623567,0.36623567,0.65,0.03245631,0.32757145,0.32757145,0.67,0.029251456,0.489129,0.489129,0.962,0.15347722,0.2793001,0.2793001,0.578,0.008520782,0.30557132,0.30557132,0.482,-0.015888989,0.41791254,0.41791254,0.882,0.0895946,crisis_resilience,0.047999978,0.99920684,0.53849787,0.1328517,0.96403056,0.62543815,0.9994736,0.99686414,0.00068785116,0.00040133507,0.7768769,0.00012436224,0.14799814,0.6690965,0.9169948,0.99955666,social_solidarity
macron2024_c014,macron2024,macron,en,2024-12-31,new_year_address,14,16,0.933,108,84,0.21732856,0.21732856,0.222,-0.06934412,0.0,0.22797872,0.22797872,0.322,-0.04342325,1.1904762,0.30241936,0.30241936,0.75,0.045782268,2.3809524,0.27477315,0.27477315,0.614,0.012753069,0.0,0.29938322,0.29938322,0.766,0.053203598,1.1904762,0.24122517,0.24122517,0.27,-0.060568288,0.0,0.28738067,0.28738067,0.294,-0.03165388,0.0,0.47891855,0.47891855,0.978,0.18557635,0.0,0.2504217,0.2504217,0.482,-0.012880236,0.29988348,0.29988348,0.362,-0.03389588,0.3133154,0.3133154,0.562,0.014995396,0.53617656,0.53617656,0.986,0.20052478,0.21730429,0.21730429,0.238,-0.053475022,0.23612669,0.23612669,0.186,-0.085333616,0.42187157,0.42187157,0.898,0.09355363,future_reform_technology,0.21200001,0.4488792,0.00029023443,0.4166631,0.6810908,0.10079008,0.99620515,0.61978775,0.014899642,9.799768e-05,0.1777395,0.9630919,0.99783003,0.69414717,0.86804575,0.99908715,social_solidarity
macron2024_c015,macron2024,macron,en,2024-12-31,new_year_address,15,16,1.0,169,137,0.4162162,0.4162162,0.902,0.12954351,2.189781,0.24290365,0.24290365,0.402,-0.028498322,0.0,0.25403184,0.25403184,0.578,-0.0026052594,0.0,0.32122287,0.32122287,0.822,0.05920279,0.0,0.30709377,0.30709377,0.794,0.060914144,0.0,0.34697267,0.34697267,0.702,0.045179218,0.729927,0.3221205,0.3221205,0.554,0.003085941,0.0,0.40219313,0.40219313,0.898,0.108850926,0.0,0.24296446,0.24296446,0.434,-0.020337477,0.42477936,0.42477936,0.91,0.09099999,0.41072246,0.41072246,0.95,0.11240247,0.52614075,0.52614075,0.982,0.19048896,0.2805307,0.2805307,0.59,0.0097513795,0.36406612,0.36406612,0.686,0.042605817,0.42997938,0.42997938,0.914,0.10166144,national_identity,0.004000008,0.9813464,0.011485952,0.0015218158,0.9050919,0.06193269,0.99300855,0.2424746,0.0017546145,0.0036642205,0.4144692,0.9841547,0.9990692,0.7333385,0.99210805,0.99893916,social_solidarity
macron2025_c000,macron2025,macron,en,2025-12-31,new_year_address,0,13,0.0,154,122,0.38725275,0.38725275,0.846,0.10058007,2.4590163,0.3833719,0.3833719,0.914,0.11196992,0.8196721,0.2909189,0.2909189,0.73,0.03428179,0.0,0.21300232,0.21300232,0.218,-0.049017757,0.0,0.24223292,0.24223292,0.558,-0.0039467067,0.0,0.4442081,0.4442081,0.95,0.14241463,2.4590163,0.42954105,0.42954105,0.954,0.110506505,2.4590163,0.23838948,0.23838948,0.242,-0.054952726,0.0,0.26740986,0.26740986,0.538,0.0041079223,0.40811992,0.40811992,0.834,0.07434055,0.35003793,0.35003793,0.81,0.051717937,0.3015499,0.3015499,0.362,-0.034101874,0.3072412,0.3072412,0.718,0.03646189,0.58832836,0.58832836,0.986,0.26686805,0.32827288,0.32827288,0.486,-4.506111e-05,crisis_resilience,0.004000008,0.9982488,0.9720721,0.0002622123,0.41158378,0.102664016,0.99956435,0.99724233,8.1403115e-05,0.00047009322,0.15771978,0.26990253,0.00035419362,0.0011491555,0.999566,0.9988121,social_solidarity
macron2025_c001,macron2025,macron,en,2025-12-31,new_year_address,1,13,0.083,117,97,0.3034716,0.3034716,0.61,0.016798913,0.0,0.4122949,0.4122949,0.962,0.14089292,2.0618556,0.45859203,0.45859203,0.978,0.20195493,3.0927835,0.34184086,0.34184086,0.882,0.07982078,1.0309278,0.3096728,0.3096728,0.806,0.06349318,1.0309278,0.3228933,0.3228933,0.594,0.021099836,0.0,0.3638545,0.3638545,0.774,0.04481995,0.0,0.31340104,0.31340104,0.634,0.02005884,1.0309278,0.30463296,0.30463296,0.71,0.041331023,0.35488027,0.35488027,0.586,0.021100909,0.26992846,0.26992846,0.338,-0.02839154,0.29628614,0.29628614,0.342,-0.03936565,0.25861037,0.25861037,0.458,-0.012168944,0.42515594,0.42515594,0.882,0.10369563,0.37895346,0.37895346,0.742,0.050635517,economy_welfare,0.015999973,0.99943525,0.9963465,0.9350506,0.9957519,0.96713203,0.2844269,0.85262895,0.0018243825,0.001126954,0.7857199,0.9075583,0.8940286,0.04449367,0.9996479,0.99982464,national_identity
macron2025_c002,macron2025,macron,en,2025-12-31,new_year_address,2,13,0.167,142,120,0.17057791,0.17057791,0.086,-0.11609477,0.0,0.2748235,0.2748235,0.582,0.0034215152,2.5,0.244245,0.244245,0.518,-0.012392104,0.8333333,0.33406925,0.33406925,0.862,0.07204917,4.1666665,0.16309124,0.16309124,0.11,-0.08308838,0.0,0.22095451,0.22095451,0.198,-0.08083895,0.0,0.3194722,0.3194722,0.518,0.0004376471,0.0,0.2530482,0.2530482,0.31,-0.04029399,0.0,0.38478523,0.38478523,0.962,0.121483296,0.26966214,0.26966214,0.214,-0.06411722,0.21235394,0.21235394,0.118,-0.08596605,0.21183673,0.21183673,0.05,-0.12381506,0.2945271,0.2945271,0.662,0.023747802,0.15979205,0.15979205,0.026,-0.16166826,0.14402738,0.14402738,0.01,-0.18429056,foreign_policy,0.27999997,0.025011599,0.32431564,0.0026496775,0.9988441,0.00059302105,0.0007110568,0.070064865,0.00020263404,0.99741405,0.0004068575,0.9967649,0.00061662967,0.9995253,0.0015070488,0.00044162435,foreign_policy
macron2025_c003,macron2025,macron,en,2025-12-31,new_year_address,3,13,0.25,160,136,0.20169935,0.20169935,0.174,-0.084973335,0.7352941,0.36382088,0.36382088,0.866,0.09241891,0.7352941,0.32661468,0.32661468,0.818,0.06997758,0.7352941,0.23503068,0.23503068,0.366,-0.0269894,0.0,0.25786382,0.25786382,0.63,0.011684194,0.7352941,0.26958704,0.26958704,0.362,-0.032206416,0.7352941,0.33398658,0.33398658,0.626,0.014952034,0.7352941,0.3326928,0.3326928,0.706,0.0393506,0.0,0.31576264,0.31576264,0.762,0.0524607,0.30590773,0.30590773,0.398,-0.027871639,0.2286939,0.2286939,0.162,-0.06962609,0.393053,0.393053,0.738,0.05740121,0.22557178,0.22557178,0.282,-0.04520753,0.2625612,0.2625612,0.314,-0.058899105,0.43057472,0.43057472,0.918,0.102256775,security_military,0.047999978,0.95838225,0.00046010586,0.7490872,0.07257095,0.9897909,0.99753934,0.9801483,0.5350984,0.0007236573,0.009965281,0.02008101,0.9991374,0.029215133,0.93683624,0.9988051,social_solidarity
macron2025_c004,macron2025,macron,en,2025-12-31,new_year_address,4,13,0.333,173,155,0.23522656,0.23522656,0.306,-0.051446125,0.0,0.3381132,0.3381132,0.814,0.06671122,0.0,0.24861026,0.24861026,0.542,-0.008026838,0.0,0.2597835,0.2597835,0.534,-0.002236575,0.6451613,0.31605017,0.31605017,0.822,0.06987055,0.6451613,0.26278108,0.26278108,0.326,-0.039012372,1.9354838,0.3170318,0.3170318,0.502,-0.0020027459,0.0,0.36453646,0.36453646,0.81,0.07119426,0.6451613,0.25280204,0.25280204,0.494,-0.010499895,0.29272017,0.29272017,0.314,-0.041059196,0.2614051,0.2614051,0.298,-0.036914885,0.3519248,0.3519248,0.598,0.016273022,0.24250427,0.24250427,0.366,-0.028275043,0.3675149,0.3675149,0.694,0.0460546,0.41007307,0.41007307,0.866,0.08175513,democracy_institutions,0.008000016,0.96759444,0.0005506248,0.12863456,0.9844115,0.97541356,0.89747083,0.19686481,0.0002551414,0.000513258,0.50884914,0.5510906,0.9963287,0.02772972,0.9997159,0.9993576,foreign_policy
macron2025_c005,macron2025,macron,en,2025-12-31,new_year_address,5,13,0.417,85,72,0.2591024,0.2591024,0.434,-0.027570277,0.0,0.23888701,0.23888701,0.386,-0.03251496,0.0,0.22770514,0.22770514,0.386,-0.02893196,0.0,0.22316118,0.22316118,0.258,-0.038858905,0.0,0.31511778,0.31511778,0.818,0.06893815,1.3888888,0.3465624,0.3465624,0.694,0.04476893,0.0,0.35534465,0.35534465,0.734,0.036310107,1.3888888,0.2645467,0.2645467,0.398,-0.02879551,0.0,0.22342962,0.22342962,0.302,-0.03987232,0.3567326,0.3567326,0.606,0.022953242,0.3502983,0.3502983,0.814,0.05197829,0.3655281,0.3655281,0.654,0.029876322,0.25570625,0.25570625,0.434,-0.015073061,0.5220098,0.5220098,0.958,0.20054948,0.39451244,0.39451244,0.794,0.066194504,democracy_institutions,0.08399999,0.7009972,0.00283385,0.039713256,0.0062655327,0.9971717,0.9990728,0.9481545,0.0008492456,0.0013250223,0.3450225,0.8740235,0.9858277,0.9719659,0.9994494,0.99868524,social_solidarity
macron2025_c006,macron2025,macron,en,2025-12-31,new_year_address,6,13,0.5,99,88,0.2823611,0.2823611,0.522,-0.0043115914,2.2727273,0.3839622,0.3839622,0.918,0.11256024,1.1363636,0.31064475,0.31064475,0.782,0.05400765,0.0,0.24414775,0.24414775,0.422,-0.017872334,0.0,0.30298892,0.30298892,0.778,0.05680929,0.0,0.34616548,0.34616548,0.69,0.044372022,0.0,0.31551263,0.31551263,0.47,-0.0035219193,0.0,0.42235208,0.42235208,0.93,0.12900987,1.1363636,0.21974096,0.21974096,0.262,-0.04356098,0.27521372,0.27521372,0.238,-0.058565646,0.30766284,0.30766284,0.526,0.009342849,0.4215287,0.4215287,0.826,0.08587691,0.21704203,0.21704203,0.234,-0.053737283,0.3888884,0.3888884,0.77,0.06742808,0.47381553,0.47381553,0.978,0.14549759,future_reform_technology,0.012000024,0.9962783,0.9986276,0.00018199887,0.25659907,0.995488,0.9953725,0.27279875,0.6750153,0.0014579035,0.33366606,0.0033050787,0.9995506,0.22191927,0.95836425,0.99969995,security_military
macron2025_c007,macron2025,macron,en,2025-12-31,new_year_address,7,13,0.583,98,84,0.15527707,0.15527707,0.05,-0.13139561,0.0,0.24105926,0.24105926,0.398,-0.030342713,0.0,0.17227753,0.17227753,0.106,-0.08435957,0.0,0.2928669,0.2928669,0.714,0.030846804,1.1904762,0.25228423,0.25228423,0.602,0.0061046034,3.5714285,0.17384261,0.17384261,0.054,-0.12795085,0.0,0.2367473,0.2367473,0.082,-0.08228725,0.0,0.28439373,0.28439373,0.522,-0.008948475,0.0,0.24759056,0.24759056,0.454,-0.015711382,0.23560289,0.23560289,0.094,-0.09817648,0.28024268,0.28024268,0.43,-0.018077314,0.38385028,0.38385028,0.714,0.04819849,0.27743363,0.27743363,0.558,0.006654322,0.22909841,0.22909841,0.17,-0.0923619,0.3817786,0.3817786,0.766,0.053460658,foreign_policy,0.11199999,0.99250674,0.07084834,0.013229195,0.5175709,0.97505975,0.97560596,0.6071974,0.015291644,0.002688672,0.80032164,0.01717671,0.9998413,0.4771887,0.534491,0.9998051,national_identity
macron2025_c008,macron2025,macron,en,2025-12-31,new_year_address,8,13,0.667,169,146,0.49475038,0.49475038,0.986,0.2080777,4.109589,0.275271,0.275271,0.586,0.003869027,0.0,0.2333585,0.2333585,0.442,-0.023278594,0.0,0.23519036,0.23519036,0.37,-0.02682972,0.0,0.23099191,0.23099191,0.502,-0.0151877105,0.0,0.45229438,0.45229438,0.962,0.15050092,0.6849315,0.39637762,0.39637762,0.906,0.07734308,1.369863,0.27520555,0.27520555,0.49,-0.01813665,0.0,0.2972768,0.2972768,0.666,0.033974856,0.5005499,0.5005499,0.982,0.16677055,0.3138945,0.3138945,0.57,0.015574515,0.32028982,0.32028982,0.482,-0.015361965,0.34155387,0.34155387,0.838,0.070774555,0.37475863,0.37475863,0.722,0.053298324,0.29114285,0.29114285,0.298,-0.03717509,national_identity,0.023999989,0.9971799,0.002078915,0.00082313846,0.37186345,0.05781161,0.9987696,0.8993315,0.00034330005,0.0026112478,0.93795377,0.94303364,0.03599912,0.1524734,0.580352,0.97609496,social_solidarity
macron2025_c009,macron2025,macron,en,2025-12-31,new_year_address,9,13,0.75,47,44,0.24514286,0.24514286,0.374,-0.04152982,0.0,0.26228458,0.26228458,0.506,-0.009117395,0.0,0.24116029,0.24116029,0.498,-0.015476808,0.0,0.33719432,0.33719432,0.87,0.07517424,4.5454545,0.325109,0.325109,0.834,0.07892938,4.5454545,0.3008597,0.3008597,0.498,-0.00093376637,0.0,0.3259718,0.3259718,0.586,0.0069372654,0.0,0.2600723,0.2600723,0.358,-0.033269912,0.0,0.3114648,0.3114648,0.734,0.048162848,0.34983927,0.34983927,0.558,0.016059905,0.22687578,0.22687578,0.158,-0.07144421,0.2865348,0.2865348,0.29,-0.049117,0.2809142,0.2809142,0.602,0.010134876,0.24472268,0.24472268,0.226,-0.07673763,0.27364898,0.27364898,0.238,-0.054668963,foreign_policy,0.036000013,0.16954334,0.03387598,0.00021654407,0.9701269,0.8735523,0.6863701,0.99755615,0.00045563653,0.09488717,0.0012594985,0.18374005,0.9316493,0.9931495,0.9059898,0.979919,crisis_resilience
macron2025_c010,macron2025,macron,en,2025-12-31,new_year_address,10,13,0.833,172,150,0.25654143,0.25654143,0.422,-0.03013125,0.0,0.38143414,0.38143414,0.902,0.11003217,2.0,0.31674987,0.31674987,0.806,0.060112774,2.0,0.36954066,0.36954066,0.93,0.10752058,5.3333335,0.28057402,0.28057402,0.706,0.0343944,0.0,0.284617,0.284617,0.414,-0.01717645,0.0,0.3225042,0.3225042,0.558,0.003469646,0.0,0.33600742,0.33600742,0.722,0.042665213,0.0,0.3618957,0.3618957,0.91,0.09859377,0.36672017,0.36672017,0.658,0.032940805,0.27389598,0.27389598,0.378,-0.024424016,0.3873471,0.3873471,0.726,0.051695317,0.274485,0.274485,0.538,0.0037056804,0.28567463,0.28567463,0.406,-0.035785675,0.37629583,0.37629583,0.73,0.047977895,foreign_policy,0.027999997,0.9931162,0.97409815,0.010453676,0.9993857,0.7265227,0.44046926,0.9410341,0.0053954097,0.055939063,0.9338543,0.5970206,0.9883353,0.73578405,0.9924227,0.99961853,foreign_policy
macron2025_c011,macron2025,macron,en,2025-12-31,new_year_address,11,13,0.917,104,88,0.2266413,0.2266413,0.27,-0.060031384,0.0,0.16275454,0.16275454,0.042,-0.108647436,0.0,0.31640536,0.31640536,0.798,0.05976826,2.2727273,0.2590186,0.2590186,0.522,-0.0030014813,2.2727273,0.22735628,0.22735628,0.49,-0.01882334,0.0,0.24916537,0.24916537,0.298,-0.052628085,0.0,0.27704817,0.27704817,0.282,-0.041986376,0.0,0.4888121,0.4888121,0.982,0.19546989,0.0,0.20600176,0.20600176,0.194,-0.05730018,0.32366583,0.32366583,0.454,-0.010113537,0.24488376,0.24488376,0.23,-0.053436235,0.45665592,0.45665592,0.906,0.121004134,0.17322206,0.17322206,0.098,-0.09755725,0.20143661,0.20143661,0.11,-0.1200237,0.33814722,0.33814722,0.554,0.009829283,future_reform_technology,0.18400002,0.8773455,0.0011203774,0.38771933,0.96246195,0.012419668,0.99799275,0.16930284,0.9898989,0.0019418169,0.076856844,0.16072658,0.9929882,0.01275956,0.9572678,0.99906373,social_solidarity
macron2025_c012,macron2025,macron,en,2025-12-31,new_year_address,12,13,1.0,188,149,0.36023936,0.36023936,0.79,0.073566675,2.0134227,0.22583425,0.22583425,0.286,-0.04556772,0.0,0.24113552,0.24113552,0.494,-0.015501574,1.3422819,0.26157683,0.26157683,0.546,-0.00044324994,0.0,0.26229912,0.26229912,0.65,0.016119495,0.67114097,0.3322386,0.3322386,0.646,0.030445158,1.3422819,0.32403672,0.32403672,0.574,0.005002171,0.0,0.410643,0.410643,0.902,0.11730081,2.0134227,0.24523851,0.24523851,0.438,-0.018063426,0.39249858,0.39249858,0.766,0.058719218,0.33016765,0.33016765,0.678,0.031847656,0.43757358,0.43757358,0.862,0.1019218,0.23597653,0.23597653,0.314,-0.03480278,0.32223767,0.32223767,0.53,0.0007773638,0.3281232,0.3281232,0.482,-0.00019472837,future_reform_technology,0.11199999,0.94391894,0.00019716943,0.018475594,0.24791911,0.007018599,0.9448423,0.24481405,0.013402404,0.0006641048,0.6913541,0.27091402,0.2691815,0.09687655,0.99469805,0.99916226,social_solidarity
merkel1_c000,merkel1,merkel,en,2016-12-31,new_year_address,0,10,0.0,130,105,0.26394075,0.26394075,0.462,-0.02273193,0.95238096,0.32839555,0.32839555,0.794,0.056993574,0.95238096,0.15809347,0.15809347,0.07,-0.09854363,0.0,0.22939682,0.22939682,0.298,-0.03262326,0.0,0.18007696,0.18007696,0.166,-0.06610267,0.0,0.24759653,0.24759653,0.294,-0.054196924,0.0,0.37440392,0.37440392,0.83,0.055369377,0.95238096,0.19278902,0.19278902,0.082,-0.100553185,0.0,0.35395026,0.35395026,0.894,0.09064832,0.2740199,0.2740199,0.234,-0.059759468,0.3215884,0.3215884,0.618,0.023268402,0.24080788,0.24080788,0.15,-0.09484391,0.2873498,0.2873498,0.654,0.016570479,0.25170833,0.25170833,0.258,-0.06975198,0.24597105,0.24597105,0.13,-0.08234689,crisis_resilience,0.035999954,0.998914,0.32519904,0.0006399274,0.9825909,0.0027764852,0.49194404,0.9993575,0.00032886604,0.062703066,0.0014062385,0.99418,0.0056969593,0.9968211,0.300335,0.99846923,crisis_resilience
merkel1_c001,merkel1,merkel,en,2016-12-31,new_year_address,1,10,0.111,84,74,0.18020828,0.18020828,0.11,-0.1064644,0.0,0.31566358,0.31566358,0.758,0.044261605,1.3513514,0.0914938,0.0914938,0.002,-0.1651433,0.0,0.1342893,0.1342893,0.022,-0.12773079,0.0,0.1055886,0.1055886,0.01,-0.14059103,0.0,0.26358676,0.26358676,0.33,-0.038206697,0.0,0.26681185,0.26681185,0.202,-0.0522227,0.0,0.06691618,0.06691618,0.002,-0.22642602,0.0,0.3289432,0.3289432,0.826,0.065641254,0.20888793,0.20888793,0.034,-0.12489143,0.14897992,0.14897992,0.002,-0.14934008,0.10010666,0.10010666,0.002,-0.23554513,0.33609462,0.33609462,0.814,0.065315306,0.2700643,0.2700643,0.354,-0.051396012,0.18535799,0.18535799,0.038,-0.14295995,security_military,0.428,0.9981828,0.9829465,0.0027629982,0.89246887,0.93406516,0.96570605,0.9945941,0.012612781,0.8822758,0.2532141,0.7164171,0.03799938,0.9912378,0.15776843,0.9978552,national_identity
merkel1_c002,merkel1,merkel,en,2016-12-31,new_year_address,2,10,0.222,114,100,0.21313055,0.21313055,0.214,-0.07354213,0.0,0.26248994,0.26248994,0.514,-0.008912027,2.0,0.13951664,0.13951664,0.034,-0.11712046,0.0,0.1315511,0.1315511,0.014,-0.13046898,1.0,0.13560893,0.13560893,0.038,-0.1105707,0.0,0.31659395,0.31659395,0.55,0.014800489,1.0,0.36782822,0.36782822,0.798,0.048793674,0.0,0.10449259,0.10449259,0.006,-0.18884961,0.0,0.3140313,0.3140313,0.754,0.050729364,0.35110137,0.35110137,0.57,0.017322004,0.19567442,0.19567442,0.062,-0.102645576,0.16534716,0.16534716,0.014,-0.17030463,0.29501683,0.29501683,0.666,0.024237514,0.29730225,0.29730225,0.446,-0.02415806,0.18310456,0.18310456,0.03,-0.14521338,crisis_resilience,0.24799997,0.57075006,0.001348488,0.0002516777,0.0053588487,0.011255424,0.9980468,0.9956937,0.00013631707,0.056861553,0.25098163,0.8786921,0.0006719278,0.9994947,0.8487843,0.9990601,social_solidarity
merkel1_c003,merkel1,merkel,en,2016-12-31,new_year_address,3,10,0.333,105,90,0.30165488,0.30165488,0.602,0.014982194,0.0,0.37278646,0.37278646,0.89,0.10138449,2.2222223,0.20503497,0.20503497,0.274,-0.051602125,0.0,0.26344365,0.26344365,0.562,0.0014235675,1.1111112,0.34976214,0.34976214,0.898,0.10358252,2.2222223,0.44267154,0.44267154,0.946,0.14087808,2.2222223,0.37334925,0.37334925,0.818,0.054314703,0.0,0.20524085,0.20524085,0.126,-0.08810136,0.0,0.37086076,0.37086076,0.934,0.10755882,0.4054957,0.4054957,0.826,0.07171634,0.24492511,0.24492511,0.234,-0.053394884,0.22536671,0.22536671,0.09,-0.11028507,0.3669526,0.3669526,0.89,0.09617329,0.30932322,0.30932322,0.49,-0.012137085,0.21968547,0.21968547,0.078,-0.108632475,social_solidarity,0.047999978,0.9996724,0.9953814,0.00010391069,0.6486889,0.8040984,0.6550878,0.7854539,0.00011774458,0.11910043,0.9964099,0.9987082,0.27705714,0.9222375,0.9988686,0.9971991,national_identity
merkel1_c004,merkel1,merkel,en,2016-12-31,new_year_address,4,10,0.444,148,125,0.23930171,0.23930171,0.322,-0.04737097,1.6,0.3517546,0.3517546,0.838,0.080352634,1.6,0.22401518,0.22401518,0.362,-0.03262192,0.0,0.25933415,0.25933415,0.526,-0.0026859343,1.6,0.3882606,0.3882606,0.946,0.14208098,2.4,0.2983551,0.2983551,0.474,-0.0034383535,1.6,0.33174986,0.33174986,0.618,0.01271531,0.0,0.2899323,0.2899323,0.55,-0.0034098923,0.0,0.32845205,0.32845205,0.822,0.06515011,0.3004337,0.3004337,0.37,-0.03334567,0.31427643,0.31427643,0.578,0.015956432,0.32068086,0.32068086,0.486,-0.014970928,0.30319175,0.30319175,0.702,0.03241244,0.30702257,0.30702257,0.486,-0.014437735,0.38843277,0.38843277,0.786,0.06011483,democracy_institutions,0.10799998,0.011408596,0.5985469,0.0012768145,0.98135537,0.99849004,0.77919585,0.91909957,0.00040765258,0.0023413408,0.15915205,0.98668766,0.041152887,0.99203116,0.11638373,0.99812514,democracy_institutions
merkel1_c005,merkel1,merkel,en,2016-12-31,new_year_address,5,10,0.556,140,124,0.22718927,0.22718927,0.278,-0.05948341,1.6129032,0.16916868,0.16916868,0.05,-0.10223329,0.0,0.12618558,0.12618558,0.014,-0.13045152,0.0,0.29343945,0.29343945,0.722,0.031419367,2.419355,0.14135697,0.14135697,0.062,-0.10482265,0.0,0.18882734,0.18882734,0.082,-0.11296612,0.0,0.31050703,0.31050703,0.426,-0.008527517,0.8064516,0.21226919,0.21226919,0.15,-0.081073016,0.8064516,0.22069708,0.22069708,0.274,-0.042604864,0.2988816,0.2988816,0.35,-0.034897774,0.20982075,0.20982075,0.102,-0.08849925,0.2107692,0.2107692,0.046,-0.12488258,0.23975816,0.23975816,0.354,-0.031021148,0.13617027,0.13617027,0.006,-0.18529004,0.15277848,0.15277848,0.018,-0.17553946,foreign_policy,0.296,0.98730177,0.771198,0.007853846,0.9983547,0.569284,0.9597243,0.98615146,0.00025915823,0.0014076105,0.43746302,0.6437773,0.011687259,0.9945836,0.5565201,0.99142253,foreign_policy
merkel1_c006,merkel1,merkel,en,2016-12-31,new_year_address,6,10,0.667,124,105,0.22686154,0.22686154,0.274,-0.059811145,0.0,0.17599562,0.17599562,0.066,-0.09540635,0.0,0.1882402,0.1882402,0.182,-0.068396896,0.0,0.19290619,0.19290619,0.146,-0.069113895,0.0,0.47075006,0.47075006,0.994,0.22457044,3.8095238,0.27935743,0.27935743,0.394,-0.022436023,0.0,0.24899907,0.24899907,0.146,-0.07003547,0.0,0.28233308,0.28233308,0.51,-0.011009127,0.0,0.23273012,0.23273012,0.358,-0.030571818,0.29408956,0.29408956,0.33,-0.03968981,0.247459,0.247459,0.25,-0.050861,0.30267343,0.30267343,0.366,-0.032978356,0.30410725,0.30410725,0.71,0.033327937,0.2683093,0.2683093,0.342,-0.05315101,0.3428704,0.3428704,0.578,0.014552474,democracy_institutions,0.48400003,0.34290153,0.00044945232,0.0001344663,0.32525256,0.9832467,0.9849129,0.041715283,0.0004305571,0.0002879765,0.42030215,0.01756003,0.056548133,0.9484896,0.22042634,0.9981215,social_solidarity
merkel1_c007,merkel1,merkel,en,2016-12-31,new_year_address,7,10,0.778,100,91,0.15324801,0.15324801,0.042,-0.13342467,0.0,0.1962218,0.1962218,0.126,-0.07518017,0.0,0.40532064,0.40532064,0.946,0.14868355,4.3956046,0.16344741,0.16344741,0.058,-0.09857267,1.0989012,0.25244743,0.25244743,0.606,0.006267801,0.0,0.31830728,0.31830728,0.562,0.016513824,1.0989012,0.3212964,0.3212964,0.542,0.0022618473,0.0,0.23861304,0.23861304,0.246,-0.054729164,0.0,0.16758464,0.16758464,0.074,-0.095717296,0.2752515,0.2752515,0.242,-0.058527857,0.18669833,0.18669833,0.042,-0.11162166,0.23666978,0.23666978,0.122,-0.09898201,0.16191314,0.16191314,0.066,-0.10886617,0.29838553,0.29838553,0.45,-0.023074776,0.24923763,0.24923763,0.146,-0.07908031,economy_welfare,0.33999997,0.40380195,0.00029944474,0.9996208,0.10634207,0.032176647,0.996643,0.8480897,0.03365297,0.00082958915,0.13134025,0.590425,0.9752726,0.025871078,0.075295314,0.9488225,economy_welfare
merkel1_c008,merkel1,merkel,en,2016-12-31,new_year_address,8,10,0.889,84,77,0.12724224,0.12724224,0.014,-0.15943044,0.0,0.12475687,0.12475687,0.002,-0.1466451,0.0,0.18587112,0.18587112,0.17,-0.07076597,0.0,0.2236486,0.2236486,0.266,-0.03837149,1.2987013,0.18868932,0.18868932,0.23,-0.057490304,0.0,0.17261061,0.17261061,0.046,-0.12918285,0.0,0.23085493,0.23085493,0.058,-0.08817962,0.0,0.44148475,0.44148475,0.95,0.14814255,2.5974026,0.1888097,0.1888097,0.142,-0.074492246,0.24005155,0.24005155,0.102,-0.09372781,0.15703024,0.15703024,0.006,-0.14128976,0.3302418,0.3302418,0.518,-0.005409986,0.17437275,0.17437275,0.11,-0.096406564,0.14123243,0.14123243,0.01,-0.18022788,0.2381921,0.2381921,0.102,-0.090125844,future_reform_technology,0.684,0.45423007,0.00073791953,0.0077932025,0.76812494,0.063540444,0.75428206,0.037856843,0.8172283,0.0009888597,0.17126901,0.00046190585,0.8438951,0.26812616,0.9557135,0.91425246,future_reform_technology
merkel1_c009,merkel1,merkel,en,2016-12-31,new_year_address,9,10,1.0,120,96,0.31012386,0.31012386,0.634,0.02345118,0.0,0.22630915,0.22630915,0.298,-0.04509282,0.0,0.36390465,0.36390465,0.882,0.10726756,1.0416666,0.22684608,0.22684608,0.286,-0.035173997,0.0,0.32369873,0.32369873,0.826,0.077519104,1.0416666,0.47062835,0.47062835,0.982,0.1688349,4.1666665,0.3169321,0.3169321,0.498,-0.0021024346,0.0,0.345431,0.345431,0.75,0.052088797,1.0416666,0.22755069,0.22755069,0.334,-0.035751253,0.4369728,0.4369728,0.942,0.10319343,0.34113944,0.34113944,0.746,0.04281944,0.45745072,0.45745072,0.918,0.12179893,0.23606743,0.23606743,0.318,-0.034711882,0.38853285,0.38853285,0.766,0.06707254,0.40930992,0.40930992,0.862,0.08099198,social_solidarity,0.099999964,0.9455253,0.00047749255,0.9174322,0.35818467,0.008511303,0.9922595,0.2008196,0.00029308183,0.00059186463,0.49325597,0.021206122,0.59822416,0.37164962,0.9921954,0.99858135,social_solidarity
merkel2_c000,merkel2,merkel,en,2017-12-31,new_year_address,0,10,0.0,104,94,0.36103663,0.36103663,0.794,0.07436395,1.0638298,0.23804504,0.23804504,0.378,-0.033356935,1.0638298,0.21102391,0.21102391,0.306,-0.045613185,0.0,0.24308307,0.24308307,0.414,-0.018937007,0.0,0.18700299,0.18700299,0.214,-0.05917664,0.0,0.38701522,0.38701522,0.834,0.08522177,0.0,0.29423046,0.29423046,0.334,-0.024804085,0.0,0.22892025,0.22892025,0.202,-0.06442195,0.0,0.28398728,0.28398728,0.622,0.020685345,0.41256922,0.41256922,0.846,0.07878986,0.33749282,0.33749282,0.726,0.03917283,0.30696684,0.30696684,0.378,-0.028684944,0.3483692,0.3483692,0.858,0.0775899,0.3168957,0.3168957,0.51,-0.004564613,0.28946394,0.28946394,0.29,-0.038854003,social_solidarity,0.03999996,0.9890024,0.00027318776,0.00019373452,0.78281814,0.08173938,0.8825291,0.014461765,0.00014147001,0.00010658252,0.10127791,0.50993216,0.018281797,0.73249614,0.94224155,0.007651031,national_identity
merkel2_c001,merkel2,merkel,en,2017-12-31,new_year_address,1,10,0.111,88,77,0.24148709,0.24148709,0.354,-0.045185596,0.0,0.22168764,0.22168764,0.242,-0.049714327,0.0,0.30516845,0.30516845,0.774,0.048531353,2.5974026,0.20420167,0.20420167,0.186,-0.057818413,0.0,0.2938624,0.2938624,0.742,0.047682777,1.2987013,0.41019905,0.41019905,0.898,0.10840559,3.8961039,0.2687116,0.2687116,0.214,-0.05032295,0.0,0.19875254,0.19875254,0.094,-0.094589666,0.0,0.18143919,0.18143919,0.114,-0.08186275,0.337484,0.337484,0.494,0.0037046373,0.21204263,0.21204263,0.114,-0.086277366,0.21298638,0.21298638,0.054,-0.122665405,0.21671528,0.21671528,0.226,-0.054064035,0.36072862,0.36072862,0.666,0.039268315,0.2506415,0.2506415,0.158,-0.077676445,social_solidarity,0.12400001,0.996016,0.00025613973,0.9995979,0.9512555,0.99916226,0.99974734,0.0027683855,0.003383191,0.00012856025,0.99922067,0.9840016,0.44480592,0.07214488,0.99926776,0.99931616,social_solidarity
merkel2_c002,merkel2,merkel,en,2017-12-31,new_year_address,2,10,0.222,88,80,0.2106443,0.2106443,0.206,-0.07602838,0.0,0.25927767,0.25927767,0.494,-0.0121243,0.0,0.25800613,0.25800613,0.606,0.0013690293,0.0,0.15110037,0.15110037,0.034,-0.110919714,0.0,0.18784872,0.18784872,0.222,-0.05833091,0.0,0.27553004,0.27553004,0.382,-0.026263416,0.0,0.3051695,0.3051695,0.406,-0.013865054,0.0,0.24058032,0.24058032,0.258,-0.052761883,0.0,0.23592953,0.23592953,0.378,-0.027372405,0.22924799,0.22924799,0.078,-0.10453138,0.20689036,0.20689036,0.094,-0.091429636,0.23770599,0.23770599,0.13,-0.097945794,0.30980507,0.30980507,0.726,0.039025754,0.26920426,0.26920426,0.346,-0.052256048,0.22172052,0.22172052,0.082,-0.10659742,economy_welfare,0.11200002,0.96219647,0.31200305,0.012030544,0.06727043,0.24798745,0.9701552,0.99038494,0.00027265478,0.00022826715,0.000990791,0.072374016,0.0032603457,0.9837225,0.87423164,0.19960037,crisis_resilience
merkel2_c003,merkel2,merkel,en,2017-12-31,new_year_address,3,10,0.333,81,70,0.311552,0.311552,0.646,0.024879307,2.857143,0.2874914,0.2874914,0.63,0.01608944,0.0,0.30367386,0.30367386,0.758,0.047036767,0.0,0.28432304,0.28432304,0.67,0.022302955,0.0,0.33641765,0.33641765,0.874,0.09023802,0.0,0.32593524,0.32593524,0.61,0.024141788,0.0,0.384668,0.384668,0.866,0.065633446,1.4285715,0.38643703,0.38643703,0.866,0.093094826,1.4285715,0.30422676,0.30422676,0.706,0.040924817,0.35432103,0.35432103,0.578,0.020541668,0.29441616,0.29441616,0.486,-0.003903836,0.4375658,0.4375658,0.858,0.10191402,0.32776827,0.32776827,0.778,0.056988955,0.34139287,0.34139287,0.578,0.019932568,0.51851135,0.51851135,0.998,0.19019341,democracy_institutions,0.008000016,0.07978201,0.0004520923,0.0002976958,0.7342624,0.06650855,0.961098,0.0016974097,0.0002173914,0.00014539114,0.00060471025,0.00027372167,0.007584589,0.62623847,0.6934729,0.99930406,social_solidarity
merkel2_c004,merkel2,merkel,en,2017-12-31,new_year_address,4,10,0.444,91,78,0.23746428,0.23746428,0.314,-0.049208403,0.0,0.14677536,0.14677536,0.022,-0.12462661,0.0,0.37137026,0.37137026,0.89,0.11473316,2.5641026,0.2393336,0.2393336,0.398,-0.022686481,1.2820513,0.23322293,0.23322293,0.518,-0.012956694,0.0,0.34991458,0.34991458,0.722,0.048121125,0.0,0.25677526,0.25677526,0.182,-0.062259287,0.0,0.4193243,0.4193243,0.922,0.1259821,1.2820513,0.17306286,0.17306286,0.094,-0.09023908,0.36323553,0.36323553,0.63,0.029456168,0.23215906,0.23215906,0.178,-0.06616093,0.38221103,0.38221103,0.71,0.046559244,0.18865949,0.18865949,0.134,-0.08211982,0.22575152,0.22575152,0.158,-0.09570879,0.3154945,0.3154945,0.414,-0.012823433,future_reform_technology,0.032000005,0.25229192,0.0005484793,0.85128176,0.27757087,0.017644463,0.9951703,0.06785488,0.9896118,0.0005953407,0.14694206,0.65500504,0.9933201,0.5648787,0.161866,0.99849,social_solidarity
merkel2_c005,merkel2,merkel,en,2017-12-31,new_year_address,5,10,0.556,80,64,0.12554228,0.12554228,0.01,-0.1611304,0.0,0.2333298,0.2333298,0.346,-0.03807217,0.0,0.38898933,0.38898933,0.914,0.13235223,3.125,0.20951623,0.20951623,0.198,-0.052503854,0.0,0.2469072,0.2469072,0.578,0.000727579,0.0,0.21404862,0.21404862,0.178,-0.08774483,1.5625,0.2225667,0.2225667,0.042,-0.09646785,0.0,0.554198,0.554198,0.998,0.26085582,6.25,0.18788904,0.18788904,0.138,-0.0754129,0.23378082,0.23378082,0.086,-0.09999855,0.1837942,0.1837942,0.038,-0.114525795,0.36745238,0.36745238,0.666,0.031800598,0.1384483,0.1384483,0.018,-0.13233101,0.19807622,0.19807622,0.102,-0.12338409,0.3454032,0.3454032,0.59,0.017085254,future_reform_technology,0.08400005,0.0034496887,0.65290564,0.12874064,0.42667988,0.22659104,0.9865588,0.4125893,0.96538115,0.00012053648,0.0022040892,0.00032630764,0.91634387,0.00041487874,0.1765296,0.9967587,social_solidarity
merkel2_c006,merkel2,merkel,en,2017-12-31,new_year_address,6,10,0.667,110,93,0.24101761,0.24101761,0.342,-0.04565507,0.0,0.32225496,0.32225496,0.774,0.050852984,2.1505377,0.42937526,0.42937526,0.966,0.17273816,0.0,0.2587634,0.2587634,0.514,-0.0032566786,0.0,0.28106064,0.28106064,0.71,0.03488101,0.0,0.44438756,0.44438756,0.954,0.1425941,6.451613,0.29796493,0.29796493,0.358,-0.021069616,0.0,0.30785263,0.30785263,0.602,0.014510423,0.0,0.22361931,0.22361931,0.306,-0.039682627,0.32220712,0.32220712,0.442,-0.011572242,0.1717925,0.1717925,0.014,-0.12652749,0.31135398,0.31135398,0.406,-0.024297804,0.21903196,0.21903196,0.25,-0.051747352,0.32374477,0.32374477,0.538,0.0022844672,0.36785835,0.36785835,0.694,0.03954041,economy_welfare,0.012000024,0.9938906,0.0017961491,0.8949273,0.48145384,0.8758401,0.9923786,0.020488555,0.0017274587,0.00020582444,0.045352582,0.040077962,0.9658674,0.06354045,0.7748391,0.99951786,national_identity
merkel2_c007,merkel2,merkel,en,2017-12-31,new_year_address,7,10,0.778,113,95,0.3565619,0.3565619,0.786,0.06988922,0.0,0.38171506,0.38171506,0.906,0.11031309,1.0526316,0.22891702,0.22891702,0.406,-0.027720079,0.0,0.36105186,0.36105186,0.918,0.099031776,2.1052632,0.25084212,0.25084212,0.598,0.004662499,0.0,0.38431764,0.38431764,0.822,0.08252418,2.1052632,0.34490687,0.34490687,0.698,0.02587232,0.0,0.3095211,0.3095211,0.61,0.016178906,2.1052632,0.3246802,0.3246802,0.794,0.06137827,0.45153385,0.45153385,0.966,0.11775449,0.32511258,0.32511258,0.642,0.026792586,0.3634922,0.3634922,0.642,0.027840406,0.33158535,0.33158535,0.79,0.060806036,0.4186394,0.4186394,0.858,0.097179085,0.32829624,0.32829624,0.49,-2.169609e-05,foreign_policy,0.011999965,0.99459934,0.9988236,0.0010484693,0.9995299,0.47202936,0.99458355,0.465266,0.002157342,0.006576997,0.9293763,0.6638324,0.9910407,0.55892897,0.99978936,0.99824536,foreign_policy
merkel2_c008,merkel2,merkel,en,2017-12-31,new_year_address,8,10,0.889,91,84,0.23304081,0.23304081,0.298,-0.053631872,1.1904762,0.24631673,0.24631673,0.418,-0.02508524,1.1904762,0.21950781,0.21950781,0.346,-0.037129283,1.1904762,0.3616451,0.3616451,0.922,0.09962502,4.7619047,0.24502,0.24502,0.566,-0.0011596233,0.0,0.32041663,0.32041663,0.582,0.018623173,3.5714285,0.2968356,0.2968356,0.346,-0.022198945,0.0,0.33554393,0.33554393,0.718,0.042201728,2.3809524,0.27095,0.27095,0.562,0.007648051,0.39503688,0.39503688,0.778,0.06125751,0.19145104,0.19145104,0.05,-0.10686895,0.29412884,0.29412884,0.326,-0.04152295,0.26436898,0.26436898,0.49,-0.0064103305,0.18412367,0.18412367,0.062,-0.13733664,0.25478077,0.25478077,0.162,-0.07353717,foreign_policy,0.204,0.9987107,0.011755131,0.23300754,0.9995197,0.20537588,0.9291517,0.8386137,0.1683778,0.0003466678,0.9169687,0.0027900378,0.13075642,0.98046875,0.7817475,0.99696034,foreign_policy
merkel2_c009,merkel2,merkel,en,2017-12-31,new_year_address,9,10,1.0,165,133,0.37767014,0.37767014,0.834,0.09099746,1.5037594,0.21012439,0.21012439,0.194,-0.061277583,0.0,0.2384933,0.2384933,0.478,-0.018143803,0.0,0.22710592,0.22710592,0.29,-0.034914166,0.0,0.39558083,0.39558083,0.958,0.1494012,2.255639,0.45764485,0.45764485,0.966,0.1558514,2.255639,0.30405238,0.30405238,0.386,-0.014982164,0.0,0.2724125,0.2724125,0.47,-0.020929694,0.0,0.24018401,0.24018401,0.402,-0.02311793,0.42356327,0.42356327,0.906,0.08978391,0.35158873,0.35158873,0.818,0.05326873,0.3552861,0.3552861,0.606,0.019634306,0.28688073,0.28688073,0.642,0.01610142,0.38574657,0.38574657,0.75,0.06428626,0.32846382,0.32846382,0.494,0.00014588237,social_solidarity,0.008000016,0.9897117,0.00013109554,9.915273e-05,0.004977431,0.90995705,0.99978805,0.022032265,9.761566e-05,0.00018271108,0.57275265,0.0035831276,0.0069711157,0.9573377,0.9972208,0.98551035,social_solidarity
merkel2020_c000,merkel2020,merkel,en,2019-12-31,new_year_address,0,9,0.0,93,77,0.37462747,0.37462747,0.822,0.08795479,1.2987013,0.22517282,0.22517282,0.266,-0.046229154,0.0,0.25078452,0.25078452,0.574,-0.00585258,0.0,0.27481592,0.27481592,0.618,0.012795836,0.0,0.22960183,0.22960183,0.498,-0.016577795,0.0,0.36216706,0.36216706,0.762,0.060373604,1.2987013,0.3219242,0.3219242,0.55,0.002889663,0.0,0.36366564,0.36366564,0.806,0.07032344,0.0,0.27807692,0.27807692,0.614,0.014774978,0.43583822,0.43583822,0.938,0.10205886,0.4087662,0.4087662,0.93,0.110446215,0.4817921,0.4817921,0.95,0.1461403,0.30044568,0.30044568,0.694,0.029666364,0.34466544,0.34466544,0.61,0.023205131,0.396151,0.396151,0.802,0.067833066,national_identity,0.016000032,0.947926,0.29279745,0.2379299,0.49169996,0.39256966,0.99695444,0.48145384,0.3911733,0.00015118202,0.7846493,0.03574581,0.9938728,0.27914634,0.9843213,0.99854493,social_solidarity
merkel2020_c001,merkel2020,merkel,en,2019-12-31,new_year_address,1,9,0.125,146,122,0.2252956,0.2252956,0.258,-0.06137708,0.0,0.19261587,0.19261587,0.114,-0.078786105,0.0,0.33607668,0.33607668,0.834,0.07943958,2.4590163,0.18793395,0.18793395,0.13,-0.07408613,0.0,0.22199231,0.22199231,0.438,-0.024187312,0.8196721,0.21862058,0.21862058,0.186,-0.08317287,0.0,0.2330454,0.2330454,0.066,-0.08598915,0.0,0.49434376,0.49434376,0.994,0.20100155,3.2786884,0.16996592,0.16996592,0.09,-0.093336016,0.31188715,0.31188715,0.426,-0.02189222,0.31485912,0.31485912,0.586,0.016539127,0.3936481,0.3936481,0.742,0.057996303,0.15016326,0.15016326,0.046,-0.12061605,0.24033362,0.24033362,0.21,-0.08112669,0.32218397,0.32218397,0.45,-0.0061339736,future_reform_technology,0.16000003,0.99777436,0.0009678616,0.1336412,0.82158154,0.06935242,0.99924016,0.06047389,0.99452007,0.00087447185,0.7958961,0.8224299,0.99881446,0.05023736,0.99243015,0.994303,social_solidarity
merkel2020_c002,merkel2020,merkel,en,2019-12-31,new_year_address,2,9,0.25,122,104,0.18096906,0.18096906,0.114,-0.10570362,0.0,0.19555375,0.19555375,0.122,-0.07584822,1.9230769,0.1797387,0.1797387,0.134,-0.076898396,0.0,0.16238381,0.16238381,0.054,-0.09963627,0.0,0.14126323,0.14126323,0.058,-0.104916394,0.0,0.23377484,0.23377484,0.25,-0.068018615,0.0,0.31586403,0.31586403,0.474,-0.00317052,1.9230769,0.3924025,0.3924025,0.874,0.0990603,0.96153843,0.27082366,0.27082366,0.558,0.0075217187,0.30514097,0.30514097,0.39,-0.028638393,0.17980124,0.17980124,0.034,-0.118518755,0.30698115,0.30698115,0.382,-0.028670639,0.19175544,0.19175544,0.142,-0.07902387,0.19375697,0.19375697,0.086,-0.12770334,0.24708521,0.24708521,0.142,-0.08123273,future_reform_technology,0.4,0.091098696,0.09971104,0.085479975,0.9266778,0.113334045,0.99635005,0.99982077,0.10141133,0.008038597,0.5754986,0.34482944,0.23890516,0.97223073,0.14596547,0.99885976,crisis_resilience
merkel2020_c003,merkel2020,merkel,en,2019-12-31,new_year_address,3,9,0.375,179,157,0.18670902,0.18670902,0.126,-0.099963665,0.0,0.20934615,0.20934615,0.182,-0.062055826,0.0,0.23809627,0.23809627,0.47,-0.01854083,0.6369427,0.1944314,0.1944314,0.154,-0.06758869,0.0,0.23975343,0.23975343,0.542,-0.0064262003,0.6369427,0.22888444,0.22888444,0.23,-0.07290901,0.0,0.25057247,0.25057247,0.15,-0.068462074,0.0,0.40144575,0.40144575,0.894,0.10810354,1.910828,0.22091566,0.22091566,0.278,-0.04238628,0.24950102,0.24950102,0.13,-0.084278345,0.22654136,0.22654136,0.15,-0.07177864,0.3815959,0.3815959,0.706,0.045944124,0.22199477,0.22199477,0.262,-0.04878454,0.24266805,0.24266805,0.214,-0.07879226,0.4215403,0.4215403,0.894,0.09322235,future_reform_technology,0.352,0.5042724,0.0004339326,0.051023602,0.7799091,0.9675945,0.96455586,0.8779223,0.00042305797,0.00036117696,0.026430637,0.97482115,0.1945399,0.019069158,0.8440719,0.9885694,democracy_institutions
merkel2020_c004,merkel2020,merkel,en,2019-12-31,new_year_address,4,9,0.5,152,126,0.23939776,0.23939776,0.326,-0.047274917,0.0,0.18321119,0.18321119,0.086,-0.08819078,0.0,0.31225914,0.31225914,0.786,0.05562204,0.7936508,0.18329561,0.18329561,0.106,-0.07872447,0.0,0.3282106,0.3282106,0.842,0.08203097,1.5873016,0.43083638,0.43083638,0.922,0.12904292,3.9682539,0.26963717,0.26963717,0.23,-0.04939738,0.0,0.39057067,0.39057067,0.87,0.09722847,1.5873016,0.16903025,0.16903025,0.082,-0.09427169,0.2937433,0.2937433,0.326,-0.040036052,0.22982441,0.22982441,0.17,-0.06849559,0.2972552,0.2972552,0.35,-0.038396597,0.20169586,0.20169586,0.166,-0.06908345,0.34300485,0.34300485,0.598,0.021544546,0.28686953,0.28686953,0.274,-0.041448414,social_solidarity,0.051999986,0.086419806,0.00020382457,0.01794314,0.003021945,0.7331654,0.9675332,0.013571314,0.9662197,0.00021444012,0.6595834,0.9473323,0.97848773,0.0016500911,0.961296,0.99785733,social_solidarity
merkel2020_c005,merkel2020,merkel,en,2019-12-31,new_year_address,5,9,0.625,82,68,0.29328987,0.29328987,0.574,0.0066171885,0.0,0.339441,0.339441,0.818,0.06803903,0.0,0.21711509,0.21711509,0.342,-0.039522007,0.0,0.22116992,0.22116992,0.25,-0.040850163,0.0,0.43165955,0.43165955,0.982,0.18547992,1.4705882,0.36728483,0.36728483,0.774,0.06549138,0.0,0.33148226,0.33148226,0.61,0.012447715,0.0,0.26695856,0.26695856,0.422,-0.026383638,0.0,0.33603552,0.33603552,0.85,0.07273358,0.33195132,0.33195132,0.482,-0.0018280447,0.2365574,0.2365574,0.202,-0.0617626,0.2835571,0.2835571,0.278,-0.052094698,0.33066005,0.33066005,0.786,0.059880733,0.36784703,0.36784703,0.698,0.04638672,0.39541563,0.39541563,0.798,0.06709769,democracy_institutions,0.16399997,0.9913055,0.009840806,8.22019e-05,0.0058653387,0.9883127,0.999636,0.78837955,0.00019411319,0.02319763,0.01189205,0.33491564,0.043123376,0.0028118584,0.9997636,0.9995381,social_solidarity
merkel2020_c006,merkel2020,merkel,en,2019-12-31,new_year_address,6,9,0.75,99,88,0.31125736,0.31125736,0.638,0.02458468,1.1363636,0.3071651,0.3071651,0.706,0.035763115,0.0,0.28018504,0.28018504,0.702,0.023547947,1.1363636,0.29216415,0.29216415,0.71,0.030144066,2.2727273,0.36964864,0.36964864,0.918,0.12346901,2.2727273,0.4837329,0.4837329,0.994,0.18193945,4.5454545,0.3324566,0.3324566,0.622,0.013422042,0.0,0.25082758,0.25082758,0.306,-0.042514622,0.0,0.24865341,0.24865341,0.458,-0.014648527,0.41606423,0.41606423,0.874,0.08228487,0.25222707,0.25222707,0.27,-0.046092927,0.27536452,0.27536452,0.25,-0.060287267,0.28575802,0.28575802,0.638,0.014978707,0.452462,0.452462,0.91,0.13100168,0.2935894,0.2935894,0.314,-0.034728527,social_solidarity,0.076000035,0.87526816,0.02514291,0.07100922,0.6764062,0.64951605,0.9973581,0.06196107,0.00014912942,0.0002747927,0.9954704,0.7098243,0.0006106409,0.0019304941,0.99985576,0.93952614,social_solidarity
merkel2020_c007,merkel2020,merkel,en,2019-12-31,new_year_address,7,9,0.875,98,91,0.2040917,0.2040917,0.178,-0.08258098,0.0,0.22495073,0.22495073,0.262,-0.04645124,2.1978023,0.20145671,0.20145671,0.25,-0.055180386,0.0,0.41262132,0.41262132,0.978,0.15060124,4.3956046,0.19945595,0.19945595,0.29,-0.04672368,0.0,0.23420638,0.23420638,0.254,-0.06758708,0.0,0.22970313,0.22970313,0.054,-0.08933142,0.0,0.25638145,0.25638145,0.33,-0.03696075,0.0,0.2875999,0.2875999,0.63,0.024297953,0.4386829,0.4386829,0.946,0.10490355,0.23367023,0.23367023,0.186,-0.06464976,0.31528383,0.31528383,0.438,-0.02036795,0.23788503,0.23788503,0.342,-0.032894284,0.14829215,0.14829215,0.018,-0.17316815,0.26286602,0.26286602,0.194,-0.06545192,foreign_policy,0.648,0.12517227,0.044847902,0.00091283076,0.9998222,0.2678149,0.29938674,0.0571766,0.00043990326,0.21302909,0.92533123,0.043609522,0.86036915,0.5854567,0.06319268,0.9990169,foreign_policy
merkel2020_c008,merkel2020,merkel,en,2019-12-31,new_year_address,8,9,1.0,123,103,0.28150374,0.28150374,0.518,-0.0051689446,0.0,0.43666852,0.43666852,0.986,0.16526654,2.9126213,0.31601563,0.31601563,0.79,0.059378535,1.9417475,0.31161413,0.31161413,0.794,0.049594045,0.0,0.21255526,0.21255526,0.382,-0.033624366,0.0,0.38483167,0.38483167,0.826,0.08303821,0.9708738,0.37382227,0.37382227,0.826,0.054787725,0.0,0.34515733,0.34515733,0.746,0.051815122,0.0,0.33057094,0.33057094,0.834,0.067269,0.41360754,0.41360754,0.858,0.07982817,0.3814425,0.3814425,0.894,0.08312249,0.44254276,0.44254276,0.87,0.10689098,0.27848798,0.27848798,0.574,0.0077086687,0.5039547,0.5039547,0.954,0.1824944,0.3648026,0.3648026,0.686,0.03648466,security_military,0.16000003,0.06754668,0.9773492,0.65654814,0.004924511,0.15642679,0.99312955,0.027454607,0.003203718,0.0006538156,0.4785593,0.0009473091,0.6545636,0.041423477,0.99970865,0.9969956,social_solidarity
merkel3_c000,merkel3,merkel,en,2018-12-31,new_year_address,0,9,0.0,104,91,0.2879028,0.2879028,0.546,0.0012301207,1.0989012,0.18619624,0.18619624,0.098,-0.085205734,0.0,0.20400548,0.20400548,0.266,-0.052631617,0.0,0.20265707,0.20265707,0.178,-0.059363008,0.0,0.24969012,0.24969012,0.59,0.00351049,0.0,0.2431434,0.2431434,0.282,-0.05865006,0.0,0.33537734,0.33537734,0.638,0.016342789,0.0,0.21990442,0.21990442,0.162,-0.07343778,0.0,0.21722314,0.21722314,0.25,-0.0460788,0.2847873,0.2847873,0.286,-0.048992068,0.4545771,0.4545771,0.986,0.1562571,0.31459433,0.31459433,0.434,-0.021057457,0.29988056,0.29988056,0.686,0.029101253,0.31821674,0.31821674,0.514,-0.0032435656,0.37640578,0.37640578,0.734,0.048087835,crisis_resilience,0.048000038,0.02691231,0.0003360055,0.00018850983,0.40333182,0.22371608,0.75105524,0.19102566,0.000113234375,0.00014174657,0.00026634047,0.89670455,0.0039454065,0.7720584,0.576542,0.35761657,social_solidarity
merkel3_c001,merkel3,merkel,en,2018-12-31,new_year_address,1,9,0.125,98,87,0.32855764,0.32855764,0.694,0.04188496,0.0,0.2892025,0.2892025,0.638,0.01780054,0.0,0.2305749,0.2305749,0.434,-0.02606219,0.0,0.28785056,0.28785056,0.682,0.025830477,0.0,0.37181437,0.37181437,0.922,0.12563474,1.1494253,0.34920162,0.34920162,0.71,0.047408164,0.0,0.3428635,0.3428635,0.682,0.023828954,0.0,0.2646644,0.2646644,0.402,-0.028677791,0.0,0.2635451,0.2635451,0.526,0.00024315715,0.39333352,0.39333352,0.77,0.05955416,0.33428484,0.33428484,0.702,0.035964847,0.31806946,0.31806946,0.454,-0.017582327,0.26167047,0.26167047,0.462,-0.009108841,0.35045797,0.35045797,0.626,0.02899766,0.36385417,0.36385417,0.682,0.03553623,democracy_institutions,0.21200001,0.99613065,0.26291278,0.008813166,0.7685595,0.99505633,0.97038054,0.39424467,0.00013420395,0.00031627135,0.99377084,0.9137535,0.0010242064,0.15071502,0.89054435,0.9991928,national_identity
merkel3_c002,merkel3,merkel,en,2018-12-31,new_year_address,2,9,0.25,104,93,0.23947138,0.23947138,0.33,-0.047201306,0.0,0.20846584,0.20846584,0.17,-0.06293613,0.0,0.18410847,0.18410847,0.162,-0.07252863,0.0,0.31675297,0.31675297,0.806,0.05473289,0.0,0.33254588,0.33254588,0.862,0.08636625,1.0752689,0.29073772,0.29073772,0.446,-0.011055738,1.0752689,0.3005832,0.3005832,0.366,-0.018451333,1.0752689,0.37082106,0.37082106,0.834,0.077478856,0.0,0.23793001,0.23793001,0.386,-0.025371924,0.40476972,0.40476972,0.822,0.070990354,0.34731197,0.34731197,0.79,0.04899198,0.4092955,0.4092955,0.786,0.073643714,0.2700948,0.2700948,0.514,-0.00068449974,0.28652054,0.28652054,0.41,-0.034939766,0.4192709,0.4192709,0.886,0.09095296,democracy_institutions,0.027999997,0.9335521,0.00498227,0.0057358136,0.60626537,0.96692866,0.9991991,0.93020505,0.00013685055,0.00038899208,0.9758776,0.99014014,0.00081993215,0.18565173,0.78353333,0.99927205,social_solidarity
merkel3_c003,merkel3,merkel,en,2018-12-31,new_year_address,3,9,0.375,101,89,0.1277513,0.1277513,0.018,-0.15892138,0.0,0.14935899,0.14935899,0.026,-0.122042984,0.0,0.10886433,0.10886433,0.006,-0.14777276,0.0,0.1974436,0.1974436,0.162,-0.06457648,2.247191,0.11294206,0.11294206,0.018,-0.13323757,0.0,0.127682,0.127682,0.006,-0.17411146,0.0,0.2252939,0.2252939,0.05,-0.09374064,0.0,0.18076709,0.18076709,0.058,-0.112575114,0.0,0.15496898,0.15496898,0.046,-0.10833296,0.1794877,0.1794877,0.002,-0.15429166,0.17226675,0.17226675,0.018,-0.12605324,0.20080088,0.20080088,0.042,-0.1348509,0.14520079,0.14520079,0.03,-0.12557852,0.15692574,0.15692574,0.022,-0.16453457,0.1585556,0.1585556,0.022,-0.16976234,foreign_policy,0.104,0.78645885,0.14666685,8.156224e-05,0.53096616,0.00012267377,0.0032413602,0.014871001,0.10961042,5.9440885e-05,0.0042315875,0.9128643,0.24427286,0.6339345,0.57128835,0.72003007,national_identity
merkel3_c004,merkel3,merkel,en,2018-12-31,new_year_address,4,9,0.5,160,138,0.2197768,0.2197768,0.238,-0.06689589,0.0,0.3280968,0.3280968,0.79,0.056694835,1.4492754,0.18961489,0.18961489,0.194,-0.067022204,0.0,0.3802722,0.3802722,0.942,0.11825213,2.173913,0.199682,0.199682,0.294,-0.046497628,0.0,0.32413277,0.32413277,0.602,0.022339314,0.0,0.41600072,0.41600072,0.938,0.09696618,1.4492754,0.27918994,0.27918994,0.498,-0.014152259,0.7246377,0.3949691,0.3949691,0.97,0.13166717,0.4316466,0.4316466,0.926,0.09786722,0.26207262,0.26207262,0.306,-0.036247373,0.24277246,0.24277246,0.158,-0.092879325,0.29908872,0.29908872,0.682,0.028309405,0.21939361,0.21939361,0.142,-0.102066696,0.24173784,0.24173784,0.114,-0.0865801,foreign_policy,0.0039999485,0.289673,0.008429287,0.00047101182,0.9606205,0.3573152,0.105809614,0.9959259,0.0002178163,0.0379637,0.35329047,0.9931628,0.0040701376,0.7683097,0.010468839,0.95890486,crisis_resilience
merkel3_c005,merkel3,merkel,en,2018-12-31,new_year_address,5,9,0.625,87,79,0.1636231,0.1636231,0.07,-0.12304959,3.7974684,0.2780764,0.2780764,0.598,0.0066744387,2.5316455,0.19560286,0.19560286,0.226,-0.061034232,0.0,0.408778,0.408778,0.97,0.14675793,5.063291,0.19435817,0.19435817,0.27,-0.051821455,0.0,0.23480436,0.23480436,0.258,-0.066989094,1.2658228,0.24418193,0.24418193,0.11,-0.074852616,0.0,0.287001,0.287001,0.542,-0.006341189,0.0,0.24281685,0.24281685,0.43,-0.020485088,0.34625858,0.34625858,0.534,0.012479216,0.19746137,0.19746137,0.07,-0.10085863,0.33084196,0.33084196,0.526,-0.0048098266,0.21397783,0.21397783,0.206,-0.056801483,0.18197668,0.18197668,0.05,-0.13948363,0.32517543,0.32517543,0.47,-0.003142506,foreign_policy,0.37200004,0.030516496,0.82976806,0.00021111623,0.9985335,0.033526164,0.00070828665,0.031232351,0.00013289992,0.0011626856,0.9180404,0.035611417,0.37153557,0.13925366,0.95300794,0.9978469,foreign_policy
merkel3_c006,merkel3,merkel,en,2018-12-31,new_year_address,6,9,0.75,122,103,0.28003412,0.28003412,0.51,-0.0066385567,0.9708738,0.32971993,0.32971993,0.802,0.05831796,2.9126213,0.3038249,0.3038249,0.762,0.047187805,1.9417475,0.22453511,0.22453511,0.27,-0.037484974,1.9417475,0.33253932,0.33253932,0.858,0.086359695,0.9708738,0.43615147,0.43615147,0.934,0.13435802,1.9417475,0.31951833,0.31951833,0.522,0.0004837811,0.9708738,0.2603693,0.2603693,0.362,-0.032972902,0.9708738,0.24547896,0.24547896,0.442,-0.01782298,0.4071942,0.4071942,0.83,0.07341483,0.31443468,0.31443468,0.582,0.016114682,0.31807196,0.31807196,0.458,-0.017579824,0.25655073,0.25655073,0.446,-0.014228582,0.54958355,0.54958355,0.97,0.22812325,0.36043882,0.36043882,0.666,0.032120883,social_solidarity,0.076000035,0.005307047,0.992718,0.2817019,0.73890465,0.50906277,0.99961627,0.050307296,0.00019910398,0.0013617033,0.44552952,0.011766483,0.18557791,0.005291605,0.999758,0.99937975,social_solidarity
merkel3_c007,merkel3,merkel,en,2018-12-31,new_year_address,7,9,0.875,136,119,0.2510002,0.2510002,0.41,-0.035672486,0.0,0.26239133,0.26239133,0.51,-0.009010643,0.0,0.40479493,0.40479493,0.942,0.14815784,1.6806723,0.24993709,0.24993709,0.466,-0.012082994,0.0,0.31011367,0.31011367,0.81,0.06393404,0.0,0.40497196,0.40497196,0.882,0.1031785,2.5210085,0.33887857,0.33887857,0.654,0.019844025,0.0,0.493228,0.493228,0.99,0.19988579,1.6806723,0.26883847,0.26883847,0.546,0.0055365264,0.33221656,0.33221656,0.486,-0.001562804,0.24722466,0.24722466,0.246,-0.051095337,0.36992747,0.36992747,0.682,0.03427568,0.2646836,0.2646836,0.498,-0.0060957074,0.29416394,0.29416394,0.43,-0.027296364,0.40196437,0.40196437,0.85,0.073646426,future_reform_technology,0.048000038,0.99970865,0.0007643034,0.1305173,0.780955,0.7472011,0.9995635,0.9960315,0.39443418,9.87662e-05,0.4521353,0.0312915,0.8981875,0.99513257,0.7700327,0.9982488,national_identity
merkel3_c008,merkel3,merkel,en,2018-12-31,new_year_address,8,9,1.0,92,82,0.24787946,0.24787946,0.386,-0.03879322,0.0,0.21935706,0.21935706,0.23,-0.052044913,0.0,0.24509752,0.24509752,0.53,-0.011539578,0.0,0.21268255,0.21268255,0.214,-0.049337536,0.0,0.22554365,0.22554365,0.474,-0.020635977,0.0,0.4081205,0.4081205,0.886,0.10632706,3.6585367,0.29715088,0.29715088,0.354,-0.021883667,0.0,0.3650635,0.3650635,0.818,0.071721286,1.2195122,0.24078076,0.24078076,0.41,-0.022521183,0.40045685,0.40045685,0.794,0.06667748,0.31351173,0.31351173,0.566,0.015191734,0.4887576,0.4887576,0.958,0.15310583,0.18764678,0.18764678,0.13,-0.083132535,0.27150026,0.27150026,0.362,-0.049960047,0.36144128,0.36144128,0.67,0.033123344,social_solidarity,0.06799996,0.0044945255,0.00075246283,0.0069306716,0.0019006215,0.06465349,0.94251007,0.07942427,0.00040369257,0.000865981,0.17047347,0.0005930211,0.21485612,0.062645696,0.98664916,0.99934745,social_solidarity
putin2022_c000,putin2022,putin,en,2022-12-31,new_year_address,0,11,0.0,115,91,0.34122798,0.34122798,0.734,0.054555297,2.1978023,0.27164862,0.27164862,0.562,0.00024664402,0.0,0.18208697,0.18208697,0.158,-0.07455012,0.0,0.24986368,0.24986368,0.462,-0.012156397,0.0,0.21561971,0.21561971,0.406,-0.030559912,0.0,0.34958655,0.34958655,0.714,0.04779309,1.0989012,0.3355997,0.3355997,0.642,0.016565144,0.0,0.22553766,0.22553766,0.182,-0.067804545,0.0,0.27600366,0.27600366,0.594,0.01270172,0.31812733,0.31812733,0.438,-0.01565203,0.42204702,0.42204702,0.97,0.12372702,0.29960883,0.29960883,0.354,-0.03604296,0.32030556,0.32030556,0.75,0.049526244,0.40179926,0.40179926,0.826,0.080338955,0.30080277,0.30080277,0.334,-0.027515173,national_identity,0.02000004,0.98926485,0.08820969,0.00011412239,0.86949307,0.0019006215,0.99510413,0.14862551,0.00023005705,0.0003366622,0.0024060886,0.5678468,0.998377,0.7956085,0.9956853,0.9868534,social_solidarity
putin2022_c001,putin2022,putin,en,2022-12-31,new_year_address,1,11,0.1,100,85,0.39781857,0.39781857,0.866,0.111145884,2.3529413,0.37231946,0.37231946,0.886,0.10091749,0.0,0.22957411,0.22957411,0.418,-0.027062982,0.0,0.3266704,0.3266704,0.842,0.06465033,0.0,0.24934131,0.24934131,0.586,0.0031616837,0.0,0.31003794,0.31003794,0.522,0.008244485,1.1764706,0.3405344,0.3405344,0.674,0.021499842,0.0,0.34756672,0.34756672,0.754,0.05422452,2.3529413,0.37383476,0.37383476,0.95,0.11053282,0.34628302,0.34628302,0.538,0.012503654,0.4094391,0.4094391,0.938,0.11111909,0.42802328,0.42802328,0.838,0.09237149,0.33435643,0.33435643,0.806,0.063577116,0.30550015,0.30550015,0.478,-0.015960157,0.3360522,0.3360522,0.546,0.007734269,security_military,0.01999998,0.99903595,0.08445499,0.00031688946,0.6674729,0.06766981,0.9838316,0.99586606,0.00040924744,0.014615669,0.94394475,0.9819966,0.8829083,0.6965779,0.97831225,0.998914,national_identity
putin2022_c002,putin2022,putin,en,2022-12-31,new_year_address,2,11,0.2,112,96,0.3846147,0.3846147,0.842,0.097942024,3.125,0.36945465,0.36945465,0.882,0.09805268,2.0833333,0.18123195,0.18123195,0.146,-0.07540515,0.0,0.30106077,0.30106077,0.75,0.039040685,1.0416666,0.20122305,0.20122305,0.298,-0.04495658,0.0,0.3177025,0.3177025,0.558,0.015909046,1.0416666,0.46363634,0.46363634,0.982,0.14460179,0.0,0.27483237,0.27483237,0.486,-0.018509835,1.0416666,0.35289735,0.35289735,0.89,0.08959541,0.3484433,0.3484433,0.55,0.014663935,0.41025487,0.41025487,0.946,0.11193487,0.31714994,0.31714994,0.45,-0.018501848,0.33728197,0.33728197,0.826,0.06650266,0.356394,0.356394,0.65,0.034933686,0.29236203,0.29236203,0.306,-0.035955906,crisis_resilience,0.099999964,0.99501777,0.9993601,9.704542e-05,0.7809132,0.0049436893,0.04457678,0.9084962,0.00017400546,0.0038244834,0.0035243414,0.9958012,0.8997838,0.9443824,0.9955706,0.9987232,security_military
putin2022_c003,putin2022,putin,en,2022-12-31,new_year_address,3,11,0.3,124,101,0.17707942,0.17707942,0.106,-0.10959326,0.0,0.21271911,0.21271911,0.206,-0.05868286,1.980198,0.14121395,0.14121395,0.038,-0.11542314,0.0,0.27722597,0.27722597,0.63,0.01520589,0.0,0.13882431,0.13882431,0.042,-0.10735531,0.0,0.1772246,0.1772246,0.066,-0.12456885,0.0,0.19162291,0.19162291,0.002,-0.12741163,0.0,0.18654889,0.18654889,0.07,-0.106793314,0.0,0.3546877,0.3546877,0.902,0.09138575,0.30148456,0.30148456,0.374,-0.03229481,0.17322426,0.17322426,0.022,-0.12509574,0.21789995,0.21789995,0.07,-0.11775184,0.37263584,0.37263584,0.906,0.10185653,0.1746045,0.1746045,0.038,-0.1468558,0.20928381,0.20928381,0.058,-0.11903413,foreign_policy,0.424,0.1582719,0.9113771,0.00012291357,0.97830194,0.31261915,0.043793183,0.91873574,0.00032567108,0.71463424,0.041133627,0.94146615,0.053849384,0.9993538,0.19046037,0.5816002,foreign_policy
putin2022_c004,putin2022,putin,en,2022-12-31,new_year_address,4,11,0.4,132,112,0.25039884,0.25039884,0.406,-0.036273837,0.89285713,0.48406902,0.48406902,0.994,0.21266705,2.6785715,0.18178803,0.18178803,0.15,-0.07484907,0.0,0.21595967,0.21595967,0.234,-0.046060413,0.0,0.17769039,0.17769039,0.162,-0.06848924,0.0,0.28473914,0.28473914,0.418,-0.01705432,0.89285713,0.29571217,0.29571217,0.338,-0.023322374,0.0,0.20031306,0.20031306,0.102,-0.09302914,0.0,0.33702454,0.33702454,0.854,0.0737226,0.29974526,0.29974526,0.358,-0.034034103,0.24960671,0.24960671,0.258,-0.04871328,0.23490307,0.23490307,0.102,-0.10074872,0.278191,0.278191,0.562,0.0074116886,0.49666795,0.49666795,0.946,0.17520764,0.28784546,0.28784546,0.286,-0.040472478,security_military,0.576,0.86281466,0.99923575,0.0005747862,0.26521388,0.14361507,0.95659363,0.12847047,0.00026634047,0.01685008,0.29688355,0.24698712,0.0057749297,0.11726851,0.9986646,0.9992416,security_military
putin2022_c005,putin2022,putin,en,2022-12-31,new_year_address,5,11,0.5,147,119,0.26035696,0.26035696,0.438,-0.026315719,0.0,0.4137346,0.4137346,0.974,0.14233264,2.5210085,0.25071904,0.25071904,0.57,-0.005918056,0.0,0.18300703,0.18300703,0.102,-0.07901305,0.0,0.18518211,0.18518211,0.198,-0.060997516,0.0,0.3695631,0.3695631,0.782,0.06776965,0.84033614,0.33995885,0.33995885,0.67,0.0209243,0.0,0.18315902,0.18315902,0.062,-0.11018318,0.0,0.22732131,0.22732131,0.33,-0.035980627,0.3260737,0.3260737,0.466,-0.0077056587,0.27922475,0.27922475,0.422,-0.019095242,0.2354342,0.2354342,0.106,-0.10021758,0.23696609,0.23696609,0.326,-0.033813223,0.6711724,0.6711724,0.998,0.34971207,0.27912498,0.27912498,0.25,-0.049192965,security_military,0.19199997,0.5280467,0.99481523,0.0006641049,0.53125495,0.0046365354,0.95228654,0.17137733,0.72831374,0.09764824,0.07110591,0.23462582,0.0029810325,0.08032139,0.9997012,0.9920003,security_military
putin2022_c006,putin2022,putin,en,2022-12-31,new_year_address,6,11,0.6,123,103,0.17554133,0.17554133,0.098,-0.111131355,0.0,0.26448923,0.26448923,0.534,-0.006912738,0.9708738,0.27459586,0.27459586,0.678,0.01795876,1.9417475,0.34067747,0.34067747,0.874,0.07865739,0.9708738,0.19540897,0.19540897,0.274,-0.050770655,0.0,0.20294876,0.20294876,0.13,-0.09884469,0.9708738,0.38226572,0.38226572,0.858,0.06323117,0.9708738,0.22749761,0.22749761,0.194,-0.065844595,0.9708738,0.31529176,0.31529176,0.758,0.051989824,0.30638754,0.30638754,0.402,-0.027391821,0.27511418,0.27511418,0.39,-0.023205817,0.26664358,0.26664358,0.214,-0.0690082,0.27047944,0.27047944,0.518,-0.00029987097,0.23821935,0.23821935,0.198,-0.083240956,0.24471146,0.24471146,0.122,-0.08360648,foreign_policy,0.016000032,0.99901116,0.34411275,0.030879725,0.99216896,0.024145423,0.056913942,0.9346938,0.0012497095,0.042344384,0.65035623,0.9635062,0.1890715,0.9334308,0.9808209,0.9948153,national_identity
putin2022_c007,putin2022,putin,en,2022-12-31,new_year_address,7,11,0.7,118,106,0.2495624,0.2495624,0.394,-0.037110284,0.0,0.1992625,0.1992625,0.138,-0.07213947,0.9433962,0.180064,0.180064,0.138,-0.0765731,0.0,0.176681,0.176681,0.086,-0.085339084,0.0,0.14106539,0.14106539,0.054,-0.10511424,0.0,0.47726712,0.47726712,0.99,0.17547366,1.8867924,0.29203388,0.29203388,0.322,-0.027000666,0.0,0.19232242,0.19232242,0.078,-0.101019785,0.0,0.1985173,0.1985173,0.17,-0.064784646,0.3668695,0.3668695,0.662,0.033090144,0.23005643,0.23005643,0.174,-0.06826356,0.22168817,0.22168817,0.074,-0.11396362,0.23422575,0.23422575,0.306,-0.03655356,0.41380292,0.41380292,0.854,0.092342615,0.24235073,0.24235073,0.118,-0.08596721,social_solidarity,0.596,0.9780518,0.050144248,0.018770076,0.8011494,0.025202826,0.9988028,0.0073743653,0.001140223,0.013597485,0.9421085,0.04020025,0.020527786,0.46648103,0.9995884,0.9950515,social_solidarity
putin2022_c008,putin2022,putin,en,2022-12-31,new_year_address,8,11,0.8,93,79,0.24223027,0.24223027,0.362,-0.044442415,0.0,0.3866918,0.3866918,0.926,0.11528984,0.0,0.25789577,0.25789577,0.602,0.0012586713,0.0,0.15239622,0.15239622,0.038,-0.109623864,0.0,0.1645509,0.1645509,0.126,-0.081628725,0.0,0.41014194,0.41014194,0.894,0.10834849,3.7974684,0.31061208,0.31061208,0.434,-0.008422464,0.0,0.2266016,0.2266016,0.19,-0.0667406,1.2658228,0.25083965,0.25083965,0.486,-0.012462288,0.3234899,0.3234899,0.45,-0.01028946,0.27908906,0.27908906,0.418,-0.019230932,0.25245833,0.25245833,0.182,-0.08319345,0.2344162,0.2344162,0.31,-0.03636311,0.47039062,0.47039062,0.934,0.14893031,0.30206817,0.30206817,0.342,-0.026249766,security_military,0.032000005,0.027795624,0.00689046,0.00024015535,0.005099818,0.0151307285,0.999675,0.89552265,0.00016636302,0.123656355,0.22093019,0.96771675,0.0006094502,0.0072397795,0.9991144,0.9948704,social_solidarity
putin2022_c009,putin2022,putin,en,2022-12-31,new_year_address,9,11,0.9,80,68,0.31591725,0.31591725,0.658,0.029244572,0.0,0.2169303,0.2169303,0.222,-0.05447167,0.0,0.22174646,0.22174646,0.354,-0.034890637,0.0,0.2100446,0.2100446,0.202,-0.05197549,0.0,0.18857227,0.18857227,0.226,-0.057607353,0.0,0.49270788,0.49270788,0.998,0.19091442,4.4117646,0.3626651,0.3626651,0.77,0.04363054,0.0,0.2040892,0.2040892,0.122,-0.08925301,0.0,0.22151753,0.22151753,0.29,-0.041784406,0.41584024,0.41584024,0.87,0.08206087,0.3716384,0.3716384,0.858,0.07331839,0.29519022,0.29519022,0.338,-0.04046157,0.245945,0.245945,0.386,-0.024834305,0.42027503,0.42027503,0.87,0.098814726,0.29252142,0.29252142,0.31,-0.035796523,social_solidarity,0.22800004,0.96982116,0.0001855878,0.00025764457,0.0018494504,0.0025409926,0.7765806,0.0021891065,0.00010150383,0.0001788282,0.013197362,0.20339091,0.0020072418,0.0459268,0.2507293,0.0056638652,national_identity
putin2022_c010,putin2022,putin,en,2022-12-31,new_year_address,10,11,1.0,188,158,0.36475372,0.36475372,0.798,0.07808104,0.6329114,0.26288778,0.26288778,0.522,-0.008514196,0.6329114,0.22593564,0.22593564,0.37,-0.030701458,0.0,0.22979973,0.22979973,0.302,-0.03222035,0.0,0.19034734,0.19034734,0.238,-0.05583228,0.0,0.43298995,0.43298995,0.926,0.1311965,3.164557,0.32048893,0.32048893,0.53,0.0014543831,0.6329114,0.27399704,0.27399704,0.482,-0.019345164,0.6329114,0.27647376,0.27647376,0.602,0.013171822,0.41965288,0.41965288,0.894,0.085873514,0.38596845,0.38596845,0.902,0.08764845,0.3681469,0.3681469,0.674,0.03249511,0.27821612,0.27821612,0.566,0.007436812,0.43333945,0.43333945,0.886,0.11187914,0.31245488,0.31245488,0.398,-0.015863061,social_solidarity,0.12800002,0.6775807,0.0038468714,0.00032822453,0.10199123,0.002657431,0.48645353,0.020274078,0.00052337564,0.00033209226,0.016324438,0.0027791907,0.3504214,0.001153648,0.99390835,0.97986126,national_identity
putin2023_c000,putin2023,putin,en,2023-12-31,new_year_address,0,6,0.0,93,75,0.365757,0.365757,0.806,0.07908431,4.0,0.32239795,0.32239795,0.778,0.050995976,1.3333334,0.24188457,0.24188457,0.506,-0.014752522,0.0,0.29349628,0.29349628,0.726,0.0314762,0.0,0.25001633,0.25001633,0.594,0.0038367063,1.3333334,0.32089353,0.32089353,0.586,0.01910007,1.3333334,0.33440524,0.33440524,0.63,0.015370697,0.0,0.30942,0.30942,0.606,0.016077787,1.3333334,0.27639943,0.27639943,0.598,0.013097495,0.3380677,0.3380677,0.498,0.0042883456,0.5309461,0.5309461,0.994,0.23262608,0.41227067,0.41227067,0.794,0.07661888,0.2808798,0.2808798,0.598,0.010100484,0.38748696,0.38748696,0.754,0.06602666,0.35191947,0.35191947,0.634,0.023601532,national_identity,0.027999997,0.9265035,0.116437085,0.00017332716,0.6622506,0.14601111,0.9746287,0.4195142,0.00060471025,0.0018932259,0.7155358,0.9627257,0.85369945,0.047958106,0.9971133,0.99945474,social_solidarity
putin2023_c001,putin2023,putin,en,2023-12-31,new_year_address,1,6,0.2,91,82,0.50015616,0.50015616,0.994,0.21348348,3.6585367,0.28506786,0.28506786,0.626,0.013665885,0.0,0.23562069,0.23562069,0.454,-0.021016404,0.0,0.30304646,0.30304646,0.754,0.041026384,0.0,0.20300671,0.20300671,0.314,-0.04317291,0.0,0.43415606,0.43415606,0.93,0.1323626,1.2195122,0.41205263,0.41205263,0.93,0.093018085,0.0,0.2714912,0.2714912,0.458,-0.021851003,0.0,0.32193127,0.32193127,0.778,0.058629334,0.44491845,0.44491845,0.958,0.11113909,0.32258922,0.32258922,0.63,0.024269223,0.31193388,0.31193388,0.41,-0.02371791,0.36587173,0.36587173,0.886,0.095092416,0.38233128,0.38233128,0.738,0.060870975,0.3078061,0.3078061,0.382,-0.020511836,national_identity,0.06400001,0.99924016,0.0033930838,0.00041326188,0.98067343,0.010209054,0.99955404,0.891764,0.00018164382,0.0011225652,0.89327455,0.99957526,0.93257624,0.04213697,0.978333,0.9942307,social_solidarity
putin2023_c002,putin2023,putin,en,2023-12-31,new_year_address,2,6,0.4,91,78,0.4071375,0.4071375,0.882,0.12046483,2.5641026,0.3855901,0.3855901,0.922,0.114188135,1.2820513,0.2499187,0.2499187,0.558,-0.006718397,0.0,0.21211703,0.21211703,0.206,-0.04990305,0.0,0.20987353,0.20987353,0.362,-0.036306098,0.0,0.47615528,0.47615528,0.986,0.17436182,1.2820513,0.3970534,0.3970534,0.91,0.078018844,0.0,0.22141239,0.22141239,0.17,-0.07192981,0.0,0.30377597,0.30377597,0.702,0.040474027,0.4499336,0.4499336,0.962,0.11615422,0.30219054,0.30219054,0.506,0.0038705468,0.24933243,0.24933243,0.166,-0.08631936,0.33648974,0.33648974,0.822,0.065710425,0.59177923,0.59177923,0.99,0.27031893,0.30802873,0.30802873,0.386,-0.020289212,social_solidarity,0.06400001,0.9997813,0.9462749,0.00063867954,0.267456,0.012600628,0.9994611,0.07912133,0.00016964368,0.014828144,0.99004436,0.3643251,0.00039666123,0.3287247,0.9986801,0.9359492,national_identity
putin2023_c003,putin2023,putin,en,2023-12-31,new_year_address,3,6,0.6,84,77,0.37726462,0.37726462,0.83,0.09059194,1.2987013,0.25958323,0.25958323,0.498,-0.011818737,0.0,0.18426654,0.18426654,0.166,-0.07237056,0.0,0.2145623,0.2145623,0.222,-0.047457784,0.0,0.1774728,0.1774728,0.158,-0.068706825,0.0,0.3969144,0.3969144,0.854,0.09512094,5.194805,0.37960708,0.37960708,0.85,0.060572535,0.0,0.2056003,0.2056003,0.13,-0.0877419,0.0,0.27035198,0.27035198,0.554,0.0070500374,0.4197803,0.4197803,0.898,0.08600095,0.27219456,0.27219456,0.358,-0.026125431,0.24637464,0.24637464,0.162,-0.08927715,0.34299463,0.34299463,0.846,0.07221532,0.383412,0.383412,0.742,0.061951697,0.28120917,0.28120917,0.254,-0.04710877,social_solidarity,0.0039999485,0.9992342,0.09534946,0.0090115545,0.703142,0.14872593,0.9994996,0.11182183,0.00075836,0.0022961593,0.99494946,0.98877716,0.06717858,0.00079317606,0.99886644,0.99953544,social_solidarity
putin2023_c004,putin2023,putin,en,2023-12-31,new_year_address,4,6,0.8,86,72,0.3053823,0.3053823,0.618,0.01870963,0.0,0.2110162,0.2110162,0.202,-0.06038578,1.3888888,0.2412755,0.2412755,0.502,-0.015361592,0.0,0.2329029,0.2329029,0.338,-0.029117182,0.0,0.2318984,0.2318984,0.506,-0.014281228,0.0,0.40841645,0.40841645,0.89,0.106622994,9.722222,0.24303785,0.24303785,0.102,-0.0759967,0.0,0.3135571,0.3135571,0.642,0.020214885,0.0,0.18182579,0.18182579,0.122,-0.08147615,0.3261373,0.3261373,0.47,-0.0076420605,0.34903213,0.34903213,0.798,0.05071214,0.4166471,0.4166471,0.806,0.08099532,0.20931119,0.20931119,0.19,-0.061468124,0.35041678,0.35041678,0.622,0.028956473,0.33958822,0.33958822,0.558,0.011270285,social_solidarity,0.24799997,0.9545628,0.00080565666,0.0007408055,0.015116182,0.20191158,0.9978966,0.00083609036,0.0028560127,0.00041894842,0.0026010936,0.0015487612,0.99908006,0.0014214043,0.9006391,0.98879874,social_solidarity
putin2023_c005,putin2023,putin,en,2023-12-31,new_year_address,5,6,1.0,139,107,0.4722227,0.4722227,0.974,0.18555,5.6074767,0.2737224,0.2737224,0.578,0.0023204386,0.0,0.2354977,0.2354977,0.45,-0.021139398,0.0,0.2992103,0.2992103,0.746,0.03719023,0.0,0.23829526,0.23829526,0.534,-0.007884368,0.0,0.43876845,0.43876845,0.942,0.13697499,4.6728973,0.30492014,0.30492014,0.398,-0.01411441,0.0,0.3376163,0.3376163,0.734,0.04427409,1.8691589,0.24552852,0.24552852,0.446,-0.01777342,0.39371705,0.39371705,0.774,0.059937686,0.34345618,0.34345618,0.77,0.045136184,0.408282,0.408282,0.782,0.07263023,0.30397934,0.30397934,0.706,0.033200026,0.3630448,0.3630448,0.682,0.04158449,0.32915264,0.32915264,0.502,0.00083470345,national_identity,0.032000005,0.46238205,0.00424808,0.00051325787,0.014517546,0.0012136716,0.1654582,0.0050899186,0.0005203197,0.0004583129,0.034848027,0.013689478,0.058830608,0.025613917,0.5452857,0.8104789,national_identity
putin2024_c000,putin2024,putin,en,2024-12-31,new_year_address,0,4,0.0,137,108,0.40934554,0.40934554,0.886,0.122672856,2.7777777,0.20619202,0.20619202,0.158,-0.065209955,0.0,0.2025602,0.2025602,0.258,-0.054076895,0.0,0.27870172,0.27870172,0.646,0.016681641,0.0,0.20227978,0.20227978,0.31,-0.04389985,0.0,0.30208212,0.30208212,0.514,0.0002886653,0.0,0.32840186,0.32840186,0.602,0.009367317,0.9259259,0.32140973,0.32140973,0.674,0.02806753,0.9259259,0.22108343,0.22108343,0.282,-0.042218506,0.40226236,0.40226236,0.81,0.068482995,0.49216273,0.49216273,0.99,0.19384274,0.43161902,0.43161902,0.842,0.09596723,0.24695426,0.24695426,0.39,-0.02382505,0.36486173,0.36486173,0.69,0.04340142,0.32863352,0.32863352,0.498,0.0003155768,national_identity,0.21199995,0.99962074,0.04618423,0.08651622,0.8586593,0.26492852,0.99807703,0.06644793,0.22354653,0.0002913701,0.9078855,0.89858866,0.98418504,0.001627721,0.98068726,0.9989077,national_identity
putin2024_c001,putin2024,putin,en,2024-12-31,new_year_address,1,4,0.333,123,105,0.42485225,0.42485225,0.914,0.13817957,1.9047619,0.38810903,0.38810903,0.934,0.11670706,0.95238096,0.274754,0.274754,0.682,0.018116891,0.0,0.34102044,0.34102044,0.878,0.079000354,0.0,0.27083114,0.27083114,0.674,0.024651513,0.95238096,0.38256052,0.38256052,0.814,0.080767065,0.95238096,0.4078651,0.4078651,0.922,0.08883056,0.95238096,0.34932196,0.34932196,0.766,0.05597976,0.95238096,0.37250823,0.37250823,0.938,0.10920629,0.37513703,0.37513703,0.686,0.041357666,0.3522434,0.3522434,0.822,0.0539234,0.4593472,0.4593472,0.922,0.1236954,0.34543893,0.34543893,0.854,0.074659616,0.3875258,0.3875258,0.758,0.06606549,0.39785808,0.39785808,0.818,0.06954014,security_military,0.012000024,0.977132,0.1613863,0.0018315101,0.9801293,0.2153095,0.43338183,0.95561,0.0008642928,0.0024582131,0.10725032,0.014785408,0.9958418,0.8914336,0.99671733,0.99968433,foreign_policy
putin2024_c002,putin2024,putin,en,2024-12-31,new_year_address,2,4,0.667,158,132,0.33919376,0.33919376,0.718,0.05252108,2.2727273,0.41161746,0.41161746,0.958,0.14021549,2.2727273,0.20622966,0.20622966,0.278,-0.05040744,0.0,0.2457316,0.2457316,0.438,-0.016288474,0.0,0.21067904,0.21067904,0.374,-0.035500586,0.0,0.31049976,0.31049976,0.526,0.008706301,0.75757575,0.3033396,0.3033396,0.378,-0.015694946,0.0,0.28566033,0.28566033,0.53,-0.0076818764,0.0,0.3013074,0.3013074,0.686,0.03800547,0.28379518,0.28379518,0.278,-0.049984187,0.43932134,0.43932134,0.982,0.14100134,0.3570034,0.3570034,0.618,0.021351606,0.24279198,0.24279198,0.374,-0.027987331,0.46765932,0.46765932,0.926,0.14619902,0.33078113,0.33078113,0.51,0.0024631917,security_military,0.24000001,0.90418625,0.99880046,0.0005132578,0.7131321,0.0057581333,0.8916225,0.29589075,0.0012207953,0.030357992,0.12560067,0.93195957,0.9887337,0.0036677874,0.99776125,0.9976881,security_military
putin2024_c003,putin2024,putin,en,2024-12-31,new_year_address,3,4,1.0,113,85,0.2895257,0.2895257,0.55,0.0028530061,0.0,0.23050864,0.23050864,0.334,-0.04089333,1.1764706,0.19738945,0.19738945,0.23,-0.059247643,1.1764706,0.23558386,0.23558386,0.378,-0.026436225,0.0,0.16443914,0.16443914,0.122,-0.08174048,0.0,0.32376134,0.32376134,0.598,0.021967888,3.5294118,0.2250787,0.2250787,0.046,-0.093955845,0.0,0.26782876,0.26782876,0.434,-0.02551344,0.0,0.2104301,0.2104301,0.218,-0.05287184,0.339874,0.339874,0.51,0.0060946345,0.35758963,0.35758963,0.838,0.059269637,0.38558066,0.38558066,0.718,0.049928874,0.22336286,0.22336286,0.27,-0.04741645,0.34229624,0.34229624,0.586,0.020835936,0.2946229,0.2946229,0.318,-0.033695042,social_solidarity,0.047999978,0.3557224,0.015247592,0.003370046,0.04818154,0.0036216856,0.9462997,0.0017649074,0.0010649626,0.00069867563,0.104294725,0.00096409186,0.55278116,0.0027044297,0.9963748,0.7052778,social_solidarity
putin2025_c000,putin2025,putin,en,2025-12-31,new_year_address,0,5,0.0,101,89,0.32502794,0.32502794,0.686,0.03835526,1.1235955,0.23457879,0.23457879,0.358,-0.036823183,0.0,0.21529378,0.21529378,0.326,-0.041343316,0.0,0.26050788,0.26050788,0.538,-0.0015121996,0.0,0.22397268,0.22397268,0.45,-0.022206947,0.0,0.4131655,0.4131655,0.906,0.11137205,1.1235955,0.3137334,0.3137334,0.454,-0.0053011477,0.0,0.31615564,0.31615564,0.65,0.02281344,1.1235955,0.23811543,0.23811543,0.39,-0.025186509,0.41611767,0.41611767,0.878,0.0823383,0.37157238,0.37157238,0.854,0.07325238,0.44332182,0.44332182,0.878,0.10767004,0.27421355,0.27421355,0.526,0.0034342408,0.39730465,0.39730465,0.798,0.07584435,0.3994751,0.3994751,0.826,0.07115716,social_solidarity,0.22000003,0.75976056,0.00034802413,0.0007824141,0.793186,0.015203663,0.99852496,0.113088906,0.00040055224,0.00022960827,0.6259313,0.00034062937,0.93732566,0.00073648075,0.99706215,0.9960507,social_solidarity
putin2025_c001,putin2025,putin,en,2025-12-31,new_year_address,1,5,0.25,96,79,0.5372789,0.5372789,0.998,0.2506062,6.329114,0.31248936,0.31248936,0.746,0.04108739,1.2658228,0.22901101,0.22901101,0.41,-0.027626082,0.0,0.30510885,0.30510885,0.766,0.043088764,0.0,0.24920122,0.24920122,0.582,0.0030215979,0.0,0.373916,0.373916,0.798,0.072122544,0.0,0.32400537,0.32400537,0.57,0.0049708188,0.0,0.2587409,0.2587409,0.342,-0.0346013,1.2658228,0.25824544,0.25824544,0.514,-0.0050565004,0.39654985,0.39654985,0.786,0.062770486,0.32533166,0.32533166,0.646,0.027011663,0.33996934,0.33996934,0.554,0.004317552,0.32735315,0.32735315,0.774,0.056573838,0.36097935,0.36097935,0.67,0.03951904,0.28737408,0.28737408,0.282,-0.04094386,national_identity,0.20000005,0.9997994,0.029284459,0.04177877,0.61462533,0.006205023,0.9658755,0.00042305805,0.00037924337,0.00026895347,0.9681487,0.966537,0.4746312,0.04646466,0.96196496,0.9184253,national_identity
putin2025_c002,putin2025,putin,en,2025-12-31,new_year_address,2,5,0.5,90,78,0.24977022,0.24977022,0.398,-0.036902457,0.0,0.28791407,0.28791407,0.634,0.016512096,2.5641026,0.19042583,0.19042583,0.202,-0.06621127,0.0,0.17637978,0.17637978,0.082,-0.0856403,0.0,0.17527671,0.17527671,0.146,-0.070902914,0.0,0.40062383,0.40062383,0.858,0.09883037,5.1282053,0.2887998,0.2887998,0.298,-0.030234754,0.0,0.20843366,0.20843366,0.134,-0.084908545,0.0,0.2211149,0.2211149,0.286,-0.042187035,0.35577962,0.35577962,0.598,0.022000253,0.32949013,0.32949013,0.674,0.03117013,0.31328297,0.31328297,0.418,-0.022368819,0.21581349,0.21581349,0.218,-0.054965824,0.44334018,0.44334018,0.89,0.121879876,0.29214442,0.29214442,0.302,-0.036173522,social_solidarity,0.22399998,0.1399244,0.7168137,0.0027362208,0.007930308,0.0097461045,0.9555686,0.00039588762,0.00020582441,0.00032376903,0.025226826,0.00030061632,0.5418331,0.003469891,0.9977194,0.99801606,social_solidarity
putin2025_c003,putin2025,putin,en,2025-12-31,new_year_address,3,5,0.75,94,78,0.3735069,0.3735069,0.818,0.08683422,1.2820513,0.36769226,0.36769226,0.878,0.09629029,1.2820513,0.20295627,0.20295627,0.262,-0.053680822,0.0,0.23102497,0.23102497,0.318,-0.030995116,0.0,0.20558721,0.20558721,0.338,-0.040592417,0.0,0.3448675,0.3448675,0.682,0.04307404,1.2820513,0.29631245,0.29631245,0.342,-0.022722095,0.0,0.25426495,0.25426495,0.314,-0.039077252,0.0,0.308151,0.308151,0.726,0.044849068,0.38598156,0.38598156,0.734,0.052202195,0.3270719,0.3270719,0.662,0.02875191,0.3245443,0.3245443,0.502,-0.011107475,0.3208323,0.3208323,0.762,0.050053,0.4699478,0.4699478,0.93,0.14848748,0.33752787,0.33752787,0.55,0.009209931,security_military,0.060000002,0.99909776,0.9928371,0.00024109505,0.91611433,0.07323098,0.9986276,0.228221,0.00019563531,0.22297497,0.18613204,0.39443418,0.0013617033,0.44190633,0.9989536,0.99971086,national_identity
putin2025_c004,putin2025,putin,en,2025-12-31,new_year_address,4,5,1.0,172,134,0.3298411,0.3298411,0.698,0.043168426,0.74626863,0.20980161,0.20980161,0.186,-0.061600357,0.0,0.23757823,0.23757823,0.462,-0.019058868,0.74626863,0.22771667,0.22771667,0.294,-0.03430341,0.0,0.16788638,0.16788638,0.13,-0.07829325,0.0,0.3683616,0.3683616,0.778,0.066568136,4.477612,0.23756543,0.23756543,0.086,-0.08146912,0.0,0.32150838,0.32150838,0.678,0.028166175,0.0,0.2112363,0.2112363,0.226,-0.05206564,0.38780168,0.38780168,0.746,0.054022312,0.34306467,0.34306467,0.762,0.04474467,0.410887,0.410887,0.79,0.07523522,0.22460502,0.22460502,0.274,-0.046174288,0.35275,0.35275,0.638,0.031289697,0.32516348,0.32516348,0.466,-0.0031544566,social_solidarity,0.07999998,0.44568032,0.08303132,0.0141587285,0.022650806,0.006168995,0.6321622,0.032930125,0.0006011796,0.00094546244,0.05561762,0.016450366,0.9330963,0.0018932258,0.98269093,0.9605281,social_solidarity
trump1_c000,trump1,trump,en,2021-01-19,farewell_address,0,28,0.0,98,85,0.43041527,0.43041527,0.918,0.14374259,3.5294118,0.3011003,0.3011003,0.686,0.029698342,0.0,0.27248806,0.27248806,0.666,0.015850961,0.0,0.30522048,0.30522048,0.77,0.043200403,0.0,0.23257181,0.23257181,0.51,-0.013607815,0.0,0.31082124,0.31082124,0.534,0.009027779,1.1764706,0.360989,0.360989,0.766,0.041954458,1.1764706,0.2958663,0.2958663,0.562,0.0025241077,0.0,0.25465193,0.25465193,0.506,-0.008650005,0.37538156,0.37538156,0.694,0.041602194,0.41020936,0.41020936,0.942,0.11188936,0.39774138,0.39774138,0.758,0.062089592,0.36249185,0.36249185,0.882,0.091712534,0.4129733,0.4129733,0.846,0.09151301,0.4068363,0.4068363,0.858,0.07851836,national_identity,0.148,0.9991655,0.039713256,0.0007138379,0.8949273,0.11752149,0.9903196,0.11742025,0.00016799536,0.0004821762,0.64439297,0.99713284,0.013045614,0.028436035,0.9978469,0.9997126,national_identity
trump1_c001,trump1,trump,en,2021-01-19,farewell_address,1,28,0.037,125,104,0.24707767,0.24707767,0.382,-0.039595008,0.0,0.26411712,0.26411712,0.53,-0.00728485,0.0,0.27038175,0.27038175,0.654,0.013744652,0.0,0.23465103,0.23465103,0.35,-0.027369052,0.96153843,0.21514082,0.21514082,0.398,-0.031038806,0.96153843,0.38742802,0.38742802,0.842,0.08563456,1.9230769,0.25212276,0.25212276,0.158,-0.06691179,0.0,0.2637849,0.2637849,0.394,-0.029557317,0.0,0.20742826,0.20742826,0.198,-0.055873677,0.34353375,0.34353375,0.526,0.0097543895,0.23439237,0.23439237,0.19,-0.06392762,0.29214987,0.29214987,0.314,-0.043501914,0.26372886,0.26372886,0.478,-0.0070504546,0.46270645,0.46270645,0.922,0.14124614,0.35206342,0.35206342,0.642,0.023745477,social_solidarity,0.18800002,0.70443976,0.03170859,0.019966034,0.6728693,0.22785568,0.8484707,0.014077174,0.0010083434,0.0008882305,0.13637818,0.23445046,0.6702846,0.008804641,0.9998051,0.23383754,social_solidarity
trump1_c002,trump1,trump,en,2021-01-19,farewell_address,2,28,0.074,141,127,0.2613953,0.2613953,0.446,-0.025277376,0.78740156,0.4080363,0.4080363,0.954,0.13663432,1.5748031,0.2503054,0.2503054,0.562,-0.006331682,0.0,0.24795881,0.24795881,0.45,-0.014061272,0.0,0.22316007,0.22316007,0.442,-0.023019552,0.78740156,0.35187376,0.35187376,0.726,0.0500803,1.5748031,0.3166049,0.3166049,0.49,-0.0024296343,0.0,0.2117492,0.2117492,0.142,-0.08159301,0.0,0.25439006,0.25439006,0.502,-0.008911878,0.29532796,0.29532796,0.338,-0.038451403,0.26032424,0.26032424,0.294,-0.037995756,0.23553568,0.23553568,0.11,-0.100116104,0.32874447,0.32874447,0.782,0.05796516,0.5808876,0.5808876,0.978,0.2594273,0.35254562,0.35254562,0.646,0.024227679,security_military,0.22799999,0.6743722,0.98457545,0.00017366598,0.52658623,0.9913391,0.4377484,0.15134111,0.0127472645,0.021206118,0.053009775,0.17582092,0.012383785,0.064506,0.99974436,0.9948804,democracy_institutions
trump1_c003,trump1,trump,en,2021-01-19,farewell_address,3,28,0.111,99,85,0.45529822,0.45529822,0.954,0.16862553,3.5294118,0.30422497,0.30422497,0.698,0.032822996,0.0,0.27319828,0.27319828,0.674,0.01656118,0.0,0.29674459,0.29674459,0.738,0.034724504,0.0,0.2660429,0.2660429,0.666,0.019863263,0.0,0.4113257,0.4113257,0.902,0.10953224,1.1764706,0.3653071,0.3653071,0.79,0.046272546,0.0,0.23424897,0.23424897,0.234,-0.059093237,0.0,0.3243685,0.3243685,0.79,0.061066568,0.4270793,0.4270793,0.914,0.093299925,0.3222168,0.3222168,0.622,0.023896813,0.3076845,0.3076845,0.39,-0.027967274,0.445898,0.445898,0.982,0.17511868,0.530305,0.530305,0.962,0.20884472,0.34894487,0.34894487,0.614,0.020626932,national_identity,0.051999986,0.988188,0.032191858,0.024338884,0.67125505,0.5855752,0.9987132,0.0045032725,0.0015854307,0.0010754024,0.8528743,0.3038351,0.14089678,0.95048,0.99903405,0.9988259,social_solidarity
trump1_c004,trump1,trump,en,2021-01-19,farewell_address,4,28,0.148,139,121,0.40225047,0.40225047,0.87,0.11557779,0.8264463,0.29480842,0.29480842,0.67,0.023406446,0.0,0.20209596,0.20209596,0.254,-0.05454114,0.0,0.29111096,0.29111096,0.698,0.029090881,0.0,0.22383943,0.22383943,0.446,-0.022340193,0.0,0.36634925,0.36634925,0.766,0.064555794,1.6528926,0.38823968,0.38823968,0.874,0.069205135,0.0,0.2671752,0.2671752,0.426,-0.026167005,0.0,0.36468062,0.36468062,0.918,0.10137868,0.41912705,0.41912705,0.89,0.08534768,0.33465844,0.33465844,0.71,0.03633845,0.36128518,0.36128518,0.63,0.025633395,0.4686607,0.4686607,0.99,0.1978814,0.3145314,0.3145314,0.498,-0.0069289207,0.33452827,0.33452827,0.534,0.006210327,crisis_resilience,0.004000008,0.99979895,0.014090735,0.00034129506,0.8255898,0.9404898,0.97093683,0.9316182,0.009205455,0.020119479,0.9933975,0.4351813,0.98771137,0.98482555,0.89452493,0.99916714,national_identity
trump1_c005,trump1,trump,en,2021-01-19,farewell_address,5,28,0.185,144,125,0.41884166,0.41884166,0.906,0.13216898,4.8,0.2790944,0.2790944,0.602,0.0076924264,0.0,0.31618762,0.31618762,0.794,0.059550524,0.8,0.26770958,0.26770958,0.582,0.0056895018,0.8,0.2656427,0.2656427,0.662,0.019463077,0.0,0.3406149,0.3406149,0.666,0.03882146,0.8,0.3316368,0.3316368,0.614,0.01260224,0.0,0.2820443,0.2820443,0.502,-0.011297911,0.0,0.26069403,0.26069403,0.522,-0.0026079118,0.34763345,0.34763345,0.546,0.013854086,0.3457331,0.3457331,0.778,0.04741311,0.34952128,0.34952128,0.586,0.013869494,0.39269668,0.39269668,0.942,0.12191737,0.39825845,0.39825845,0.806,0.07679814,0.34963977,0.34963977,0.618,0.021321833,national_identity,0.11199999,0.99939054,0.00038596612,0.035394058,0.8968853,0.0018932257,0.9937648,0.11774956,0.0010628869,0.00024441312,0.37673777,0.99931353,0.06143811,0.11924139,0.9835733,0.99968684,national_identity
trump1_c006,trump1,trump,en,2021-01-19,farewell_address,6,28,0.222,113,94,0.2092341,0.2092341,0.198,-0.07743858,1.0638298,0.19723943,0.19723943,0.134,-0.07416254,0.0,0.2787475,0.2787475,0.698,0.022110403,1.0638298,0.26208246,0.26208246,0.55,6.237626e-05,1.0638298,0.18119135,0.18119135,0.17,-0.06498827,0.0,0.21087664,0.21087664,0.154,-0.09091681,1.0638298,0.25207675,0.25207675,0.154,-0.0669578,0.0,0.25953138,0.25953138,0.35,-0.033810824,2.1276596,0.16984145,0.16984145,0.086,-0.093460485,0.28570116,0.28570116,0.29,-0.04807821,0.27342114,0.27342114,0.374,-0.024898857,0.23281896,0.23281896,0.098,-0.102832824,0.26462358,0.26462358,0.494,-0.0061557293,0.24721882,0.24721882,0.246,-0.07424149,0.3067891,0.3067891,0.378,-0.02152884,economy_welfare,0.148,0.947914,0.0013617033,0.0125037925,0.9979572,0.5722149,0.032774985,0.052110128,0.0018785204,0.00010637459,0.060863443,0.99899167,0.49926755,0.40042692,0.9979908,0.99835795,foreign_policy
trump1_c007,trump1,trump,en,2021-01-19,farewell_address,7,28,0.259,129,108,0.13671878,0.13671878,0.03,-0.1499539,0.0,0.14533532,0.14533532,0.018,-0.12606665,0.0,0.27612758,0.27612758,0.686,0.01949048,3.7037036,0.28091308,0.28091308,0.654,0.018893003,2.7777777,0.07607351,0.07607351,0.002,-0.17010611,0.0,0.17126095,0.17126095,0.038,-0.1305325,0.0,0.28576773,0.28576773,0.29,-0.033266813,0.0,0.14376459,0.14376459,0.018,-0.14957762,0.0,0.18440402,0.18440402,0.13,-0.07889792,0.23559068,0.23559068,0.09,-0.09818868,0.20165296,0.20165296,0.082,-0.09666704,0.16680583,0.16680583,0.018,-0.16884595,0.225109,0.225109,0.278,-0.045670316,0.18976867,0.18976867,0.074,-0.13169163,0.15175128,0.15175128,0.014,-0.17656666,economy_welfare,0.032000005,0.6057699,0.020508166,0.19352812,0.97590053,0.1258153,0.014971481,0.8449655,0.00082313863,0.0009869323,0.032405514,0.9893166,0.018404892,0.92960036,0.5200088,0.9966234,foreign_policy
trump1_c008,trump1,trump,en,2021-01-19,farewell_address,8,28,0.296,176,137,0.21112643,0.21112643,0.21,-0.07554625,2.189781,0.1847547,0.1847547,0.094,-0.08664727,0.0,0.46429777,0.46429777,0.982,0.20766068,2.189781,0.17449242,0.17449242,0.078,-0.08752766,1.459854,0.15534061,0.15534061,0.082,-0.09083901,0.0,0.20455515,0.20455515,0.138,-0.0972383,0.0,0.25870693,0.25870693,0.186,-0.06032762,1.459854,0.20130885,0.20130885,0.11,-0.09203336,0.0,0.15264863,0.15264863,0.034,-0.11065331,0.22495028,0.22495028,0.062,-0.10882908,0.2262229,0.2262229,0.146,-0.07209709,0.22776783,0.22776783,0.094,-0.10788396,0.21403074,0.21403074,0.21,-0.05674857,0.25909936,0.25909936,0.302,-0.062360942,0.2629877,0.2629877,0.198,-0.06533024,economy_welfare,0.772,0.9975177,0.00023551141,0.99917364,0.23083307,0.3996945,0.99776566,0.056463532,0.54794794,0.000406064,0.023286305,0.9787228,0.99622726,0.004318886,0.986809,0.99908715,economy_welfare
trump1_c009,trump1,trump,en,2021-01-19,farewell_address,9,28,0.333,144,119,0.22481214,0.22481214,0.25,-0.061860546,0.84033614,0.25312012,0.25312012,0.45,-0.018281847,0.0,0.40670365,0.40670365,0.95,0.15006655,0.84033614,0.19984561,0.19984561,0.166,-0.06217447,0.0,0.2060703,0.2060703,0.342,-0.04010932,0.0,0.28912425,0.28912425,0.438,-0.012669206,0.84033614,0.35560834,0.35560834,0.738,0.036573797,0.84033614,0.3117988,0.3117988,0.626,0.018456608,0.0,0.18926445,0.18926445,0.146,-0.07403749,0.2792195,0.2792195,0.258,-0.054559857,0.23828013,0.23828013,0.21,-0.060039863,0.30886453,0.30886453,0.394,-0.026787251,0.24073493,0.24073493,0.358,-0.030044377,0.3517667,0.3517667,0.63,0.030306399,0.36849302,0.36849302,0.698,0.04017508,economy_welfare,0.21200001,0.9398582,0.0005023539,0.98209983,0.122838534,0.32071495,0.9877823,0.24862538,0.9941687,0.000461005,0.06503841,0.4235176,0.9950611,0.13324594,0.9410408,0.9996252,future_reform_technology
trump1_c010,trump1,trump,en,2021-01-19,farewell_address,10,28,0.37,122,99,0.17140362,0.17140362,0.09,-0.115269065,0.0,0.21015221,0.21015221,0.198,-0.061249763,0.0,0.3869486,0.3869486,0.906,0.13031149,4.040404,0.15066962,0.15066962,0.03,-0.11135046,1.010101,0.15485999,0.15485999,0.078,-0.091319636,0.0,0.22750217,0.22750217,0.218,-0.07429129,1.010101,0.3772918,0.3772918,0.842,0.058257252,2.020202,0.23656994,0.23656994,0.238,-0.05677226,0.0,0.14443272,0.14443272,0.026,-0.118869215,0.27094382,0.27094382,0.222,-0.062835544,0.25758386,0.25758386,0.282,-0.04073614,0.2587924,0.2587924,0.198,-0.076859385,0.16227269,0.16227269,0.074,-0.10850662,0.3131277,0.3131277,0.494,-0.00833261,0.31830257,0.31830257,0.422,-0.010015368,economy_welfare,0.06400001,0.9974689,0.0022783307,0.9995744,0.8278978,0.10539455,0.99690664,0.99141425,0.47633606,0.005348449,0.07296631,0.99911,0.9868534,0.07703024,0.9949001,0.99972945,economy_welfare
trump1_c011,trump1,trump,en,2021-01-19,farewell_address,11,28,0.407,92,76,0.15797189,0.15797189,0.058,-0.1287008,2.631579,0.2572226,0.2572226,0.47,-0.014179379,0.0,0.26432842,0.26432842,0.642,0.0076913238,1.3157895,0.2267535,0.2267535,0.282,-0.03526658,1.3157895,0.2975074,0.2975074,0.75,0.05132778,2.631579,0.23329559,0.23329559,0.246,-0.06849787,0.0,0.22076324,0.22076324,0.034,-0.09827131,0.0,0.24705996,0.24705996,0.29,-0.046282247,1.3157895,0.20974696,0.20974696,0.214,-0.053554982,0.223592,0.223592,0.058,-0.11018737,0.22227624,0.22227624,0.138,-0.076043755,0.23644117,0.23644117,0.118,-0.09921062,0.23157185,0.23157185,0.298,-0.03920746,0.27778256,0.27778256,0.382,-0.043677747,0.32172155,0.32172155,0.446,-0.0065963864,democracy_institutions,0.10799998,0.09326427,0.00010411381,0.00036973887,0.0017274583,0.9987056,0.042048372,0.0024296436,0.0021552406,0.00012291355,0.0015070488,0.07585818,0.94810647,0.022392828,0.7806625,0.99429196,democracy_institutions
trump1_c012,trump1,trump,en,2021-01-19,farewell_address,12,28,0.444,124,107,0.24036616,0.24036616,0.334,-0.04630652,1.8691589,0.3828801,0.3828801,0.91,0.11147812,0.93457943,0.21652156,0.21652156,0.338,-0.040115535,0.93457943,0.31195727,0.31195727,0.798,0.04993719,0.0,0.21399844,0.21399844,0.394,-0.03218119,0.93457943,0.22507092,0.22507092,0.214,-0.07672253,0.0,0.2723623,0.2723623,0.242,-0.046672255,0.0,0.23885632,0.23885632,0.25,-0.054485887,0.0,0.24890077,0.24890077,0.466,-0.014401168,0.28631508,0.28631508,0.294,-0.04746428,0.2682137,0.2682137,0.326,-0.030106306,0.2908147,0.2908147,0.298,-0.044837087,0.28104955,0.28104955,0.606,0.010270238,0.27730894,0.27730894,0.374,-0.044151366,0.38019887,0.38019887,0.758,0.051880926,security_military,0.11200005,0.90286684,0.99910307,0.00013954927,0.9945625,0.99474937,0.033652965,0.60665876,0.045543224,0.000712446,0.56436855,0.9996547,0.0030396497,0.05261896,0.9975962,0.99962735,security_military
trump1_c013,trump1,trump,en,2021-01-19,farewell_address,13,28,0.481,94,84,0.28353745,0.28353745,0.526,-0.0031352341,2.3809524,0.30945453,0.30945453,0.726,0.03805256,0.0,0.22766805,0.22766805,0.382,-0.02896905,0.0,0.45872134,0.45872134,0.994,0.19670126,7.142857,0.18226613,0.18226613,0.174,-0.063913494,0.0,0.28520864,0.28520864,0.426,-0.016584814,0.0,0.34317106,0.34317106,0.686,0.024136513,0.0,0.22320035,0.22320035,0.174,-0.07014185,0.0,0.29448465,0.29448465,0.654,0.031182706,0.35705298,0.35705298,0.61,0.023273617,0.2944746,0.2944746,0.49,-0.0038453937,0.25439805,0.25439805,0.186,-0.08125374,0.35386467,0.35386467,0.87,0.08308536,0.2994784,0.2994784,0.458,-0.021981895,0.29967037,0.29967037,0.322,-0.028647572,foreign_policy,0.268,0.96462256,0.9775965,0.027967667,0.9959219,0.64097303,0.41114044,0.8482194,0.02002344,0.003976228,0.4057872,0.8482115,0.5281684,0.84840786,0.98651344,0.9990782,foreign_policy
trump1_c014,trump1,trump,en,2021-01-19,farewell_address,14,28,0.519,81,70,0.21659558,0.21659558,0.218,-0.07007711,1.4285715,0.3601997,0.3601997,0.858,0.08879772,2.857143,0.18738464,0.18738464,0.178,-0.06925246,0.0,0.2323742,0.2323742,0.334,-0.029645875,0.0,0.13903205,0.13903205,0.046,-0.107147574,0.0,0.17157179,0.17157179,0.042,-0.13022166,0.0,0.2432218,0.2432218,0.106,-0.07581274,0.0,0.21386014,0.21386014,0.154,-0.07948206,0.0,0.1969524,0.1969524,0.166,-0.066349536,0.20962891,0.20962891,0.038,-0.124150455,0.22191943,0.22191943,0.134,-0.07640056,0.2501257,0.2501257,0.174,-0.08552608,0.24181825,0.24181825,0.362,-0.028961062,0.26696005,0.26696005,0.338,-0.054500252,0.2155187,0.2155187,0.07,-0.11279924,security_military,0.524,0.9988531,0.98964185,0.000965975,0.89379704,0.15271018,0.5869003,0.10861369,0.986992,0.026305282,0.08166611,0.99926496,0.9927532,0.06307716,0.98253244,0.99962735,national_identity
trump1_c015,trump1,trump,en,2021-01-19,farewell_address,15,28,0.556,88,70,0.2498956,0.2498956,0.402,-0.03677708,1.4285715,0.30918205,0.30918205,0.722,0.037780076,1.4285715,0.16641423,0.16641423,0.086,-0.090222865,0.0,0.44404,0.44404,0.99,0.18201992,4.285714,0.15678276,0.15678276,0.09,-0.089396864,0.0,0.2491957,0.2491957,0.302,-0.05259776,0.0,0.30300352,0.30300352,0.374,-0.016031027,0.0,0.19612253,0.19612253,0.086,-0.097219676,0.0,0.3685985,0.3685985,0.922,0.10529655,0.36259788,0.36259788,0.626,0.028818518,0.28970385,0.28970385,0.474,-0.008616149,0.24028935,0.24028935,0.142,-0.09536244,0.37223077,0.37223077,0.898,0.10145146,0.25458372,0.25458372,0.278,-0.06687659,0.27359116,0.27359116,0.234,-0.05472678,foreign_policy,0.268,0.99799085,0.9996072,0.0001874087,0.999854,0.0019136339,0.02208493,0.9977172,0.00031381086,0.984017,0.96247077,0.9974039,0.007417379,0.9962819,0.9981068,0.9995995,foreign_policy
trump1_c016,trump1,trump,en,2021-01-19,farewell_address,16,28,0.593,88,77,0.24678436,0.24678436,0.378,-0.039888322,0.0,0.30816215,0.30816215,0.714,0.03676018,2.5974026,0.23340511,0.23340511,0.446,-0.023231983,0.0,0.39864758,0.39864758,0.966,0.1366275,1.2987013,0.18340322,0.18340322,0.182,-0.0627764,0.0,0.21288481,0.21288481,0.174,-0.08890864,0.0,0.24754676,0.24754676,0.134,-0.071487784,0.0,0.267785,0.267785,0.43,-0.02555719,1.2987013,0.31148568,0.31148568,0.738,0.04818374,0.3803919,0.3803919,0.718,0.04661253,0.33436096,0.33436096,0.706,0.03604096,0.31886774,0.31886774,0.466,-0.016784042,0.28308564,0.28308564,0.622,0.012306333,0.24680814,0.24680814,0.242,-0.074652165,0.34668875,0.34668875,0.594,0.018370807,foreign_policy,0.25200003,0.041345995,0.9737946,0.0001892475,0.9496694,0.048159145,0.039029974,0.07203007,0.0005142608,0.0012007196,0.9898989,0.9995408,0.19713756,0.08997298,0.9934006,0.99885756,security_military
trump1_c017,trump1,trump,en,2021-01-19,farewell_address,17,28,0.63,81,63,0.45037764,0.45037764,0.946,0.16370496,4.7619047,0.33956003,0.33956003,0.822,0.06815806,0.0,0.31670916,0.31670916,0.802,0.060072064,0.0,0.34332722,0.34332722,0.886,0.08130714,0.0,0.40333965,0.40333965,0.966,0.15716003,0.0,0.43683362,0.43683362,0.938,0.13504016,0.0,0.3815654,0.3815654,0.854,0.062530845,0.0,0.33733425,0.33733425,0.73,0.043992043,0.0,0.3328927,0.3328927,0.842,0.06959075,0.41580397,0.41580397,0.866,0.082024604,0.3271574,0.3271574,0.666,0.028837413,0.40156436,0.40156436,0.766,0.065912575,0.47179806,0.47179806,0.994,0.20101875,0.53091854,0.53091854,0.966,0.20945823,0.4904157,0.4904157,0.986,0.16209775,democracy_institutions,0.02000004,0.9985047,0.12678516,0.47268352,0.119074814,0.99110544,0.99986917,0.7860896,0.017143767,0.0005410356,0.7947038,0.804713,0.011721147,0.58058983,0.9273633,0.9998543,social_solidarity
trump1_c018,trump1,trump,en,2021-01-19,farewell_address,18,28,0.667,92,77,0.3064118,0.3064118,0.626,0.019739121,0.0,0.34054816,0.34054816,0.826,0.069146186,0.0,0.41334075,0.41334075,0.954,0.15670365,0.0,0.24613865,0.24613865,0.442,-0.015881434,0.0,0.26006818,0.26006818,0.642,0.013888553,0.0,0.32642862,0.32642862,0.614,0.024635166,1.2987013,0.36832276,0.36832276,0.802,0.049288213,0.0,0.26843387,0.26843387,0.438,-0.024908334,0.0,0.3259703,0.3259703,0.798,0.06266835,0.3472848,0.3472848,0.542,0.013505429,0.3065859,0.3065859,0.522,0.0082659125,0.34212226,0.34212226,0.57,0.0064704716,0.34211674,0.34211674,0.842,0.07133743,0.38352025,0.38352025,0.746,0.06205994,0.39966667,0.39966667,0.83,0.07134873,economy_welfare,0.12800002,0.7672106,0.0005826939,0.27943507,0.6903504,0.2993356,0.98651993,0.75004965,0.0006178345,0.011266298,0.11162799,0.7735587,0.7325918,0.90209335,0.9143051,0.99956524,social_solidarity
trump1_c019,trump1,trump,en,2021-01-19,farewell_address,19,28,0.704,118,101,0.43874103,0.43874103,0.934,0.15206835,0.0,0.257672,0.257672,0.486,-0.01372996,0.0,0.28250778,0.28250778,0.71,0.02587068,0.0,0.25886804,0.25886804,0.518,-0.0031520426,0.0,0.4107704,0.4107704,0.97,0.16459076,0.990099,0.40362552,0.40362552,0.878,0.10183206,0.990099,0.33098584,0.33098584,0.606,0.0119512975,0.0,0.27283096,0.27283096,0.474,-0.02051124,0.0,0.21992832,0.21992832,0.27,-0.043373615,0.3692628,0.3692628,0.666,0.03548345,0.32686895,0.32686895,0.658,0.028548956,0.31653804,0.31653804,0.442,-0.01911375,0.34525615,0.34525615,0.85,0.07447684,0.44366747,0.44366747,0.894,0.122207165,0.41559982,0.41559982,0.874,0.08728188,democracy_institutions,0.036000013,0.9994877,0.018978037,0.024421636,0.73392886,0.8250618,0.9991817,0.05783822,0.0007451558,0.00057703455,0.8522297,0.9481725,0.0048485333,0.31237,0.9847597,0.9994173,national_identity
trump1_c020,trump1,trump,en,2021-01-19,farewell_address,20,28,0.741,87,76,0.4475607,0.4475607,0.942,0.16088802,2.631579,0.36302608,0.36302608,0.862,0.09162411,0.0,0.39880306,0.39880306,0.934,0.14216596,0.0,0.25007012,0.25007012,0.47,-0.011949956,0.0,0.3483061,0.3483061,0.894,0.102126464,2.631579,0.4577794,0.4577794,0.97,0.15598595,3.9473684,0.36480284,0.36480284,0.786,0.04576829,0.0,0.3069127,0.3069127,0.594,0.0135704875,1.3157895,0.30007398,0.30007398,0.682,0.036772043,0.40136075,0.40136075,0.802,0.067581385,0.3789839,0.3789839,0.882,0.08066392,0.37308514,0.37308514,0.69,0.037433356,0.34067035,0.34067035,0.834,0.069891036,0.4584038,0.4584038,0.918,0.13694349,0.38037014,0.38037014,0.762,0.0520522,social_solidarity,0.028000057,0.97038054,0.0013070537,0.016497837,0.7343101,0.98892784,0.9996898,0.023802662,0.00014257942,0.00039666123,0.8830344,0.9850429,0.5799358,0.026632411,0.99864227,0.9989877,social_solidarity
trump1_c021,trump1,trump,en,2021-01-19,farewell_address,21,28,0.778,101,90,0.43204656,0.43204656,0.926,0.14537388,4.4444447,0.37918556,0.37918556,0.898,0.107783586,0.0,0.22997096,0.22997096,0.426,-0.026666135,0.0,0.33700833,0.33700833,0.866,0.074988246,1.1111112,0.2362493,0.2362493,0.526,-0.009930328,0.0,0.34855312,0.34855312,0.706,0.046759665,1.1111112,0.47478497,0.47478497,0.99,0.15575042,3.3333333,0.2464514,0.2464514,0.278,-0.04689081,0.0,0.41806856,0.41806856,0.986,0.15476662,0.35750037,0.35750037,0.618,0.02372101,0.3490602,0.3490602,0.802,0.050740212,0.314184,0.314184,0.426,-0.021467775,0.4251387,0.4251387,0.974,0.1543594,0.3444891,0.3444891,0.602,0.023028791,0.32595754,0.32595754,0.474,-0.0023604035,crisis_resilience,0.06400001,0.8660759,0.74945414,0.00022081408,0.9301416,0.31896225,0.9201463,0.9929061,0.00022693386,0.008933403,0.03044435,0.6535693,0.008179984,0.9968642,0.007289078,0.7399395,crisis_resilience
trump1_c022,trump1,trump,en,2021-01-19,farewell_address,22,28,0.815,89,76,0.4853999,0.4853999,0.978,0.19872722,5.263158,0.29062814,0.29062814,0.642,0.019226164,0.0,0.21025106,0.21025106,0.294,-0.046386033,0.0,0.26919284,0.26919284,0.594,0.0071727633,0.0,0.2540304,0.2540304,0.61,0.007850781,0.0,0.4008034,0.4008034,0.862,0.09900993,2.631579,0.40585613,0.40585613,0.914,0.086821586,1.3157895,0.2636316,0.2636316,0.39,-0.02971059,0.0,0.27251247,0.27251247,0.57,0.009210527,0.34578216,0.34578216,0.53,0.012002796,0.3804914,0.3804914,0.89,0.08217141,0.30080315,0.30080315,0.358,-0.03484863,0.3386026,0.3386026,0.83,0.06782329,0.35659122,0.35659122,0.654,0.035130918,0.2827708,0.2827708,0.262,-0.045547128,national_identity,0.06400001,0.9998063,0.18914637,0.00014036924,0.5195213,0.03030055,0.97161114,0.73573655,0.000141194,0.0035866161,0.68594944,0.92478114,0.00022782186,0.25704175,0.9666946,0.98439646,national_identity
trump1_c023,trump1,trump,en,2021-01-19,farewell_address,23,28,0.852,173,146,0.48698103,0.48698103,0.982,0.20030835,3.4246576,0.27307945,0.27307945,0.574,0.0016774833,0.0,0.17486699,0.17486699,0.118,-0.08177011,0.0,0.23812298,0.23812298,0.39,-0.023897097,0.0,0.30422056,0.30422056,0.782,0.05804093,0.0,0.3727129,0.3727129,0.79,0.070919454,0.6849315,0.3566942,0.3566942,0.742,0.037659645,0.0,0.24272907,0.24272907,0.266,-0.050613135,0.0,0.33259624,0.33259624,0.838,0.0692943,0.31173348,0.31173348,0.418,-0.02204588,0.28822064,0.28822064,0.466,-0.010099351,0.23608327,0.23608327,0.114,-0.099568516,0.41182718,0.41182718,0.95,0.14104787,0.28275967,0.28275967,0.39,-0.03870064,0.2493291,0.2493291,0.15,-0.078988835,national_identity,0.19199997,0.9397753,0.0023504829,0.0003521251,0.22738355,0.4139509,0.65013415,0.32362056,0.00019716943,0.0018422531,0.56363314,0.98189265,0.00018450373,0.05241244,0.84887826,0.9148439,national_identity
trump1_c024,trump1,trump,en,2021-01-19,farewell_address,24,28,0.889,84,71,0.33974475,0.33974475,0.726,0.053072065,1.4084507,0.262681,0.262681,0.518,-0.008720964,1.4084507,0.19456269,0.19456269,0.214,-0.062074408,0.0,0.20678899,0.20678899,0.19,-0.055231094,0.0,0.25752276,0.25752276,0.626,0.011343136,1.4084507,0.30176038,0.30176038,0.51,-3.3080578e-05,1.4084507,0.3568185,0.3568185,0.746,0.03778395,1.4084507,0.25858712,0.25858712,0.338,-0.03475508,0.0,0.24999486,0.24999486,0.474,-0.01330708,0.2711282,0.2711282,0.226,-0.06265116,0.24673495,0.24673495,0.238,-0.05158505,0.29146516,0.29146516,0.306,-0.044186622,0.31595993,0.31595993,0.738,0.04518062,0.3427639,0.3427639,0.594,0.021303594,0.269004,0.269004,0.226,-0.059313953,crisis_resilience,0.01999998,0.41825128,0.6198021,0.0010083435,0.70150864,0.0037727475,0.42765066,0.8796904,0.001483719,0.2557733,0.0024871177,0.997977,0.0006667024,0.99023503,0.94550014,0.99316275,crisis_resilience
trump1_c025,trump1,trump,en,2021-01-19,farewell_address,25,28,0.926,99,89,0.37139988,0.37139988,0.814,0.0847272,0.0,0.2843236,0.2843236,0.622,0.012921631,0.0,0.18100104,0.18100104,0.142,-0.07563606,0.0,0.23028654,0.23028654,0.31,-0.031733543,0.0,0.2219598,0.2219598,0.434,-0.024219826,0.0,0.32449672,0.32449672,0.606,0.02270326,4.494382,0.29691452,0.29691452,0.35,-0.022120029,0.0,0.16261725,0.16261725,0.038,-0.13072495,0.0,0.21243295,0.21243295,0.238,-0.050868988,0.30250603,0.30250603,0.382,-0.031273335,0.33610168,0.33610168,0.722,0.037781686,0.2693389,0.2693389,0.226,-0.06631288,0.34913602,0.34913602,0.862,0.07835671,0.42001328,0.42001328,0.866,0.09855297,0.26594374,0.26594374,0.214,-0.062374204,national_identity,0.19200003,0.99959236,0.19672975,0.0027900378,0.54673815,0.32459995,0.9998201,0.98879886,0.002688672,0.0016711375,0.8967045,0.9976678,0.000522355,0.020904193,0.9986955,0.9991785,social_solidarity
trump1_c026,trump1,trump,en,2021-01-19,farewell_address,26,28,0.963,170,149,0.46094924,0.46094924,0.97,0.17427656,4.0268455,0.36574048,0.36574048,0.87,0.09433851,0.67114097,0.24833845,0.24833845,0.538,-0.00829865,0.0,0.39729595,0.39729595,0.962,0.13527587,1.3422819,0.28363502,0.28363502,0.722,0.037455395,0.0,0.34581137,0.34581137,0.686,0.04401791,0.67114097,0.38989666,0.38989666,0.882,0.070862114,0.0,0.26557368,0.26557368,0.418,-0.027768523,0.0,0.37588713,0.37588713,0.954,0.11258519,0.40297395,0.40297395,0.814,0.069194585,0.3719486,0.3719486,0.862,0.073628604,0.34989655,0.34989655,0.59,0.014244765,0.41679895,0.41679895,0.962,0.14601964,0.40894538,0.40894538,0.842,0.087485075,0.36987907,0.36987907,0.714,0.041561127,national_identity,0.008000016,0.9993013,0.15578356,0.0010754025,0.9695412,0.4315243,0.99226695,0.95618635,0.0008393599,0.064771704,0.75730115,0.9995197,0.0045827655,0.9849563,0.9955403,0.9994579,national_identity
trump1_c027,trump1,trump,en,2021-01-19,farewell_address,27,28,1.0,178,156,0.41196942,0.41196942,0.89,0.12529674,3.2051282,0.2939958,0.2939958,0.658,0.022593826,0.0,0.28396782,0.28396782,0.714,0.027330726,0.0,0.25282216,0.25282216,0.486,-0.009197921,0.0,0.2835701,0.2835701,0.718,0.037390485,0.0,0.41342688,0.41342688,0.91,0.11163342,1.2820513,0.3171512,0.3171512,0.506,-0.0018833578,0.0,0.34841266,0.34841266,0.758,0.05507046,0.64102566,0.24047755,0.24047755,0.406,-0.022824392,0.37557584,0.37557584,0.698,0.041796476,0.36288354,0.36288354,0.85,0.06456354,0.45645285,0.45645285,0.902,0.12080106,0.32576215,0.32576215,0.77,0.05498284,0.472638,0.472638,0.938,0.1511777,0.4478529,0.4478529,0.95,0.11953497,social_solidarity,0.02000004,0.21862766,0.0053536464,0.0031603526,0.008627457,0.014559517,0.803858,0.025613913,0.0005747862,0.0012668908,0.027716564,0.0023096213,0.012540018,0.012661521,0.8593395,0.9660601,social_solidarity
trump2_c000,trump2,trump,en,,composite_excerpts,0,3,0.0,138,111,0.2899387,0.2899387,0.554,0.0032660067,0.0,0.35938728,0.35938728,0.846,0.08798531,0.0,0.2877893,0.2877893,0.722,0.031152189,0.0,0.24231899,0.24231899,0.41,-0.019701093,0.9009009,0.3324574,0.3324574,0.854,0.08627777,0.0,0.35458332,0.35458332,0.734,0.052789867,3.6036036,0.3225313,0.3225313,0.562,0.003496766,0.0,0.33285117,0.33285117,0.71,0.03950897,0.0,0.3164292,0.3164292,0.766,0.05312726,0.33821324,0.33821324,0.502,0.0044338703,0.2705325,0.2705325,0.342,-0.027787507,0.35670123,0.35670123,0.614,0.02104944,0.3341704,0.3341704,0.802,0.06339109,0.39581114,0.39581114,0.79,0.074350834,0.4429078,0.4429078,0.942,0.11458987,democracy_institutions,0.007999957,0.94721043,0.04253786,0.00033732018,0.014364656,0.99521697,0.9977394,0.01733403,0.00044508648,0.0016166499,0.96718633,0.960915,0.031858854,0.9309934,0.99882597,0.9996215,social_solidarity
trump2_c001,trump2,trump,en,,composite_excerpts,1,3,0.5,143,115,0.25690797,0.25690797,0.426,-0.029764712,1.7391304,0.35780597,0.35780597,0.842,0.086403996,0.8695652,0.4239794,0.4239794,0.962,0.1673423,0.8695652,0.23529766,0.23529766,0.374,-0.026722416,0.8695652,0.26912522,0.26912522,0.67,0.022945598,1.7391304,0.31982023,0.31982023,0.574,0.01802677,0.8695652,0.31392574,0.31392574,0.458,-0.0051088035,0.0,0.270109,0.270109,0.446,-0.023233205,0.0,0.335361,0.335361,0.846,0.072059065,0.3280459,0.3280459,0.478,-0.00573346,0.31628436,0.31628436,0.59,0.017964363,0.3306465,0.3306465,0.522,-0.0050052702,0.3074979,0.3074979,0.722,0.036718577,0.33658433,0.33658433,0.57,0.015124023,0.39992565,0.39992565,0.838,0.07160771,economy_welfare,0.120000005,0.9993551,0.022286188,0.7864589,0.98573184,0.99387276,0.99921453,0.6500231,0.0034698907,0.004953306,0.34786934,0.9990836,0.9988553,0.074837625,0.98557645,0.9997658,national_identity
trump2_c002,trump2,trump,en,,composite_excerpts,2,3,1.0,128,97,0.28769988,0.28769988,0.542,0.0010271966,2.0618556,0.25354898,0.25354898,0.454,-0.017852992,0.0,0.3473422,0.3473422,0.862,0.0907051,0.0,0.2030003,0.2030003,0.182,-0.059019774,2.0618556,0.18522409,0.18522409,0.202,-0.06095554,0.0,0.30390483,0.30390483,0.518,0.0021113753,2.0618556,0.2759768,0.2759768,0.266,-0.04305774,0.0,0.31798714,0.31798714,0.662,0.024644941,0.0,0.20937212,0.20937212,0.21,-0.05392982,0.2538483,0.2538483,0.146,-0.07993105,0.2365339,0.2365339,0.198,-0.0617861,0.30588603,0.30588603,0.374,-0.029765755,0.27605677,0.27605677,0.542,0.005277455,0.35969943,0.35969943,0.662,0.03823912,0.3476209,0.3476209,0.598,0.019302964,economy_welfare,0.19999999,0.99913734,0.0070254076,0.31195068,0.9147487,0.03945338,0.99920684,0.26262906,0.7826417,0.001036267,0.100436606,0.9984633,0.9992342,0.051725585,0.9994,0.99868274,social_solidarity
trump3_c000,trump3,trump,en,2017-01-20,inaugural_address,0,17,0.0,95,78,0.38936743,0.38936743,0.854,0.10269475,3.8461537,0.29063904,0.29063904,0.646,0.019237071,0.0,0.30439916,0.30439916,0.77,0.047762066,0.0,0.3168233,0.3168233,0.81,0.054803222,2.5641026,0.2785216,0.2785216,0.698,0.032341972,0.0,0.35201973,0.35201973,0.73,0.05022627,1.2820513,0.48916152,0.48916152,0.994,0.17012697,3.8461537,0.36962426,0.36962426,0.826,0.076282054,0.0,0.28983966,0.28983966,0.642,0.026537716,0.44374746,0.44374746,0.954,0.109968096,0.34302926,0.34302926,0.758,0.044709265,0.42701805,0.42701805,0.834,0.09136626,0.35194832,0.35194832,0.866,0.08116901,0.45095247,0.45095247,0.906,0.12949216,0.43911976,0.43911976,0.93,0.110801816,crisis_resilience,0.14000005,0.99942744,0.049566016,0.09657791,0.8929365,0.94061273,0.9989577,0.78274554,0.009831294,0.0011051808,0.98031855,0.9607128,0.9007046,0.49584973,0.9997946,0.9998479,national_identity
trump3_c001,trump3,trump,en,2017-01-20,inaugural_address,1,17,0.062,100,85,0.29070845,0.29070845,0.558,0.004035771,0.0,0.23651272,0.23651272,0.37,-0.03488925,0.0,0.2285509,0.2285509,0.39,-0.0280862,0.0,0.24741824,0.24741824,0.446,-0.014601842,0.0,0.33533764,0.33533764,0.87,0.08915801,0.0,0.32097265,0.32097265,0.59,0.019179195,0.0,0.26177222,0.26177222,0.194,-0.05726233,0.0,0.2943655,0.2943655,0.558,0.0010232925,0.0,0.21781412,0.21781412,0.258,-0.04548782,0.3254801,0.3254801,0.462,-0.008299261,0.33538282,0.33538282,0.714,0.037062824,0.34381372,0.34381372,0.574,0.008161932,0.33276284,0.33276284,0.798,0.061983526,0.4494511,0.4494511,0.898,0.12799078,0.3998838,0.3998838,0.834,0.07156587,democracy_institutions,0.28000003,0.24382243,0.13114539,0.02590802,0.7291342,0.920218,0.78945696,0.0041019297,0.0016678822,0.00038147115,0.95630896,0.8333076,0.23567966,0.02482179,0.98144454,0.9966234,democracy_institutions
trump3_c002,trump3,trump,en,2017-01-20,inaugural_address,2,17,0.125,109,89,0.30075997,0.30075997,0.59,0.01408729,3.3707864,0.26084426,0.26084426,0.502,-0.010557711,0.0,0.39165714,0.39165714,0.922,0.13502005,1.1235955,0.2088536,0.2088536,0.194,-0.05316648,0.0,0.29895356,0.29895356,0.754,0.052773938,0.0,0.31900293,0.31900293,0.566,0.01720947,1.1235955,0.33604813,0.33604813,0.65,0.01701358,0.0,0.23972355,0.23972355,0.254,-0.053618655,0.0,0.2738216,0.2738216,0.586,0.010519654,0.32379442,0.32379442,0.458,-0.00998494,0.3471212,0.3471212,0.786,0.048801214,0.30706134,0.30706134,0.386,-0.02859044,0.40938348,0.40938348,0.946,0.13860416,0.41914195,0.41914195,0.862,0.09768164,0.39661807,0.39661807,0.81,0.06830013,economy_welfare,0.16799998,0.22588587,0.119126044,0.110279374,0.31011954,0.94468933,0.9422947,0.1802509,0.00042554308,0.00034464322,0.0025608707,0.9983354,0.0006130294,0.79206246,0.0024582131,0.18072036,democracy_institutions
trump3_c003,trump3,trump,en,2017-01-20,inaugural_address,3,17,0.188,80,69,0.405364,0.405364,0.878,0.118691325,1.4492754,0.25857165,0.25857165,0.49,-0.012830317,0.0,0.26095062,0.26095062,0.63,0.0043135285,0.0,0.27780086,0.27780086,0.634,0.015780777,0.0,0.3834287,0.3834287,0.938,0.13724907,0.0,0.349805,0.349805,0.718,0.04801154,0.0,0.29224867,0.29224867,0.326,-0.02678588,0.0,0.30768496,0.30768496,0.598,0.014342755,0.0,0.2727362,0.2727362,0.574,0.009434253,0.3611344,0.3611344,0.622,0.027355045,0.3077859,0.3077859,0.53,0.009465903,0.32321906,0.32321906,0.498,-0.012432724,0.4165641,0.4165641,0.958,0.1457848,0.41365063,0.41365063,0.85,0.092190325,0.41716272,0.41716272,0.878,0.088844776,democracy_institutions,0.060000002,0.96435505,0.0008344602,0.009807557,0.50598115,0.865757,0.93569994,0.0026265522,0.00014482441,0.00045652696,0.04352814,0.00013552076,0.000105959916,0.052279215,0.47925994,0.33623567,national_identity
trump3_c004,trump3,trump,en,2017-01-20,inaugural_address,4,17,0.25,94,79,0.4230556,0.4230556,0.91,0.13638291,3.7974684,0.23417333,0.23417333,0.354,-0.037228644,0.0,0.2267113,0.2267113,0.378,-0.029925793,0.0,0.21539058,0.21539058,0.23,-0.046629503,1.2658228,0.32381523,0.32381523,0.83,0.0776356,0.0,0.33598185,0.33598185,0.658,0.03418839,0.0,0.27006078,0.27006078,0.234,-0.04897377,0.0,0.27156317,0.27156317,0.462,-0.02177903,0.0,0.20521702,0.20521702,0.19,-0.05808492,0.2931864,0.2931864,0.318,-0.04059297,0.35630637,0.35630637,0.834,0.05798638,0.31894407,0.31894407,0.474,-0.016707718,0.33214533,0.33214533,0.794,0.06136602,0.45394838,0.45394838,0.914,0.13248807,0.36906397,0.36906397,0.702,0.040746033,national_identity,0.08000004,0.99458355,0.07703025,0.0053277086,0.9206248,0.8606915,0.9992282,0.8015477,0.0010024584,0.0023504826,0.386777,0.99949175,0.15222117,0.55817086,0.99135584,0.99780023,social_solidarity
trump3_c005,trump3,trump,en,2017-01-20,inaugural_address,5,17,0.312,118,104,0.2852298,0.2852298,0.53,-0.0014428794,1.9230769,0.2942199,0.2942199,0.666,0.02281794,0.0,0.3940814,0.3940814,0.93,0.13744432,0.96153843,0.17418057,0.17418057,0.074,-0.087839514,0.0,0.308374,0.308374,0.802,0.062194362,0.0,0.3423565,0.3423565,0.674,0.040563047,0.96153843,0.34512785,0.34512785,0.702,0.026093304,0.0,0.366345,0.366345,0.822,0.073002785,2.8846154,0.27674922,0.27674922,0.606,0.013447285,0.28953275,0.28953275,0.31,-0.044246614,0.2676694,0.2676694,0.322,-0.030650586,0.3318041,0.3318041,0.53,-0.0038476884,0.32375866,0.32375866,0.766,0.05297935,0.3519838,0.3519838,0.634,0.030523479,0.3319837,0.3319837,0.514,0.0036657453,economy_welfare,0.10799998,0.045268092,0.00018128945,0.004886375,0.002443887,0.017560028,0.8536842,0.06008665,0.0001390053,0.00029365462,0.0007138379,0.8964328,0.00016124539,0.91383046,0.011743792,0.065604836,social_solidarity
trump3_c006,trump3,trump,en,2017-01-20,inaugural_address,6,17,0.375,136,114,0.41370296,0.41370296,0.898,0.12703028,1.754386,0.39362937,0.39362937,0.942,0.1222274,0.877193,0.36788303,0.36788303,0.886,0.11124593,1.754386,0.35743967,0.35743967,0.906,0.095419586,1.754386,0.22483438,0.22483438,0.454,-0.021345243,0.0,0.36140898,0.36140898,0.758,0.059615523,0.0,0.39046314,0.39046314,0.886,0.0714286,0.0,0.2739222,0.2739222,0.478,-0.019419998,0.0,0.3690238,0.3690238,0.93,0.10572186,0.41259003,0.41259003,0.85,0.07881066,0.33223638,0.33223638,0.698,0.033916384,0.36448756,0.36448756,0.65,0.028835773,0.44385827,0.44385827,0.978,0.17307895,0.40481764,0.40481764,0.83,0.083357334,0.4318643,0.4318643,0.922,0.10354635,security_military,0.035999954,0.99834186,0.9760151,0.035644963,0.9825909,0.07786754,0.59431577,0.06542547,0.00017298902,0.895842,0.035931405,0.9991688,0.00025613976,0.9976632,0.8219034,0.9976009,national_identity
trump3_c007,trump3,trump,en,2017-01-20,inaugural_address,7,17,0.438,91,79,0.30890292,0.30890292,0.63,0.022230238,0.0,0.26953062,0.26953062,0.55,-0.0018713474,0.0,0.3891353,0.3891353,0.918,0.1324982,0.0,0.28744316,0.28744316,0.678,0.02542308,2.5316455,0.21173179,0.21173179,0.378,-0.034447834,0.0,0.29891646,0.29891646,0.482,-0.002876997,0.0,0.32186657,0.32186657,0.546,0.0028320253,0.0,0.2937023,0.2937023,0.554,0.00036010146,1.2658228,0.26838124,0.26838124,0.542,0.005079299,0.310834,0.310834,0.414,-0.022945374,0.35835746,0.35835746,0.842,0.060037464,0.35369182,0.35369182,0.602,0.018040031,0.35574088,0.35574088,0.874,0.08496156,0.32977262,0.32977262,0.55,0.008312315,0.30616987,0.30616987,0.37,-0.022148073,economy_welfare,0.24000001,0.8363542,0.12147715,0.99496907,0.7694269,0.01102947,0.86671174,0.090534255,0.0013993984,0.00023322323,0.007073256,0.9886024,0.00039511538,0.27279878,0.02904941,0.7958169,economy_welfare
trump3_c008,trump3,trump,en,2017-01-20,inaugural_address,8,17,0.5,83,70,0.34807724,0.34807724,0.758,0.061404556,0.0,0.32863897,0.32863897,0.798,0.057237,0.0,0.38796896,0.38796896,0.91,0.13133186,2.857143,0.39143124,0.39143124,0.958,0.12941116,2.857143,0.299294,0.299294,0.762,0.05311437,0.0,0.34464356,0.34464356,0.678,0.042850107,1.4285715,0.33902627,0.33902627,0.662,0.019991726,0.0,0.355044,0.355044,0.782,0.061701804,0.0,0.3281867,0.3281867,0.814,0.06488475,0.38370264,0.38370264,0.726,0.04992327,0.30954933,0.30954933,0.542,0.011229336,0.45291823,0.45291823,0.894,0.11726645,0.41412032,0.41412032,0.954,0.143341,0.38820538,0.38820538,0.762,0.06674507,0.47688138,0.47688138,0.982,0.14856344,foreign_policy,0.047999978,0.99926203,0.009831295,0.7386691,0.8732756,0.96628344,0.92046857,0.019087436,0.0009773505,0.00036117694,0.11303997,0.001375048,0.9983928,0.12776141,0.81242126,0.9992312,national_identity
trump3_c009,trump3,trump,en,2017-01-20,inaugural_address,9,17,0.562,96,82,0.34976044,0.34976044,0.766,0.06308776,0.0,0.4385731,0.4385731,0.99,0.16717112,0.0,0.44981015,0.44981015,0.974,0.19317305,3.6585367,0.2974922,0.2974922,0.742,0.035472125,1.2195122,0.25858587,0.25858587,0.634,0.012406245,0.0,0.3198532,0.3198532,0.578,0.01805973,0.0,0.37377304,0.37377304,0.822,0.05473849,0.0,0.28529516,0.28529516,0.526,-0.008047044,0.0,0.3726195,0.3726195,0.942,0.10931757,0.37818184,0.37818184,0.706,0.04440248,0.29591724,0.29591724,0.498,-0.0024027526,0.36805725,0.36805725,0.67,0.032405466,0.41914222,0.41914222,0.97,0.1483629,0.33961266,0.33961266,0.574,0.018152356,0.4398396,0.4398396,0.938,0.11152166,security_military,0.016000032,0.99807703,0.9949837,0.8456877,0.9964688,0.9613165,0.9984053,0.9864025,0.31489265,0.6898282,0.032821454,0.57343954,0.9744104,0.9970015,0.9913139,0.99969995,social_solidarity
trump3_c010,trump3,trump,en,2017-01-20,inaugural_address,10,17,0.625,92,85,0.30231684,0.30231684,0.606,0.015644163,4.7058825,0.30123708,0.30123708,0.69,0.029835105,0.0,0.38429922,0.38429922,0.898,0.12766212,0.0,0.38952106,0.38952106,0.95,0.12750098,1.1764706,0.28511888,0.28511888,0.726,0.038939252,0.0,0.33945602,0.33945602,0.662,0.037662566,0.0,0.3484347,0.3484347,0.718,0.02940014,1.1764706,0.3010464,0.3010464,0.578,0.0077041984,0.0,0.2989992,0.2989992,0.678,0.03569725,0.3879742,0.3879742,0.75,0.054194838,0.25265124,0.25265124,0.274,-0.04566875,0.40208596,0.40208596,0.77,0.066434175,0.39156646,0.39156646,0.938,0.12078714,0.333988,0.333988,0.558,0.012527704,0.42081645,0.42081645,0.89,0.09249851,foreign_policy,0.051999986,0.8661325,0.004272937,0.039787807,0.85993683,0.6591035,0.9969426,0.036908068,0.29308826,0.0005295418,0.5090322,0.108135976,0.997851,0.015891112,0.4697635,0.9995299,social_solidarity
trump3_c011,trump3,trump,en,2017-01-20,inaugural_address,11,17,0.688,99,89,0.39499122,0.39499122,0.862,0.10831854,1.1235955,0.37300166,0.37300166,0.894,0.10159969,1.1235955,0.24693957,0.24693957,0.534,-0.009697527,0.0,0.48236382,0.48236382,0.998,0.22034374,2.247191,0.28915548,0.28915548,0.734,0.042975858,0.0,0.42047456,0.42047456,0.918,0.1186811,0.0,0.35795617,0.35795617,0.75,0.038921624,0.0,0.32619718,0.32619718,0.694,0.032854974,0.0,0.42670125,0.42670125,0.994,0.16339931,0.5022517,0.5022517,0.986,0.16847232,0.28483674,0.28483674,0.462,-0.013483256,0.40800512,0.40800512,0.778,0.07235333,0.4938178,0.4938178,0.998,0.2230385,0.34199703,0.34199703,0.582,0.02053672,0.427158,0.427158,0.91,0.09884006,foreign_policy,0.08000004,0.999758,0.8126781,0.00081993215,0.9666159,0.7210685,0.9984603,0.95091486,0.00045297577,0.16066068,0.99755615,0.8978745,0.7465088,0.7961043,0.49389678,0.99965537,national_identity
trump3_c012,trump3,trump,en,2017-01-20,inaugural_address,12,17,0.75,106,91,0.45090505,0.45090505,0.95,0.16423237,2.1978023,0.3926978,0.3926978,0.938,0.12129584,1.0989012,0.2317467,0.2317467,0.438,-0.024890393,0.0,0.2782113,0.2782113,0.638,0.016191214,0.0,0.2430418,0.2430418,0.562,-0.003137827,1.0989012,0.47017378,0.47017378,0.978,0.16838032,2.1978023,0.37618196,0.37618196,0.838,0.057147413,0.0,0.20947188,0.20947188,0.138,-0.08387032,0.0,0.38330626,0.38330626,0.958,0.120004326,0.53429294,0.53429294,0.994,0.20051357,0.2848319,0.2848319,0.458,-0.013488084,0.2779625,0.2779625,0.254,-0.05768928,0.44988486,0.44988486,0.986,0.17910555,0.37569627,0.37569627,0.73,0.054235965,0.31624842,0.31624842,0.418,-0.012069523,social_solidarity,0.027999997,0.9994472,0.9967333,0.00012533754,0.6194713,0.13437784,0.9978843,0.056652423,8.7502995e-05,0.0006732405,0.9986462,0.809276,0.0007687913,0.055043377,0.43974736,0.99743664,national_identity
trump3_c013,trump3,trump,en,2017-01-20,inaugural_address,13,17,0.812,80,71,0.31584692,0.31584692,0.654,0.029174238,1.4084507,0.226274,0.226274,0.294,-0.045127973,0.0,0.27037245,0.27037245,0.65,0.013735354,0.0,0.2642242,0.2642242,0.57,0.0022041202,0.0,0.2787258,0.2787258,0.702,0.032546178,0.0,0.29057187,0.29057187,0.442,-0.011221588,0.0,0.33567727,0.33567727,0.646,0.01664272,0.0,0.38277826,0.38277826,0.854,0.089436054,0.0,0.31143966,0.31143966,0.73,0.048137724,0.38995546,0.38995546,0.758,0.056176096,0.3139091,0.3139091,0.574,0.015589118,0.45429102,0.45429102,0.898,0.11863923,0.37534904,0.37534904,0.91,0.10456973,0.3450765,0.3450765,0.614,0.023616195,0.49191493,0.49191493,0.99,0.16359699,future_reform_technology,0.15199995,0.99525404,0.74129957,0.4368623,0.9209676,0.9962235,0.9993014,0.85615206,0.028301446,0.00037263765,0.21011727,0.93126744,0.24068537,0.99110115,0.06858817,0.9928301,social_solidarity
trump3_c014,trump3,trump,en,2017-01-20,inaugural_address,14,17,0.875,86,73,0.4420699,0.4420699,0.938,0.1553972,1.369863,0.30735272,0.30735272,0.71,0.03595075,0.0,0.32827547,0.32827547,0.822,0.071638376,0.0,0.29182678,0.29182678,0.706,0.029806703,0.0,0.23269035,0.23269035,0.514,-0.013489276,0.0,0.33296454,0.33296454,0.65,0.031171083,0.0,0.42490554,0.42490554,0.946,0.10587099,1.369863,0.41267183,0.41267183,0.91,0.11932963,0.0,0.31934786,0.31934786,0.774,0.05604592,0.4093512,0.4093512,0.842,0.075571835,0.3090822,0.3090822,0.538,0.010762215,0.47349322,0.47349322,0.942,0.13784143,0.38181576,0.38181576,0.926,0.11103645,0.3589041,0.3589041,0.658,0.037443787,0.40265572,0.40265572,0.854,0.07433778,crisis_resilience,0.007999957,0.21573259,0.3881831,0.050121,0.9773492,0.0049245106,0.7648038,0.80931365,0.7001778,0.026581828,0.0054586614,0.0010142631,0.9997316,0.9947238,0.2829881,0.99968684,foreign_policy
trump3_c015,trump3,trump,en,2017-01-20,inaugural_address,15,17,0.938,108,94,0.43144867,0.43144867,0.922,0.14477599,0.0,0.35956204,0.35956204,0.85,0.08816007,1.0638298,0.22122282,0.22122282,0.35,-0.03541428,0.0,0.22081995,0.22081995,0.246,-0.04120013,0.0,0.2286148,0.2286148,0.494,-0.017564818,1.0638298,0.35968408,0.35968408,0.746,0.057890624,0.0,0.30716908,0.30716908,0.414,-0.011865467,0.0,0.20363122,0.20363122,0.118,-0.08971098,0.0,0.27806452,0.27806452,0.61,0.01476258,0.3715136,0.3715136,0.67,0.03773424,0.27265275,0.27265275,0.366,-0.02566725,0.25072485,0.25072485,0.178,-0.08492693,0.3782853,0.3782853,0.922,0.10750598,0.40769592,0.40769592,0.834,0.08623561,0.26014125,0.26014125,0.178,-0.06817669,national_identity,0.07199997,0.99697214,0.9590609,0.00017847933,0.2232077,0.0033634924,0.9990053,0.5537768,0.00013873412,0.0056528766,0.07814849,0.97914577,0.00094177976,0.559055,0.3205022,0.9973785,social_solidarity
trump3_c016,trump3,trump,en,2017-01-20,inaugural_address,16,17,1.0,129,105,0.4608825,0.4608825,0.966,0.17420983,0.0,0.334326,0.334326,0.81,0.06292403,0.0,0.3343644,0.3343644,0.83,0.07772732,0.0,0.28821862,0.28821862,0.686,0.026198536,0.0,0.30654123,0.30654123,0.79,0.06036161,0.0,0.38231438,0.38231438,0.81,0.08052093,2.857143,0.3684455,0.3684455,0.806,0.04941094,0.0,0.3235248,0.3235248,0.69,0.0301826,0.0,0.32676524,0.32676524,0.806,0.0634633,0.4308484,0.4308484,0.922,0.097069025,0.33539924,0.33539924,0.718,0.037079245,0.43734512,0.43734512,0.854,0.10169333,0.41850525,0.41850525,0.966,0.14772594,0.4508294,0.4508294,0.902,0.12936908,0.4519317,0.4519317,0.954,0.123613745,national_identity,0.13600004,0.99976027,0.76664317,0.5537164,0.93314576,0.06930517,0.9991083,0.640411,0.00042804275,0.0012279607,0.98367554,0.8555497,0.99796915,0.34428844,0.99947155,0.99909604,national_identity
