chunk_id,speech_id,leader,language,speech_date,speech_type,chunk_index,n_chunks_in_speech,relative_position,token_count,word_count,national_identity_cos,national_identity_cos_en,national_identity_pct,national_identity_rel,national_identity_kw,security_military_cos,security_military_cos_en,security_military_pct,security_military_rel,security_military_kw,economy_welfare_cos,economy_welfare_cos_en,economy_welfare_pct,economy_welfare_rel,economy_welfare_kw,foreign_policy_cos,foreign_policy_cos_en,foreign_policy_pct,foreign_policy_rel,foreign_policy_kw,democracy_institutions_cos,democracy_institutions_cos_en,democracy_institutions_pct,democracy_institutions_rel,democracy_institutions_kw,social_solidarity_cos,social_solidarity_cos_en,social_solidarity_pct,social_solidarity_rel,social_solidarity_kw,crisis_resilience_cos,crisis_resilience_cos_en,crisis_resilience_pct,crisis_resilience_rel,crisis_resilience_kw,future_reform_technology_cos,future_reform_technology_cos_en,future_reform_technology_pct,future_reform_technology_rel,future_reform_technology_kw,conflict_threat_framing_cos,conflict_threat_framing_cos_en,conflict_threat_framing_pct,conflict_threat_framing_rel,cooperation_solidarity_framing_cos,cooperation_solidarity_framing_cos_en,cooperation_solidarity_framing_pct,cooperation_solidarity_framing_rel,past_orientation_cos,past_orientation_cos_en,past_orientation_pct,past_orientation_rel,future_orientation_cos,future_orientation_cos_en,future_orientation_pct,future_orientation_rel,us_vs_them_cos,us_vs_them_cos_en,us_vs_them_pct,us_vs_them_rel,gratitude_recognition_cos,gratitude_recognition_cos_en,gratitude_recognition_pct,gratitude_recognition_rel,promises_commitments_cos,promises_commitments_cos_en,promises_commitments_pct,promises_commitments_rel,top_theme_emb,top_theme_margin,national_identity_nli,security_military_nli,economy_welfare_nli,foreign_policy_nli,democracy_institutions_nli,social_solidarity_nli,crisis_resilience_nli,future_reform_technology_nli,conflict_threat_framing_nli,cooperation_solidarity_framing_nli,past_orientation_nli,future_orientation_nli,us_vs_them_nli,gratitude_recognition_nli,promises_commitments_nli,top_theme_nli
erdogan1_c000,erdogan1,erdogan,en,,symposium_speech,0,9,0.0,104,87,0.3994883,0.3994883,0.48140496,-0.0074879527,0.0,0.39346552,0.39346552,0.29545453,-0.031782627,2.2988505,0.31891996,0.31891996,0.06404959,-0.08136311,1.1494253,0.37346983,0.37346983,0.37809917,-0.021004409,0.0,0.38858873,0.38858873,0.6095041,0.009546697,0.0,0.32466048,0.32466048,0.11363637,-0.07022348,0.0,0.43770367,0.43770367,0.4235537,-0.009576023,0.0,0.310498,0.310498,0.06404959,-0.087354064,0.0,0.37293786,0.37293786,0.23347108,-0.03978893,0.34141684,0.34141684,0.13429752,-0.05853185,0.42686075,0.42686075,0.6053719,0.020487666,0.34915677,0.34915677,0.04338843,-0.10403222,0.3534249,0.3534249,0.36983472,-0.025809973,0.40466076,0.40466076,0.37396693,-0.02054122,0.33120635,0.33120635,0.030991735,-0.100164175,democracy_institutions,0.12809914,0.9054478,0.009268015,0.00096975197,0.34303218,0.0021699923,0.4790162,0.4797474,0.00019871553,0.89022267,0.05155819,0.9980563,0.00084758986,0.9383504,0.98548245,0.05242457,national_identity
erdogan1_c001,erdogan1,erdogan,en,,symposium_speech,1,9,0.125,93,73,0.3534816,0.3534816,0.20041323,-0.053494662,0.0,0.33678794,0.33678794,0.07231405,-0.08846021,1.369863,0.2975666,0.2975666,0.022727273,-0.102716476,0.0,0.3915987,0.3915987,0.4979339,-0.0028755367,2.739726,0.5000416,0.5000416,0.9855372,0.120999575,2.739726,0.3016741,0.3016741,0.04752066,-0.09320986,0.0,0.33808774,0.33808774,0.010330578,-0.109191954,0.0,0.35987043,0.35987043,0.2623967,-0.03798163,0.0,0.32572514,0.32572514,0.07644628,-0.08700165,0.3254121,0.3254121,0.08057851,-0.07453659,0.36096078,0.36096078,0.2376033,-0.045412302,0.31807005,0.31807005,0.022727273,-0.13511893,0.35538214,0.35538214,0.38636363,-0.023852736,0.33205688,0.33205688,0.08884297,-0.0931451,0.30739266,0.30739266,0.010330578,-0.12397787,democracy_institutions,0.48760328,0.54737335,0.03767939,8.36595e-05,0.8129416,0.9953273,0.047958102,0.26137805,9.780648e-05,0.00061542727,0.0008492456,0.99864364,0.00035075273,0.7367796,0.050564542,0.88378876,democracy_institutions
erdogan1_c002,erdogan1,erdogan,en,,symposium_speech,2,9,0.25,102,91,0.35958067,0.35958067,0.22933884,-0.047395587,1.0989012,0.39096937,0.39096937,0.27066115,-0.03427878,0.0,0.4220466,0.4220466,0.6838843,0.021763533,1.0989012,0.3805902,0.3805902,0.4070248,-0.013884038,0.0,0.48151875,0.48151875,0.96900827,0.102476716,0.0,0.35210913,0.35210913,0.2376033,-0.042774826,0.0,0.45089933,0.45089933,0.51033056,0.003619641,1.0989012,0.39238918,0.39238918,0.47727272,-0.005462885,0.0,0.41463408,0.41463408,0.50206614,0.001907289,0.35642773,0.35642773,0.20041323,-0.043520957,0.38630968,0.38630968,0.39049587,-0.0200634,0.41317117,0.41317117,0.28305784,-0.040017813,0.37829667,0.37829667,0.53099173,-0.0009382069,0.33753234,0.33753234,0.09297521,-0.08766964,0.40769506,0.40769506,0.3161157,-0.023675472,democracy_institutions,0.28512394,0.70793504,0.004792317,0.0042028804,0.8452412,0.8495036,0.40774608,0.9687381,0.00019373451,0.00045209238,0.005911069,0.8025168,0.99788016,0.98854727,0.06375871,0.9498092,crisis_resilience
erdogan1_c003,erdogan1,erdogan,en,,symposium_speech,3,9,0.375,152,128,0.37919605,0.37919605,0.34504133,-0.027780205,1.5625,0.3566534,0.3566534,0.12603305,-0.068594754,0.0,0.32882154,0.32882154,0.09710744,-0.07146153,0.0,0.35215503,0.35215503,0.20454545,-0.04231921,0.0,0.4387046,0.4387046,0.8822314,0.05966258,0.78125,0.30997854,0.30997854,0.06818182,-0.084905416,0.78125,0.38524577,0.38524577,0.11776859,-0.06203392,0.0,0.3853648,0.3853648,0.4359504,-0.0124872625,0.0,0.36400217,0.36400217,0.19214876,-0.04872462,0.3480827,0.3480827,0.1714876,-0.051865995,0.38066503,0.38066503,0.36157024,-0.02570805,0.3915084,0.3915084,0.17975207,-0.061680585,0.35051775,0.35051775,0.3285124,-0.02871713,0.320682,0.320682,0.04752066,-0.10451999,0.3534844,0.3534844,0.055785123,-0.077886134,democracy_institutions,0.44628102,0.8945594,0.021044564,0.0011786722,0.6265241,0.5480689,0.4764579,0.6477704,0.0013723688,0.0010505168,0.49346963,0.97754294,0.007922628,0.12543988,0.6778473,0.037082024,national_identity
erdogan1_c004,erdogan1,erdogan,en,,symposium_speech,4,9,0.5,96,88,0.33132446,0.33132446,0.11363637,-0.075651795,2.2727273,0.39687744,0.39687744,0.31198347,-0.028370708,0.0,0.33562273,0.33562273,0.11776859,-0.06466034,0.0,0.35175315,0.35175315,0.19628099,-0.042721093,0.0,0.48331237,0.48331237,0.9731405,0.10427034,1.1363636,0.3256719,0.3256719,0.12190083,-0.06921205,1.1363636,0.40731138,0.40731138,0.20041323,-0.03996831,0.0,0.32887197,0.32887197,0.10950413,-0.0689801,0.0,0.37200135,0.37200135,0.22520661,-0.04072544,0.33391103,0.33391103,0.10123967,-0.066037655,0.3061146,0.3061146,0.059917357,-0.10025847,0.34593326,0.34593326,0.035123967,-0.10725573,0.35255688,0.35255688,0.35743803,-0.026677996,0.31308582,0.31308582,0.0392562,-0.11211616,0.37211436,0.37211436,0.11363637,-0.059256166,democracy_institutions,0.661157,0.97764987,0.0012448432,0.0003150387,0.93987197,0.9945519,0.9911868,0.4829168,0.0002617008,0.0006667022,0.06681232,0.34834027,0.984276,0.87525487,0.26090702,0.99937123,democracy_institutions
erdogan1_c005,erdogan1,erdogan,en,,symposium_speech,5,9,0.625,96,78,0.31059718,0.31059718,0.051652893,-0.09637907,1.2820513,0.36239427,0.36239427,0.15082644,-0.06285387,0.0,0.315458,0.315458,0.04752066,-0.08482507,0.0,0.3486429,0.3486429,0.17561984,-0.045831352,0.0,0.44257668,0.44257668,0.8987603,0.06353465,2.5641026,0.30213454,0.30213454,0.051652893,-0.09274942,0.0,0.37258,0.37258,0.08471075,-0.0746997,0.0,0.37228915,0.37228915,0.34504133,-0.025562912,0.0,0.38821232,0.38821232,0.33677685,-0.024514467,0.3415899,0.3415899,0.13842975,-0.05835879,0.33174568,0.33174568,0.13429752,-0.0746274,0.3813662,0.3813662,0.13842975,-0.07182279,0.3532372,0.3532372,0.36570248,-0.025997669,0.32451543,0.32451543,0.06818182,-0.10068655,0.35665357,0.35665357,0.059917357,-0.074716955,democracy_institutions,0.553719,0.077762425,0.18297236,0.0009290033,0.9379822,0.9692224,0.012722707,0.40822467,9.685608e-05,0.00074953143,0.00042140938,0.99882597,0.004690933,0.9928509,0.0011890647,0.9325762,democracy_institutions
erdogan1_c006,erdogan1,erdogan,en,,symposium_speech,6,9,0.75,106,88,0.39703298,0.39703298,0.4607438,-0.009943277,1.1363636,0.37216955,0.37216955,0.19214876,-0.05307859,0.0,0.34068394,0.34068394,0.14256199,-0.05959913,0.0,0.3520373,0.3520373,0.20041323,-0.042436928,0.0,0.4665076,0.4665076,0.94008267,0.087465584,1.1363636,0.38323438,0.38323438,0.4235537,-0.011649579,0.0,0.3936941,0.3936941,0.14669421,-0.05358559,0.0,0.37564415,0.37564415,0.37809917,-0.022207916,0.0,0.38363105,0.38363105,0.29545453,-0.02909574,0.39242446,0.39242446,0.4359504,-0.007524222,0.3387099,0.3387099,0.15082644,-0.06766319,0.3957667,0.3957667,0.19214876,-0.05742228,0.37253472,0.37253472,0.49380165,-0.006700158,0.38052613,0.38052613,0.2376033,-0.044675857,0.41611147,0.41611147,0.37396693,-0.015259057,democracy_institutions,0.47933885,0.78282857,0.07863355,0.00049264234,0.5239075,0.91000706,0.9301416,0.23185325,0.00012053648,0.00035976942,0.046464663,0.047602657,0.0005647764,0.760584,0.16221407,0.25902826,social_solidarity
erdogan1_c007,erdogan1,erdogan,en,,symposium_speech,7,9,0.875,84,74,0.43724513,0.43724513,0.6714876,0.030268878,5.4054055,0.3731727,0.3731727,0.20041323,-0.052075446,0.0,0.3171829,0.3171829,0.055785123,-0.08310017,0.0,0.36916053,0.36916053,0.33677685,-0.025313705,0.0,0.4711497,0.4711497,0.95247936,0.09210768,0.0,0.3322824,0.3322824,0.14256199,-0.06260157,0.0,0.36034578,0.36034578,0.0392562,-0.08693391,0.0,0.32388908,0.32388908,0.10123967,-0.07396299,0.0,0.35936043,0.35936043,0.17975207,-0.053366363,0.3437357,0.3437357,0.14669421,-0.05621299,0.3224791,0.3224791,0.12190083,-0.083893985,0.36897245,0.36897245,0.08057851,-0.084216535,0.38717198,0.38717198,0.588843,0.0079371035,0.3504009,0.3504009,0.1301653,-0.07480109,0.38831416,0.38831416,0.20041323,-0.04305637,democracy_institutions,0.28099173,0.9576556,0.640411,0.050424073,0.7801604,0.9967713,0.86861795,0.09773432,0.08472911,0.0033050785,0.5210446,0.5004883,0.87321484,0.25321415,0.00043990323,0.99880046,democracy_institutions
erdogan1_c008,erdogan1,erdogan,en,,symposium_speech,8,9,1.0,144,118,0.30970794,0.30970794,0.04752066,-0.09726831,3.3898306,0.31401756,0.31401756,0.035123967,-0.11123058,0.0,0.26559758,0.26559758,0.0020661156,-0.13468549,0.0,0.3220954,0.3220954,0.07231405,-0.072378844,0.0,0.39990813,0.39990813,0.66322315,0.020866096,0.0,0.2553621,0.2553621,0.018595042,-0.13952187,0.0,0.29249895,0.29249895,0.0020661156,-0.15478075,0.0,0.3136927,0.3136927,0.07231405,-0.084159374,0.0,0.2959532,0.2959532,0.035123967,-0.116773576,0.2791077,0.2791077,0.018595042,-0.120841,0.29254913,0.29254913,0.022727273,-0.11382395,0.343135,0.343135,0.030991735,-0.11005399,0.3331055,0.3331055,0.22520661,-0.046129376,0.300929,0.300929,0.018595042,-0.12427297,0.37865686,0.37865686,0.15082644,-0.052713662,democracy_institutions,0.5909091,0.99941504,0.3369853,0.055624023,0.95756644,0.99925923,0.96864927,0.09640763,0.2726051,0.002662613,0.72674084,0.3559987,0.97969675,0.48096627,0.78711414,0.9984299,national_identity
erdogan2022_c000,erdogan2022,erdogan,en,2022-12-31,new_year_message,0,13,0.0,83,68,0.4535513,0.4535513,0.7541322,0.04657504,1.4705882,0.42609507,0.42609507,0.51859504,0.0008469224,1.4705882,0.36015555,0.36015555,0.25,-0.040127516,0.0,0.3837508,0.3837508,0.4235537,-0.010723442,0.0,0.35107553,0.35107553,0.29132232,-0.0279665,0.0,0.38875744,0.38875744,0.48140496,-0.006126523,0.0,0.45801944,0.45801944,0.572314,0.010739744,0.0,0.40352067,0.40352067,0.54752064,0.0056686103,0.0,0.40801024,0.40801024,0.45247933,-0.0047165453,0.39046186,0.39046186,0.4194215,-0.009486824,0.5086287,0.5086287,0.94008267,0.10225564,0.48958373,0.48958373,0.696281,0.036394745,0.36200923,0.36200923,0.4194215,-0.017225653,0.4679438,0.4679438,0.7541322,0.042741805,0.42334795,0.42334795,0.3946281,-0.008022577,national_identity,0.18181819,0.9689491,0.063221596,0.00090750254,0.5144003,0.2697342,0.9812928,0.18531974,0.005119677,0.05432402,0.07091265,0.9807289,0.028007522,0.28608197,0.6737286,0.9877351,social_solidarity
erdogan2022_c001,erdogan2022,erdogan,en,2022-12-31,new_year_message,1,13,0.083,111,91,0.37541035,0.37541035,0.30785123,-0.031565905,1.0989012,0.3384852,0.3384852,0.08884297,-0.086762935,0.0,0.31151643,0.31151643,0.04338843,-0.088766634,0.0,0.30852944,0.30852944,0.051652893,-0.0859448,0.0,0.3655816,0.3655816,0.411157,-0.0134604275,0.0,0.32681525,0.32681525,0.12603305,-0.06806871,1.0989012,0.4308193,0.4308193,0.37396693,-0.016460389,1.0989012,0.34160018,0.34160018,0.17561984,-0.056251884,0.0,0.31335223,0.31335223,0.04752066,-0.09937456,0.32157034,0.32157034,0.06818182,-0.07837835,0.479556,0.479556,0.8698347,0.07318291,0.4066407,0.4066407,0.22520661,-0.046548277,0.2762531,0.2762531,0.026859503,-0.102981776,0.42792165,0.42792165,0.5268595,0.0027196705,0.37755468,0.37755468,0.13842975,-0.05381584,democracy_institutions,0.03719008,0.99375266,0.031011503,0.006705849,0.01664105,0.88696,0.9475026,0.3385417,0.00048406248,0.00022871331,0.45950055,0.9988328,0.5471919,0.010944577,0.86422455,0.95540243,national_identity
erdogan2022_c002,erdogan2022,erdogan,en,2022-12-31,new_year_message,2,13,0.167,84,59,0.38032937,0.38032937,0.35743803,-0.026646882,1.6949153,0.3794546,0.3794546,0.22107439,-0.045793533,0.0,0.36565447,0.36565447,0.28719008,-0.0346286,0.0,0.33837005,0.33837005,0.12603305,-0.056104183,0.0,0.3638595,0.3638595,0.3822314,-0.015182525,0.0,0.32888982,0.32888982,0.13842975,-0.06599414,0.0,0.43227008,0.43227008,0.39049587,-0.015009612,0.0,0.40877718,0.40877718,0.5764463,0.010925114,0.0,0.35435247,0.35435247,0.16735537,-0.058374316,0.3287563,0.3287563,0.08884297,-0.071192384,0.48255196,0.48255196,0.8822314,0.07617888,0.51387966,0.51387966,0.82024795,0.06069067,0.2960859,0.2960859,0.07644628,-0.083148986,0.4249256,0.4249256,0.50619835,-0.00027638674,0.47207958,0.47207958,0.8285124,0.04070905,future_reform_technology,0.18595043,0.95921534,0.0883079,0.003685674,0.54262096,0.0068372046,0.91851217,0.26203844,0.0018494503,0.0010024585,0.12727249,0.99619776,0.9994897,0.21833587,0.9944397,0.99924463,national_identity
erdogan2022_c003,erdogan2022,erdogan,en,2022-12-31,new_year_message,3,13,0.25,97,76,0.36847794,0.36847794,0.27892563,-0.038498312,1.3157895,0.39678442,0.39678442,0.30785123,-0.028463721,0.0,0.3832469,0.3832469,0.38636363,-0.01703617,0.0,0.38613358,0.38613358,0.45247933,-0.008340657,0.0,0.42942524,0.42942524,0.84090906,0.05038321,2.631579,0.31184506,0.31184506,0.07644628,-0.0830389,0.0,0.4097473,0.4097473,0.21694215,-0.03753239,0.0,0.43040252,0.43040252,0.7252066,0.032550454,0.0,0.38599575,0.38599575,0.30785123,-0.026731044,0.34022212,0.34022212,0.12190083,-0.059726566,0.43696094,0.43696094,0.67561984,0.030587852,0.5351199,0.5351199,0.8780992,0.081930906,0.3601278,0.3601278,0.4070248,-0.019107074,0.38280982,0.38280982,0.25826445,-0.042392164,0.46816236,0.46816236,0.803719,0.03679183,democracy_institutions,0.11570245,0.43494123,0.28666824,0.00016603847,0.97195256,0.08218025,0.08636199,0.50494367,0.00021485926,0.00048500838,0.005220126,0.96802044,0.9992191,0.97999567,0.4045074,0.9996266,foreign_policy
erdogan2022_c004,erdogan2022,erdogan,en,2022-12-31,new_year_message,4,13,0.333,116,76,0.34271157,0.34271157,0.13842975,-0.064264685,0.0,0.45727766,0.45727766,0.67975205,0.03202951,0.0,0.39014795,0.39014795,0.4318182,-0.010135114,1.3157895,0.38989303,0.38989303,0.48140496,-0.004581213,1.3157895,0.34354877,0.34354877,0.24586777,-0.035493255,0.0,0.31703463,0.31703463,0.09710744,-0.07784933,0.0,0.4759848,0.4759848,0.7252066,0.02870512,0.0,0.37425014,0.37425014,0.36157024,-0.02360192,0.0,0.4284374,0.4284374,0.5971074,0.015710622,0.33907387,0.33907387,0.11363637,-0.06087482,0.46653342,0.46653342,0.8285124,0.06016034,0.45148268,0.45148268,0.51859504,-0.0017063022,0.3483776,0.3483776,0.31198347,-0.030857295,0.4001765,0.4001765,0.34504133,-0.025025487,0.39479488,0.39479488,0.24173553,-0.036575645,crisis_resilience,0.04545456,0.5051878,0.9796871,0.0004442183,0.9502496,0.1987048,0.14596547,0.99941504,0.0003225072,0.9878059,0.00038147112,0.997851,0.99972254,0.9994653,0.6235488,0.9992834,crisis_resilience
erdogan2022_c005,erdogan2022,erdogan,en,2022-12-31,new_year_message,5,13,0.417,106,85,0.41948694,0.41948694,0.5847107,0.012510687,2.3529413,0.49954426,0.49954426,0.8780992,0.07429612,1.1764706,0.4238334,0.4238334,0.696281,0.023550332,1.1764706,0.42422402,0.42422402,0.70454544,0.02974978,0.0,0.37811512,0.37811512,0.53512394,-0.00092691183,0.0,0.3739007,0.3739007,0.34504133,-0.020983249,2.3529413,0.5203238,0.5203238,0.9194215,0.07304412,1.1764706,0.41039807,0.41039807,0.5847107,0.012546003,0.0,0.46742612,0.46742612,0.79545456,0.05469933,0.42080915,0.42080915,0.6219008,0.020860463,0.44749898,0.44749898,0.7623967,0.041125894,0.50126165,0.50126165,0.7623967,0.048072666,0.40804982,0.40804982,0.69214875,0.028814942,0.4408552,0.4408552,0.6012397,0.015653223,0.45919147,0.45919147,0.7334711,0.027820945,crisis_resilience,0.04132229,0.9948103,0.9768134,0.5648787,0.98532796,0.5986055,0.92046857,0.99439085,0.067978516,0.03564497,0.8850739,0.10859007,0.99985373,0.9535353,0.7614054,0.99913234,national_identity
erdogan2022_c006,erdogan2022,erdogan,en,2022-12-31,new_year_message,6,13,0.5,107,86,0.31544945,0.31544945,0.06404959,-0.09152681,0.0,0.36423886,0.36423886,0.16322315,-0.061009288,1.1627907,0.53376794,0.53376794,0.9731405,0.13348487,4.6511626,0.36161143,0.36161143,0.28719008,-0.032862812,3.488372,0.31293824,0.31293824,0.07644628,-0.066103786,0.0,0.34170783,0.34170783,0.19214876,-0.053176135,0.0,0.4802004,0.4802004,0.7623967,0.03292072,1.1627907,0.3293892,0.3293892,0.11363637,-0.06846285,0.0,0.35436964,0.35436964,0.1714876,-0.05835715,0.3396399,0.3396399,0.11776859,-0.060308784,0.37762135,0.37762135,0.3409091,-0.02875173,0.37091255,0.37091255,0.08884297,-0.08227643,0.30856997,0.30856997,0.11363637,-0.07066491,0.38996708,0.38996708,0.27066115,-0.0352349,0.34740853,0.34740853,0.04338843,-0.08396199,economy_welfare,0.21074378,0.8250265,0.0012743262,0.9547952,0.9811849,0.005691431,0.04709609,0.9986223,0.024798159,0.037221756,0.007853845,0.41649997,0.9960005,0.99683344,0.2866682,0.81687254,crisis_resilience
erdogan2022_c007,erdogan2022,erdogan,en,2022-12-31,new_year_message,7,13,0.583,82,72,0.4586842,0.4586842,0.7871901,0.051707953,4.1666665,0.45023918,0.45023918,0.65082645,0.024991035,0.0,0.62482154,0.62482154,0.99793386,0.22453848,1.3888888,0.4406631,0.4406631,0.83677685,0.04618886,0.0,0.41899312,0.41899312,0.803719,0.039951086,0.0,0.43583152,0.43583152,0.7747934,0.040947556,0.0,0.5205954,0.5205954,0.9235537,0.07331568,0.0,0.38700944,0.38700944,0.44421488,-0.010842621,0.0,0.4420895,0.4420895,0.67975205,0.029362708,0.41503435,0.41503435,0.5847107,0.015085667,0.45129043,0.45129043,0.7789256,0.044917345,0.43190554,0.43190554,0.4235537,-0.021283448,0.4202019,0.4202019,0.7541322,0.040967017,0.47370398,0.47370398,0.7995868,0.048502,0.4636252,0.4636252,0.7582645,0.032254666,economy_welfare,0.07438016,0.99686414,0.010159832,0.99897975,0.9171544,0.9677701,0.996597,0.8192074,0.13069749,0.0006785173,0.9689739,0.9994428,0.23868327,0.10127792,0.98184043,0.9994877,economy_welfare
erdogan2022_c008,erdogan2022,erdogan,en,2022-12-31,new_year_message,8,13,0.667,93,87,0.37532428,0.37532428,0.303719,-0.031651974,0.0,0.4256289,0.4256289,0.51033056,0.00038075447,0.0,0.60154885,0.60154885,0.99380165,0.20126578,4.597701,0.40630293,0.40630293,0.572314,0.011828691,1.1494253,0.3758263,0.3758263,0.51859504,-0.0032157302,0.0,0.3728823,0.3728823,0.33677685,-0.022001654,1.1494253,0.5112347,0.5112347,0.8780992,0.06395501,0.0,0.37881738,0.37881738,0.39876032,-0.019034684,0.0,0.41846147,0.41846147,0.51859504,0.005734682,0.3844164,0.3844164,0.36983472,-0.015532285,0.40373793,0.40373793,0.47727272,-0.0026351511,0.41082007,0.41082007,0.2623967,-0.04236892,0.3865263,0.3865263,0.5847107,0.0072914064,0.44202372,0.44202372,0.6219008,0.016821742,0.42498398,0.42498398,0.411157,-0.0063865483,economy_welfare,0.11570245,0.9912548,0.0701763,0.9996574,0.99783003,0.49102882,0.98808503,0.9986698,0.012624949,0.042762153,0.028247785,0.9995479,0.96771675,0.9670387,0.95325327,0.9987056,economy_welfare
erdogan2022_c009,erdogan2022,erdogan,en,2022-12-31,new_year_message,9,13,0.75,123,109,0.36032426,0.36032426,0.2376033,-0.04665199,0.0,0.4713772,0.4713772,0.7541322,0.046129048,0.9174312,0.36211914,0.36211914,0.26652893,-0.03816393,0.9174312,0.4622729,0.4622729,0.8987603,0.067798674,2.7522936,0.32588392,0.32588392,0.14256199,-0.053158104,0.0,0.31592754,0.31592754,0.09297521,-0.078956425,0.0,0.46210378,0.46210378,0.6095041,0.014824092,0.9174312,0.35017785,0.35017785,0.20041323,-0.04767421,0.0,0.4367155,0.4367155,0.642562,0.023988724,0.35041934,0.35041934,0.17561984,-0.049529344,0.36997867,0.36997867,0.29545453,-0.036394417,0.37215024,0.37215024,0.09297521,-0.08103874,0.36612827,0.36612827,0.45247933,-0.013106614,0.38132948,0.38132948,0.24586777,-0.043872505,0.33281648,0.33281648,0.035123967,-0.098554045,foreign_policy,0.14462811,0.9920157,0.81616837,0.00013819334,0.9296323,0.008994129,0.19140323,0.84917164,0.001974259,0.0014131118,0.29421496,0.99937737,0.005291605,0.9853421,0.93667716,0.98282325,national_identity
erdogan2022_c010,erdogan2022,erdogan,en,2022-12-31,new_year_message,10,13,0.833,111,90,0.37131152,0.37131152,0.28719008,-0.035664737,1.1111112,0.3995127,0.3995127,0.3285124,-0.025735438,0.0,0.49875262,0.49875262,0.9442149,0.098469555,0.0,0.4046092,0.4046092,0.55991733,0.010134965,0.0,0.32909694,0.32909694,0.16322315,-0.049945086,0.0,0.33809346,0.33809346,0.16735537,-0.0567905,0.0,0.48583913,0.48583913,0.80785125,0.038559437,0.0,0.38630843,0.38630843,0.44008264,-0.011543632,0.0,0.38164106,0.38164106,0.27892563,-0.03108573,0.3546837,0.3546837,0.18801653,-0.04526499,0.4852137,0.4852137,0.911157,0.07884061,0.48475003,0.48475003,0.66322315,0.031561047,0.3304596,0.3304596,0.20867768,-0.048775285,0.41036808,0.41036808,0.4070248,-0.014833897,0.41101864,0.41101864,0.3409091,-0.020351887,economy_welfare,0.13636363,0.96235603,0.00027106237,0.30097666,0.15629797,0.073297285,0.48990005,0.020196635,0.35342816,0.00020906502,0.07751766,0.79953647,0.99824196,0.11777493,0.89116746,0.99576837,national_identity
erdogan2022_c011,erdogan2022,erdogan,en,2022-12-31,new_year_message,11,13,0.917,81,70,0.36264586,0.36264586,0.25,-0.04433039,0.0,0.38800874,0.38800874,0.26652893,-0.037239403,0.0,0.41549948,0.41549948,0.64669424,0.01521641,2.857143,0.42101997,0.42101997,0.696281,0.026545733,0.0,0.35789782,0.35789782,0.32438016,-0.021144211,0.0,0.30049056,0.30049056,0.04338843,-0.0943934,0.0,0.39623109,0.39623109,0.16322315,-0.051048607,0.0,0.4577545,0.4577545,0.83264464,0.05990243,0.0,0.37525624,0.37525624,0.24173553,-0.03747055,0.33309743,0.33309743,0.09710744,-0.06685126,0.3859908,0.3859908,0.3822314,-0.020382285,0.55341166,0.55341166,0.927686,0.10022268,0.35124975,0.35124975,0.3409091,-0.027985126,0.3519921,0.3519921,0.13429752,-0.07320988,0.44422546,0.44422546,0.5805785,0.012854934,future_reform_technology,0.13636363,0.94652253,0.30486885,0.79462415,0.98613805,0.4531409,0.73284286,0.42399457,0.17773949,0.0013966715,0.2730895,0.25664562,0.99978596,0.9166335,0.16854344,0.9997357,foreign_policy
erdogan2022_c012,erdogan2022,erdogan,en,2022-12-31,new_year_message,12,13,1.0,149,116,0.40419868,0.40419868,0.4979339,-0.0027775764,1.7241379,0.3948227,0.3948227,0.303719,-0.03042546,0.0,0.40969604,0.40969604,0.6012397,0.009412974,0.86206895,0.38450944,0.38450944,0.4318182,-0.009964794,0.0,0.4146127,0.4146127,0.7623967,0.03557068,0.86206895,0.36951333,0.36951333,0.31198347,-0.025370628,0.0,0.42417526,0.42417526,0.32438016,-0.02310443,0.0,0.4771101,0.4771101,0.9070248,0.079258025,0.86206895,0.37758285,0.37758285,0.25826445,-0.03514394,0.379222,0.379222,0.33264464,-0.02072668,0.49429315,0.49429315,0.927686,0.08792007,0.5588735,0.5588735,0.94008267,0.10568449,0.33804333,0.33804333,0.25413224,-0.041191548,0.41012686,0.41012686,0.40289256,-0.015075117,0.43737018,0.43737018,0.5392562,0.0059996545,future_reform_technology,0.14462811,0.9697854,0.0021912407,0.08703861,0.8279325,0.15681376,0.9946723,0.0023254273,0.0012743262,0.00040527197,0.60766315,0.7336248,0.99856466,0.04947408,0.86356425,0.9995169,social_solidarity
erdogan2023_c000,erdogan2023,erdogan,en,2023-12-31,new_year_message,0,13,0.0,82,64,0.45374,0.45374,0.7582645,0.046763748,1.5625,0.4097987,0.4097987,0.3822314,-0.0154494345,0.0,0.39124966,0.39124966,0.44421488,-0.009033412,0.0,0.40149412,0.40149412,0.54752064,0.0070198774,0.0,0.36805114,0.36805114,0.4359504,-0.010990888,0.0,0.44065,0.44065,0.7995868,0.045766026,0.0,0.4213592,0.4213592,0.29132232,-0.02592048,0.0,0.4337959,0.4337959,0.7541322,0.035943836,0.0,0.41105705,0.41105705,0.46900827,-0.0016697347,0.44272128,0.44272128,0.80785125,0.04277259,0.5248195,0.5248195,0.9607438,0.11844641,0.57590854,0.57590854,0.9566116,0.122719556,0.37002456,0.37002456,0.46900827,-0.009210318,0.46692377,0.46692377,0.7417355,0.04172179,0.44497323,0.44497323,0.5929752,0.013602704,social_solidarity,0.04132229,0.76471597,0.003510649,0.006139131,0.4843801,0.051701643,0.9960699,0.0021869743,0.012995414,0.00048976555,0.16372937,0.0033700457,0.9995955,0.055926178,0.9293763,0.95779395,social_solidarity
erdogan2023_c001,erdogan2023,erdogan,en,2023-12-31,new_year_message,1,13,0.083,98,84,0.4101529,0.4101529,0.53099173,0.0031766593,0.0,0.5302172,0.5302172,0.98140496,0.104969025,1.1904762,0.3787207,0.3787207,0.35743803,-0.021562368,0.0,0.46049863,0.46049863,0.8863636,0.06602439,2.3809524,0.41664356,0.41664356,0.7871901,0.03760153,2.3809524,0.41486675,0.41486675,0.63429755,0.019982785,1.1904762,0.46906868,0.46906868,0.67975205,0.021788985,0.0,0.41325045,0.41325045,0.6012397,0.015398383,1.1904762,0.49284714,0.49284714,0.9194215,0.080120355,0.4530806,0.4530806,0.86570245,0.05313191,0.47801793,0.47801793,0.86157024,0.07164484,0.5220388,0.5220388,0.85330576,0.06884983,0.40200248,0.40200248,0.65082645,0.022767603,0.4407756,0.4407756,0.5971074,0.015573621,0.41207328,0.41207328,0.34504133,-0.019297242,security_military,0.095041335,0.6924763,0.059510153,0.0007222463,0.7124323,0.14984211,0.9575962,0.9857043,0.00012681478,0.010408315,0.14761661,0.18672453,0.0010859442,0.99569374,0.009029014,0.9501803,crisis_resilience
erdogan2023_c002,erdogan2023,erdogan,en,2023-12-31,new_year_message,2,13,0.167,121,104,0.4003483,0.4003483,0.4855372,-0.006627947,0.0,0.47349742,0.47349742,0.7706612,0.048249274,1.9230769,0.43529308,0.43529308,0.7747934,0.03501001,0.96153843,0.48295638,0.48295638,0.9442149,0.08848214,1.9230769,0.4144075,0.4144075,0.7582645,0.035365462,0.96153843,0.41431737,0.41431737,0.62603307,0.019433409,0.0,0.4731519,0.4731519,0.70454544,0.0258722,0.0,0.41651386,0.41651386,0.64669424,0.018661797,0.96153843,0.4962269,0.4962269,0.9318182,0.08350012,0.489056,0.489056,0.9566116,0.089107305,0.38557392,0.38557392,0.37809917,-0.02079916,0.46072245,0.46072245,0.55991733,0.007533461,0.39857236,0.39857236,0.6219008,0.019337475,0.41409457,0.41409457,0.4235537,-0.011107415,0.43534738,0.43534738,0.51033056,0.0039768517,foreign_policy,0.1694215,0.8173286,0.18798834,0.01709447,0.99905825,0.40497065,0.99806005,0.80177456,0.000105340936,0.9976632,0.02480997,0.99921453,0.051319942,0.99855196,0.010601172,0.993831,foreign_policy
erdogan2023_c003,erdogan2023,erdogan,en,2023-12-31,new_year_message,3,13,0.25,80,69,0.49622118,0.49622118,0.911157,0.08924493,1.4492754,0.50425553,0.50425553,0.911157,0.07900739,1.4492754,0.42519733,0.42519733,0.7086777,0.024914265,1.4492754,0.55882347,0.55882347,0.99793386,0.16434923,2.8985507,0.42679274,0.42679274,0.82438016,0.04775071,1.4492754,0.4725983,0.4725983,0.8946281,0.077714354,1.4492754,0.48711953,0.48711953,0.8161157,0.039839834,0.0,0.44850597,0.44850597,0.803719,0.050653905,0.0,0.49754316,0.49754316,0.94008267,0.08481637,0.52887195,0.52887195,0.9855372,0.12892327,0.38931,0.38931,0.4194215,-0.017063081,0.50634444,0.50634444,0.79545456,0.053155452,0.47145808,0.47145808,0.9152893,0.0922232,0.45255122,0.45255122,0.68801653,0.027349234,0.4580509,0.4580509,0.7086777,0.02668038,foreign_policy,0.08677685,0.99931884,0.15765491,0.0532262,0.9804594,0.71243227,0.9509376,0.31718826,0.00020582443,0.0012255675,0.59854686,0.020864258,0.9686789,0.98784107,0.31986448,0.9996547,national_identity
erdogan2023_c004,erdogan2023,erdogan,en,2023-12-31,new_year_message,4,13,0.333,94,83,0.40757906,0.40757906,0.51859504,0.0006028116,0.0,0.418744,0.418744,0.4607438,-0.0065041482,0.0,0.39027727,0.39027727,0.4359504,-0.010005802,0.0,0.48916584,0.48916584,0.9566116,0.094691604,2.4096386,0.34920013,0.34920013,0.2747934,-0.0298419,0.0,0.4301107,0.4301107,0.7334711,0.035226732,1.2048193,0.4119655,0.4119655,0.23347108,-0.035314202,0.0,0.3778948,0.3778948,0.39049587,-0.019957274,1.2048193,0.4499288,0.4499288,0.7334711,0.037202,0.52965015,0.52965015,0.99380165,0.12970147,0.35530096,0.35530096,0.20454545,-0.05107212,0.45971394,0.45971394,0.5516529,0.0065249503,0.40322128,0.40322128,0.65909094,0.0239864,0.39131373,0.39131373,0.28305784,-0.03388825,0.40342847,0.40342847,0.28305784,-0.027942061,foreign_policy,0.22314048,0.5042113,0.0005013742,0.041414995,0.9587989,0.14009343,0.99963313,0.018959861,0.00029308183,0.0003406293,0.9984238,0.0014381353,0.007246802,0.0054216753,0.9985562,0.9990434,social_solidarity
erdogan2023_c005,erdogan2023,erdogan,en,2023-12-31,new_year_message,5,13,0.417,108,99,0.4326767,0.4326767,0.64669424,0.02570045,0.0,0.43669584,0.43669584,0.572314,0.011447698,0.0,0.40188548,0.40188548,0.55991733,0.0016024113,0.0,0.442174,0.442174,0.84090906,0.04769975,1.010101,0.41642308,0.41642308,0.7789256,0.037381053,0.0,0.37602162,0.37602162,0.36570248,-0.018862337,0.0,0.458898,0.458898,0.5847107,0.011618316,0.0,0.42651212,0.42651212,0.7004132,0.028660059,0.0,0.43797392,0.43797392,0.65082645,0.025247127,0.4053108,0.4053108,0.5144628,0.0053621233,0.4098206,0.4098206,0.4896694,0.0034475029,0.48530394,0.48530394,0.6714876,0.032114953,0.3969162,0.3969162,0.6177686,0.01768133,0.39977884,0.39977884,0.33677685,-0.02542314,0.42361283,0.42361283,0.39876032,-0.0077576935,foreign_policy,0.061983466,0.9827407,0.020449392,0.00028021098,0.996746,0.13449147,0.998862,0.99812144,0.00057929166,0.011755133,0.017078074,0.9970822,0.99855626,0.9983834,0.96403897,0.9997831,social_solidarity
erdogan2023_c006,erdogan2023,erdogan,en,2023-12-31,new_year_message,6,13,0.5,100,81,0.43538725,0.43538725,0.66322315,0.028411001,2.4691358,0.445438,0.445438,0.6136364,0.020189852,1.2345679,0.3949694,0.3949694,0.46900827,-0.0053136647,1.2345679,0.42934847,0.42934847,0.7376033,0.03487423,0.0,0.35955894,0.35955894,0.3409091,-0.01948309,0.0,0.3721933,0.3721933,0.3285124,-0.022690654,0.0,0.48053366,0.48053366,0.7665289,0.033253968,0.0,0.35871273,0.35871273,0.24586777,-0.03913933,0.0,0.45743847,0.45743847,0.7582645,0.04471168,0.39622205,0.39622205,0.46487603,-0.0037266314,0.35571116,0.35571116,0.20867768,-0.05066192,0.4177141,0.4177141,0.33677685,-0.035474896,0.417046,0.417046,0.7376033,0.03781113,0.40808776,0.40808776,0.38636363,-0.017114222,0.3874571,0.3874571,0.19214876,-0.043913424,crisis_resilience,0.028925598,0.9810764,0.003531207,0.01477119,0.7447956,0.001257044,0.9837694,0.94524795,9.351046e-05,0.0014750635,0.050330628,0.009994227,0.12142506,0.12028372,0.9717254,0.99612314,social_solidarity
erdogan2023_c007,erdogan2023,erdogan,en,2023-12-31,new_year_message,7,13,0.583,85,74,0.382676,0.382676,0.39049587,-0.024300247,0.0,0.46341106,0.46341106,0.7210744,0.038162917,1.3513514,0.43526825,0.43526825,0.7706612,0.034985185,2.7027028,0.43237066,0.43237066,0.7623967,0.037896425,0.0,0.34732357,0.34732357,0.25826445,-0.031718463,0.0,0.3407933,0.3407933,0.18801653,-0.05409065,0.0,0.50292456,0.50292456,0.85330576,0.05564487,0.0,0.3752557,0.3752557,0.37396693,-0.02259636,0.0,0.4868796,0.4868796,0.8946281,0.0741528,0.37551463,0.37551463,0.31198347,-0.02443406,0.3472091,0.3472091,0.19214876,-0.059163988,0.42008674,0.42008674,0.3533058,-0.033102244,0.4275946,0.4275946,0.78305787,0.048359722,0.3737202,0.3737202,0.1838843,-0.051481783,0.36965322,0.36965322,0.09710744,-0.0617173,crisis_resilience,0.08264458,0.73045814,0.67571115,0.07999736,0.95027274,0.09645018,0.9143672,0.96329963,0.00072648755,0.0245397,0.0017477858,0.99529994,0.25855994,0.9990637,0.0073958416,0.88368845,crisis_resilience
erdogan2023_c008,erdogan2023,erdogan,en,2023-12-31,new_year_message,8,13,0.667,86,75,0.5125205,0.5125205,0.9359504,0.10554424,4.0,0.5022274,0.5022274,0.8946281,0.07697928,0.0,0.42077196,0.42077196,0.67975205,0.020488888,0.0,0.44371164,0.44371164,0.85330576,0.0492374,1.3333334,0.47474456,0.47474456,0.96487606,0.09570253,2.6666667,0.43770587,0.43770587,0.7871901,0.042821914,0.0,0.52620745,0.52620745,0.9483471,0.078927755,1.3333334,0.38382944,0.38382944,0.4235537,-0.0140226185,0.0,0.47121742,0.47121742,0.82024795,0.058490634,0.44413835,0.44413835,0.8285124,0.04418966,0.46433365,0.46433365,0.82024795,0.05796057,0.46138197,0.46138197,0.5640496,0.008192986,0.43048418,0.43048418,0.79545456,0.051249295,0.47709072,0.47709072,0.82024795,0.051888734,0.45874768,0.45874768,0.7252066,0.027377158,democracy_institutions,0.016528964,0.97722995,0.0006499983,0.00027053358,0.51464427,0.59207714,0.8534859,0.99596924,0.00017882818,0.0033179715,0.031618763,0.9989738,0.09534947,0.68801004,0.939276,0.93164927,crisis_resilience
erdogan2023_c009,erdogan2023,erdogan,en,2023-12-31,new_year_message,9,13,0.75,82,61,0.4842491,0.4842491,0.8863636,0.07727283,3.2786884,0.4643646,0.4643646,0.7334711,0.039116442,0.0,0.3955691,0.3955691,0.47727272,-0.0047139823,0.0,0.43606836,0.43606836,0.803719,0.041594118,0.0,0.37911397,0.37911397,0.5557851,7.1942806e-05,0.0,0.4082765,0.4082765,0.588843,0.013392538,1.6393442,0.4521743,0.4521743,0.5268595,0.004894614,0.0,0.42251313,0.42251313,0.6714876,0.024661064,0.0,0.4419555,0.4419555,0.6714876,0.029228717,0.4399804,0.4399804,0.78305787,0.0400317,0.4120843,0.4120843,0.51033056,0.0057112277,0.51916003,0.51916003,0.83264464,0.06597105,0.4195839,0.4195839,0.7417355,0.040349007,0.42094848,0.42094848,0.46900827,-0.0042535067,0.4559962,0.4559962,0.68801653,0.024625659,national_identity,0.08264464,0.9997589,0.38549033,0.00051125785,0.7550956,0.5274382,0.9922068,0.012747263,0.0002596648,0.00020542288,0.85978156,0.43698242,0.9998529,0.0013302015,0.88976854,0.99926066,national_identity
erdogan2023_c010,erdogan2023,erdogan,en,2023-12-31,new_year_message,10,13,0.833,114,92,0.44244644,0.44244644,0.68801653,0.035470188,0.0,0.5233266,0.5233266,0.96487606,0.09807843,2.173913,0.4036936,0.4036936,0.572314,0.0034105182,1.0869565,0.47348663,0.47348663,0.9359504,0.079012394,0.0,0.41922766,0.41922766,0.80785125,0.04018563,0.0,0.38331443,0.38331443,0.42768595,-0.01156953,0.0,0.5141585,0.5141585,0.8822314,0.066878796,0.0,0.41571897,0.41571897,0.63842976,0.01786691,1.0869565,0.5353443,0.5353443,0.98966944,0.12261751,0.44186842,0.44186842,0.7995868,0.041919738,0.4448048,0.4448048,0.7376033,0.038431704,0.5043632,0.5043632,0.78305787,0.051174194,0.49203143,0.49203143,0.9566116,0.112796545,0.43453634,0.43453634,0.5681818,0.009334356,0.4539046,0.4539046,0.6714876,0.022534072,security_military,0.028925657,0.9558373,0.88810545,0.0021074724,0.45241493,0.0021955154,0.11486404,0.9719126,0.00021696732,0.13034075,0.01798621,0.99886423,0.027233833,0.9986853,0.8389108,0.9994286,crisis_resilience
erdogan2023_c011,erdogan2023,erdogan,en,2023-12-31,new_year_message,11,13,0.917,82,69,0.56408095,0.56408095,0.98966944,0.1571047,2.8985507,0.4913626,0.4913626,0.84917355,0.066114455,0.0,0.41389155,0.41389155,0.6219008,0.013608485,1.4492754,0.43788326,0.43788326,0.8161157,0.04340902,0.0,0.41855955,0.41855955,0.7995868,0.03951752,0.0,0.41179624,0.41179624,0.6177686,0.016912282,0.0,0.46996838,0.46996838,0.6838843,0.022688687,0.0,0.38464952,0.38464952,0.42768595,-0.013202548,0.0,0.4914716,0.4914716,0.9152893,0.0787448,0.45641944,0.45641944,0.8780992,0.05647075,0.45599246,0.45599246,0.7913223,0.049619377,0.44932467,0.44932467,0.5144628,-0.0038643181,0.48751265,0.48751265,0.94008267,0.10827777,0.42256784,0.42256784,0.47727272,-0.0026341379,0.42675632,0.42675632,0.45247933,-0.004614204,national_identity,0.1404959,0.9971771,0.4870634,0.014186016,0.80224586,0.5992506,0.9736321,0.6362401,0.00012291355,0.01800347,0.20979327,0.7262315,0.01858215,0.8458788,0.008660932,0.9819447,national_identity
erdogan2023_c012,erdogan2023,erdogan,en,2023-12-31,new_year_message,12,13,1.0,167,132,0.3435842,0.3435842,0.14669421,-0.06339204,0.75757575,0.39105308,0.39105308,0.2747934,-0.034195065,0.0,0.42349195,0.42349195,0.69214875,0.023208886,0.75757575,0.35321566,0.35321566,0.21280992,-0.041258574,0.0,0.32112223,0.32112223,0.11363637,-0.0579198,0.0,0.3381296,0.3381296,0.1714876,-0.05675435,0.75757575,0.43622553,0.43622553,0.411157,-0.011054158,0.75757575,0.4045984,0.4045984,0.5557851,0.0067463517,0.0,0.38601726,0.38601726,0.31198347,-0.026709527,0.3577848,0.3577848,0.20867768,-0.04216388,0.442871,0.442871,0.7210744,0.03649792,0.5452831,0.5452831,0.9028926,0.09209409,0.3181373,0.3181373,0.14256199,-0.061097592,0.40897167,0.40897167,0.39049587,-0.016230315,0.4291282,0.4291282,0.4855372,-0.0022423267,economy_welfare,0.13636363,0.9393595,0.14318769,0.023939194,0.94253314,0.1101836,0.9386604,0.43812397,0.0030515105,0.0032986512,0.1925014,0.32874492,0.99858963,0.8484393,0.9822962,0.9977438,foreign_policy
erdogan2024_c000,erdogan2024,erdogan,en,2024-12-31,new_year_message,0,12,0.0,82,64,0.45564294,0.45564294,0.7665289,0.048666686,1.5625,0.42384452,0.42384452,0.50206614,-0.0014036298,0.0,0.38880336,0.38880336,0.4235537,-0.011479706,0.0,0.4253081,0.4253081,0.7128099,0.03083387,0.0,0.36816883,0.36816883,0.44834712,-0.0108731985,0.0,0.45052648,0.45052648,0.83264464,0.055642515,0.0,0.4337881,0.4337881,0.40289256,-0.013491601,0.0,0.43302146,0.43302146,0.7417355,0.035169393,0.0,0.41576886,0.41576886,0.5144628,0.003042072,0.43958634,0.43958634,0.7747934,0.039637655,0.49416745,0.49416745,0.9235537,0.08779436,0.5650026,0.5650026,0.95247936,0.111813635,0.36894292,0.36894292,0.46487603,-0.010291964,0.4671474,0.4671474,0.7458678,0.041945428,0.4443236,0.4443236,0.5847107,0.012953073,social_solidarity,0.06611574,0.9883466,0.00026895347,0.0006023541,0.45277786,0.0060739345,0.9573576,0.0012231788,0.0013831174,0.0004044815,0.13150747,0.0034970103,0.9965604,0.0016646332,0.99163175,0.38041362,national_identity
erdogan2024_c001,erdogan2024,erdogan,en,2024-12-31,new_year_message,1,12,0.091,94,72,0.48739773,0.48739773,0.8946281,0.08042148,2.7777777,0.51970124,0.51970124,0.9566116,0.0944531,1.3888888,0.38967258,0.38967258,0.42768595,-0.010610491,0.0,0.40835285,0.40835285,0.5805785,0.013878614,0.0,0.3884134,0.3884134,0.6053719,0.00937137,0.0,0.4418022,0.4418022,0.803719,0.046918243,4.1666665,0.48956424,0.48956424,0.82438016,0.04228455,0.0,0.39850152,0.39850152,0.51859504,0.0006494522,1.3888888,0.44383806,0.44383806,0.7004132,0.03111127,0.42822322,0.42822322,0.69214875,0.028274536,0.5318898,0.5318898,0.96900827,0.12551671,0.51337075,0.51337075,0.8161157,0.060181767,0.38027632,0.38027632,0.5392562,0.0010414422,0.523439,0.523439,0.9483471,0.09823701,0.4588554,0.4588554,0.7293388,0.027484864,security_military,0.061983466,0.99925196,0.044472914,0.00044857574,0.37001196,0.013996082,0.98350215,0.05845324,0.00026738262,0.0006654023,0.28969187,0.9091436,0.797872,0.0032603461,0.99952716,0.9976564,national_identity
erdogan2024_c002,erdogan2024,erdogan,en,2024-12-31,new_year_message,2,12,0.182,90,80,0.39223623,0.39223623,0.42768595,-0.01474002,3.75,0.3630724,0.3630724,0.15495868,-0.06217575,0.0,0.33257312,0.33257312,0.10950413,-0.06770995,0.0,0.353947,0.353947,0.22107439,-0.040527225,1.25,0.49853003,0.49853003,0.98140496,0.119488,5.0,0.36521313,0.36521313,0.29545453,-0.029670835,0.0,0.3750583,0.3750583,0.08884297,-0.0722214,0.0,0.33426118,0.33426118,0.14256199,-0.063590884,0.0,0.3389782,0.3389782,0.1301653,-0.07374859,0.35684645,0.35684645,0.20454545,-0.043102235,0.3903464,0.3903464,0.4235537,-0.016026676,0.3735087,0.3735087,0.10123967,-0.079680294,0.34460735,0.34460735,0.28305784,-0.034627527,0.4508802,0.4508802,0.67975205,0.025678217,0.382016,0.382016,0.16322315,-0.049354523,democracy_institutions,0.55371904,0.9776712,0.001294368,0.00031319872,0.87658155,0.5936093,0.99611557,0.00705271,0.0018137437,0.0010628869,0.596793,0.7400804,0.20327225,0.007395841,0.9998133,0.99930406,social_solidarity
erdogan2024_c003,erdogan2024,erdogan,en,2024-12-31,new_year_message,3,12,0.273,83,71,0.33353952,0.33353952,0.12603305,-0.07343674,0.0,0.42252135,0.42252135,0.49380165,-0.0027267933,1.4084507,0.51366055,0.51366055,0.96487606,0.11337748,4.2253523,0.40172994,0.40172994,0.5516529,0.007255703,0.0,0.36494654,0.36494654,0.39876032,-0.014095485,1.4084507,0.34277627,0.34277627,0.19628099,-0.05210769,0.0,0.47719803,0.47719803,0.7376033,0.029918343,1.4084507,0.42097628,0.42097628,0.66322315,0.023124218,0.0,0.38293648,0.38293648,0.29132232,-0.029790312,0.36541364,0.36541364,0.25826445,-0.03453505,0.44729125,0.44729125,0.7582645,0.04091817,0.52088594,0.52088594,0.84504133,0.06769696,0.31589818,0.31589818,0.13429752,-0.0633367,0.41840836,0.41840836,0.44834712,-0.006793618,0.47702223,0.47702223,0.85330576,0.045651704,economy_welfare,0.22727275,0.4421547,0.056178067,0.56748724,0.0008778914,0.013222821,0.0017891591,0.8695485,0.00027372164,0.00018164382,0.0043738224,0.011050794,0.9701269,0.03346293,0.8980088,0.9995281,crisis_resilience
erdogan2024_c004,erdogan2024,erdogan,en,2024-12-31,new_year_message,4,12,0.364,107,85,0.34609985,0.34609985,0.16735537,-0.0608764,2.3529413,0.39893192,0.39893192,0.32438016,-0.026316226,0.0,0.5469483,0.5469483,0.9855372,0.14666525,2.3529413,0.354743,0.354743,0.22520661,-0.039731234,0.0,0.37001985,0.37001985,0.46900827,-0.009022176,0.0,0.3494372,0.3494372,0.21694215,-0.045446754,0.0,0.4272611,0.4272611,0.33677685,-0.020018578,0.0,0.42271274,0.42271274,0.67561984,0.02486068,0.0,0.3983612,0.3983612,0.39876032,-0.014365584,0.34636527,0.34636527,0.15495868,-0.053583413,0.41387862,0.41387862,0.5268595,0.007505536,0.5476885,0.5476885,0.911157,0.0944995,0.327769,0.327769,0.19214876,-0.05146587,0.37995982,0.37995982,0.22520661,-0.04524216,0.5193851,0.5193851,0.9442149,0.08801457,economy_welfare,0.30991733,0.95741737,0.014714448,0.99929035,0.68458045,0.8773192,0.9988486,0.97708833,0.0028671587,0.00395309,0.12231338,0.07978201,0.9997575,0.99873805,0.1594136,0.9996339,economy_welfare
erdogan2024_c005,erdogan2024,erdogan,en,2024-12-31,new_year_message,5,12,0.455,95,81,0.42726934,0.42726934,0.63429755,0.020293087,2.4691358,0.41955918,0.41955918,0.4731405,-0.0056889653,0.0,0.4924336,0.4924336,0.9359504,0.09215054,1.2345679,0.3938334,0.3938334,0.51859504,-0.00064083934,0.0,0.3866924,0.3866924,0.5971074,0.0076503754,0.0,0.39126956,0.39126956,0.49380165,-0.0036143959,0.0,0.5185262,0.5185262,0.911157,0.071246505,1.2345679,0.3910078,0.3910078,0.46900827,-0.0068442523,0.0,0.4323758,0.4323758,0.6136364,0.019648999,0.4100653,0.4100653,0.5433884,0.010116607,0.41527164,0.41527164,0.53512394,0.008898556,0.4689297,0.4689297,0.6012397,0.015740722,0.39226124,0.39226124,0.5971074,0.013026357,0.44121218,0.44121218,0.6095041,0.016010195,0.46773633,0.46773633,0.7995868,0.036365807,economy_welfare,0.024793386,0.6500231,0.013454154,0.11308892,0.7589798,0.3165805,0.99389654,0.14451067,0.00016898241,0.003298651,0.21042132,0.9989013,0.6278371,0.8911971,0.6712551,0.9894601,social_solidarity
erdogan2024_c006,erdogan2024,erdogan,en,2024-12-31,new_year_message,6,12,0.545,108,85,0.45087415,0.45087415,0.7293388,0.043897897,2.3529413,0.44696563,0.44696563,0.6177686,0.021717489,0.0,0.3797369,0.3797369,0.36157024,-0.020546168,2.3529413,0.46744916,0.46744916,0.9152893,0.07297492,0.0,0.3700689,0.3700689,0.4731405,-0.008973122,0.0,0.4292011,0.4292011,0.7252066,0.034317136,1.1764706,0.44281173,0.44281173,0.4607438,-0.004467964,0.0,0.39525616,0.39525616,0.50206614,-0.0025959015,0.0,0.4188994,0.4188994,0.52272725,0.0061725974,0.4494694,0.4494694,0.84917355,0.0495207,0.42893344,0.42893344,0.62603307,0.022560358,0.48050806,0.48050806,0.64669424,0.027319074,0.35219577,0.35219577,0.34917355,-0.02703911,0.422838,0.422838,0.4855372,-0.0023639798,0.4285898,0.4285898,0.47727272,-0.0027807355,foreign_policy,0.18595046,0.41952905,0.0013804223,0.023120303,0.21518579,0.0053797094,0.11294208,0.00095473154,0.00033996493,0.00037409557,0.85842955,0.21942113,0.7986976,0.0001816438,0.9973913,0.99647564,national_identity
erdogan2024_c007,erdogan2024,erdogan,en,2024-12-31,new_year_message,7,12,0.636,114,98,0.42164445,0.42164445,0.6012397,0.014668196,3.0612245,0.4620813,0.4620813,0.7086777,0.036833167,0.0,0.36603537,0.36603537,0.29545453,-0.034247696,0.0,0.42439955,0.42439955,0.7086777,0.029925317,0.0,0.3611623,0.3611623,0.36157024,-0.017879725,0.0,0.40510696,0.40510696,0.5640496,0.010223001,1.0204082,0.4668098,0.4668098,0.66735536,0.019530118,0.0,0.3069238,0.3069238,0.051652893,-0.09092826,0.0,0.44535273,0.44535273,0.70454544,0.032625943,0.4225993,0.4225993,0.64669424,0.0226506,0.3908807,0.3908807,0.42768595,-0.01549238,0.38463444,0.38463444,0.14256199,-0.06855455,0.38555735,0.38555735,0.572314,0.0063224733,0.4673159,0.4673159,0.75,0.04211393,0.39423043,0.39423043,0.2376033,-0.0371401,security_military,0.0,0.9992022,0.014871003,0.00016156059,0.942968,0.4405746,0.999381,0.970854,0.00011147904,0.003572683,0.9381807,0.9984603,0.004239825,0.009134472,0.9991777,0.9996223,social_solidarity
erdogan2024_c008,erdogan2024,erdogan,en,2024-12-31,new_year_message,8,12,0.727,82,64,0.37349838,0.37349838,0.29958677,-0.033477873,0.0,0.4722075,0.4722075,0.7623967,0.04695934,1.5625,0.38104916,0.38104916,0.36570248,-0.019233912,0.0,0.5241413,0.5241413,0.9855372,0.12966707,0.0,0.38966888,0.38966888,0.6136364,0.0106268525,0.0,0.35841978,0.35841978,0.26652893,-0.036464185,0.0,0.41982108,0.41982108,0.2747934,-0.027458608,0.0,0.40837616,0.40837616,0.572314,0.010524094,0.0,0.47680435,0.47680435,0.84917355,0.064077556,0.43338442,0.43338442,0.7417355,0.033435732,0.38720945,0.38720945,0.40289256,-0.019163638,0.5230883,0.5230883,0.86157024,0.06989929,0.37496758,0.37496758,0.5144628,-0.004267305,0.36299217,0.36299217,0.14256199,-0.062209815,0.46277514,0.46277514,0.7458678,0.031404614,foreign_policy,0.22314048,0.9992282,0.88012904,0.00044508654,0.99955404,0.64282495,0.34936622,0.99833214,0.0045561134,0.971537,0.9353465,0.36043274,0.9997502,0.99850756,0.98538435,0.9997488,foreign_policy
erdogan2024_c009,erdogan2024,erdogan,en,2024-12-31,new_year_message,9,12,0.818,101,76,0.39342272,0.39342272,0.44008264,-0.01355353,0.0,0.4898517,0.4898517,0.8285124,0.06460357,2.631579,0.3563813,0.3563813,0.22107439,-0.04390177,0.0,0.46063167,0.46063167,0.8904959,0.06615743,0.0,0.32647714,0.32647714,0.15082644,-0.05256489,0.0,0.32289276,0.32289276,0.10950413,-0.071991205,0.0,0.4173039,0.4173039,0.2623967,-0.029975802,0.0,0.43557817,0.43557817,0.7623967,0.037726104,0.0,0.46218932,0.46218932,0.78305787,0.049462527,0.3875458,0.3875458,0.411157,-0.012402892,0.36328262,0.36328262,0.25826445,-0.043090463,0.54646575,0.54646575,0.9070248,0.09327677,0.37198475,0.37198475,0.48140496,-0.00725013,0.3435697,0.3435697,0.10123967,-0.08163229,0.458077,0.458077,0.7128099,0.026706487,foreign_policy,0.061983526,0.99491996,0.012845958,0.00018777506,0.87773734,0.085099034,0.9829874,0.50668293,0.0011672309,0.0018208297,0.5232757,0.117724195,0.9938847,0.08528932,0.93039507,0.9993687,national_identity
erdogan2024_c010,erdogan2024,erdogan,en,2024-12-31,new_year_message,10,12,0.909,80,66,0.42133474,0.42133474,0.5929752,0.014358491,1.5151515,0.49161917,0.49161917,0.85330576,0.06637102,0.0,0.42851102,0.42851102,0.7210744,0.028227955,0.0,0.46304965,0.46304965,0.9028926,0.06857541,0.0,0.43881384,0.43881384,0.8863636,0.059771806,0.0,0.3695839,0.3695839,0.3161157,-0.025300056,0.0,0.45962012,0.45962012,0.5929752,0.012340426,0.0,0.46524626,0.46524626,0.8698347,0.0673942,0.0,0.48608476,0.48608476,0.8904959,0.07335797,0.46010298,0.46010298,0.9070248,0.06015429,0.43428093,0.43428093,0.65909094,0.027907848,0.58202684,0.58202684,0.96487606,0.12883785,0.42669776,0.42669776,0.7747934,0.04746288,0.4167026,0.4167026,0.4318182,-0.008499384,0.5446968,0.5446968,0.98966944,0.11332628,foreign_policy,0.016528964,0.99287856,0.7505528,0.12116486,0.7346909,0.71153116,0.9935054,0.20906569,0.10026854,0.0010944522,0.9114166,0.011147262,0.9990527,0.17181545,0.9944343,0.9981827,social_solidarity
erdogan2024_c011,erdogan2024,erdogan,en,2024-12-31,new_year_message,11,12,1.0,83,74,0.42179215,0.42179215,0.6053719,0.014815897,2.7027028,0.44802523,0.44802523,0.6301653,0.02277708,0.0,0.3708669,0.3708669,0.32438016,-0.029416174,0.0,0.40596852,0.40596852,0.5681818,0.011494279,0.0,0.38337296,0.38337296,0.5805785,0.004330933,0.0,0.40279892,0.40279892,0.5516529,0.00791496,0.0,0.44899365,0.44899365,0.4896694,0.0017139614,0.0,0.37094504,0.37094504,0.3409091,-0.026907027,0.0,0.40872163,0.40872163,0.45661157,-0.004005164,0.40428388,0.40428388,0.51033056,0.004335195,0.4283106,0.4283106,0.6177686,0.02193752,0.497154,0.497154,0.7458678,0.04396501,0.3722499,0.3722499,0.4855372,-0.006984979,0.4764964,0.4764964,0.8161157,0.051294416,0.42754555,0.42754555,0.46487603,-0.003824979,security_military,0.024793386,0.6777407,0.0012918456,0.0037000459,0.67077005,0.025540898,0.9909272,0.04165677,0.00032694533,0.001133569,0.07723879,0.7130321,0.62660986,0.0018279431,0.99789864,0.99845725,social_solidarity
erdogan2025_c000,erdogan2025,erdogan,en,2025-12-31,new_year_message,0,14,0.0,86,66,0.47424796,0.47424796,0.85330576,0.06727171,1.5151515,0.42486864,0.42486864,0.50619835,-0.00037950277,0.0,0.39585608,0.39585608,0.4855372,-0.004426986,0.0,0.42992872,0.42992872,0.7417355,0.03545448,0.0,0.36867043,0.36867043,0.45661157,-0.010371596,0.0,0.45404685,0.45404685,0.84090906,0.059162885,0.0,0.4417638,0.4417638,0.45661157,-0.0055159032,0.0,0.46763736,0.46763736,0.8863636,0.0697853,0.0,0.41995192,0.41995192,0.5268595,0.007225126,0.44757834,0.44757834,0.83677685,0.047629654,0.5207454,0.5207454,0.95247936,0.11437231,0.5914794,0.5914794,0.9731405,0.13829044,0.37585643,0.37585643,0.5268595,-0.0033784509,0.48040128,0.48040128,0.83264464,0.055199295,0.46295744,0.46295744,0.75,0.031586915,future_reform_technology,0.03305787,0.9498441,0.004551687,0.0019877742,0.2361637,0.16545822,0.9868407,0.0011008768,0.0017580388,0.0007055274,0.5813031,0.111652195,0.9775858,0.0071491026,0.99867624,0.9771756,social_solidarity
erdogan2025_c001,erdogan2025,erdogan,en,2025-12-31,new_year_message,1,14,0.077,81,68,0.51458263,0.51458263,0.9483471,0.10760638,2.9411764,0.6305946,0.6305946,0.99793386,0.20534647,5.882353,0.39778087,0.39778087,0.50619835,-0.002502203,0.0,0.41868204,0.41868204,0.6838843,0.0242078,0.0,0.4244744,0.4244744,0.8161157,0.04543236,0.0,0.47312155,0.47312155,0.8987603,0.07823759,0.0,0.52142006,0.52142006,0.9318182,0.07414037,1.4705882,0.3395896,0.3395896,0.15495868,-0.058262467,0.0,0.50341195,0.50341195,0.9566116,0.09068516,0.43312526,0.43312526,0.7376033,0.03317657,0.48332155,0.48332155,0.8946281,0.076948464,0.41428047,0.41428047,0.29545453,-0.03890851,0.42469996,0.42469996,0.7665289,0.045465082,0.63507146,0.63507146,0.99793386,0.20986947,0.45613945,0.45613945,0.69214875,0.024768919,security_military,0.049586773,0.9912039,0.99390244,0.00011279297,0.24472384,0.051082734,0.97553027,0.90934503,6.7883055e-05,0.4353013,0.075943805,0.9964412,0.00012681476,0.8269216,0.9998222,0.057652242,security_military
erdogan2025_c002,erdogan2025,erdogan,en,2025-12-31,new_year_message,2,14,0.154,109,93,0.34570104,0.34570104,0.1590909,-0.061275214,0.0,0.42215782,0.42215782,0.4896694,-0.003090322,1.0752689,0.4959755,0.4959755,0.94008267,0.095692426,2.1505377,0.4167106,0.4167106,0.65495867,0.022236347,1.0752689,0.34153152,0.34153152,0.23347108,-0.037510514,0.0,0.3405848,0.3405848,0.17975207,-0.054299146,0.0,0.45997563,0.45997563,0.5971074,0.012695938,0.0,0.40194428,0.40194428,0.5392562,0.0040922165,0.0,0.3895713,0.3895713,0.3533058,-0.02315548,0.3561234,0.3561234,0.19628099,-0.0438253,0.4781987,0.4781987,0.86570245,0.07182562,0.49268,0.49268,0.71694213,0.039491028,0.3265942,0.3265942,0.1838843,-0.052640676,0.4168951,0.4168951,0.4359504,-0.008306891,0.42890275,0.42890275,0.48140496,-0.0024677813,economy_welfare,0.285124,0.6211388,0.056841914,0.42739668,0.98892784,0.01583014,0.004194714,0.9269842,0.00025814815,0.008796121,0.008660931,0.9986515,0.988842,0.7651988,0.9560891,0.999654,foreign_policy
erdogan2025_c003,erdogan2025,erdogan,en,2025-12-31,new_year_message,3,14,0.231,94,78,0.33016843,0.33016843,0.10123967,-0.07680783,1.2820513,0.37104973,0.37104973,0.18801653,-0.054198414,1.2820513,0.48060793,0.48060793,0.911157,0.08032486,3.8461537,0.32795018,0.32795018,0.08884297,-0.06652406,0.0,0.32626188,0.32626188,0.14669421,-0.05278015,0.0,0.32879448,0.32879448,0.13429752,-0.06608948,0.0,0.37627125,0.37627125,0.09297521,-0.071008444,0.0,0.39941406,0.39941406,0.53099173,0.0015619993,1.2820513,0.3259925,0.3259925,0.08057851,-0.086734295,0.31496885,0.31496885,0.04752066,-0.08497983,0.358788,0.358788,0.22933884,-0.04758507,0.46159995,0.46159995,0.5764463,0.00841096,0.29375932,0.29375932,0.06818182,-0.085475564,0.34826732,0.34826732,0.11776859,-0.076934665,0.44371605,0.44371605,0.5764463,0.012345523,economy_welfare,0.38016528,0.85179883,0.7495458,0.9995262,0.12720472,0.44866782,0.9990996,0.81493807,0.007190813,0.0007451558,0.16598141,0.9725975,0.99975175,0.2728472,0.9966168,0.9997063,economy_welfare
erdogan2025_c004,erdogan2025,erdogan,en,2025-12-31,new_year_message,4,14,0.308,99,81,0.34427905,0.34427905,0.15082644,-0.0626972,1.2345679,0.37312144,0.37312144,0.19628099,-0.052126706,0.0,0.40092513,0.40092513,0.5516529,0.00064206123,0.0,0.3584452,0.3584452,0.26652893,-0.03602904,0.0,0.36990303,0.36990303,0.46487603,-0.009139001,1.2345679,0.34063727,0.34063727,0.1838843,-0.054246694,1.2345679,0.433142,0.433142,0.39876032,-0.014137685,2.4691358,0.44958454,0.44958454,0.81198347,0.05173248,1.2345679,0.33917984,0.33917984,0.13429752,-0.073546946,0.34239778,0.34239778,0.14256199,-0.057550907,0.43070465,0.43070465,0.63429755,0.02433157,0.5032431,0.5032431,0.7747934,0.050054103,0.28931993,0.28931993,0.055785123,-0.08991495,0.40698197,0.40698197,0.37809917,-0.018220007,0.4847092,0.4847092,0.8822314,0.053338677,future_reform_technology,0.26033056,0.5369807,0.00027106237,0.0012207953,0.21411571,0.68605465,0.9703525,0.04725521,0.0151307285,0.00028130738,0.006641112,0.9928439,0.9997,0.017968966,0.93199056,0.9994673,social_solidarity
erdogan2025_c005,erdogan2025,erdogan,en,2025-12-31,new_year_message,5,14,0.385,136,104,0.331098,0.331098,0.10950413,-0.07587826,0.0,0.33960688,0.33960688,0.09297521,-0.085641265,0.0,0.31983274,0.31983274,0.06818182,-0.080450326,0.0,0.2855041,0.2855041,0.022727273,-0.108970135,0.0,0.29113108,0.29113108,0.030991735,-0.08791095,0.96153843,0.34346706,0.34346706,0.20454545,-0.051416904,0.0,0.38181418,0.38181418,0.10950413,-0.06546551,0.0,0.2973305,0.2973305,0.035123967,-0.100521564,0.0,0.29551122,0.29551122,0.030991735,-0.117215574,0.32348162,0.32348162,0.07644628,-0.07646707,0.36430922,0.36430922,0.26652893,-0.042063862,0.37603223,0.37603223,0.11776859,-0.07715675,0.2696151,0.2696151,0.022727273,-0.10961977,0.40155777,0.40155777,0.34917355,-0.023644209,0.37771136,0.37771136,0.14256199,-0.05365917,social_solidarity,0.09504132,0.4542301,0.0029349518,0.0580381,0.0429424,0.11486402,0.99914575,0.18580864,0.0005442133,0.0044079763,0.4244381,0.9545204,0.109372385,0.0010965896,0.99976176,0.9996982,social_solidarity
erdogan2025_c006,erdogan2025,erdogan,en,2025-12-31,new_year_message,6,14,0.462,99,86,0.39320284,0.39320284,0.4359504,-0.0137734115,1.1627907,0.4261865,0.4261865,0.5268595,0.0009383559,0.0,0.39488712,0.39488712,0.46487603,-0.005395949,0.0,0.44812214,0.44812214,0.86570245,0.053647906,1.1627907,0.3846789,0.3846789,0.5847107,0.005636871,0.0,0.4144311,0.4144311,0.6301653,0.019547135,2.3255813,0.5030362,0.5030362,0.857438,0.05575651,1.1627907,0.38706023,0.38706023,0.45247933,-0.010791838,0.0,0.43276244,0.43276244,0.6219008,0.020035654,0.44269502,0.44269502,0.803719,0.042746335,0.3768198,0.3768198,0.33264464,-0.029553294,0.4376373,0.4376373,0.45247933,-0.015551686,0.40140286,0.40140286,0.642562,0.02216798,0.4428742,0.4428742,0.63429755,0.017672211,0.49859884,0.49859884,0.9028926,0.06722832,foreign_policy,0.008264422,0.99968123,0.9224824,0.0013070536,0.95818704,0.9380106,0.9995899,0.9959927,0.00023875263,0.06394842,0.990235,0.91531825,0.55799586,0.0044857943,0.9974292,0.99982256,national_identity
erdogan2025_c007,erdogan2025,erdogan,en,2025-12-31,new_year_message,7,14,0.538,108,88,0.36554223,0.36554223,0.26652893,-0.04143402,1.1363636,0.40344524,0.40344524,0.3409091,-0.021802902,0.0,0.3596285,0.3596285,0.24173553,-0.04065457,0.0,0.41588977,0.41588977,0.64669424,0.021415532,0.0,0.4067464,0.4067464,0.7128099,0.027704358,2.2727273,0.38180494,0.38180494,0.4194215,-0.013079017,0.0,0.39823508,0.39823508,0.16735537,-0.04904461,1.1363636,0.3602394,0.3602394,0.2747934,-0.037612677,0.0,0.39203405,0.39203405,0.36157024,-0.020692736,0.39655828,0.39655828,0.46900827,-0.0033904016,0.41295373,0.41295373,0.51859504,0.006580651,0.41041908,0.41041908,0.25826445,-0.04276991,0.34653854,0.34653854,0.29132232,-0.032696337,0.37980333,0.37980333,0.22107439,-0.045398653,0.38130456,0.38130456,0.1590909,-0.050065964,democracy_institutions,0.06611568,0.9210741,0.00091283076,0.00017952797,0.5820457,0.23482311,0.6242658,0.001036267,0.00017298902,0.00036829786,0.9879811,0.9855382,0.009670993,0.00027425666,0.9921157,0.6002854,national_identity
erdogan2025_c008,erdogan2025,erdogan,en,2025-12-31,new_year_message,8,14,0.615,102,84,0.38150907,0.38150907,0.36983472,-0.025467187,1.1904762,0.45822138,0.45822138,0.68801653,0.03297323,1.1904762,0.32729778,0.32729778,0.08884297,-0.07298529,0.0,0.46443346,0.46443346,0.9070248,0.06995922,1.1904762,0.32693106,0.32693106,0.15495868,-0.05211097,0.0,0.3698799,0.3698799,0.32024795,-0.02500406,1.1904762,0.39604747,0.39604747,0.1590909,-0.05123222,0.0,0.30044538,0.30044538,0.04338843,-0.097406685,0.0,0.4266629,0.4266629,0.5805785,0.013936102,0.42870247,0.42870247,0.696281,0.028753787,0.31452876,0.31452876,0.08884297,-0.09184432,0.35719606,0.35719606,0.055785123,-0.09599292,0.36298043,0.36298043,0.4318182,-0.016254455,0.3815199,0.3815199,0.25413224,-0.04368207,0.36006165,0.36006165,0.06818182,-0.07130888,foreign_policy,0.21900827,0.9935743,0.5506074,0.00014510752,0.9934103,0.07609814,0.043977574,0.034913782,0.00018164379,0.0032476767,0.9922369,0.8222248,0.05237608,0.25673878,0.9996451,0.9993333,national_identity
erdogan2025_c009,erdogan2025,erdogan,en,2025-12-31,new_year_message,9,14,0.692,86,70,0.38996702,0.38996702,0.41528925,-0.017009228,0.0,0.47675824,0.47675824,0.7747934,0.051510096,0.0,0.3827014,0.3827014,0.37809917,-0.017581671,0.0,0.42778686,0.42778686,0.7252066,0.03331262,0.0,0.40974563,0.40974563,0.7376033,0.030703604,0.0,0.39305317,0.39305317,0.51033056,-0.0018307865,0.0,0.4558807,0.4558807,0.55991733,0.00860101,0.0,0.3569539,0.3569539,0.22933884,-0.040898174,0.0,0.47256383,0.47256383,0.8285124,0.059837043,0.43766057,0.43766057,0.7623967,0.03771189,0.3870053,0.3870053,0.39876032,-0.019367784,0.41252327,0.41252327,0.27892563,-0.040665716,0.3797045,0.3797045,0.53512394,0.000469625,0.42384645,0.42384645,0.50206614,-0.0013555288,0.45151424,0.45151424,0.65082645,0.020143718,security_military,0.03719008,0.99953175,0.99896574,0.00031197804,0.9992563,0.97800976,0.9991944,0.9994493,0.0003521251,0.9961381,0.5657786,0.9955576,0.85184497,0.883236,0.9996064,0.99982005,national_identity
erdogan2025_c010,erdogan2025,erdogan,en,2025-12-31,new_year_message,10,14,0.769,96,79,0.3642946,0.3642946,0.25826445,-0.042681664,1.2658228,0.48902723,0.48902723,0.82438016,0.063779086,1.2658228,0.34842962,0.34842962,0.18801653,-0.05185345,0.0,0.43860632,0.43860632,0.8285124,0.044132084,0.0,0.33686173,0.33686173,0.22107439,-0.0421803,0.0,0.29634345,0.29634345,0.030991735,-0.098540515,0.0,0.43906876,0.43906876,0.42768595,-0.008210927,1.2658228,0.33849218,0.33849218,0.14669421,-0.05935988,0.0,0.49076372,0.49076372,0.9070248,0.078036934,0.3674841,0.3674841,0.2747934,-0.032464594,0.34719077,0.34719077,0.18801653,-0.059182316,0.41591114,0.41591114,0.31198347,-0.037277848,0.36262345,0.36262345,0.42768595,-0.016611427,0.3475446,0.3475446,0.11363637,-0.07765737,0.40569356,0.40569356,0.29958677,-0.025676966,foreign_policy,0.004132211,0.9994986,0.9949886,0.00020784384,0.9995995,0.82900804,0.9582261,0.99666905,0.000204223,0.9917084,0.92751116,0.9763331,0.9805807,0.99963737,0.995592,0.99889266,foreign_policy
erdogan2025_c011,erdogan2025,erdogan,en,2025-12-31,new_year_message,11,14,0.846,114,95,0.408979,0.408979,0.52272725,0.0020027459,2.1052632,0.4453836,0.4453836,0.6095041,0.020135462,1.0526316,0.33730525,0.33730525,0.12603305,-0.06297782,0.0,0.39424112,0.39424112,0.52272725,-0.00023311377,1.0526316,0.40318087,0.40318087,0.68801653,0.024138838,1.0526316,0.3764117,0.3764117,0.37809917,-0.018472254,2.1052632,0.4155487,0.4155487,0.25,-0.03173098,0.0,0.35972008,0.35972008,0.25826445,-0.038131982,0.0,0.41130507,0.41130507,0.4731405,-0.0014217198,0.42584187,0.42584187,0.6714876,0.025893182,0.37808758,0.37808758,0.34504133,-0.028285503,0.3955317,0.3955317,0.18801653,-0.05765727,0.36364236,0.36364236,0.4359504,-0.0155925155,0.40301174,0.40301174,0.36157024,-0.022190243,0.4053484,0.4053484,0.28719008,-0.026022136,democracy_institutions,0.07851243,0.91818726,0.047117997,0.00012148177,0.96853036,0.22533135,0.98189265,0.06437353,0.00015506915,0.0018712103,0.493073,0.007176882,0.45737907,0.032805953,0.9941913,0.9995381,social_solidarity
erdogan2025_c012,erdogan2025,erdogan,en,2025-12-31,new_year_message,12,14,0.923,82,71,0.43483555,0.43483555,0.65495867,0.0278593,0.0,0.42184392,0.42184392,0.48140496,-0.0034042299,0.0,0.40359324,0.40359324,0.5681818,0.0033101737,0.0,0.41960752,0.41960752,0.68801653,0.025133282,0.0,0.4645374,0.4645374,0.9359504,0.08549538,0.0,0.42367443,0.42367443,0.6838843,0.028790474,0.0,0.47286013,0.47286013,0.696281,0.025580436,1.4084507,0.43103236,0.43103236,0.7293388,0.033180296,0.0,0.4456424,0.4456424,0.7086777,0.032915622,0.50812995,0.50812995,0.97727275,0.10818127,0.45093217,0.45093217,0.7747934,0.04455909,0.5026243,0.5026243,0.7665289,0.049435288,0.4072491,0.4072491,0.67975205,0.028014213,0.43757218,0.43757218,0.5805785,0.012370199,0.5036814,0.5036814,0.9194215,0.072310895,democracy_institutions,0.20661157,0.9990673,0.5131805,0.09392703,0.96658444,0.99104494,0.99654365,0.99632865,0.00971787,0.005980329,0.9334915,0.99710476,0.9834387,0.95405185,0.98127484,0.999764,national_identity
erdogan2025_c013,erdogan2025,erdogan,en,2025-12-31,new_year_message,13,14,1.0,159,125,0.38067335,0.38067335,0.36157024,-0.026302904,3.2,0.37937844,0.37937844,0.21694215,-0.045869708,0.0,0.37819877,0.37819877,0.3533058,-0.022084296,0.8,0.35980245,0.35980245,0.27066115,-0.034671783,0.0,0.3288403,0.3288403,0.1590909,-0.050201744,0.0,0.33423066,0.33423066,0.15082644,-0.0606533,1.6,0.38689822,0.38689822,0.1301653,-0.060381472,0.0,0.42682898,0.42682898,0.70454544,0.028976917,0.0,0.35482907,0.35482907,0.17561984,-0.057897717,0.34760308,0.34760308,0.16735537,-0.052345604,0.4314012,0.4314012,0.642562,0.02502811,0.55606794,0.55606794,0.9359504,0.10287896,0.3216606,0.3216606,0.1590909,-0.057574272,0.41230777,0.41230777,0.4194215,-0.012894213,0.45119905,0.45119905,0.642562,0.019828528,future_reform_technology,0.3429752,0.8742921,0.0063021216,0.9093451,0.06705628,0.21027936,0.9972073,0.008594112,0.0019117694,0.0012968953,0.22194034,0.9599502,0.9993027,0.010489091,0.9994058,0.9985661,social_solidarity
macron2022_c000,macron2022,macron,en,2022-12-31,new_year_address,0,27,0.0,157,130,0.47017562,0.47017562,0.84090906,0.06319937,1.5384616,0.5128664,0.5128664,0.9442149,0.08761823,2.3076923,0.399838,0.399838,0.53099173,-0.00044506788,0.0,0.41030353,0.41030353,0.5929752,0.015829295,0.0,0.37663084,0.37663084,0.52272725,-0.0024111867,0.0,0.49426222,0.49426222,0.94008267,0.09937826,0.7692308,0.49105564,0.49105564,0.83264464,0.043775946,0.7692308,0.39848828,0.39848828,0.5144628,0.00063622,0.0,0.44654542,0.44654542,0.7128099,0.033818632,0.4552164,0.4552164,0.87396693,0.05526772,0.48415944,0.48415944,0.9028926,0.077786356,0.48893008,0.48893008,0.69214875,0.03574109,0.4281543,0.4281543,0.7871901,0.04891941,0.58243257,0.58243257,0.9731405,0.15723059,0.44773147,0.44773147,0.6053719,0.016360939,security_military,0.004132211,0.9728566,0.9972718,0.009187659,0.110135734,0.9769128,0.9997757,0.5723195,0.00031875106,0.00027857436,0.89270294,0.007388676,0.17161582,0.0019916527,0.99882597,0.9841394,social_solidarity
macron2022_c001,macron2022,macron,en,2022-12-31,new_year_address,1,27,0.038,81,71,0.5791837,0.5791837,0.99380165,0.17220744,4.2253523,0.49497944,0.49497944,0.8698347,0.069731295,0.0,0.4345974,0.4345974,0.7665289,0.034314334,0.0,0.46468318,0.46468318,0.911157,0.07020894,0.0,0.43776155,0.43776155,0.87396693,0.058719516,0.0,0.4953642,0.4953642,0.9442149,0.10048023,1.4084507,0.5273144,0.5273144,0.95247936,0.08003473,0.0,0.46618843,0.46618843,0.87396693,0.06833637,1.4084507,0.48987707,0.48987707,0.9028926,0.077150285,0.5148632,0.5148632,0.98140496,0.11491451,0.5247384,0.5247384,0.9566116,0.11836529,0.5841181,0.5841181,0.96900827,0.13092914,0.4846772,0.4846772,0.9359504,0.105442315,0.50380385,0.50380385,0.9028926,0.07860187,0.53619236,0.53619236,0.97727275,0.10482183,national_identity,0.04132229,0.99982697,0.0712835,0.048710495,0.6723317,0.16364582,0.9944935,0.54601204,0.084304094,0.00013982209,0.73753643,9.314593e-05,0.6675812,0.48724642,0.06666028,0.99971646,national_identity
macron2022_c002,macron2022,macron,en,2022-12-31,new_year_address,2,27,0.077,81,69,0.51410747,0.51410747,0.9442149,0.10713121,1.4492754,0.43227354,0.43227354,0.5557851,0.007025391,0.0,0.42239678,0.42239678,0.68801653,0.02211371,0.0,0.4327332,0.4327332,0.7665289,0.03825897,1.4492754,0.40537637,0.40537637,0.696281,0.026334345,0.0,0.5095816,0.5095816,0.9607438,0.114697665,1.4492754,0.5145024,0.5145024,0.8904959,0.067222714,1.4492754,0.4359694,0.4359694,0.7665289,0.03811735,0.0,0.45963323,0.45963323,0.7623967,0.04690644,0.52932906,0.52932906,0.98966944,0.12938038,0.4829696,0.4829696,0.8863636,0.07659653,0.56109315,0.56109315,0.9442149,0.107904166,0.47223216,0.47223216,0.9194215,0.09299728,0.47234145,0.47234145,0.78305787,0.047139466,0.4504488,0.4504488,0.62603307,0.019078285,social_solidarity,0.016528904,0.1265691,0.061607264,0.14235109,0.880232,0.37204877,0.9259027,0.9932419,0.008267597,0.0039454065,0.009125637,0.46198753,0.9982488,0.9985897,0.18553181,0.98456055,crisis_resilience
macron2022_c003,macron2022,macron,en,2022-12-31,new_year_address,3,27,0.115,137,116,0.39859366,0.39859366,0.47727272,-0.008382589,0.0,0.44912663,0.44912663,0.63842976,0.023878485,0.86206895,0.4355377,0.4355377,0.7789256,0.035254627,0.86206895,0.43056023,0.43056023,0.7458678,0.036085993,0.86206895,0.38107467,0.38107467,0.5681818,0.0020326376,0.86206895,0.40214127,0.40214127,0.54752064,0.0072573125,0.0,0.5488298,0.5488298,0.97727275,0.1015501,5.172414,0.43748868,0.43748868,0.7747934,0.039636612,0.86206895,0.4807378,0.4807378,0.86570245,0.068011016,0.4142981,0.4142981,0.5805785,0.014349401,0.5095778,0.5095778,0.9442149,0.10320473,0.4877206,0.4877206,0.6838843,0.034531623,0.37119395,0.37119395,0.4731405,-0.008040935,0.46137834,0.46137834,0.7210744,0.036176354,0.42534018,0.42534018,0.4235537,-0.006030351,crisis_resilience,0.19834715,0.99384296,0.813683,0.012241275,0.9987863,0.057229258,0.9782396,0.99574363,0.0028091217,0.9970015,0.0016776675,0.9967333,0.98387814,0.99672055,0.9984811,0.91042596,foreign_policy
macron2022_c004,macron2022,macron,en,2022-12-31,new_year_address,4,27,0.154,160,137,0.43798238,0.43798238,0.67975205,0.031006128,0.729927,0.44725943,0.44725943,0.6219008,0.02201128,0.0,0.48831898,0.48831898,0.927686,0.08803591,3.649635,0.3871428,0.3871428,0.46900827,-0.007331431,0.729927,0.36095804,0.36095804,0.35743803,-0.01808399,1.459854,0.45760554,0.45760554,0.857438,0.06272158,4.379562,0.542856,0.542856,0.96487606,0.09557629,0.729927,0.36683697,0.36683697,0.32024795,-0.031015098,0.0,0.42266047,0.42266047,0.54752064,0.00993368,0.43677267,0.43677267,0.7582645,0.036823988,0.4400089,0.4400089,0.70454544,0.033635825,0.41251,0.41251,0.2747934,-0.040678978,0.35992593,0.35992593,0.40289256,-0.019308954,0.49857265,0.49857265,0.8863636,0.073370665,0.40629578,0.40629578,0.30785123,-0.02507475,crisis_resilience,0.03719008,0.9995169,0.007107631,0.9967237,0.99199253,0.8506238,0.986967,0.9915789,0.002568365,0.00456498,0.974869,0.8565425,0.9675332,0.043315187,0.99717444,0.9989034,national_identity
macron2022_c005,macron2022,macron,en,2022-12-31,new_year_address,5,27,0.192,147,126,0.31938887,0.31938887,0.07644628,-0.08758739,0.7936508,0.36983904,0.36983904,0.1838843,-0.055409104,0.0,0.4139527,0.4139527,0.62603307,0.01366964,0.0,0.43176913,0.43176913,0.7582645,0.037294894,1.5873016,0.33237195,0.33237195,0.19628099,-0.04667008,0.0,0.31222317,0.31222317,0.08471075,-0.082660794,1.5873016,0.4298415,0.4298415,0.35743803,-0.017438203,1.5873016,0.43345177,0.43345177,0.75,0.03559971,0.7936508,0.37658262,0.37658262,0.25413224,-0.036144167,0.36922616,0.36922616,0.28305784,-0.030722529,0.35015985,0.35015985,0.19628099,-0.05621323,0.39926645,0.39926645,0.19628099,-0.053922534,0.30143082,0.30143082,0.10123967,-0.07780406,0.32430694,0.32430694,0.06404959,-0.10089505,0.39741814,0.39741814,0.25,-0.033952385,foreign_policy,0.008264482,0.9992592,0.004133968,0.4596313,0.999723,0.61543465,0.5472675,0.98150665,0.9939496,0.00044770088,0.980034,0.7401626,0.9994673,0.3600389,0.9653158,0.99973935,foreign_policy
macron2022_c006,macron2022,macron,en,2022-12-31,new_year_address,6,27,0.231,138,112,0.42735252,0.42735252,0.63842976,0.020376265,1.7857143,0.3839043,0.3839043,0.25413224,-0.041343838,0.0,0.3776948,0.3776948,0.34504133,-0.022588283,0.0,0.37107515,0.37107515,0.35743803,-0.023399085,0.0,0.43324333,0.43324333,0.86157024,0.054201305,1.7857143,0.39826804,0.39826804,0.53099173,0.0033840835,0.89285713,0.47261792,0.47261792,0.69214875,0.025338233,0.89285713,0.40610623,0.40610623,0.55991733,0.00825417,0.0,0.36628085,0.36628085,0.20041323,-0.046445936,0.37801105,0.37801105,0.3285124,-0.021937639,0.5376056,0.5376056,0.98140496,0.1312325,0.47610056,0.47610056,0.6301653,0.022911578,0.3253969,0.3253969,0.17561984,-0.053837985,0.47144544,0.47144544,0.7747934,0.04624346,0.41759443,0.41759443,0.3822314,-0.013776094,democracy_institutions,0.1694215,0.9981031,0.00020825012,0.000799392,0.0065515256,0.887009,0.4985352,0.3156239,0.00042720794,0.00031627135,0.016850078,0.4120569,0.998897,0.14769343,0.9957622,0.9989798,national_identity
macron2022_c007,macron2022,macron,en,2022-12-31,new_year_address,7,27,0.269,118,103,0.37577483,0.37577483,0.31198347,-0.031201422,0.0,0.391824,0.391824,0.28305784,-0.03342414,0.0,0.40622574,0.40622574,0.5847107,0.0059426725,0.0,0.35117775,0.35117775,0.17975207,-0.043296486,0.0,0.33623993,0.33623993,0.21694215,-0.042802095,0.0,0.3518792,0.3518792,0.23347108,-0.04300475,0.0,0.4989261,0.4989261,0.84504133,0.05164641,0.0,0.4418675,0.4418675,0.79545456,0.044015437,0.0,0.39581364,0.39581364,0.37396693,-0.016913146,0.3450142,0.3450142,0.15082644,-0.05493447,0.43922567,0.43922567,0.696281,0.03285259,0.5325394,0.5325394,0.87396693,0.07935044,0.32877117,0.32877117,0.20041323,-0.050463706,0.37846452,0.37846452,0.21694215,-0.046737462,0.4721961,0.4721961,0.83264464,0.040825576,crisis_resilience,0.049586773,0.9834227,0.8884688,0.08449275,0.6163831,0.14645307,0.9964203,0.9984391,0.99953985,0.0010423501,0.010839368,0.10927729,0.9997478,0.8852352,0.66931266,0.99963385,future_reform_technology
macron2022_c008,macron2022,macron,en,2022-12-31,new_year_address,8,27,0.308,152,131,0.19214585,0.19214585,0.006198347,-0.2148304,0.0,0.2604923,0.2604923,0.0020661156,-0.16475585,0.0,0.42438778,0.42438778,0.7004132,0.024104714,3.053435,0.24098234,0.24098234,0.0020661156,-0.1534919,0.0,0.21903372,0.21903372,0.006198347,-0.16000831,0.0,0.21187384,0.21187384,0.0020661156,-0.18301012,0.7633588,0.34279713,0.34279713,0.01446281,-0.10448256,0.0,0.29654238,0.29654238,0.030991735,-0.10130969,0.0,0.2518599,0.2518599,0.0020661156,-0.16086689,0.21209693,0.21209693,0.0020661156,-0.18785176,0.19998398,0.19998398,0.0020661156,-0.2063891,0.30678737,0.30678737,0.006198347,-0.14640161,0.18367016,0.18367016,0.0020661156,-0.19556472,0.24223743,0.24223743,0.0020661156,-0.18296455,0.36331946,0.36331946,0.08884297,-0.06805107,economy_welfare,0.6694215,0.9487276,0.00020703374,0.98664916,0.17141633,0.9053223,0.9800148,0.95671517,0.1474017,0.00024874634,0.12797922,0.9071479,0.31662673,0.04575595,0.744842,0.99777865,economy_welfare
macron2022_c009,macron2022,macron,en,2022-12-31,new_year_address,9,27,0.346,106,90,0.3408689,0.3408689,0.1301653,-0.06610736,1.1111112,0.43713847,0.43713847,0.5764463,0.011890322,0.0,0.3915547,0.3915547,0.44834712,-0.008728355,0.0,0.3565637,0.3565637,0.25826445,-0.03791055,0.0,0.35990387,0.35990387,0.34504133,-0.019138157,0.0,0.37953427,0.37953427,0.39876032,-0.015349686,0.0,0.5198257,0.5198257,0.9152893,0.072546005,0.0,0.393668,0.393668,0.4896694,-0.0041840672,0.0,0.40645272,0.40645272,0.44834712,-0.0062740743,0.3639412,0.3639412,0.25,-0.036007494,0.37910253,0.37910253,0.3533058,-0.027270555,0.4211527,0.4211527,0.36570248,-0.032036275,0.32679158,0.32679158,0.18801653,-0.052443296,0.43570954,0.43570954,0.572314,0.010507554,0.43416741,0.43416741,0.50619835,0.0027968884,crisis_resilience,0.338843,0.8289388,0.49365267,0.0006399274,0.13150747,0.5776145,0.9994976,0.9991255,0.0074896244,0.00063247676,0.46769646,0.06301948,0.6167339,0.3654284,0.9103463,0.99465156,social_solidarity
macron2022_c010,macron2022,macron,en,2022-12-31,new_year_address,10,27,0.385,154,136,0.18898092,0.18898092,0.0020661156,-0.21799533,0.0,0.29986817,0.29986817,0.018595042,-0.12537998,0.0,0.39632422,0.39632422,0.4979339,-0.003958851,0.7352941,0.2798576,0.2798576,0.018595042,-0.11461663,0.7352941,0.25961977,0.25961977,0.01446281,-0.11942226,0.7352941,0.23431322,0.23431322,0.006198347,-0.16057074,0.0,0.36312288,0.36312288,0.051652893,-0.08415681,0.0,0.39094275,0.39094275,0.46487603,-0.006909311,2.2058823,0.27846092,0.27846092,0.018595042,-0.13426587,0.2639444,0.2639444,0.010330578,-0.1360043,0.29476118,0.29476118,0.030991735,-0.1116119,0.42640913,0.42640913,0.3946281,-0.02677986,0.2005459,0.2005459,0.006198347,-0.17868897,0.29147688,0.29147688,0.010330578,-0.1337251,0.4019355,0.4019355,0.2747934,-0.029435039,economy_welfare,0.03305787,0.17651184,0.00019601775,0.98968184,0.70904434,0.8465142,0.9970479,0.84061295,0.6022955,0.00040448149,0.50836104,0.06590479,0.9990359,0.43482128,0.0969246,0.9994847,social_solidarity
macron2022_c011,macron2022,macron,en,2022-12-31,new_year_address,11,27,0.423,152,134,0.24873184,0.24873184,0.01446281,-0.15824442,0.0,0.3117677,0.3117677,0.030991735,-0.11348045,0.0,0.44721442,0.44721442,0.83264464,0.046931356,2.238806,0.25968438,0.25968438,0.010330578,-0.13478985,0.0,0.30328184,0.30328184,0.04338843,-0.075760186,0.0,0.33471966,0.33471966,0.15495868,-0.060164303,1.4925373,0.35381627,0.35381627,0.018595042,-0.09346342,0.74626863,0.36484355,0.36484355,0.303719,-0.033008516,0.0,0.27060717,0.27060717,0.010330578,-0.14211962,0.31623206,0.31623206,0.051652893,-0.08371663,0.30800617,0.30800617,0.07231405,-0.098366916,0.4175716,0.4175716,0.33264464,-0.03561738,0.23947892,0.23947892,0.010330578,-0.13975596,0.3289973,0.3289973,0.07644628,-0.09620467,0.3982157,0.3982157,0.2623967,-0.033154815,economy_welfare,0.52892566,0.9809855,0.0007702933,0.98796946,0.119768016,0.97453195,0.9964134,0.41043133,0.00076430326,0.0003852133,0.2793122,0.9078038,0.9986196,0.114492215,0.8132037,0.99278826,social_solidarity
macron2022_c012,macron2022,macron,en,2022-12-31,new_year_address,12,27,0.462,108,93,0.46628565,0.46628565,0.82438016,0.059309393,3.2258065,0.4536712,0.4536712,0.66735536,0.028423041,0.0,0.46720645,0.46720645,0.8822314,0.06692338,1.0752689,0.40860742,0.40860742,0.5847107,0.014133185,0.0,0.41363585,0.41363585,0.7541322,0.03459382,0.0,0.4258405,0.4258405,0.69214875,0.030956537,0.0,0.60006064,0.60006064,0.99793386,0.15278095,2.1505377,0.48591155,0.48591155,0.9152893,0.088059485,1.0752689,0.46913904,0.46913904,0.80785125,0.05641225,0.42350394,0.42350394,0.65495867,0.023555249,0.47543567,0.47543567,0.857438,0.06906259,0.5169921,0.5169921,0.82438016,0.06380311,0.4306874,0.4306874,0.7995868,0.051452518,0.48856354,0.48856354,0.8698347,0.063361555,0.46980697,0.46980697,0.8161157,0.038436443,crisis_resilience,0.08264458,0.9922294,0.0010691264,0.9982827,0.41442478,0.9575863,0.9981827,0.9995592,0.09691927,0.0001072088,0.013096007,0.99963385,0.8929365,0.99204665,0.99038494,0.99981517,crisis_resilience
macron2022_c013,macron2022,macron,en,2022-12-31,new_year_address,13,27,0.5,117,101,0.4511829,0.4511829,0.7376033,0.04420665,0.990099,0.40487033,0.40487033,0.3533058,-0.020377815,0.0,0.43810278,0.43810278,0.7913223,0.037819713,0.0,0.39099145,0.39099145,0.4896694,-0.0034827888,0.0,0.39280757,0.39280757,0.63429755,0.013765544,0.0,0.42165017,0.42165017,0.6714876,0.02676621,0.0,0.482542,0.482542,0.78305787,0.035262316,0.0,0.53427434,0.53427434,0.97727275,0.13642228,1.980198,0.4099161,0.4099161,0.4607438,-0.0028106868,0.43122423,0.43122423,0.7086777,0.03127554,0.4186889,0.4186889,0.54752064,0.01231581,0.52559054,0.52559054,0.8698347,0.07240155,0.40037602,0.40037602,0.63429755,0.021141142,0.42954922,0.42954922,0.5392562,0.004347235,0.48062462,0.48062462,0.8698347,0.04925409,future_reform_technology,0.18595046,0.99972624,0.074088894,0.004958122,0.70007527,0.11114469,0.99968314,0.9791756,0.000108896915,0.0026626128,0.18579942,0.9985278,0.8270613,0.9742884,0.3047654,0.9996506,national_identity
macron2022_c014,macron2022,macron,en,2022-12-31,new_year_address,14,27,0.538,110,95,0.42203543,0.42203543,0.6095041,0.015059173,0.0,0.5118753,0.5118753,0.94008267,0.086627126,2.1052632,0.4526425,0.4526425,0.84504133,0.052359432,0.0,0.43856075,0.43856075,0.82438016,0.044086516,0.0,0.40222907,0.40222907,0.67561984,0.023187041,0.0,0.43567434,0.43567434,0.7706612,0.04079038,0.0,0.524381,0.524381,0.94008267,0.07710129,2.1052632,0.49821183,0.49821183,0.94008267,0.10035977,0.0,0.48020935,0.48020935,0.86157024,0.06748256,0.4439727,0.4439727,0.82024795,0.04402402,0.43607068,0.43607068,0.6714876,0.029697597,0.5631629,0.5631629,0.9483471,0.10997394,0.396581,0.396581,0.6136364,0.017346114,0.4468179,0.4468179,0.65495867,0.021615922,0.52818644,0.52818644,0.9607438,0.096815914,security_military,0.0,0.96422046,0.9994907,0.00068250176,0.99698395,0.9398582,0.882984,0.99063283,0.008652551,0.90764016,0.0147427935,0.055515114,0.99973935,0.9694112,0.99408895,0.999249,security_military
macron2022_c015,macron2022,macron,en,2022-12-31,new_year_address,15,27,0.577,88,81,0.44678754,0.44678754,0.7004132,0.039811283,2.4691358,0.48992574,0.48992574,0.83677685,0.064677596,0.0,0.36386338,0.36386338,0.2747934,-0.03641969,0.0,0.41616637,0.41616637,0.65082645,0.021692127,0.0,0.38245785,0.38245785,0.5764463,0.003415823,1.2345679,0.4194432,0.4194432,0.65909094,0.02455923,2.4691358,0.43211246,0.43211246,0.3822314,-0.015167236,0.0,0.33949447,0.33949447,0.15082644,-0.058357596,0.0,0.47498074,0.47498074,0.84090906,0.062253952,0.4311471,0.4311471,0.70454544,0.031198412,0.30715787,0.30715787,0.06818182,-0.09921521,0.36135823,0.36135823,0.06404959,-0.09183076,0.43798903,0.43798903,0.83677685,0.058754146,0.4041724,0.4041724,0.36570248,-0.021029592,0.41064942,0.41064942,0.33264464,-0.020721108,security_military,0.13636363,0.9986802,0.06723979,0.000117744596,0.9738444,0.3875835,0.9384068,0.8819711,0.000116145944,0.014785409,0.52390754,0.0026010938,0.028355204,0.83312106,0.82862705,0.9997362,national_identity
macron2022_c016,macron2022,macron,en,2022-12-31,new_year_address,16,27,0.615,124,108,0.3448997,0.3448997,0.15495868,-0.06207654,0.9259259,0.36501276,0.36501276,0.16735537,-0.06023538,0.0,0.42539012,0.42539012,0.7128099,0.025107056,0.0,0.36029005,0.36029005,0.27892563,-0.034184188,0.0,0.36875606,0.36875606,0.4607438,-0.010285974,1.8518518,0.31310555,0.31310555,0.08884297,-0.08177841,0.0,0.40549487,0.40549487,0.19214876,-0.041784823,0.0,0.5363747,0.5363747,0.9855372,0.13852262,0.9259259,0.3685437,0.3685437,0.20454545,-0.044183075,0.35594863,0.35594863,0.19214876,-0.04400006,0.33808646,0.33808646,0.14669421,-0.06828663,0.49261642,0.49261642,0.7128099,0.03942743,0.28827685,0.28827685,0.051652893,-0.09095803,0.34512714,0.34512714,0.1053719,-0.08007485,0.48084992,0.48084992,0.87396693,0.049479395,future_reform_technology,0.27272725,0.9853843,0.0029868437,0.03586381,0.84032446,0.8226827,0.9362062,0.09463063,0.99512315,0.001167231,0.020351816,0.15591203,0.99816316,0.9247557,0.90914106,0.99976903,future_reform_technology
macron2022_c017,macron2022,macron,en,2022-12-31,new_year_address,17,27,0.654,92,79,0.43721324,0.43721324,0.66735536,0.03023699,1.2658228,0.41253492,0.41253492,0.42768595,-0.012713224,0.0,0.39436245,0.39436245,0.4607438,-0.005920619,0.0,0.40225202,0.40225202,0.5557851,0.0077777803,1.2658228,0.42790177,0.42790177,0.83264464,0.048859745,1.2658228,0.46911812,0.46911812,0.8863636,0.07423416,0.0,0.43744984,0.43744984,0.4194215,-0.009829849,0.0,0.3965323,0.3965323,0.51033056,-0.001319766,0.0,0.38047457,0.38047457,0.27066115,-0.032252222,0.42453086,0.42453086,0.66322315,0.024582177,0.3984223,0.3984223,0.44008264,-0.007950783,0.37894094,0.37894094,0.12603305,-0.074248046,0.3505848,0.3505848,0.33264464,-0.028650075,0.45745647,0.45745647,0.71694213,0.032254487,0.4359849,0.4359849,0.51859504,0.004614383,social_solidarity,0.053718984,0.8322026,0.0004356301,0.0001634647,0.35521552,0.0013032351,0.059087966,0.10267525,0.00025414693,0.00091998343,0.025920346,0.9583432,0.00081514585,0.015350573,0.9985924,0.99965805,national_identity
macron2022_c018,macron2022,macron,en,2022-12-31,new_year_address,18,27,0.692,111,102,0.4809433,0.4809433,0.8780992,0.07396704,2.9411764,0.43839604,0.43839604,0.5805785,0.013147891,0.0,0.43877006,0.43877006,0.79545456,0.038486987,0.0,0.38662738,0.38662738,0.4607438,-0.007846862,0.0,0.45606744,0.45606744,0.927686,0.07702541,0.0,0.52362937,0.52362937,0.9855372,0.1287454,1.9607843,0.50501496,0.50501496,0.86157024,0.057735264,0.98039216,0.4330594,0.4330594,0.7458678,0.03520733,0.0,0.4132798,0.4132798,0.4896694,0.0005530119,0.4595368,0.4595368,0.8987603,0.059588104,0.35892382,0.35892382,0.23347108,-0.04744926,0.43107337,0.43107337,0.411157,-0.022115618,0.42013133,0.42013133,0.75,0.040896446,0.48813128,0.48813128,0.86570245,0.0629293,0.4686289,0.4686289,0.80785125,0.037258387,social_solidarity,0.057851195,0.96336865,0.0010202174,0.00063867966,0.015101649,0.6847649,0.9994352,0.4823072,0.00037776545,0.0015548132,0.16188256,0.69729984,0.70089483,0.015380123,0.62795115,0.9995602,social_solidarity
macron2022_c019,macron2022,macron,en,2022-12-31,new_year_address,19,27,0.731,129,117,0.35167477,0.35167477,0.18801653,-0.055301487,0.85470086,0.3365492,0.3365492,0.06818182,-0.08869895,0.0,0.41901007,0.41901007,0.6714876,0.018727005,0.0,0.33362836,0.33362836,0.10123967,-0.06084588,0.0,0.36818254,0.36818254,0.45247933,-0.010859489,0.0,0.3913424,0.3913424,0.4979339,-0.003541559,0.0,0.39379504,0.39379504,0.15082644,-0.05348465,0.0,0.41382137,0.41382137,0.6095041,0.015969306,0.85470086,0.3226377,0.3226377,0.06818182,-0.09008908,0.36171526,0.36171526,0.2376033,-0.03823343,0.32068014,0.32068014,0.11363637,-0.08569294,0.4630257,0.4630257,0.5805785,0.009836704,0.3106815,0.3106815,0.11776859,-0.06855339,0.39352548,0.39352548,0.29545453,-0.0316765,0.47918302,0.47918302,0.857438,0.04781249,economy_welfare,0.061983526,0.38792217,0.00043733438,0.02218004,0.055515118,0.934664,0.9992749,0.06371499,0.0013172913,0.0007321811,0.24963012,0.01798621,0.99640644,0.018725162,0.9925031,0.9995408,social_solidarity
macron2022_c020,macron2022,macron,en,2022-12-31,new_year_address,20,27,0.769,139,117,0.28365636,0.28365636,0.030991735,-0.123319894,0.0,0.27636898,0.27636898,0.010330578,-0.14887917,0.0,0.46718735,0.46718735,0.8780992,0.06690428,1.7094017,0.28626728,0.28626728,0.026859503,-0.10820696,0.0,0.3240444,0.3240444,0.13429752,-0.054997623,0.0,0.3848166,0.3848166,0.45661157,-0.0100673735,4.2735043,0.3216688,0.3216688,0.006198347,-0.12561089,0.0,0.4543653,0.4543653,0.82438016,0.05651325,6.837607,0.2716488,0.2716488,0.01446281,-0.141078,0.3012962,0.3012962,0.026859503,-0.09865248,0.25660634,0.25660634,0.006198347,-0.14976674,0.3790592,0.3790592,0.1301653,-0.07412979,0.27805746,0.27805746,0.04338843,-0.101177424,0.2733882,0.2733882,0.006198347,-0.15181378,0.3601516,0.3601516,0.07231405,-0.07121894,economy_welfare,0.053719044,0.45350385,0.00022341638,0.9834387,0.10179018,0.9758776,0.99450946,0.17346317,0.920218,0.00042554305,0.76541805,0.30290633,0.63953906,0.43458128,0.9190269,0.9972154,social_solidarity
macron2022_c021,macron2022,macron,en,2022-12-31,new_year_address,21,27,0.808,105,96,0.3685769,0.3685769,0.28305784,-0.03839934,3.125,0.35510218,0.35510218,0.11776859,-0.070145965,0.0,0.3418182,0.3418182,0.14669421,-0.058464855,1.0416666,0.32321602,0.32321602,0.07644628,-0.07125822,0.0,0.46806666,0.46806666,0.9483471,0.08902463,3.125,0.39494747,0.39494747,0.5144628,6.350875e-05,1.0416666,0.399213,0.399213,0.17561984,-0.048066705,0.0,0.42112115,0.42112115,0.66735536,0.023269087,0.0,0.32679766,0.32679766,0.08471075,-0.085929126,0.36631176,0.36631176,0.26652893,-0.033636928,0.3013674,0.3013674,0.055785123,-0.10500568,0.4545525,0.4545525,0.5268595,0.0013635159,0.31233543,0.31233543,0.12603305,-0.06689945,0.39064527,0.39064527,0.27892563,-0.034556717,0.44206214,0.44206214,0.5640496,0.010691613,democracy_institutions,0.28099173,0.92632043,0.00024393635,0.34169236,0.31132215,0.99667555,0.90265256,0.42435235,0.001648483,0.00042554302,0.19102567,0.0008119703,0.99698395,0.14996657,0.07818368,0.9996072,democracy_institutions
macron2022_c022,macron2022,macron,en,2022-12-31,new_year_address,22,27,0.846,105,94,0.41290188,0.41290188,0.5433884,0.0059256256,2.1276596,0.43248826,0.43248826,0.55991733,0.0072401166,0.0,0.41521233,0.41521233,0.63429755,0.014929265,0.0,0.4467501,0.4467501,0.86157024,0.052275866,1.0638298,0.45149505,0.45149505,0.9070248,0.07245302,0.0,0.4309126,0.4309126,0.7376033,0.036028653,0.0,0.4615392,0.4615392,0.6012397,0.014259517,1.0638298,0.4529544,0.4529544,0.82024795,0.05510235,0.0,0.43346232,0.43346232,0.62603307,0.020735532,0.4321589,0.4321589,0.7128099,0.0322102,0.35688078,0.35688078,0.22107439,-0.0494923,0.43500668,0.43500668,0.44834712,-0.018182307,0.38354588,0.38354588,0.5516529,0.0043109953,0.4377849,0.4377849,0.5847107,0.012582928,0.42920732,0.42920732,0.4896694,-0.0021632016,democracy_institutions,0.04545456,0.4312997,0.01042845,0.0005193048,0.87147486,0.95626813,0.994225,0.9922294,0.0002606808,0.0007194324,0.116411984,0.87976795,0.00044945235,0.98670053,0.96249723,0.99968743,social_solidarity
macron2022_c023,macron2022,macron,en,2022-12-31,new_year_address,23,27,0.885,161,124,0.45756513,0.45756513,0.7789256,0.050588876,0.8064516,0.40832216,0.40832216,0.37396693,-0.01692599,0.0,0.43458322,0.43458322,0.7623967,0.03430015,1.6129032,0.4608131,0.4608131,0.8946281,0.06633887,2.419355,0.38086826,0.38086826,0.5640496,0.0018262267,1.6129032,0.40824568,0.40824568,0.5847107,0.013361722,1.6129032,0.46507066,0.46507066,0.65495867,0.017790973,0.0,0.46185616,0.46185616,0.85330576,0.06400409,0.0,0.42376357,0.42376357,0.5557851,0.011036783,0.44332168,0.44332168,0.8161157,0.04337299,0.40361944,0.40361944,0.4731405,-0.0027536452,0.49316382,0.49316382,0.7210744,0.03997484,0.40143263,0.40143263,0.64669424,0.022197753,0.38134122,0.38134122,0.25,-0.043860763,0.44017512,0.44017512,0.5516529,0.0088045895,foreign_policy,0.04132235,0.955444,0.010870826,0.08785687,0.9510968,0.0071768826,0.7897206,0.034391105,0.24535613,0.000522355,0.41994527,0.25659907,0.99786776,0.98367554,0.9174507,0.9980391,national_identity
macron2022_c024,macron2022,macron,en,2022-12-31,new_year_address,24,27,0.923,154,134,0.37897173,0.37897173,0.3409091,-0.028004527,1.4925373,0.4131658,0.4131658,0.44008264,-0.012082338,1.4925373,0.35706213,0.35706213,0.22933884,-0.043220937,0.74626863,0.38613135,0.38613135,0.44834712,-0.008342892,1.4925373,0.30641526,0.30641526,0.051652893,-0.07262677,0.0,0.3551621,0.3551621,0.25,-0.039721847,0.74626863,0.4437574,0.4437574,0.4731405,-0.0035222769,0.0,0.33257633,0.33257633,0.12190083,-0.06527573,0.0,0.42576718,0.42576718,0.5681818,0.013040394,0.38706857,0.38706857,0.39876032,-0.012880117,0.34063512,0.34063512,0.1590909,-0.06573796,0.3862219,0.3862219,0.15495868,-0.0669671,0.3537795,0.3537795,0.37396693,-0.025455385,0.41810971,0.41810971,0.44421488,-0.0070922673,0.36202627,0.36202627,0.08057851,-0.06934425,crisis_resilience,0.024793386,0.94461274,0.54201496,0.21738555,0.9993372,0.22699775,0.9836442,0.7609061,0.04845097,0.17688477,0.9828562,0.62096286,0.9395816,0.96841115,0.9972477,0.99810684,foreign_policy
macron2022_c025,macron2022,macron,en,2022-12-31,new_year_address,25,27,0.962,111,87,0.40371943,0.40371943,0.4896694,-0.0032568276,0.0,0.36168855,0.36168855,0.14256199,-0.06355959,0.0,0.38852152,0.38852152,0.4194215,-0.011761546,0.0,0.37047592,0.37047592,0.34917355,-0.02399832,1.1494253,0.3643294,0.3643294,0.39049587,-0.014712632,0.0,0.38748127,0.38748127,0.4731405,-0.0074026883,1.1494253,0.43090954,0.43090954,0.37809917,-0.016370147,0.0,0.49610716,0.49610716,0.9359504,0.0982551,0.0,0.3619272,0.3619272,0.1838843,-0.05079958,0.4065205,0.4065205,0.53099173,0.0065717995,0.39876598,0.39876598,0.44421488,-0.0076071024,0.5357412,0.5357412,0.8822314,0.082552224,0.34196115,0.34196115,0.27066115,-0.037273735,0.39691544,0.39691544,0.3161157,-0.028286546,0.4660766,0.4660766,0.78305787,0.034706086,future_reform_technology,0.446281,0.9977765,0.0014508126,0.009633654,0.9854685,0.028939435,0.99541277,0.015731549,0.99896175,0.0013511208,0.1463549,0.22504383,0.99884415,0.044358924,0.7327831,0.99849004,future_reform_technology
macron2022_c026,macron2022,macron,en,2022-12-31,new_year_address,26,27,1.0,168,149,0.39827555,0.39827555,0.46900827,-0.008700699,1.3422819,0.38205576,0.38205576,0.24173553,-0.043192387,0.0,0.41582817,0.41582817,0.65082645,0.0155451,0.0,0.363882,0.363882,0.29958677,-0.030592233,0.67114097,0.3185078,0.3185078,0.09710744,-0.06053424,0.0,0.39947107,0.39947107,0.53512394,0.004587114,1.3422819,0.47914237,0.47914237,0.7541322,0.031862676,0.67114097,0.49846947,0.49846947,0.9442149,0.10061741,0.67114097,0.38014704,0.38014704,0.26652893,-0.03257975,0.41685045,0.41685045,0.6012397,0.016901761,0.4200992,0.4200992,0.5557851,0.013726115,0.537205,0.537205,0.8904959,0.084015995,0.33294645,0.33294645,0.22107439,-0.04628843,0.43788236,0.43788236,0.588843,0.012680382,0.4649722,0.4649722,0.7789256,0.03360167,future_reform_technology,0.19008267,0.9872896,0.00283385,0.10050279,0.9572179,0.13875328,0.99899757,0.6200466,0.0046320306,0.0010182288,0.71656585,0.9643215,0.9558991,0.0030873695,0.99582964,0.99947864,social_solidarity
macron2023_c000,macron2023,macron,en,2023-12-31,new_year_address,0,19,0.0,101,90,0.47603106,0.47603106,0.86157024,0.06905481,2.2222223,0.47842216,0.47842216,0.7789256,0.05317402,0.0,0.41715413,0.41715413,0.66322315,0.016871065,0.0,0.4173395,0.4173395,0.6714876,0.022865266,0.0,0.3782756,0.3782756,0.5433884,-0.0007664263,0.0,0.5215108,0.5215108,0.98140496,0.12662682,2.2222223,0.51536936,0.51536936,0.9070248,0.068089664,0.0,0.42293715,0.42293715,0.67975205,0.025085092,0.0,0.44667727,0.44667727,0.71694213,0.033950478,0.46330833,0.46330833,0.911157,0.06335965,0.4812744,0.4812744,0.8780992,0.07490131,0.5028703,0.5028703,0.7706612,0.049681336,0.40952224,0.40952224,0.70454544,0.030287355,0.58466876,0.58466876,0.97727275,0.15946677,0.4648825,0.4648825,0.7747934,0.033511966,social_solidarity,0.07438016,0.9127672,0.059674345,0.0007793662,0.022737445,0.70715195,0.99979496,0.27484983,9.876621e-05,0.0014076105,0.35142237,0.018142106,0.00031937408,0.00028351307,0.9998256,0.4594096,social_solidarity
macron2023_c001,macron2023,macron,en,2023-12-31,new_year_address,1,19,0.056,84,68,0.38529545,0.38529545,0.3946281,-0.021680802,1.4705882,0.51892424,0.51892424,0.95247936,0.09367609,4.4117646,0.36409935,0.36409935,0.28305784,-0.036183715,0.0,0.43315732,0.43315732,0.7747934,0.038683087,0.0,0.36807284,0.36807284,0.44008264,-0.010969192,0.0,0.38370895,0.38370895,0.44008264,-0.011175007,2.9411764,0.4654798,0.4654798,0.65909094,0.0182001,0.0,0.37829417,0.37829417,0.3946281,-0.019557893,0.0,0.49336684,0.49336684,0.9235537,0.08064005,0.39164746,0.39164746,0.4318182,-0.008301228,0.45731276,0.45731276,0.79545456,0.05093968,0.42314947,0.42314947,0.3822314,-0.03003952,0.3649842,0.3649842,0.44834712,-0.014250666,0.4421964,0.4421964,0.62603307,0.016994417,0.39757323,0.39757323,0.25413224,-0.033797294,security_military,0.17768598,0.80513173,0.8329852,6.253713e-05,0.9906691,0.001957017,0.9719659,0.9342753,0.0001855878,0.99962664,0.0003604725,0.99959475,0.9539232,0.034036156,0.9967396,0.013875308,foreign_policy
macron2023_c002,macron2023,macron,en,2023-12-31,new_year_address,2,19,0.111,110,89,0.46171528,0.46171528,0.803719,0.05473903,1.1235955,0.48273832,0.48273832,0.7995868,0.05749017,2.247191,0.43949232,0.43949232,0.7995868,0.039209247,1.1235955,0.4125942,0.4125942,0.62603307,0.018119961,0.0,0.37503964,0.37503964,0.4979339,-0.0040023923,0.0,0.42708904,0.42708904,0.7086777,0.032205075,0.0,0.53617287,0.53617287,0.9607438,0.088893175,0.0,0.41522878,0.41522878,0.62603307,0.01737672,1.1235955,0.5022378,0.5022378,0.95247936,0.08951101,0.3973449,0.3973449,0.48140496,-0.002603799,0.50095046,0.50095046,0.9318182,0.09457737,0.4322735,0.4322735,0.4318182,-0.020915478,0.41603813,0.41603813,0.7293388,0.036803246,0.44690937,0.44690937,0.65909094,0.021707386,0.39019257,0.39019257,0.21280992,-0.04117796,crisis_resilience,0.1570248,0.38687927,0.010308208,0.013383049,0.94877505,0.002926391,0.0013045069,0.2901442,0.00010431734,0.9384633,0.00024015535,0.9947799,0.00023643298,0.9992635,0.0005976693,0.0013670258,foreign_policy
macron2023_c003,macron2023,macron,en,2023-12-31,new_year_address,3,19,0.167,105,84,0.38130882,0.38130882,0.36570248,-0.025667429,0.0,0.4034397,0.4034397,0.33677685,-0.021808445,0.0,0.41313794,0.41313794,0.6095041,0.012854874,0.0,0.3859984,0.3859984,0.44421488,-0.00847584,0.0,0.36646485,0.36646485,0.4235537,-0.012577176,0.0,0.3801643,0.3801643,0.40289256,-0.014719665,0.0,0.4860834,0.4860834,0.81198347,0.038803697,0.0,0.43699554,0.43699554,0.7706612,0.039143473,0.0,0.3964132,0.3964132,0.38636363,-0.016313583,0.3938828,0.3938828,0.44421488,-0.0060658753,0.4371221,0.4371221,0.67975205,0.030749023,0.49155214,0.49155214,0.70454544,0.03836316,0.34300742,0.34300742,0.27892563,-0.036227465,0.39572194,0.39572194,0.30785123,-0.02948004,0.47386706,0.47386706,0.83677685,0.042496532,crisis_resilience,0.04132229,0.97901577,0.55784535,0.17002514,0.9915544,0.661267,0.96440536,0.9975177,0.0045032725,0.0019418171,0.3001042,0.6866853,0.9996215,0.4071861,0.4689122,0.99966794,crisis_resilience
macron2023_c004,macron2023,macron,en,2023-12-31,new_year_address,4,19,0.222,114,96,0.36054945,0.36054945,0.24173553,-0.046426803,0.0,0.4013833,0.4013833,0.33264464,-0.023864836,0.0,0.43160808,0.43160808,0.7417355,0.031325012,1.0416666,0.4128722,0.4128722,0.6301653,0.018397957,1.0416666,0.39451697,0.39451697,0.642562,0.015474945,0.0,0.3783013,0.3783013,0.38636363,-0.016582668,0.0,0.45183647,0.45183647,0.52272725,0.004556775,0.0,0.46172428,0.46172428,0.84917355,0.06387222,2.0833333,0.368929,0.368929,0.21280992,-0.04379779,0.36788237,0.36788237,0.27892563,-0.032066315,0.45782796,0.45782796,0.803719,0.051454872,0.44561732,0.44561732,0.49380165,-0.0075716674,0.3288294,0.3288294,0.20454545,-0.050405473,0.45023167,0.45023167,0.66735536,0.02502969,0.46672127,0.46672127,0.7913223,0.03535074,future_reform_technology,0.10743803,0.99762183,0.118232295,0.02025469,0.9753314,0.7710256,0.9609333,0.7860896,0.0049629416,0.0007978335,0.014378491,0.99306935,0.9926542,0.48608568,0.9995859,0.9996769,national_identity
macron2023_c005,macron2023,macron,en,2023-12-31,new_year_address,5,19,0.278,104,76,0.3425634,0.3425634,0.13429752,-0.06441286,0.0,0.36853746,0.36853746,0.17975207,-0.05671069,0.0,0.52895916,0.52895916,0.96900827,0.12867609,2.631579,0.36996788,0.36996788,0.34504133,-0.02450636,1.3157895,0.3790773,0.3790773,0.54752064,3.5256147e-05,1.3157895,0.35703826,0.35703826,0.25413224,-0.0378457,1.3157895,0.41447616,0.41447616,0.24173553,-0.032803535,0.0,0.52504694,0.52504694,0.96900827,0.12719488,5.263158,0.33419287,0.33419287,0.11776859,-0.07853392,0.36615694,0.36615694,0.2623967,-0.03379175,0.4691499,0.4691499,0.83677685,0.062776804,0.50114083,0.50114083,0.7582645,0.047951847,0.30000502,0.30000502,0.08884297,-0.07922986,0.39262155,0.39262155,0.29132232,-0.032580435,0.471371,0.471371,0.82438016,0.04000047,economy_welfare,0.0,0.031738594,7.086327e-05,0.9971551,0.8262654,0.20394523,0.80825645,0.013558248,0.9941232,0.000102900965,0.0015700476,0.8056322,0.99973106,0.060863443,0.4534736,0.99973726,economy_welfare
macron2023_c006,macron2023,macron,en,2023-12-31,new_year_address,6,19,0.333,80,71,0.32040787,0.32040787,0.08057851,-0.086568385,0.0,0.36380446,0.36380446,0.1590909,-0.061443686,0.0,0.5470757,0.5470757,0.98966944,0.14679262,4.2253523,0.33958387,0.33958387,0.1301653,-0.054890364,0.0,0.32269087,0.32269087,0.11776859,-0.056351155,0.0,0.3912071,0.3912071,0.4896694,-0.0036768615,0.0,0.4569494,0.4569494,0.5681818,0.009669721,1.4084507,0.4154979,0.4154979,0.63429755,0.017645836,0.0,0.33689228,0.33689228,0.12603305,-0.07583451,0.36506885,0.36506885,0.25413224,-0.034879833,0.38044715,0.38044715,0.35743803,-0.025925934,0.41697413,0.41697413,0.32438016,-0.03621486,0.28610694,0.28610694,0.04752066,-0.093127936,0.42657137,0.42657137,0.51859504,0.0013693869,0.45843017,0.45843017,0.7210744,0.027059644,economy_welfare,0.3553719,0.975693,0.00022167811,0.9919847,0.08144666,0.97505975,0.96178585,0.99703056,0.014036573,0.0002948036,0.14681971,0.31997073,0.9927672,0.21011727,0.9880042,0.9997414,crisis_resilience
macron2023_c007,macron2023,macron,en,2023-12-31,new_year_address,7,19,0.389,156,133,0.364542,0.364542,0.2623967,-0.042434245,0.7518797,0.49335253,0.49335253,0.86157024,0.06810439,1.5037594,0.42963666,0.42963666,0.7334711,0.029353589,0.0,0.34753138,0.34753138,0.16322315,-0.04694286,0.0,0.41314694,0.41314694,0.7458678,0.034104913,3.0075188,0.37339383,0.37339383,0.3409091,-0.021490127,1.5037594,0.44364327,0.44364327,0.46900827,-0.0036364198,0.0,0.46721002,0.46721002,0.8780992,0.06935796,0.7518797,0.39388075,0.39388075,0.36983472,-0.018846035,0.34680218,0.34680218,0.16322315,-0.05314651,0.42553717,0.42553717,0.5971074,0.019164085,0.48509967,0.48509967,0.66735536,0.031910688,0.31973708,0.31973708,0.14669421,-0.059497803,0.42799416,0.42799416,0.53099173,0.0027921796,0.4996169,0.4996169,0.911157,0.068246365,future_reform_technology,0.016528964,0.99535894,0.9982522,0.06387539,0.9090223,0.99880975,0.9981324,0.94224656,0.04475909,0.006438102,0.19280517,0.99847525,0.9944478,0.30497235,0.996016,0.9992099,democracy_institutions
macron2023_c008,macron2023,macron,en,2023-12-31,new_year_address,8,19,0.444,154,124,0.4049957,0.4049957,0.50619835,-0.0019805431,0.8064516,0.4113627,0.4113627,0.40289256,-0.013885438,0.0,0.3853436,0.3853436,0.40289256,-0.014939457,0.0,0.38140082,0.38140082,0.41528925,-0.013073415,0.8064516,0.41503865,0.41503865,0.7706612,0.035996616,0.8064516,0.37723172,0.37723172,0.3822314,-0.017652243,0.8064516,0.40381843,0.40381843,0.1838843,-0.043461263,0.0,0.450525,0.450525,0.8161157,0.052672923,0.0,0.3980434,0.3980434,0.3946281,-0.014683396,0.37222087,0.37222087,0.30785123,-0.027727813,0.39965,0.39965,0.45247933,-0.006723076,0.49123812,0.49123812,0.7004132,0.03804913,0.3510078,0.3510078,0.33677685,-0.02822709,0.3690384,0.3690384,0.16322315,-0.05616358,0.4753998,0.4753998,0.84504133,0.044029266,future_reform_technology,0.045454502,0.98848075,0.00036686257,0.0002627248,0.7440989,0.98806196,0.97505975,0.792183,0.026937887,0.0042812545,0.22114035,0.25742656,0.99928194,0.73573655,0.8418582,0.9993358,national_identity
macron2023_c009,macron2023,macron,en,2023-12-31,new_year_address,9,19,0.5,90,77,0.42617065,0.42617065,0.62603307,0.019194394,2.5974026,0.3797897,0.3797897,0.22520661,-0.045458436,0.0,0.37803304,0.37803304,0.34917355,-0.022250026,1.2987013,0.3555596,0.3555596,0.24586777,-0.03891465,0.0,0.4023586,0.4023586,0.67975205,0.023316562,0.0,0.41775325,0.41775325,0.65082645,0.022869289,1.2987013,0.40812647,0.40812647,0.21280992,-0.03915322,0.0,0.46058565,0.46058565,0.84090906,0.06273359,3.8961039,0.3784756,0.3784756,0.2623967,-0.034251183,0.37572077,0.37572077,0.3161157,-0.024227917,0.35104153,0.35104153,0.20041323,-0.055331558,0.4167646,0.4167646,0.32024795,-0.0364244,0.34039634,0.34039634,0.2623967,-0.038838536,0.37770516,0.37770516,0.20867768,-0.047496825,0.42600387,0.42600387,0.4359504,-0.005366653,future_reform_technology,0.16115701,0.9758546,0.00029365462,0.8167355,0.15699139,0.035762645,0.8330871,0.07372961,0.00016668822,0.00035143827,0.027066175,0.9171544,0.17426969,0.98721576,0.9493944,0.9998239,national_identity
macron2023_c010,macron2023,macron,en,2023-12-31,new_year_address,10,19,0.556,145,118,0.2931223,0.2931223,0.0392562,-0.11385396,0.84745765,0.33714157,0.33714157,0.08057851,-0.08810657,0.0,0.4049091,0.4049091,0.5805785,0.0046260357,0.84745765,0.30086535,0.30086535,0.0392562,-0.093608886,0.0,0.32341582,0.32341582,0.12603305,-0.055626214,0.0,0.26862705,0.26862705,0.022727273,-0.12625691,0.0,0.35878876,0.35878876,0.035123967,-0.08849093,0.0,0.45909798,0.45909798,0.83677685,0.06124592,0.0,0.32787818,0.32787818,0.08884297,-0.08484861,0.28819406,0.28819406,0.022727273,-0.111754626,0.28629923,0.28629923,0.018595042,-0.120073855,0.47270468,0.47270468,0.6177686,0.019515693,0.2778517,0.2778517,0.0392562,-0.10138318,0.29814982,0.29814982,0.01446281,-0.12705216,0.43727326,0.43727326,0.53512394,0.0059027374,future_reform_technology,0.25619835,0.99573535,0.010683432,0.9244834,0.9848547,0.714628,0.9986955,0.6568234,0.9988259,0.0011138391,0.4743877,0.008985429,0.999813,0.829492,0.95523566,0.9997796,future_reform_technology
macron2023_c011,macron2023,macron,en,2023-12-31,new_year_address,11,19,0.611,149,111,0.29337454,0.29337454,0.04338843,-0.113601714,0.0,0.29739708,0.29739708,0.01446281,-0.12785107,0.0,0.38807678,0.38807678,0.41528925,-0.012206286,0.0,0.33632708,0.33632708,0.11776859,-0.058147162,1.8018018,0.31184846,0.31184846,0.06818182,-0.06719357,0.0,0.28927565,0.28927565,0.026859503,-0.105608314,0.0,0.3581565,0.3581565,0.030991735,-0.08912319,0.0,0.48596692,0.48596692,0.9194215,0.08811486,0.0,0.32515705,0.32515705,0.07231405,-0.08756974,0.32897246,0.32897246,0.09297521,-0.07097623,0.3142811,0.3142811,0.08471075,-0.09209198,0.4840222,0.4840222,0.65909094,0.030833215,0.27780044,0.27780044,0.035123967,-0.10143444,0.3044067,0.3044067,0.026859503,-0.12079528,0.4571008,0.4571008,0.696281,0.025730282,future_reform_technology,0.5041323,0.9522643,0.00021909605,0.099062964,0.9979967,0.09382319,0.67453307,0.70463353,0.9982826,0.0015700475,0.18496986,0.06365676,0.99978346,0.883588,0.43692234,0.999723,future_reform_technology
macron2023_c012,macron2023,macron,en,2023-12-31,new_year_address,12,19,0.667,160,135,0.37852755,0.37852755,0.33264464,-0.0284487,1.4814814,0.39799613,0.39799613,0.3161157,-0.027252018,0.0,0.35196298,0.35196298,0.20454545,-0.048320085,0.0,0.36295646,0.36295646,0.29132232,-0.031517774,0.7407407,0.35709897,0.35709897,0.3161157,-0.021943063,0.0,0.35736227,0.35736227,0.25826445,-0.03752169,0.0,0.45162004,0.45162004,0.5144628,0.0043403506,0.7407407,0.42882487,0.42882487,0.71694213,0.030972809,0.7407407,0.4063668,0.4063668,0.44421488,-0.0063599944,0.35833055,0.35833055,0.21280992,-0.04161814,0.3874198,0.3874198,0.4070248,-0.018953294,0.5220232,0.5220232,0.84917355,0.068834215,0.3488109,0.3488109,0.3161157,-0.030423969,0.38662052,0.38662052,0.2623967,-0.03858146,0.4745718,0.4745718,0.84090906,0.043201268,future_reform_technology,0.2024793,0.9897316,0.5855752,0.010631947,0.93405765,0.9288296,0.9987479,0.99042207,0.0068239546,0.003586616,0.5482654,0.5580862,0.997409,0.9892545,0.9126888,0.99918485,social_solidarity
macron2023_c013,macron2023,macron,en,2023-12-31,new_year_address,13,19,0.722,145,127,0.353265,0.353265,0.19628099,-0.053711265,0.0,0.3943275,0.3943275,0.29958677,-0.030920655,0.78740156,0.34998497,0.34998497,0.19214876,-0.050298095,0.0,0.41691718,0.41691718,0.65909094,0.022442937,3.1496062,0.40674025,0.40674025,0.7086777,0.027698219,0.78740156,0.3498718,0.3498718,0.22107439,-0.045012146,2.3622048,0.42283314,0.42283314,0.29958677,-0.024446547,0.0,0.39335006,0.39335006,0.4855372,-0.0045019984,0.0,0.41433164,0.41433164,0.49380165,0.0016048551,0.39664093,0.39664093,0.4731405,-0.0033077598,0.29823104,0.29823104,0.04752066,-0.10814205,0.37445784,0.37445784,0.1053719,-0.07873115,0.3543911,0.3543911,0.37809917,-0.024843782,0.3225004,0.3225004,0.055785123,-0.102701575,0.36235848,0.36235848,0.08471075,-0.069012046,democracy_institutions,0.049586773,0.98769957,0.03753801,0.00097164605,0.99729556,0.7923839,0.6858969,0.99891406,0.0001760562,0.0071352534,0.98941934,0.8243206,0.10748432,0.9877114,0.99356186,0.9919067,crisis_resilience
macron2023_c014,macron2023,macron,en,2023-12-31,new_year_address,14,19,0.778,120,94,0.41727984,0.41727984,0.55991733,0.010303587,3.1914895,0.32783568,0.32783568,0.059917357,-0.09741247,0.0,0.34827203,0.34827203,0.1838843,-0.052011043,0.0,0.30775857,0.30775857,0.04752066,-0.08671567,0.0,0.33097813,0.33097813,0.1838843,-0.048063904,0.0,0.3708337,0.3708337,0.32438016,-0.024050266,0.0,0.425238,0.425238,0.3285124,-0.022041678,1.0638298,0.41454348,0.41454348,0.6177686,0.016691417,0.0,0.31571275,0.31571275,0.051652893,-0.09701404,0.35213715,0.35213715,0.17975207,-0.047811538,0.421386,0.421386,0.5681818,0.01501292,0.49330556,0.49330556,0.7252066,0.04011658,0.3164297,0.3164297,0.13842975,-0.062805176,0.39426124,0.39426124,0.29958677,-0.030940741,0.41301042,0.41301042,0.35743803,-0.018360108,future_reform_technology,0.057851255,0.9996856,0.0013096058,0.02368947,0.31742626,0.025468083,0.99903774,0.45756084,0.052327625,0.0032319087,0.8087101,0.6335804,0.9989638,0.0144896265,0.99896073,0.99952614,national_identity
macron2023_c015,macron2023,macron,en,2023-12-31,new_year_address,15,19,0.833,89,71,0.448587,0.448587,0.71694213,0.041610748,2.8169014,0.41252968,0.41252968,0.4235537,-0.012718469,1.4084507,0.31694186,0.31694186,0.051652893,-0.08334121,0.0,0.33555216,0.33555216,0.1053719,-0.058922082,1.4084507,0.3520791,0.3520791,0.29958677,-0.026962936,0.0,0.39193863,0.39193863,0.50206614,-0.0029453337,1.4084507,0.41022792,0.41022792,0.22520661,-0.037051767,0.0,0.37256503,0.37256503,0.34917355,-0.025287032,0.0,0.35253942,0.35253942,0.16322315,-0.06018737,0.3594389,0.3594389,0.22520661,-0.04050979,0.48497206,0.48497206,0.9070248,0.078598976,0.41617236,0.41617236,0.3161157,-0.03701663,0.3425088,0.3425088,0.2747934,-0.036726087,0.47247124,0.47247124,0.7913223,0.047269255,0.3572859,0.3572859,0.06404959,-0.07408464,national_identity,0.214876,0.9527942,0.583856,0.00011591935,0.77581716,0.0007793661,0.991977,0.1113378,0.00020382459,0.09045389,0.010881333,0.99366105,0.00061422714,0.6058573,0.99942523,0.5295067,social_solidarity
macron2023_c016,macron2023,macron,en,2023-12-31,new_year_address,16,19,0.889,110,80,0.43487093,0.43487093,0.65909094,0.027894676,0.0,0.3928101,0.3928101,0.29132232,-0.03243804,0.0,0.36848494,0.36848494,0.303719,-0.031798124,0.0,0.38988233,0.38988233,0.47727272,-0.004591912,2.5,0.37490287,0.37490287,0.49380165,-0.004139155,0.0,0.38532877,0.38532877,0.4607438,-0.009555191,0.0,0.40772223,0.40772223,0.20454545,-0.039557457,0.0,0.43986976,0.43986976,0.7871901,0.0420177,0.0,0.38951874,0.38951874,0.34917355,-0.023208052,0.3999384,0.3999384,0.4979339,-1.0281801e-05,0.44711605,0.44711605,0.7541322,0.040742964,0.5204809,0.5204809,0.84090906,0.067291886,0.35160077,0.35160077,0.34504133,-0.027634114,0.40794313,0.40794313,0.3822314,-0.017258853,0.4513673,0.4513673,0.64669424,0.019996762,future_reform_technology,0.12809914,0.99848413,0.0002611903,0.0005347356,0.106830284,0.016145077,0.22661245,0.010408313,0.011563828,0.0011695102,0.025834192,0.32554734,0.9993346,0.17667161,0.9591663,0.99864364,national_identity
macron2023_c017,macron2023,macron,en,2023-12-31,new_year_address,17,19,0.944,143,119,0.37699777,0.37699777,0.32024795,-0.029978484,0.84033614,0.30053928,0.30053928,0.022727273,-0.12470886,0.0,0.28379935,0.28379935,0.006198347,-0.11648372,0.0,0.27290976,0.27290976,0.01446281,-0.12156448,0.0,0.3257782,0.3257782,0.13842975,-0.053263843,0.0,0.35129637,0.35129637,0.22520661,-0.043587595,0.84033614,0.36387554,0.36387554,0.055785123,-0.08340415,0.84033614,0.37429297,0.37429297,0.36570248,-0.023559093,0.0,0.28707027,0.28707027,0.022727273,-0.12565652,0.32814807,0.32814807,0.08471075,-0.07180062,0.39888668,0.39888668,0.44834712,-0.007486403,0.43181527,0.43181527,0.4194215,-0.021373719,0.29077008,0.29077008,0.06404959,-0.0884648,0.37496954,0.37496954,0.19214876,-0.05023244,0.37842667,0.37842667,0.14669421,-0.052943856,future_reform_technology,0.045454532,0.9932157,0.00023413582,0.00041326194,0.008619108,0.015116181,0.74899536,0.0045738644,0.0058086696,0.0010202175,0.016075421,0.9787126,0.81540716,0.039731886,0.99845725,0.99930674,national_identity
macron2023_c018,macron2023,macron,en,2023-12-31,new_year_address,18,19,1.0,151,120,0.4343722,0.4343722,0.65082645,0.027395934,1.6666666,0.3736847,0.3736847,0.20454545,-0.05156344,0.0,0.37739944,0.37739944,0.33677685,-0.022883624,0.0,0.35367998,0.35367998,0.21694215,-0.040794253,0.0,0.37225044,0.37225044,0.48140496,-0.0067915916,0.0,0.4051208,0.4051208,0.572314,0.0102368295,1.6666666,0.44966662,0.44966662,0.4979339,0.0023869276,0.8333333,0.467546,0.467546,0.8822314,0.06969392,0.8333333,0.39315677,0.39315677,0.36570248,-0.019570023,0.41027746,0.41027746,0.54752064,0.01032877,0.48946303,0.48946303,0.9152893,0.08308995,0.59507054,0.59507054,0.97727275,0.14188156,0.37566072,0.37566072,0.51859504,-0.0035741627,0.4225766,0.4225766,0.48140496,-0.002625376,0.46200725,0.46200725,0.7417355,0.030636728,future_reform_technology,0.23140496,0.9914474,0.0006719278,0.0004529758,0.09591959,0.013033047,0.99659365,0.002917855,0.00049747445,0.00030894717,0.07123502,0.82637924,0.91607213,0.81828344,0.81545305,0.9871293,social_solidarity
macron2024_c000,macron2024,macron,en,2024-12-31,new_year_address,0,16,0.0,99,85,0.41766906,0.41766906,0.5640496,0.010692805,1.1764706,0.40785843,0.40785843,0.36983472,-0.017389715,0.0,0.4152773,0.4152773,0.63842976,0.014994234,0.0,0.3867353,0.3867353,0.46487603,-0.007738948,0.0,0.43212804,0.43212804,0.85330576,0.053086013,1.1764706,0.39813262,0.39813262,0.5268595,0.0032486618,1.1764706,0.4554091,0.4554091,0.5557851,0.008129418,0.0,0.4651464,0.4651464,0.86570245,0.06729433,2.3529413,0.40042228,0.40042228,0.411157,-0.012304515,0.41546252,0.41546252,0.588843,0.015513837,0.47023737,0.47023737,0.84504133,0.06386429,0.47162402,0.47162402,0.6136364,0.018435031,0.36065724,0.36065724,0.411157,-0.018577635,0.45516893,0.45516893,0.7128099,0.02996695,0.46675694,0.46675694,0.79545456,0.035386413,future_reform_technology,0.012396693,0.9998928,0.00023050672,0.54870373,0.92752755,0.996016,0.9995583,0.9896718,0.9773059,0.00015598028,0.9910233,0.31790254,0.99772614,0.033955973,0.9988486,0.99968684,national_identity
macron2024_c001,macron2024,macron,en,2024-12-31,new_year_address,1,16,0.067,135,104,0.47347113,0.47347113,0.84917355,0.06649488,2.8846154,0.43131316,0.43131316,0.5516529,0.006065011,0.0,0.360753,0.360753,0.25826445,-0.03953007,0.0,0.37842295,0.37842295,0.3946281,-0.016051292,0.96153843,0.36635584,0.36635584,0.4194215,-0.012686193,0.96153843,0.40782398,0.40782398,0.5805785,0.012940019,0.0,0.4625987,0.4625987,0.6219008,0.01531902,0.0,0.37982476,0.37982476,0.4070248,-0.018027306,0.0,0.37643605,0.37643605,0.25,-0.036290735,0.38206244,0.38206244,0.34917355,-0.017886251,0.5187094,0.5187094,0.9483471,0.11233634,0.42267725,0.42267725,0.37396693,-0.030511737,0.3561783,0.3561783,0.39049587,-0.023056567,0.49922693,0.49922693,0.8904959,0.074024945,0.41695228,0.41695228,0.37809917,-0.014418244,national_identity,0.22727275,0.9998416,0.0012843081,0.00020988306,0.9895715,0.0009164002,0.5173271,0.016513688,0.00017400544,0.0019955386,0.47079745,0.99930274,0.000361177,0.110855594,0.9992889,0.99764496,national_identity
macron2024_c002,macron2024,macron,en,2024-12-31,new_year_address,2,16,0.133,109,82,0.40927485,0.40927485,0.5268595,0.0022985935,1.2195122,0.35139304,0.35139304,0.10950413,-0.0738551,0.0,0.3464334,0.3464334,0.1714876,-0.053849667,0.0,0.33645612,0.33645612,0.12190083,-0.05801812,0.0,0.36532763,0.36532763,0.40289256,-0.013714403,0.0,0.3841198,0.3841198,0.44421488,-0.010764152,0.0,0.41768754,0.41768754,0.26652893,-0.029592156,0.0,0.41319412,0.41319412,0.5971074,0.015342057,0.0,0.32183012,0.32183012,0.06404959,-0.090896666,0.3609255,0.3609255,0.23347108,-0.03902319,0.46335918,0.46335918,0.8161157,0.056986094,0.45281136,0.45281136,0.52272725,-0.00037762523,0.30124447,0.30124447,0.09710744,-0.07799041,0.4186173,0.4186173,0.45247933,-0.006584674,0.40839866,0.40839866,0.32024795,-0.022971869,future_reform_technology,0.07024789,0.9893475,0.0011095015,0.0020547446,0.16244437,0.007388675,0.52268946,0.044214264,0.005104776,0.00074806996,0.06462396,0.99743164,0.9980391,0.040313434,0.7213508,0.9997503,national_identity
macron2024_c003,macron2024,macron,en,2024-12-31,new_year_address,3,16,0.2,97,79,0.38949737,0.38949737,0.411157,-0.017478883,1.2658228,0.33800834,0.33800834,0.08471075,-0.0872398,0.0,0.34236956,0.34236956,0.15082644,-0.057913512,0.0,0.2946195,0.2946195,0.030991735,-0.09985474,1.2658228,0.3230124,0.3230124,0.12190083,-0.056029618,0.0,0.40930098,0.40930098,0.5929752,0.0144170225,2.5316455,0.47672588,0.47672588,0.7334711,0.029446185,0.0,0.3886041,0.3886041,0.4607438,-0.009247959,0.0,0.33075446,0.33075446,0.09710744,-0.08197233,0.41097072,0.41097072,0.55991733,0.011022031,0.44408694,0.44408694,0.7334711,0.037713856,0.45872504,0.45872504,0.53512394,0.0055360496,0.33321327,0.33321327,0.22933884,-0.04602161,0.45509318,0.45509318,0.7086777,0.029891193,0.37523058,0.37523058,0.13429752,-0.056139946,crisis_resilience,0.1404959,0.9608784,0.013715874,0.2876928,0.4756053,0.1522212,0.9984238,0.99729294,0.247396,0.0012497094,0.8653379,0.89274967,0.9994694,0.085460894,0.99731135,0.99947864,social_solidarity
macron2024_c004,macron2024,macron,en,2024-12-31,new_year_address,4,16,0.267,118,94,0.44798166,0.44798166,0.7128099,0.041005403,1.0638298,0.44526684,0.44526684,0.6053719,0.020018697,0.0,0.40753463,0.40753463,0.5929752,0.0072515607,1.0638298,0.4334407,0.4334407,0.78305787,0.038966447,0.0,0.33837846,0.33837846,0.22520661,-0.04066357,0.0,0.46851593,0.46851593,0.8822314,0.07363197,5.319149,0.5579077,0.5579077,0.98140496,0.11062801,2.1276596,0.39451265,0.39451265,0.4979339,-0.0033394098,1.0638298,0.4378333,0.4378333,0.64669424,0.02510652,0.47380865,0.47380865,0.9235537,0.07385996,0.43228164,0.43228164,0.64669424,0.02590856,0.4345975,0.4345975,0.44421488,-0.018591493,0.39894158,0.39894158,0.62603307,0.019706696,0.4659196,0.4659196,0.7376033,0.04071763,0.42719734,0.42719734,0.4607438,-0.0041731894,crisis_resilience,0.099173546,0.9996423,0.01006209,0.026772,0.9832628,0.023442289,0.99760795,0.9976813,0.0002879765,0.00079939206,0.9932942,0.79633206,0.9964928,0.045798603,0.9957478,0.99945897,national_identity
macron2024_c005,macron2024,macron,en,2024-12-31,new_year_address,5,16,0.333,129,113,0.42565262,0.42565262,0.6219008,0.01867637,0.88495576,0.4158827,0.4158827,0.45247933,-0.009365439,0.0,0.3989709,0.3989709,0.5144628,-0.0013121665,0.0,0.4184053,0.4184053,0.67975205,0.023931056,0.0,0.47125408,0.47125408,0.9566116,0.09221205,0.88495576,0.39641517,0.39641517,0.52272725,0.0015312135,0.0,0.4785488,0.4785488,0.75,0.031269103,0.88495576,0.4175601,0.4175601,0.65495867,0.019708037,0.0,0.4528278,0.4528278,0.7458678,0.04010102,0.4440964,0.4440964,0.82438016,0.0441477,0.41631138,0.41631138,0.5392562,0.0099383,0.40788606,0.40788606,0.23347108,-0.045302927,0.43115887,0.43115887,0.803719,0.05192399,0.42185712,0.42185712,0.4731405,-0.0033448637,0.4599476,0.4599476,0.7376033,0.02857706,democracy_institutions,0.20661157,0.012395735,0.00032694533,9.666712e-05,0.7790698,0.97631055,0.11511247,0.61427826,0.0001491294,0.00026478487,0.0029121782,0.12241827,0.00016832374,0.98457545,0.55880857,0.027091904,democracy_institutions
macron2024_c006,macron2024,macron,en,2024-12-31,new_year_address,6,16,0.4,111,90,0.3565712,0.3565712,0.21280992,-0.050405055,0.0,0.32757992,0.32757992,0.055785123,-0.09766823,0.0,0.31870925,0.31870925,0.059917357,-0.081573814,0.0,0.37686366,0.37686366,0.39049587,-0.01761058,0.0,0.45904493,0.45904493,0.9318182,0.080002904,2.2222223,0.35757658,0.35757658,0.2623967,-0.03730738,0.0,0.36111322,0.36111322,0.04338843,-0.08616647,0.0,0.38743287,0.38743287,0.45661157,-0.01041919,0.0,0.3213123,0.3213123,0.059917357,-0.09141448,0.39131808,0.39131808,0.42768595,-0.008630604,0.32523248,0.32523248,0.12603305,-0.08114061,0.36204463,0.36204463,0.06818182,-0.09114435,0.338163,0.338163,0.25826445,-0.04107189,0.39455652,0.39455652,0.303719,-0.03064546,0.40678877,0.40678877,0.31198347,-0.02458176,democracy_institutions,0.4752066,0.04497357,0.008267597,0.0022694687,0.9597903,0.9972424,0.5268601,0.07097703,0.00073075376,0.00062633416,0.0045472644,0.11460598,0.026430631,0.9251286,0.9994996,0.9981792,democracy_institutions
macron2024_c007,macron2024,macron,en,2024-12-31,new_year_address,7,16,0.467,105,88,0.3866258,0.3866258,0.40289256,-0.020350456,0.0,0.41329747,0.41329747,0.44421488,-0.011950672,1.1363636,0.46692026,0.46692026,0.87396693,0.06663719,1.1363636,0.3865559,0.3865559,0.45661157,-0.007918328,0.0,0.40416655,0.40416655,0.69214875,0.02512452,0.0,0.42188773,0.42188773,0.67561984,0.027003765,1.1363636,0.4640994,0.4640994,0.64669424,0.016819715,1.1363636,0.5097853,0.5097853,0.9483471,0.11193323,0.0,0.397338,0.397338,0.39049587,-0.015388787,0.42438114,0.42438114,0.65909094,0.02443245,0.49208423,0.49208423,0.9194215,0.08571115,0.62680656,0.62680656,0.99793386,0.17361757,0.34707665,0.34707665,0.29958677,-0.032158226,0.42502588,0.42502588,0.51033056,-0.00017610192,0.53696716,0.53696716,0.98140496,0.10559663,future_reform_technology,0.07438016,0.9469902,0.0049533057,0.811424,0.9298874,0.99741405,0.99769485,0.1351322,0.0018530595,0.0002627248,0.04123003,0.017526364,0.99862224,0.91184926,0.9799382,0.9986541,social_solidarity
macron2024_c008,macron2024,macron,en,2024-12-31,new_year_address,8,16,0.533,180,154,0.41057467,0.41057467,0.5392562,0.0035984218,1.2987013,0.4728708,0.4728708,0.7665289,0.04762265,3.2467532,0.42028868,0.42028868,0.67561984,0.020005614,0.64935064,0.43318945,0.43318945,0.7789256,0.038715214,1.2987013,0.40922475,0.40922475,0.7334711,0.03018272,0.64935064,0.44029588,0.44029588,0.79545456,0.045411915,0.64935064,0.47508034,0.47508034,0.71694213,0.02780065,0.64935064,0.4703471,0.4703471,0.8987603,0.07249504,0.64935064,0.47306314,0.47306314,0.83264464,0.06033635,0.43271342,0.43271342,0.7210744,0.032764733,0.3701902,0.3701902,0.29958677,-0.03618288,0.5009983,0.5009983,0.7541322,0.047809333,0.3847605,0.3847605,0.5681818,0.005525619,0.3974295,0.3974295,0.32438016,-0.027772486,0.4635858,0.4635858,0.7541322,0.032215267,future_reform_technology,0.10330576,0.9963429,0.035846926,0.0025960314,0.999623,0.9927109,0.80147004,0.99016875,0.0026991668,0.5832034,0.5125706,0.9846051,0.9229003,0.9965436,0.9956304,0.99896777,foreign_policy
macron2024_c009,macron2024,macron,en,2024-12-31,new_year_address,9,16,0.6,108,90,0.35963273,0.35963273,0.23347108,-0.047343522,1.1111112,0.55781746,0.55781746,0.99380165,0.13256931,6.6666665,0.3633001,0.3633001,0.27066115,-0.036982954,0.0,0.47083902,0.47083902,0.927686,0.076364785,4.4444447,0.3487082,0.3487082,0.26652893,-0.030333817,0.0,0.32852542,0.32852542,0.1301653,-0.06635854,0.0,0.42897978,0.42897978,0.3533058,-0.018299907,0.0,0.41391844,0.41391844,0.6136364,0.016066372,0.0,0.46432456,0.46432456,0.7913223,0.051597774,0.35858518,0.35858518,0.22107439,-0.041363508,0.31275702,0.31275702,0.08057851,-0.09361607,0.42114398,0.42114398,0.36157024,-0.032045007,0.3644027,0.3644027,0.44008264,-0.014832169,0.3319477,0.3319477,0.08471075,-0.09325427,0.39798412,0.39798412,0.25826445,-0.03338641,security_military,0.06611568,0.61901075,0.99709344,0.00013605112,0.99509454,0.35686684,0.08291986,0.8855325,0.30951917,0.19349003,0.17391866,0.74437183,0.9968149,0.6793382,0.7192357,0.99804676,security_military
macron2024_c010,macron2024,macron,en,2024-12-31,new_year_address,10,16,0.667,121,106,0.38180012,0.38180012,0.37809917,-0.025176138,0.0,0.48123395,0.48123395,0.79545456,0.05598581,1.8867924,0.4746434,0.4746434,0.9028926,0.07436034,1.8867924,0.49097383,0.49097383,0.9607438,0.09649959,2.8301888,0.3782616,0.3782616,0.5392562,-0.0007804334,0.0,0.3811815,0.3811815,0.41528925,-0.013702452,0.0,0.4662212,0.4662212,0.66322315,0.018941522,0.0,0.55947423,0.55947423,0.99793386,0.16162217,0.9433962,0.46844885,0.46844885,0.7995868,0.055722058,0.39838403,0.39838403,0.4896694,-0.0015646517,0.3465174,0.3465174,0.1838843,-0.05985567,0.4855635,0.4855635,0.67561984,0.0323745,0.37584478,0.37584478,0.52272725,-0.0033901036,0.37494826,0.37494826,0.18801653,-0.05025372,0.44305205,0.44305205,0.572314,0.011681527,future_reform_technology,0.03719008,0.80882335,0.9953319,0.217296,0.99579304,0.03767939,0.8423127,0.13821806,0.9893372,0.00033079798,0.028060738,0.9406263,0.6904547,0.9961829,0.967101,0.99874544,foreign_policy
macron2024_c011,macron2024,macron,en,2024-12-31,new_year_address,11,16,0.733,125,106,0.35927242,0.35927242,0.22107439,-0.047703832,0.9433962,0.3572483,0.3572483,0.1301653,-0.06799984,0.0,0.41731608,0.41731608,0.66735536,0.01703301,0.9433962,0.43292898,0.43292898,0.7706612,0.03845474,2.8301888,0.3660159,0.3660159,0.41528925,-0.013026118,0.0,0.33618888,0.33618888,0.1590909,-0.058695078,0.0,0.42290252,0.42290252,0.303719,-0.024377167,0.0,0.43830532,0.43830532,0.78305787,0.040453255,0.9433962,0.40526146,0.40526146,0.4359504,-0.0074653327,0.38075995,0.38075995,0.3409091,-0.019188732,0.32222039,0.32222039,0.11776859,-0.0841527,0.40471184,0.40471184,0.21694215,-0.048477143,0.37415242,0.37415242,0.50619835,-0.0050824583,0.32080418,0.32080418,0.051652893,-0.1043978,0.38909572,0.38909572,0.20454545,-0.042274803,future_reform_technology,0.012396693,0.9913223,0.00036973882,0.7245537,0.86932683,0.82741016,0.99731654,0.38974974,0.16517188,0.00073218124,0.6564105,0.03547437,0.00161665,0.9261703,0.2918631,0.9992848,social_solidarity
macron2024_c012,macron2024,macron,en,2024-12-31,new_year_address,12,16,0.8,144,122,0.37228075,0.37228075,0.29545453,-0.034695506,0.0,0.4072609,0.4072609,0.35743803,-0.017987251,0.0,0.5099285,0.5099285,0.9566116,0.109645456,1.6393442,0.41723946,0.41723946,0.66735536,0.02276522,1.6393442,0.3601675,0.3601675,0.34917355,-0.018874526,0.0,0.34820947,0.34820947,0.20867768,-0.04667449,0.0,0.4670418,0.4670418,0.6714876,0.019762099,0.0,0.4867879,0.4867879,0.9235537,0.08893582,1.6393442,0.3862772,0.3862772,0.32024795,-0.02644959,0.3704653,0.3704653,0.29132232,-0.029483378,0.36306608,0.36306608,0.25,-0.043307006,0.47520137,0.47520137,0.62603307,0.022012383,0.32285818,0.32285818,0.16322315,-0.056376696,0.3652302,0.3652302,0.15082644,-0.05997178,0.4480636,0.4480636,0.6095041,0.016693085,economy_welfare,0.03305787,0.99921304,0.0039995015,0.9809308,0.99860334,0.5651487,0.9421086,0.99846625,0.9968211,0.0014607495,0.03919513,0.082253955,0.9727532,0.7670579,0.9166195,0.9992267,national_identity
macron2024_c013,macron2024,macron,en,2024-12-31,new_year_address,13,16,0.867,95,69,0.4450819,0.4450819,0.69214875,0.038105637,1.4492754,0.42210972,0.42210972,0.4855372,-0.003138423,0.0,0.41336387,0.41336387,0.6177686,0.013080806,0.0,0.43443722,0.43443722,0.7871901,0.039962977,0.0,0.38616824,0.38616824,0.588843,0.007126212,0.0,0.41395742,0.41395742,0.6219008,0.019073457,0.0,0.5143493,0.5143493,0.8863636,0.06706959,1.4492754,0.5363215,0.5363215,0.98140496,0.13846946,1.4492754,0.44202182,0.44202182,0.67561984,0.029295027,0.4213838,0.4213838,0.6301653,0.021435112,0.4382737,0.4382737,0.68801653,0.031900615,0.60210335,0.60210335,0.98140496,0.14891437,0.40771988,0.40771988,0.6838843,0.028485,0.4228937,0.4228937,0.49380165,-0.0023082793,0.51422876,0.51422876,0.94008267,0.082858235,future_reform_technology,0.095041335,0.99920684,0.53849787,0.1328517,0.96403056,0.62543815,0.9994736,0.99686414,0.00068785116,0.00039588753,0.7731736,0.00012533751,0.15466705,0.6713628,0.91822857,0.9995532,social_solidarity
macron2024_c014,macron2024,macron,en,2024-12-31,new_year_address,14,16,0.933,108,84,0.3563258,0.3563258,0.20867768,-0.050650448,0.0,0.4118443,0.4118443,0.4070248,-0.013403833,1.1904762,0.4572186,0.4572186,0.86157024,0.05693552,2.3809524,0.39103442,0.39103442,0.49380165,-0.0034398139,0.0,0.41504246,0.41504246,0.7747934,0.03600043,1.1904762,0.3599339,0.3599339,0.27892563,-0.034950048,0.0,0.45609605,0.45609605,0.5640496,0.008816361,0.0,0.54187596,0.54187596,0.98966944,0.1440239,0.0,0.41084304,0.41084304,0.46487603,-0.0018837452,0.38207066,0.38207066,0.3533058,-0.017878026,0.43074948,0.43074948,0.63842976,0.024376392,0.6093234,0.6093234,0.98966944,0.1561344,0.34618193,0.34618193,0.28719008,-0.03305295,0.35764855,0.35764855,0.13842975,-0.06755343,0.5089194,0.5089194,0.9359504,0.07754889,future_reform_technology,0.1280992,0.46089545,0.00028296,0.44918874,0.6786465,0.10379403,0.9961755,0.6195001,0.013821961,9.723514e-05,0.17881246,0.965544,0.9980161,0.6822034,0.8687154,0.9991013,social_solidarity
macron2024_c015,macron2024,macron,en,2024-12-31,new_year_address,15,16,1.0,160,130,0.38248786,0.38248786,0.38636363,-0.02448839,2.3076923,0.33679315,0.33679315,0.07644628,-0.08845499,0.0,0.32616818,0.32616818,0.08057851,-0.07411489,0.0,0.32857618,0.32857618,0.09297521,-0.06589806,0.0,0.30262116,0.30262116,0.035123967,-0.07642087,0.0,0.35964668,0.35964668,0.2747934,-0.035237283,0.7692308,0.37998736,0.37998736,0.10123967,-0.06729233,0.0,0.43235576,0.43235576,0.7376033,0.0345037,0.0,0.33183905,0.33183905,0.1053719,-0.080887735,0.3630262,0.3630262,0.24173553,-0.036922485,0.44345045,0.44345045,0.7293388,0.037077367,0.55545527,0.55545527,0.9318182,0.10226628,0.3156839,0.3156839,0.1301653,-0.06355098,0.38116056,0.38116056,0.24173553,-0.044041425,0.4367506,0.4367506,0.5268595,0.0053800642,future_reform_technology,0.35123968,0.9878529,0.00930395,0.001594733,0.68584424,0.44281724,0.9987576,0.11308892,0.00094361923,0.0011925494,0.76483333,0.9834545,0.9991221,0.3950758,0.99497396,0.99929994,social_solidarity
macron2025_c000,macron2025,macron,en,2025-12-31,new_year_address,0,13,0.0,143,115,0.49951562,0.49951562,0.9194215,0.09253937,2.6086957,0.5356372,0.5356372,0.9855372,0.110389054,0.8695652,0.43704706,0.43704706,0.78305787,0.036763996,0.0,0.41537744,0.41537744,0.642562,0.0209032,0.0,0.39186397,0.39186397,0.6301653,0.012821943,0.0,0.5341264,0.5341264,0.99793386,0.13924244,2.6086957,0.57316417,0.57316417,0.99380165,0.12588447,2.6086957,0.41662914,0.41662914,0.65082645,0.018777072,0.0,0.48343343,0.48343343,0.8780992,0.070706636,0.47695118,0.47695118,0.9318182,0.077002496,0.48368546,0.48368546,0.8987603,0.07731238,0.48808116,0.48808116,0.68801653,0.03489217,0.43732512,0.43732512,0.82438016,0.05809024,0.60830367,0.60830367,0.98966944,0.18310168,0.47108507,0.47108507,0.82024795,0.039714545,social_solidarity,0.004132211,0.9966626,0.95869267,0.0006202511,0.006062155,0.39612654,0.99940586,0.99764496,8.888085e-05,0.00048690574,0.09518113,0.18366683,0.00072648755,0.0025509123,0.9995695,0.99932545,social_solidarity
macron2025_c001,macron2025,macron,en,2025-12-31,new_year_address,1,13,0.083,117,97,0.41922054,0.41922054,0.5805785,0.012244284,0.0,0.4886011,0.4886011,0.8161157,0.06335294,2.0618556,0.49990422,0.49990422,0.9483471,0.09962115,3.0927835,0.43894607,0.43894607,0.83264464,0.04447183,1.0309278,0.40312716,0.40312716,0.6838843,0.024085134,1.0309278,0.4353176,0.4353176,0.7623967,0.040433645,0.0,0.5068892,0.5068892,0.8698347,0.059609532,0.0,0.38704526,0.38704526,0.44834712,-0.010806799,1.0309278,0.41481566,0.41481566,0.50619835,0.0020888746,0.42176932,0.42176932,0.63429755,0.021820635,0.3692211,0.3692211,0.28719008,-0.037151992,0.39070264,0.39070264,0.1714876,-0.06248635,0.35703444,0.35703444,0.3946281,-0.022200435,0.51170576,0.51170576,0.927686,0.086503774,0.45101196,0.45101196,0.63842976,0.01964143,economy_welfare,0.07851237,0.9994341,0.99622357,0.9355235,0.99575186,0.96777767,0.27781573,0.85034436,0.0019006216,0.0011160142,0.78923374,0.9040804,0.89787453,0.044680875,0.9996493,0.99982464,national_identity
macron2025_c002,macron2025,macron,en,2025-12-31,new_year_address,2,13,0.167,142,120,0.3955323,0.3955323,0.44834712,-0.011443943,0.0,0.49096024,0.49096024,0.84504133,0.065712094,2.5,0.44711033,0.44711033,0.8285124,0.046827257,0.8333333,0.46970582,0.46970582,0.9194215,0.07523158,4.1666665,0.37669617,0.37669617,0.5268595,-0.00234586,0.0,0.4176724,0.4176724,0.64669424,0.022788435,0.0,0.5251422,0.5251422,0.9442149,0.0778625,0.0,0.4240604,0.4240604,0.696281,0.026208341,0.0,0.53454095,0.53454095,0.9855372,0.12181416,0.41633072,0.41633072,0.5971074,0.016382039,0.3832854,0.3832854,0.36570248,-0.02308768,0.42566657,0.42566657,0.39049587,-0.027522415,0.43807256,0.43807256,0.84090906,0.058837682,0.40207767,0.40207767,0.3533058,-0.023124307,0.3722725,0.3722725,0.11776859,-0.059098035,crisis_resilience,0.024793386,0.025011599,0.32431564,0.0026496775,0.9988441,0.00059302105,0.0007110568,0.070064865,0.00020263404,0.99741405,0.0004068575,0.9967649,0.00061662967,0.9995253,0.0015233003,0.00044076296,foreign_policy
macron2025_c003,macron2025,macron,en,2025-12-31,new_year_address,3,13,0.25,160,136,0.34655082,0.34655082,0.17561984,-0.06042543,0.7352941,0.4336124,0.4336124,0.5640496,0.00836426,0.7352941,0.4332042,0.4332042,0.7541322,0.032921135,0.7352941,0.37201273,0.37201273,0.36157024,-0.022461504,0.0,0.37388462,0.37388462,0.4896694,-0.005157411,0.7352941,0.35902566,0.35902566,0.27066115,-0.035858303,0.7352941,0.45464802,0.45464802,0.54752064,0.007368326,0.7352941,0.43194237,0.43194237,0.7334711,0.03409031,0.0,0.4315445,0.4315445,0.6095041,0.018817723,0.37112978,0.37112978,0.29545453,-0.028818905,0.3416152,0.3416152,0.17561984,-0.06475788,0.50566614,0.50566614,0.7913223,0.05247715,0.33365265,0.33365265,0.23347108,-0.045582235,0.36602938,0.36602938,0.15495868,-0.0591726,0.53026175,0.53026175,0.96900827,0.09889123,economy_welfare,0.020661116,0.9606206,0.00044682767,0.7557272,0.07290027,0.98904485,0.9975585,0.97951144,0.51891184,0.00078088866,0.010091315,0.018905448,0.99912727,0.028100718,0.9385302,0.9988259,social_solidarity
macron2025_c004,macron2025,macron,en,2025-12-31,new_year_address,4,13,0.333,173,155,0.3148572,0.3148572,0.055785123,-0.09211904,0.0,0.361178,0.361178,0.13842975,-0.064070135,0.0,0.3360349,0.3360349,0.12190083,-0.064248174,0.0,0.3475662,0.3475662,0.16735537,-0.04690805,0.6451613,0.3309124,0.3309124,0.17975207,-0.04812962,0.6451613,0.30312157,0.30312157,0.055785123,-0.09176239,1.9354838,0.3667944,0.3667944,0.059917357,-0.080485284,0.0,0.39918438,0.39918438,0.5268595,0.0013323128,0.6451613,0.31946656,0.31946656,0.055785123,-0.09326023,0.31422198,0.31422198,0.04338843,-0.08572671,0.2806806,0.2806806,0.01446281,-0.12569249,0.40744627,0.40744627,0.22933884,-0.04574272,0.29444388,0.29444388,0.07231405,-0.084791005,0.3688082,0.3688082,0.1590909,-0.056393772,0.4372641,0.4372641,0.53099173,0.005893588,future_reform_technology,0.34710747,0.96741027,0.0005506248,0.12863456,0.9844115,0.97541356,0.89747083,0.19686481,0.0002551414,0.000513258,0.50884914,0.5510906,0.9963287,0.02772972,0.9997159,0.9993576,foreign_policy
macron2025_c005,macron2025,macron,en,2025-12-31,new_year_address,5,13,0.417,85,72,0.3793248,0.3793248,0.3533058,-0.027651459,0.0,0.3744627,0.3744627,0.21280992,-0.050785452,0.0,0.35432422,0.35432422,0.20867768,-0.045958847,0.0,0.34713313,0.34713313,0.15495868,-0.04734111,0.0,0.4060315,0.4060315,0.7004132,0.02698946,1.3888888,0.42196333,0.42196333,0.67975205,0.027079374,0.0,0.44644433,0.44644433,0.48140496,-0.0008353591,1.3888888,0.38318533,0.38318533,0.41528925,-0.014666736,0.0,0.37119722,0.37119722,0.22107439,-0.041529566,0.40608037,0.40608037,0.52272725,0.006131679,0.44509414,0.44509414,0.7417355,0.038721055,0.50893974,0.50893974,0.803719,0.055750757,0.3491764,0.3491764,0.32024795,-0.030058473,0.5066431,0.5066431,0.911157,0.081441134,0.4694761,0.4694761,0.81198347,0.038105577,democracy_institutions,0.020661175,0.69040257,0.0028009273,0.039713256,0.0062655327,0.9971717,0.9990728,0.9481545,0.0008492456,0.0013250223,0.3450225,0.8740235,0.9858277,0.9719659,0.9994494,0.99868524,social_solidarity
macron2025_c006,macron2025,macron,en,2025-12-31,new_year_address,6,13,0.5,99,88,0.3279333,0.3279333,0.09710744,-0.07904294,2.2727273,0.43375793,0.43375793,0.5681818,0.008509785,1.1363636,0.36407036,0.36407036,0.27892563,-0.036212713,0.0,0.32497832,0.32497832,0.08471075,-0.06949592,0.0,0.36465746,0.36465746,0.3946281,-0.014384568,0.0,0.38110265,0.38110265,0.411157,-0.013781309,0.0,0.3857321,0.3857321,0.12190083,-0.061547577,0.0,0.4437819,0.4437819,0.7995868,0.04592985,1.1363636,0.36493406,0.36493406,0.19628099,-0.047792733,0.3376273,0.3376273,0.10950413,-0.062321395,0.36830747,0.36830747,0.28305784,-0.038065612,0.4939864,0.4939864,0.7293388,0.040797412,0.29652292,0.29652292,0.08057851,-0.082711965,0.39982074,0.39982074,0.3409091,-0.025381237,0.5487205,0.5487205,0.99380165,0.11734995,future_reform_technology,0.23140496,0.9962783,0.9985841,0.00018235459,0.25659907,0.995488,0.9953725,0.27279875,0.6750153,0.0014579035,0.33366606,0.0033050787,0.9995506,0.22191927,0.95836425,0.99969995,security_military
macron2025_c007,macron2025,macron,en,2025-12-31,new_year_address,7,13,0.583,98,84,0.3474576,0.3474576,0.17975207,-0.059518665,0.0,0.4261037,0.4261037,0.52272725,0.0008555651,0.0,0.36977512,0.36977512,0.32024795,-0.030507952,0.0,0.42075357,0.42075357,0.69214875,0.02627933,1.1904762,0.44799244,0.44799244,0.9028926,0.068950415,3.5714285,0.33894277,0.33894277,0.17561984,-0.055941194,0.0,0.4199717,0.4199717,0.27892563,-0.027307987,0.0,0.42400855,0.42400855,0.69214875,0.026156485,0.0,0.4261577,0.4261577,0.5764463,0.013430923,0.3820841,0.3820841,0.35743803,-0.017864585,0.42039847,0.42039847,0.55991733,0.01402539,0.5120611,0.5120611,0.81198347,0.058872133,0.362103,0.362103,0.4235537,-0.017131895,0.37674397,0.37674397,0.20454545,-0.04845801,0.4797533,0.4797533,0.86570245,0.04838276,democracy_institutions,0.21074384,0.99250674,0.07084834,0.01331873,0.5253688,0.97505975,0.97560596,0.6071974,0.015291644,0.002688672,0.80032164,0.01717671,0.9998413,0.4771887,0.534491,0.9998051,national_identity
macron2025_c008,macron2025,macron,en,2025-12-31,new_year_address,8,13,0.667,169,146,0.5138762,0.5138762,0.94008267,0.10689995,4.109589,0.40482825,0.40482825,0.34917355,-0.020419896,0.0,0.400293,0.400293,0.54752064,9.924173e-06,0.0,0.36871403,0.36871403,0.33264464,-0.025760204,0.0,0.3607143,0.3607143,0.3533058,-0.018327743,0.0,0.4589584,0.4589584,0.86157024,0.06407443,0.6849315,0.45864475,0.45864475,0.5805785,0.011365056,1.369863,0.4003702,0.4003702,0.53512394,0.0025181472,0.0,0.40013558,0.40013558,0.4070248,-0.012591213,0.45769948,0.45769948,0.8904959,0.05775079,0.3638252,0.3638252,0.2623967,-0.04254788,0.4491832,0.4491832,0.50619835,-0.0040057898,0.40410906,0.40410906,0.6714876,0.02487418,0.4546526,0.4546526,0.7004132,0.029450625,0.42560428,0.42560428,0.42768595,-0.0057662427,national_identity,0.07851243,0.9971799,0.002078915,0.00082313846,0.36959943,0.05670464,0.9987696,0.8993315,0.00034330005,0.0026112478,0.93795377,0.94303364,0.03599912,0.1524734,0.580352,0.97609496,social_solidarity
macron2025_c009,macron2025,macron,en,2025-12-31,new_year_address,9,13,0.75,47,44,0.44730973,0.44730973,0.7086777,0.04033348,0.0,0.48611575,0.48611575,0.81198347,0.060867608,0.0,0.4526711,0.4526711,0.84917355,0.052388042,0.0,0.4959711,0.4959711,0.96487606,0.101496875,4.5454545,0.47461575,0.47461575,0.9607438,0.09557372,4.5454545,0.44898736,0.44898736,0.82024795,0.054103404,0.0,0.5094626,0.5094626,0.87396693,0.062182903,0.0,0.42771542,0.42771542,0.7086777,0.029863358,0.0,0.48130143,0.48130143,0.8698347,0.06857464,0.48635665,0.48635665,0.9442149,0.08640796,0.41246784,0.41246784,0.5144628,0.0060947537,0.48583224,0.48583224,0.67975205,0.03264326,0.44190252,0.44190252,0.857438,0.06266764,0.42032117,0.42032117,0.4607438,-0.0048808157,0.44434255,0.44434255,0.588843,0.012972027,foreign_policy,0.004132271,0.16954334,0.03387598,0.00021654407,0.9701269,0.8770694,0.6908068,0.99752253,0.00045920853,0.09775585,0.0012594986,0.18810017,0.93306583,0.9934485,0.9103463,0.97957015,crisis_resilience
macron2025_c010,macron2025,macron,en,2025-12-31,new_year_address,10,13,0.833,172,150,0.39001435,0.39001435,0.4235537,-0.016961902,0.0,0.4890197,0.4890197,0.82024795,0.063771546,2.0,0.44247243,0.44247243,0.81198347,0.04218936,2.0,0.46002883,0.46002883,0.8822314,0.06555459,5.3333335,0.36352032,0.36352032,0.37396693,-0.015521705,0.0,0.3522032,0.3522032,0.24173553,-0.04268077,0.0,0.45052525,0.45052525,0.50619835,0.0032455623,0.0,0.41206914,0.41206914,0.5929752,0.014217079,0.0,0.4484898,0.4484898,0.7252066,0.035762995,0.39729518,0.39729518,0.47727272,-0.0026535094,0.34059435,0.34059435,0.15495868,-0.06577873,0.44514227,0.44514227,0.4896694,-0.008046716,0.3647148,0.3647148,0.44421488,-0.014520079,0.369852,0.369852,0.16735537,-0.055349976,0.43351743,0.43351743,0.50206614,0.0021468997,foreign_policy,0.061983466,0.9929576,0.97488105,0.010353138,0.9993822,0.70750576,0.41418782,0.9401405,0.0053954097,0.055939063,0.9338543,0.5970206,0.9883353,0.73578405,0.9924227,0.99961853,foreign_policy
macron2025_c011,macron2025,macron,en,2025-12-31,new_year_address,11,13,0.917,104,88,0.37220156,0.37220156,0.29132232,-0.03477469,0.0,0.38086253,0.38086253,0.23347108,-0.044385612,0.0,0.43241033,0.43241033,0.7458678,0.03212726,2.2727273,0.3980947,0.3980947,0.5392562,0.0036204755,2.2727273,0.34558502,0.34558502,0.25,-0.03345701,0.0,0.37586522,0.37586522,0.35743803,-0.01901874,0.0,0.43009913,0.43009913,0.36157024,-0.017180562,0.0,0.51439786,0.51439786,0.9607438,0.1165458,0.0,0.38801956,0.38801956,0.33264464,-0.024707228,0.41041622,0.41041622,0.5516529,0.010467529,0.39404616,0.39404616,0.4359504,-0.012326926,0.5180266,0.5180266,0.8285124,0.064837605,0.34808707,0.34808707,0.30785123,-0.031147808,0.37559813,0.37559813,0.19628099,-0.04960385,0.42604366,0.42604366,0.44008264,-0.005326867,future_reform_technology,0.214876,0.8773455,0.0011203774,0.38771933,0.96246195,0.012419668,0.99799275,0.17220663,0.98993784,0.0018566754,0.074264936,0.15830442,0.99317604,0.013045614,0.9580572,0.99905086,social_solidarity
macron2025_c012,macron2025,macron,en,2025-12-31,new_year_address,12,13,1.0,146,119,0.47049797,0.47049797,0.84504133,0.06352171,2.5210085,0.39189863,0.39189863,0.28719008,-0.033349514,0.0,0.39908874,0.39908874,0.51859504,-0.0011943281,1.6806723,0.39167976,0.39167976,0.50206614,-0.0027944744,0.0,0.3639003,0.3639003,0.38636363,-0.015141726,0.84033614,0.4466312,0.4466312,0.8161157,0.051747233,1.6806723,0.48999283,0.48999283,0.8285124,0.042713135,0.0,0.51404023,0.51404023,0.9566116,0.11618817,2.5210085,0.4150344,0.4150344,0.51033056,0.0023076236,0.43287814,0.43287814,0.7293388,0.03292945,0.41657144,0.41657144,0.5433884,0.010198355,0.5068034,0.5068034,0.7995868,0.053614408,0.38650087,0.38650087,0.5805785,0.007265985,0.41995293,0.41995293,0.45661157,-0.0052490532,0.420956,0.420956,0.38636363,-0.010414541,future_reform_technology,0.11157024,0.963814,8.2684914e-05,0.003197487,0.0021742252,0.0020870345,0.9567151,0.642881,0.0017207356,0.00013289992,0.8763172,0.12934774,0.07138054,0.4738417,0.75783914,0.9981105,national_identity
merkel1_c000,merkel1,merkel,en,2016-12-31,new_year_address,0,9,0.0,126,102,0.32758194,0.32758194,0.09297521,-0.07939431,0.0,0.42801693,0.42801693,0.5433884,0.0027687848,0.98039216,0.30488372,0.30488372,0.030991735,-0.09539935,0.0,0.32457075,0.32457075,0.08057851,-0.06990349,0.0,0.31941402,0.31941402,0.10123967,-0.05962801,0.0,0.3037969,0.3037969,0.059917357,-0.09108707,0.0,0.4374195,0.4374195,0.41528925,-0.009860188,0.98039216,0.29941106,0.29941106,0.0392562,-0.098441005,0.0,0.42280132,0.42280132,0.5516529,0.010074526,0.31873083,0.31873083,0.055785123,-0.081217855,0.40751547,0.40751547,0.4855372,0.0011423826,0.3624301,0.3624301,0.07231405,-0.09075889,0.33667994,0.33667994,0.24586777,-0.042554945,0.34316894,0.34316894,0.09710744,-0.08203304,0.33767283,0.33767283,0.0392562,-0.0936977,security_military,0.12809917,0.99926925,0.63906056,0.0013617034,0.99124634,0.004991962,0.40898472,0.99931747,0.0004974745,0.09117958,0.0012375796,0.9960546,0.009708476,0.99818975,0.14033625,0.9984959,crisis_resilience
merkel1_c001,merkel1,merkel,en,2016-12-31,new_year_address,1,9,0.125,84,74,0.37621093,0.37621093,0.3161157,-0.030765325,0.0,0.51062834,0.51062834,0.9318182,0.0853802,1.3513514,0.32264495,0.32264495,0.07231405,-0.07763812,0.0,0.36013928,0.36013928,0.2747934,-0.034334958,0.0,0.33900988,0.33900988,0.22933884,-0.04003215,0.0,0.37614644,0.37614644,0.37396693,-0.018737525,0.0,0.4552454,0.4552454,0.5516529,0.007965714,0.0,0.27322802,0.27322802,0.022727273,-0.12462404,0.0,0.5060093,0.5060093,0.96487606,0.09328249,0.3638569,0.3638569,0.24586777,-0.036091775,0.3170548,0.3170548,0.09710744,-0.089318275,0.31834042,0.31834042,0.026859503,-0.13484856,0.45577544,0.45577544,0.8822314,0.07654056,0.39020705,0.39020705,0.2747934,-0.03499493,0.38391167,0.38391167,0.1714876,-0.047458857,security_military,0.38016528,0.9981252,0.98331094,0.0027791907,0.89265615,0.93340045,0.9652504,0.99457306,0.012920474,0.8728901,0.25912192,0.7108291,0.03567855,0.9913223,0.15475884,0.99787605,national_identity
merkel1_c002,merkel1,merkel,en,2016-12-31,new_year_address,2,9,0.25,114,100,0.38188088,0.38188088,0.3822314,-0.025095373,0.0,0.45562315,0.45562315,0.67561984,0.030375004,2.0,0.32747075,0.32747075,0.09297521,-0.07281232,0.0,0.34584814,0.34584814,0.14669421,-0.048626095,1.0,0.34794953,0.34794953,0.2623967,-0.031092495,0.0,0.4151531,0.4151531,0.63842976,0.020269126,1.0,0.48290187,0.48290187,0.7871901,0.03562218,0.0,0.3091423,0.3091423,0.059917357,-0.08870977,0.0,0.44382176,0.44382176,0.696281,0.031094968,0.42248976,0.42248976,0.642562,0.022541076,0.36310136,0.36310136,0.25413224,-0.04327172,0.35114753,0.35114753,0.051652893,-0.10204145,0.38373792,0.38373792,0.5557851,0.0045030415,0.42891896,0.42891896,0.53512394,0.0037169755,0.37180123,0.37180123,0.10950413,-0.0595693,crisis_resilience,0.11157024,0.5675172,0.001356402,0.00025414696,0.005636432,0.011353656,0.99801993,0.9957602,0.00013792372,0.051701635,0.24756654,0.8786921,0.0006719278,0.9994947,0.8487843,0.9990601,social_solidarity
merkel1_c003,merkel1,merkel,en,2016-12-31,new_year_address,3,9,0.375,105,90,0.4563107,0.4563107,0.7706612,0.049334437,0.0,0.5109426,0.5109426,0.9359504,0.08569443,2.2222223,0.35823986,0.35823986,0.23347108,-0.04204321,0.0,0.42281407,0.42281407,0.7004132,0.028339833,1.1111112,0.44251105,0.44251105,0.8946281,0.06346902,2.2222223,0.45554975,0.45554975,0.84504133,0.060665786,2.2222223,0.48309544,0.48309544,0.7913223,0.035815746,0.0,0.3518408,0.3518408,0.20867768,-0.04601127,0.0,0.4828002,0.4828002,0.87396693,0.070073396,0.44664577,0.44664577,0.83264464,0.04669708,0.42564762,0.42564762,0.6012397,0.019274533,0.41933203,0.41933203,0.34917355,-0.03385696,0.43228877,0.43228877,0.80785125,0.053053886,0.44337088,0.44337088,0.642562,0.018168896,0.39380586,0.39380586,0.23347108,-0.037564665,security_military,0.04132229,0.9996724,0.9953814,0.00010391069,0.6486889,0.8040984,0.6550878,0.7854539,0.00011774458,0.11910043,0.9964099,0.9987082,0.27713048,0.9237644,0.9988686,0.9971991,national_identity
merkel1_c004,merkel1,merkel,en,2016-12-31,new_year_address,4,9,0.5,148,125,0.3969916,0.3969916,0.45661157,-0.009984642,1.6,0.47909787,0.47909787,0.7871901,0.053849727,1.6,0.40877178,0.40877178,0.5971074,0.008488715,0.0,0.41115698,0.41115698,0.6012397,0.016682744,1.6,0.49150115,0.49150115,0.97727275,0.11245912,2.4,0.40289772,0.40289772,0.5557851,0.008013755,1.6,0.4473391,0.4473391,0.4855372,5.939603e-05,0.0,0.40650636,0.40650636,0.5681818,0.008654296,0.0,0.4499631,0.4499631,0.7376033,0.037236303,0.40956998,0.40956998,0.5392562,0.009621292,0.428442,0.428442,0.6219008,0.022068918,0.44741747,0.44741747,0.4979339,-0.0057715178,0.41164345,0.41164345,0.71694213,0.032408565,0.42999613,0.42999613,0.54752064,0.0047941506,0.4504906,0.4504906,0.6301653,0.019120067,democracy_institutions,0.19008267,0.011408596,0.5985469,0.0012768145,0.98135537,0.99849004,0.77919585,0.91909957,0.00040765258,0.0023413408,0.15915205,0.98668766,0.041152887,0.99203116,0.11638373,0.9981614,democracy_institutions
merkel1_c005,merkel1,merkel,en,2016-12-31,new_year_address,5,9,0.625,140,124,0.38638842,0.38638842,0.39876032,-0.020587832,1.6129032,0.33993846,0.33993846,0.10123967,-0.085309684,0.0,0.34265286,0.34265286,0.15495868,-0.05763021,0.0,0.42845717,0.42845717,0.7334711,0.033982933,2.419355,0.32033113,0.32033113,0.1053719,-0.058710903,0.0,0.32118177,0.32118177,0.1053719,-0.07370219,0.0,0.39413458,0.39413458,0.15495868,-0.05314511,0.8064516,0.37780142,0.37780142,0.38636363,-0.020050645,0.8064516,0.3690027,0.3690027,0.21694215,-0.04372409,0.3798816,0.3798816,0.33677685,-0.020067096,0.31459242,0.31459242,0.09297521,-0.09178066,0.35029966,0.35029966,0.04752066,-0.10288933,0.38441658,0.38441658,0.5640496,0.0051817,0.30382925,0.30382925,0.022727273,-0.12137273,0.32838845,0.32838845,0.026859503,-0.102982074,foreign_policy,0.33471078,0.98773503,0.77325916,0.007562568,0.9983896,0.57042104,0.9608784,0.9863369,0.00026686103,0.0014465743,0.44516766,0.6426568,0.011115014,0.994636,0.5621765,0.9914308,foreign_policy
merkel1_c006,merkel1,merkel,en,2016-12-31,new_year_address,6,9,0.75,124,105,0.38169205,0.38169205,0.37396693,-0.0252842,0.0,0.3652981,0.3652981,0.1714876,-0.059950054,0.0,0.33849066,0.33849066,0.1301653,-0.061792403,0.0,0.35171196,0.35171196,0.19214876,-0.04276228,0.0,0.56201756,0.56201756,0.99793386,0.18297553,3.8095238,0.3841538,0.3841538,0.44834712,-0.010730147,0.0,0.38795903,0.38795903,0.13842975,-0.05932066,0.0,0.378969,0.378969,0.40289256,-0.01888305,0.0,0.40617377,0.40617377,0.44008264,-0.006553024,0.42559808,0.42559808,0.66735536,0.025649399,0.37411276,0.37411276,0.32024795,-0.03226033,0.43059996,0.43059996,0.4070248,-0.022589028,0.43398196,0.43398196,0.8161157,0.054747075,0.4029534,0.4029534,0.35743803,-0.022248596,0.40062338,0.40062338,0.27066115,-0.030747145,democracy_institutions,0.5495868,0.33521482,0.0004503306,0.00013238187,0.31126985,0.98368335,0.98347044,0.0414041,0.0004330862,0.00028573608,0.4085127,0.017644465,0.05455022,0.9499719,0.22084616,0.99813247,democracy_institutions
merkel1_c007,merkel1,merkel,en,2016-12-31,new_year_address,7,9,0.875,100,91,0.3613859,0.3613859,0.24586777,-0.04559034,0.0,0.3654763,0.3654763,0.17561984,-0.059771836,0.0,0.5461728,0.5461728,0.98140496,0.14588973,4.3956046,0.36623544,0.36623544,0.31198347,-0.028238803,1.0989012,0.36655486,0.36655486,0.42768595,-0.012487173,0.0,0.43230504,0.43230504,0.75,0.037421077,1.0989012,0.46242386,0.46242386,0.6177686,0.015144169,0.0,0.42352697,0.42352697,0.68801653,0.02567491,0.0,0.34898433,0.34898433,0.15082644,-0.06374246,0.39736703,0.39736703,0.4855372,-0.002581656,0.34308785,0.34308785,0.17975207,-0.06328523,0.4152285,0.4152285,0.30785123,-0.0379605,0.32355648,0.32355648,0.1714876,-0.055678397,0.41583163,0.41583163,0.42768595,-0.009370357,0.41365072,0.41365072,0.36157024,-0.017719805,economy_welfare,0.23140496,0.40333185,0.00029653555,0.99962145,0.106807,0.035012625,0.9966036,0.8496518,0.033637088,0.0008231385,0.13164698,0.5782398,0.9736195,0.02628028,0.071965314,0.9493885,economy_welfare
merkel1_c008,merkel1,merkel,en,2016-12-31,new_year_address,8,9,1.0,129,113,0.38789675,0.38789675,0.4070248,-0.019079506,0.0,0.36049214,0.36049214,0.13429752,-0.064756006,0.0,0.44947064,0.44947064,0.83677685,0.04918757,0.88495576,0.38455307,0.38455307,0.4359504,-0.009921163,0.88495576,0.3636279,0.3636279,0.37809917,-0.015414119,0.88495576,0.4103892,0.4103892,0.5971074,0.015505254,0.88495576,0.4762748,0.4762748,0.7293388,0.028995097,0.0,0.4886596,0.4886596,0.927686,0.09080753,2.6548672,0.37205702,0.37205702,0.22933884,-0.04066977,0.4208097,0.4208097,0.62603307,0.020861,0.38781726,0.38781726,0.411157,-0.01855582,0.49686784,0.49686784,0.7417355,0.04367885,0.34804505,0.34804505,0.303719,-0.03118983,0.40927434,0.40927434,0.39876032,-0.015927643,0.40572912,0.40572912,0.303719,-0.025641412,future_reform_technology,0.09090912,0.9379537,0.00034196203,0.974893,0.7512834,0.04073109,0.9505489,0.2792876,0.46326974,0.0005003965,0.30954528,0.012158894,0.8593099,0.14608724,0.99073195,0.9720721,economy_welfare
merkel2_c000,merkel2,merkel,en,2017-12-31,new_year_address,0,9,0.0,100,91,0.4780448,0.4780448,0.8698347,0.071068555,0.0,0.42279202,0.42279202,0.4979339,-0.0024561286,1.0989012,0.39939517,0.39939517,0.52272725,-0.0008879006,0.0,0.42580926,0.42580926,0.71694213,0.031335026,0.0,0.38646328,0.38646328,0.5929752,0.007421255,0.0,0.5148655,0.5148655,0.9731405,0.11998156,0.0,0.44980836,0.44980836,0.50206614,0.0025286674,0.0,0.42066127,0.42066127,0.65909094,0.022809207,0.0,0.46160918,0.46160918,0.7789256,0.048882395,0.50776845,0.50776845,0.9731405,0.107819766,0.46031427,0.46031427,0.80785125,0.05394119,0.4683369,0.4683369,0.5929752,0.015147924,0.4745068,0.4745068,0.9235537,0.095271915,0.4426697,0.4426697,0.6301653,0.017467707,0.41081566,0.41081566,0.33677685,-0.02055487,social_solidarity,0.10330576,0.9941233,0.00043393252,0.00031627133,0.78292197,0.08574755,0.90230876,0.029479407,0.00019335657,0.00012484894,0.054550216,0.6809317,0.019549947,0.9318356,0.8288696,0.006388321,national_identity
merkel2_c001,merkel2,merkel,en,2017-12-31,new_year_address,1,9,0.125,88,77,0.46049482,0.46049482,0.79545456,0.053518564,0.0,0.38392946,0.38392946,0.25826445,-0.041318685,0.0,0.43148232,0.43148232,0.7376033,0.031199247,2.5974026,0.41217276,0.41217276,0.6177686,0.017698526,0.0,0.45157155,0.45157155,0.911157,0.072529525,1.2987013,0.5006264,0.5006264,0.95247936,0.105742425,3.8961039,0.42022306,0.42022306,0.28305784,-0.027056634,0.0,0.36505282,0.36505282,0.31198347,-0.032799244,0.0,0.36870596,0.36870596,0.20867768,-0.04402083,0.43834046,0.43834046,0.7665289,0.03839177,0.35599425,0.35599425,0.21280992,-0.05037883,0.378155,0.378155,0.12190083,-0.07503399,0.37375385,0.37375385,0.4979339,-0.0054810345,0.452828,0.452828,0.69214875,0.027626008,0.3840127,0.3840127,0.17975207,-0.047357827,social_solidarity,0.04132235,0.9958741,0.00024584905,0.9995971,0.95176244,0.99917203,0.99974734,0.0027683855,0.003383191,0.00012856025,0.99922067,0.9840016,0.44480592,0.07214488,0.99926776,0.99931616,social_solidarity
merkel2_c002,merkel2,merkel,en,2017-12-31,new_year_address,2,9,0.25,88,80,0.36554405,0.36554405,0.27066115,-0.0414322,0.0,0.34444803,0.34444803,0.1053719,-0.080800116,0.0,0.40477368,0.40477368,0.5764463,0.004490614,0.0,0.33570647,0.33570647,0.10950413,-0.058767766,0.0,0.3318366,0.3318366,0.18801653,-0.04720542,0.0,0.40511554,0.40511554,0.5681818,0.010231584,0.0,0.39828196,0.39828196,0.1714876,-0.04899773,0.0,0.3707376,0.3707376,0.33264464,-0.027114451,0.0,0.38232207,0.38232207,0.28719008,-0.030404717,0.35368368,0.35368368,0.1838843,-0.046265006,0.34089628,0.34089628,0.16322315,-0.065476805,0.3850596,0.3850596,0.15082644,-0.06812939,0.41116077,0.41116077,0.7128099,0.031925887,0.370583,0.370583,0.1714876,-0.054618984,0.35110736,0.35110736,0.04752066,-0.08026317,economy_welfare,0.008264482,0.96219647,0.31200305,0.012030544,0.06875602,0.26010746,0.97110176,0.99038494,0.00027265478,0.00022826715,0.000990791,0.072374016,0.0032603457,0.9837225,0.87423164,0.19960037,crisis_resilience
merkel2_c003,merkel2,merkel,en,2017-12-31,new_year_address,3,9,0.375,81,70,0.4376725,0.4376725,0.67561984,0.030696243,2.857143,0.42710772,0.42710772,0.53512394,0.0018595755,0.0,0.4424193,0.4424193,0.80785125,0.042136222,0.0,0.4370956,0.4370956,0.81198347,0.042621374,0.0,0.45504177,0.45504177,0.9235537,0.07599974,0.0,0.42860729,0.42860729,0.71694213,0.033723325,0.0,0.47288,0.47288,0.7004132,0.025600314,1.4285715,0.47365004,0.47365004,0.9028926,0.075797975,1.4285715,0.44146162,0.44146162,0.66735536,0.028734833,0.4570923,0.4570923,0.8863636,0.0571436,0.42351687,0.42351687,0.5805785,0.017143786,0.52012765,0.52012765,0.83677685,0.06693867,0.42893603,0.42893603,0.7913223,0.049701154,0.47241795,0.47241795,0.7871901,0.04721597,0.53022647,0.53022647,0.96487606,0.09885594,democracy_institutions,0.020661116,0.07978201,0.0004520923,0.0002976958,0.7342624,0.06650855,0.961098,0.0016974097,0.0002173914,0.00014539114,0.00060471025,0.00027372167,0.007584589,0.62623847,0.6934729,0.99930406,social_solidarity
merkel2_c004,merkel2,merkel,en,2017-12-31,new_year_address,4,9,0.5,91,78,0.3152068,0.3152068,0.059917357,-0.09176946,0.0,0.3014891,0.3014891,0.026859503,-0.12375903,0.0,0.48535594,0.48535594,0.9235537,0.085072875,2.5641026,0.36421937,0.36421937,0.30785123,-0.03025487,1.2820513,0.33482856,0.33482856,0.20867768,-0.044213474,0.0,0.39605707,0.39605707,0.51859504,0.0011731088,0.0,0.3809289,0.3809289,0.1053719,-0.06635079,0.0,0.46366793,0.46366793,0.86157024,0.065815866,1.2820513,0.31091678,0.31091678,0.04338843,-0.10181001,0.3850876,0.3850876,0.3822314,-0.014861077,0.31942892,0.31942892,0.10123967,-0.08694416,0.43382266,0.43382266,0.44008264,-0.019366324,0.3010432,0.3010432,0.09297521,-0.07819167,0.3296764,0.3296764,0.08057851,-0.09552559,0.3908574,0.3908574,0.21694215,-0.040513128,economy_welfare,0.061983466,0.25229192,0.0005484793,0.85128176,0.27757087,0.017644463,0.9951609,0.068226434,0.9896918,0.0005953407,0.14694206,0.65500504,0.9933201,0.5648787,0.161866,0.99849,social_solidarity
merkel2_c005,merkel2,merkel,en,2017-12-31,new_year_address,5,9,0.625,80,64,0.28281826,0.28281826,0.026859503,-0.124157995,0.0,0.35321352,0.35321352,0.11363637,-0.07203463,0.0,0.4891726,0.4891726,0.9318182,0.08888954,3.125,0.34264112,0.34264112,0.13429752,-0.051833123,0.0,0.3508243,0.3508243,0.28719008,-0.028217733,0.0,0.3101873,0.3101873,0.07231405,-0.08469665,1.5625,0.35545182,0.35545182,0.026859503,-0.09182787,0.0,0.5467321,0.5467321,0.99380165,0.14888006,6.25,0.33283985,0.33283985,0.10950413,-0.07988694,0.337097,0.337097,0.1053719,-0.0628517,0.2933175,0.2933175,0.026859503,-0.11305559,0.4614908,0.4614908,0.5681818,0.008301824,0.2899989,0.2899989,0.059917357,-0.08923599,0.31922156,0.31922156,0.04338843,-0.105980426,0.44548514,0.44548514,0.6012397,0.014114618,future_reform_technology,0.061983466,0.0034496887,0.65290564,0.12874064,0.42667988,0.22659104,0.9865588,0.40916178,0.9657141,0.000119598575,0.0021489493,0.0003231375,0.91381127,0.00041731578,0.18061191,0.9967524,social_solidarity
merkel2_c006,merkel2,merkel,en,2017-12-31,new_year_address,6,9,0.75,110,93,0.36325377,0.36325377,0.25413224,-0.04372248,0.0,0.3838304,0.3838304,0.25,-0.041417748,2.1505377,0.45974523,0.45974523,0.86570245,0.05946216,0.0,0.36353922,0.36353922,0.29545453,-0.03093502,0.0,0.34950846,0.34950846,0.27892563,-0.029533565,0.0,0.4781868,0.4781868,0.911157,0.083302826,6.451613,0.38890985,0.38890985,0.14256199,-0.058369845,0.0,0.3824793,0.3824793,0.411157,-0.015372753,0.0,0.33612096,0.33612096,0.12190083,-0.07660583,0.37177062,0.37177062,0.29958677,-0.028178066,0.2606722,0.2606722,0.010330578,-0.14570087,0.39995474,0.39995474,0.20041323,-0.05323425,0.31123126,0.31123126,0.12190083,-0.068003625,0.37192714,0.37192714,0.17561984,-0.05327484,0.44883144,0.44883144,0.6177686,0.017460912,social_solidarity,0.04545456,0.99393785,0.0018243829,0.89462847,0.52366394,0.8762643,0.99306935,0.020042615,0.0016809417,0.00020582444,0.047824517,0.040077962,0.9658674,0.06354045,0.7748391,0.99951786,national_identity
merkel2_c007,merkel2,merkel,en,2017-12-31,new_year_address,7,9,0.875,113,95,0.42447007,0.42447007,0.6177686,0.017493814,0.0,0.47199345,0.47199345,0.7582645,0.0467453,1.0526316,0.3696462,0.3696462,0.31198347,-0.030636877,0.0,0.44921446,0.44921446,0.8698347,0.05474022,2.1052632,0.36337456,0.36337456,0.36983472,-0.015667468,0.0,0.41121224,0.41121224,0.6053719,0.016328275,2.1052632,0.42582652,0.42582652,0.33264464,-0.021453172,0.0,0.42913723,0.42913723,0.7210744,0.031285167,2.1052632,0.41458303,0.41458303,0.4979339,0.0018562376,0.42710268,0.42710268,0.68801653,0.027153999,0.41331804,0.41331804,0.52272725,0.0069449544,0.48181006,0.48181006,0.65082645,0.028621078,0.3747711,0.3747711,0.51033056,-0.004463792,0.47439766,0.47439766,0.803719,0.049195677,0.41534752,0.41534752,0.36570248,-0.01602301,foreign_policy,0.11157024,0.99459934,0.9988236,0.0010484693,0.9995299,0.47202936,0.99458355,0.465266,0.002157342,0.0066025695,0.9284737,0.66055566,0.99104935,0.56406844,0.99978894,0.99827933,foreign_policy
merkel2_c008,merkel2,merkel,en,2017-12-31,new_year_address,8,9,1.0,158,141,0.4216299,0.4216299,0.5971074,0.014653653,2.1276596,0.4121347,0.4121347,0.411157,-0.013113439,0.7092199,0.3820985,0.3820985,0.36983472,-0.018184572,0.7092199,0.44430554,0.44430554,0.857438,0.0498313,2.8368795,0.44222492,0.44222492,0.8904959,0.06318289,2.1276596,0.4631195,0.4631195,0.86570245,0.06823555,2.8368795,0.42775187,0.42775187,0.34504133,-0.019527823,0.0,0.4093437,0.4093437,0.5805785,0.0114916265,1.4184397,0.4116724,0.4116724,0.47727272,-0.0010543764,0.4599502,0.4599502,0.9028926,0.060001522,0.29595932,0.29595932,0.035123967,-0.11041376,0.37546688,0.37546688,0.10950413,-0.0777221,0.40245342,0.40245342,0.65495867,0.023218542,0.38923442,0.38923442,0.26652893,-0.03596756,0.37138948,0.37138948,0.1053719,-0.059981048,democracy_institutions,0.024793446,0.99944293,0.0004116514,0.006357402,0.9768024,0.9851861,0.997783,0.86647177,0.25841957,0.000725071,0.91253364,0.006021104,0.023397619,0.9537943,0.9701658,0.9706043,national_identity
merkel2020_c000,merkel2020,merkel,en,2019-12-31,new_year_address,0,8,0.0,89,74,0.4266883,0.4266883,0.6301653,0.01971206,0.0,0.39878118,0.39878118,0.32024795,-0.026466966,0.0,0.4287107,0.4287107,0.7252066,0.02842763,0.0,0.39713272,0.39713272,0.53099173,0.0026584864,0.0,0.37570846,0.37570846,0.5144628,-0.0033335686,0.0,0.42974883,0.42974883,0.7293388,0.034864873,1.3513514,0.46349725,0.46349725,0.62603307,0.01621756,0.0,0.48477885,0.48477885,0.911157,0.08692679,0.0,0.40224767,0.40224767,0.41528925,-0.010479122,0.4395383,0.4395383,0.7706612,0.039589614,0.534135,0.534135,0.97727275,0.1277619,0.60523736,0.60523736,0.9855372,0.15204838,0.38073158,0.38073158,0.5433884,0.0014967024,0.4235026,0.4235026,0.4979339,-0.001699388,0.47691375,0.47691375,0.84917355,0.045543224,future_reform_technology,0.18181819,0.95001835,0.6738359,0.21850257,0.6517983,0.18884699,0.98079795,0.6614857,0.49072373,0.00030297338,0.6442251,0.09547589,0.9973811,0.6689343,0.6552808,0.99876237,social_solidarity
merkel2020_c001,merkel2020,merkel,en,2019-12-31,new_year_address,1,8,0.143,146,122,0.33161527,0.33161527,0.11776859,-0.07536098,0.0,0.32190138,0.32190138,0.04752066,-0.103346765,0.0,0.47012073,0.47012073,0.8863636,0.06983766,2.4590163,0.31611046,0.31611046,0.06404959,-0.078363776,0.0,0.33386338,0.33386338,0.20454545,-0.04517865,0.8196721,0.33258623,0.33258623,0.14669421,-0.06229773,0.0,0.36842003,0.36842003,0.07231405,-0.07885966,0.0,0.51088417,0.51088417,0.95247936,0.1130321,3.2786884,0.2987391,0.2987391,0.0392562,-0.113987684,0.36644325,0.36644325,0.27066115,-0.03350544,0.37707284,0.37707284,0.33677685,-0.029300243,0.46833995,0.46833995,0.5971074,0.015150964,0.27639472,0.27639472,0.030991735,-0.102840155,0.34998947,0.34998947,0.12603305,-0.07521251,0.39327115,0.39327115,0.22933884,-0.03809938,future_reform_technology,0.06611574,0.99777436,0.0009678616,0.1336412,0.82158154,0.06935242,0.99924016,0.06047389,0.99452007,0.00087447185,0.7958961,0.8224299,0.99881446,0.05023736,0.99243015,0.994303,social_solidarity
merkel2020_c002,merkel2020,merkel,en,2019-12-31,new_year_address,2,8,0.286,122,104,0.32175773,0.32175773,0.08471075,-0.08521852,0.0,0.3622505,0.3622505,0.14669421,-0.06299764,1.9230769,0.35009575,0.35009575,0.19628099,-0.05018732,0.0,0.34309164,0.34309164,0.13842975,-0.0513826,0.0,0.3079016,0.3079016,0.059917357,-0.07114044,0.0,0.3369122,0.3369122,0.16322315,-0.057971746,0.0,0.4639085,0.4639085,0.63842976,0.016628802,1.9230769,0.46843934,0.46843934,0.8904959,0.07058728,0.96153843,0.42608505,0.42608505,0.572314,0.013358265,0.38640648,0.38640648,0.38636363,-0.013542205,0.31992438,0.31992438,0.10950413,-0.0864487,0.43357736,0.43357736,0.4359504,-0.019611627,0.3408474,0.3408474,0.26652893,-0.038387477,0.34655294,0.34655294,0.10950413,-0.078649044,0.4092106,0.4092106,0.3285124,-0.022159934,future_reform_technology,0.25206614,0.08846529,0.09881607,0.08616956,0.92785513,0.11894682,0.9964064,0.9998183,0.105440594,0.008486616,0.5782398,0.3387604,0.24006127,0.9729595,0.15173347,0.9988686,crisis_resilience
merkel2020_c003,merkel2020,merkel,en,2019-12-31,new_year_address,3,8,0.429,179,157,0.2595816,0.2595816,0.018595042,-0.14739466,0.0,0.32309014,0.32309014,0.051652893,-0.10215801,0.0,0.3343658,0.3343658,0.11363637,-0.06591728,0.6369427,0.30174688,0.30174688,0.04338843,-0.09272736,0.0,0.354984,0.354984,0.30785123,-0.024058044,0.6369427,0.3091729,0.3091729,0.06404959,-0.08571106,0.0,0.36702663,0.36702663,0.06404959,-0.080253065,0.0,0.43414208,0.43414208,0.7582645,0.03629002,1.910828,0.33085787,0.33085787,0.10123967,-0.08186892,0.31371877,0.31371877,0.0392562,-0.08622992,0.29726398,0.29726398,0.04338843,-0.1091091,0.37230775,0.37230775,0.09710744,-0.08088124,0.2509023,0.2509023,0.01446281,-0.12833259,0.30662626,0.30662626,0.030991735,-0.11857572,0.4276517,0.4276517,0.46900827,-0.0037188232,future_reform_technology,0.45041326,0.50903225,0.0004339326,0.051023602,0.7799091,0.9675945,0.96455586,0.8779223,0.00042305797,0.00036117696,0.026430637,0.97482115,0.1945399,0.019069158,0.8420531,0.98885274,democracy_institutions
merkel2020_c004,merkel2020,merkel,en,2019-12-31,new_year_address,4,8,0.571,152,126,0.36765796,0.36765796,0.2747934,-0.039318293,0.0,0.31460005,0.31460005,0.0392562,-0.110648096,0.0,0.4018373,0.4018373,0.5557851,0.0015542209,0.7936508,0.3125216,0.3125216,0.055785123,-0.08195263,0.0,0.39026922,0.39026922,0.6219008,0.0112271905,1.5873016,0.46577734,0.46577734,0.87396693,0.07089338,3.9682539,0.3822325,0.3822325,0.11363637,-0.065047204,0.0,0.4414237,0.4414237,0.7913223,0.04357165,1.5873016,0.29393637,0.29393637,0.026859503,-0.11879042,0.35985422,0.35985422,0.22933884,-0.040094465,0.29627216,0.29627216,0.0392562,-0.110100925,0.39996958,0.39996958,0.20454545,-0.053219408,0.30474246,0.30474246,0.1053719,-0.074492425,0.37297744,0.37297744,0.17975207,-0.052224547,0.373246,0.373246,0.12603305,-0.058124512,social_solidarity,0.08264464,0.086323485,0.00020263404,0.017934535,0.002940673,0.7360212,0.9656413,0.013571313,0.961678,0.00021654402,0.66892076,0.94776917,0.97863114,0.0016533115,0.9604401,0.9978531,social_solidarity
merkel2020_c005,merkel2020,merkel,en,2019-12-31,new_year_address,5,8,0.714,82,68,0.403844,0.403844,0.49380165,-0.003132254,0.0,0.44205773,0.44205773,0.5971074,0.016809583,0.0,0.3562856,0.3562856,0.21694215,-0.043997467,0.0,0.3752822,0.3752822,0.3822314,-0.01919204,0.0,0.5318128,0.5318128,0.99380165,0.15277076,1.4705882,0.43542916,0.43542916,0.7665289,0.040545195,0.0,0.41585958,0.41585958,0.25413224,-0.03142011,0.0,0.34781742,0.34781742,0.19214876,-0.050034642,0.0,0.43519026,0.43519026,0.63429755,0.02246347,0.40614876,0.40614876,0.5268595,0.006200075,0.31947124,0.31947124,0.1053719,-0.08690184,0.35947123,0.35947123,0.059917357,-0.093717754,0.40814757,0.40814757,0.696281,0.028912693,0.45073074,0.45073074,0.67561984,0.025528759,0.4450485,0.4450485,0.5971074,0.0136779845,democracy_institutions,0.22727275,0.99152166,0.010052369,8.25236e-05,0.0058539608,0.98929596,0.9996374,0.7858535,0.0001892475,0.022328783,0.012158894,0.34875602,0.042802144,0.0027495772,0.9997636,0.9995523,social_solidarity
merkel2020_c006,merkel2020,merkel,en,2019-12-31,new_year_address,6,8,0.857,99,88,0.45097083,0.45097083,0.7334711,0.043994576,1.1363636,0.44185692,0.44185692,0.5929752,0.016608775,0.0,0.43328184,0.43328184,0.7582645,0.03299877,1.1363636,0.44273332,0.44273332,0.84504133,0.04825908,2.2727273,0.4531063,0.4531063,0.9152893,0.074064285,2.2727273,0.5143778,0.5143778,0.96900827,0.11949381,4.5454545,0.4640826,0.4640826,0.642562,0.016802907,0.0,0.39159498,0.39159498,0.4731405,-0.006257087,0.0,0.4206519,0.4206519,0.5392562,0.007925123,0.48858505,0.48858505,0.95247936,0.08863637,0.37562358,0.37562358,0.3285124,-0.0307495,0.4255696,0.4255696,0.38636363,-0.027619392,0.41079956,0.41079956,0.7086777,0.031564683,0.53157246,0.53157246,0.9566116,0.10637048,0.42150438,0.42150438,0.39049587,-0.009866148,social_solidarity,0.053718984,0.87337697,0.023712069,0.0724396,0.67683345,0.6513479,0.99735296,0.067731455,0.0001485481,0.00027372167,0.99547917,0.7036513,0.0005872614,0.0018350844,0.9998557,0.9408441,social_solidarity
merkel2020_c007,merkel2020,merkel,en,2019-12-31,new_year_address,7,8,1.0,147,136,0.35937455,0.35937455,0.22520661,-0.0476017,0.0,0.4537422,0.4537422,0.6714876,0.02849406,3.6764705,0.36875007,0.36875007,0.30785123,-0.031533003,1.4705882,0.50175035,0.50175035,0.9731405,0.10727611,2.9411764,0.33015496,0.33015496,0.16735537,-0.048887074,0.0,0.36346644,0.36346644,0.28719008,-0.03141752,0.0,0.4080992,0.4080992,0.20867768,-0.039180487,0.0,0.35859063,0.35859063,0.24173553,-0.03926143,0.0,0.42199522,0.42199522,0.5433884,0.009268433,0.4296612,0.4296612,0.7004132,0.029712528,0.3125699,0.3125699,0.07644628,-0.0938032,0.40236074,0.40236074,0.20867768,-0.05082825,0.3545977,0.3545977,0.3822314,-0.024637192,0.39725244,0.39725244,0.32024795,-0.027949542,0.38392106,0.38392106,0.17561984,-0.04744947,foreign_policy,0.30165285,0.3228461,0.98323065,0.24472383,0.9987232,0.3745619,0.9777351,0.14879547,0.0003912771,0.03504564,0.9195703,0.20526634,0.07088048,0.067639016,0.99972993,0.99584186,foreign_policy
merkel3_c000,merkel3,merkel,en,2018-12-31,new_year_address,0,8,0.0,100,88,0.41388232,0.41388232,0.54752064,0.0069060624,0.0,0.4094649,0.4094649,0.37809917,-0.01578325,0.0,0.41543233,0.41543233,0.642562,0.0151492655,0.0,0.41805515,0.41805515,0.67561984,0.023580909,0.0,0.42724866,0.42724866,0.8285124,0.048206627,0.0,0.43114948,0.43114948,0.7417355,0.036265522,0.0,0.48222768,0.48222768,0.7789256,0.03494799,0.0,0.42787924,0.42787924,0.7128099,0.03002718,0.0,0.4383353,0.4383353,0.65495867,0.02560851,0.4415797,0.4415797,0.7913223,0.041631013,0.60834765,0.60834765,0.99380165,0.20197457,0.5239298,0.5239298,0.86570245,0.07074079,0.43575493,0.43575493,0.82024795,0.056520045,0.4821335,0.4821335,0.84090906,0.056931525,0.46457112,0.46457112,0.7706612,0.03320059,democracy_institutions,0.049586773,0.024987796,0.0004272079,0.00016539126,0.58817965,0.38361242,0.024798157,0.27673942,0.00010996545,0.00014510748,0.00012315383,0.97173876,0.006320495,0.93337005,0.37102267,0.45780325,foreign_policy
merkel3_c001,merkel3,merkel,en,2018-12-31,new_year_address,1,8,0.143,98,87,0.34644496,0.34644496,0.1714876,-0.06053129,0.0,0.3822593,0.3822593,0.24586777,-0.042988837,0.0,0.36636555,0.36636555,0.29958677,-0.033917516,0.0,0.37271664,0.37271664,0.36983472,-0.021757603,0.0,0.42925072,0.42925072,0.83677685,0.050208688,1.1494253,0.36097115,0.36097115,0.28305784,-0.033912808,0.0,0.40724838,0.40724838,0.19628099,-0.040031314,0.0,0.36487252,0.36487252,0.30785123,-0.032979548,0.0,0.36352766,0.36352766,0.18801653,-0.049199134,0.3869178,0.3869178,0.3946281,-0.013030887,0.43936908,0.43936908,0.7004132,0.032996,0.4150036,0.4150036,0.303719,-0.038185388,0.33161667,0.33161667,0.21694215,-0.04761821,0.40917343,0.40917343,0.3946281,-0.016028553,0.42465279,0.42465279,0.4070248,-0.0067177415,democracy_institutions,0.46694213,0.99611557,0.26184967,0.008976738,0.77483904,0.99518436,0.97156394,0.40173915,0.00013394214,0.00031258783,0.9935369,0.9135995,0.0011095013,0.15552686,0.89224315,0.9991896,national_identity
merkel3_c002,merkel3,merkel,en,2018-12-31,new_year_address,2,8,0.286,104,93,0.40731046,0.40731046,0.5144628,0.00033420324,0.0,0.41925472,0.41925472,0.46487603,-0.005993426,0.0,0.4162694,0.4162694,0.65495867,0.015986323,0.0,0.4761678,0.4761678,0.94008267,0.08169356,0.0,0.50649214,0.50649214,0.98966944,0.12745011,1.0752689,0.43728513,0.43728513,0.78305787,0.042401165,1.0752689,0.48083806,0.48083806,0.7706612,0.03355837,1.0752689,0.5271515,0.5271515,0.9731405,0.12929946,0.0,0.44065815,0.44065815,0.66322315,0.027931362,0.49784213,0.49784213,0.9607438,0.09789345,0.47150013,0.47150013,0.84917355,0.065127045,0.53705084,0.53705084,0.8863636,0.08386186,0.4205643,0.4205643,0.7582645,0.041329414,0.4417874,0.4417874,0.6136364,0.01658541,0.5048678,0.5048678,0.9235537,0.073497266,democracy_institutions,0.016528964,0.9335521,0.0049245106,0.0062442883,0.59266657,0.9654484,0.9992068,0.9310875,0.00014230126,0.00039434474,0.97500026,0.99053264,0.00077330566,0.19072403,0.78045344,0.99926347,social_solidarity
merkel3_c003,merkel3,merkel,en,2018-12-31,new_year_address,3,8,0.429,101,89,0.3251709,0.3251709,0.08884297,-0.08180535,0.0,0.3352539,0.3352539,0.06404959,-0.08999425,0.0,0.30633393,0.30633393,0.035123967,-0.09394914,0.0,0.35484463,0.35484463,0.22933884,-0.03962961,2.247191,0.30297264,0.30297264,0.0392562,-0.076069385,0.0,0.31190896,0.31190896,0.08057851,-0.082975,0.0,0.37900013,0.37900013,0.09710744,-0.068279564,0.0,0.3835041,0.3835041,0.4194215,-0.0143479705,0.0,0.33927262,0.33927262,0.13842975,-0.07345417,0.34678394,0.34678394,0.1590909,-0.05316475,0.35637754,0.35637754,0.21694215,-0.04999554,0.38479128,0.38479128,0.14669421,-0.0683977,0.3075282,0.3075282,0.10950413,-0.07170668,0.32314983,0.32314983,0.059917357,-0.10205215,0.3272148,0.3272148,0.022727273,-0.10415572,future_reform_technology,0.19008265,0.78972065,0.14700331,8.156225e-05,0.5214712,0.00012100818,0.003033737,0.015952315,0.10021624,5.9907066e-05,0.0041824942,0.9145964,0.2531218,0.65441865,0.5754687,0.727782,national_identity
merkel3_c004,merkel3,merkel,en,2018-12-31,new_year_address,4,8,0.571,160,138,0.4103458,0.4103458,0.53512394,0.00336954,0.0,0.46220332,0.46220332,0.7128099,0.036955178,1.4492754,0.39736995,0.39736995,0.50206614,-0.0029131174,0.0,0.51970613,0.51970613,0.98140496,0.12523189,2.173913,0.4084826,0.4084826,0.71694213,0.029440582,0.0,0.44465762,0.44465762,0.80785125,0.049773663,0.0,0.51463604,0.51463604,0.8946281,0.06735635,1.4492754,0.4233861,0.4233861,0.6838843,0.025534034,0.7246377,0.505008,0.505008,0.9607438,0.09228119,0.48569083,0.48569083,0.94008267,0.085742146,0.36177891,0.36177891,0.24173553,-0.04459417,0.40974447,0.40974447,0.25,-0.043444514,0.44089976,0.44089976,0.84917355,0.06166488,0.39804244,0.39804244,0.33264464,-0.027159542,0.40057778,0.40057778,0.26652893,-0.030792743,foreign_policy,0.08677685,0.28288907,0.008061991,0.00047101182,0.9605836,0.35250822,0.102664016,0.9959259,0.0002178163,0.0379637,0.35329047,0.9931628,0.0040701376,0.7683097,0.010468839,0.95890486,crisis_resilience
merkel3_c005,merkel3,merkel,en,2018-12-31,new_year_address,5,8,0.714,87,79,0.35687822,0.35687822,0.21694215,-0.05009803,3.7974684,0.46616888,0.46616888,0.7376033,0.040920734,2.5316455,0.39500993,0.39500993,0.4731405,-0.0052731335,0.0,0.5349749,0.5349749,0.99380165,0.14050063,5.063291,0.37558162,0.37558162,0.51033056,-0.0034604073,0.0,0.36857012,0.36857012,0.30785123,-0.026313841,1.2658228,0.42413142,0.42413142,0.32024795,-0.023148268,0.0,0.416316,0.416316,0.642562,0.01846394,0.0,0.4130395,0.4130395,0.4855372,0.00031271577,0.43550473,0.43550473,0.7541322,0.03555605,0.33445618,0.33445618,0.14256199,-0.07191691,0.44877034,0.44877034,0.50206614,-0.0044186413,0.35253802,0.35253802,0.3533058,-0.02669686,0.36458883,0.36458883,0.14669421,-0.060613155,0.45452738,0.45452738,0.67561984,0.023156852,foreign_policy,0.25619835,0.030516496,0.82976806,0.00021111623,0.9985335,0.033526164,0.00070828665,0.031232351,0.0001328999,0.0012279606,0.9087799,0.035712164,0.35064372,0.14255053,0.9501283,0.99793726,foreign_policy
merkel3_c006,merkel3,merkel,en,2018-12-31,new_year_address,6,8,0.857,122,103,0.4156318,0.4156318,0.5557851,0.008655548,0.9708738,0.47044575,0.47044575,0.7458678,0.045197606,2.9126213,0.4448254,0.4448254,0.8161157,0.044542342,1.9417475,0.39946216,0.39946216,0.5433884,0.0049879253,1.9417475,0.43396214,0.43396214,0.86570245,0.054920107,0.9708738,0.48167348,0.48167348,0.9235537,0.08678952,1.9417475,0.4622796,0.4622796,0.6136364,0.014999896,0.9708738,0.41460183,0.41460183,0.6219008,0.01674977,0.9708738,0.4238066,0.4238066,0.55991733,0.011079818,0.45874542,0.45874542,0.8946281,0.058796734,0.4014696,0.4014696,0.46487603,-0.0049034953,0.46612084,0.46612084,0.588843,0.0129318535,0.39248508,0.39248508,0.6012397,0.013250202,0.52791655,0.52791655,0.95247936,0.10271457,0.44155353,0.44155353,0.5557851,0.0101830065,social_solidarity,0.057851255,0.005075103,0.99266124,0.28259197,0.74558365,0.5161687,0.99961406,0.049912192,0.00019716944,0.0013643618,0.44456476,0.011732464,0.18366683,0.005119676,0.9997585,0.99937487,social_solidarity
merkel3_c007,merkel3,merkel,en,2018-12-31,new_year_address,7,8,1.0,136,119,0.41825587,0.41825587,0.5681818,0.011279613,0.0,0.4207244,0.4207244,0.47727272,-0.004523754,0.0,0.48124042,0.48124042,0.9152893,0.08095735,1.6806723,0.41451895,0.41451895,0.63842976,0.020044714,0.0,0.41657788,0.41657788,0.78305787,0.037535846,0.0,0.48189485,0.48189485,0.927686,0.08701089,2.5210085,0.47528398,0.47528398,0.7210744,0.028004289,0.0,0.5153346,0.5153346,0.96487606,0.11748254,1.6806723,0.43409586,0.43409586,0.6301653,0.02136907,0.44289136,0.44289136,0.81198347,0.042942673,0.34145722,0.34145722,0.1714876,-0.064915866,0.45912373,0.45912373,0.54752064,0.005934745,0.40652642,0.40652642,0.67561984,0.027291536,0.4174752,0.4174752,0.44008264,-0.0077267885,0.45730275,0.45730275,0.7004132,0.025932223,future_reform_technology,0.03719008,0.9997075,0.0007451558,0.1323042,0.7830775,0.75123775,0.9995426,0.9962199,0.38873407,9.8381184e-05,0.4521353,0.0312915,0.8981875,0.99513257,0.7700327,0.9983191,national_identity
putin2022_c000,putin2022,putin,en,2022-12-31,new_year_address,0,11,0.0,108,87,0.45167702,0.45167702,0.7417355,0.04470077,1.1494253,0.4844377,0.4844377,0.803719,0.059189558,0.0,0.38722897,0.38722897,0.411157,-0.013054103,0.0,0.43789884,0.43789884,0.82024795,0.043424606,0.0,0.40630013,0.40630013,0.70454544,0.027258098,0.0,0.47906077,0.47906077,0.9152893,0.08417681,1.1494253,0.5148897,0.5148897,0.8987603,0.067610025,0.0,0.39871636,0.39871636,0.52272725,0.00086429715,0.0,0.4540521,0.4540521,0.75,0.0413253,0.45197576,0.45197576,0.857438,0.052027076,0.57691455,0.57691455,0.98966944,0.17054147,0.5041671,0.5041671,0.7789256,0.050978094,0.4092697,0.4092697,0.7004132,0.03003481,0.5116251,0.5116251,0.9235537,0.08642313,0.45180988,0.45180988,0.65909094,0.020439357,social_solidarity,0.016528964,0.99206203,0.5528415,0.00012509298,0.9676098,0.003370046,0.9894499,0.37777016,0.00027053358,0.0004485757,0.0015070488,0.5029296,0.99700737,0.9764232,0.9894703,0.9676251,national_identity
putin2022_c001,putin2022,putin,en,2022-12-31,new_year_address,1,11,0.1,100,85,0.48571238,0.48571238,0.8904959,0.07873613,2.3529413,0.50518024,0.50518024,0.9152893,0.07993209,0.0,0.3598576,0.3598576,0.24586777,-0.04042548,0.0,0.43167245,0.43167245,0.7541322,0.037198216,0.0,0.39423937,0.39423937,0.63842976,0.015197337,0.0,0.41128218,0.41128218,0.6095041,0.016398221,1.1764706,0.4797942,0.4797942,0.7582645,0.032514513,0.0,0.39627358,0.39627358,0.50619835,-0.00157848,2.3529413,0.47745985,0.47745985,0.85330576,0.06473306,0.41564322,0.41564322,0.5929752,0.015694529,0.48023474,0.48023474,0.87396693,0.07386166,0.49425086,0.49425086,0.7334711,0.04106188,0.41296905,0.41296905,0.7252066,0.033734173,0.45472318,0.45472318,0.70454544,0.029521197,0.424219,0.424219,0.40289256,-0.0071515143,security_military,0.024793386,0.99903965,0.08667071,0.0003212503,0.6720627,0.06754669,0.9830851,0.9958094,0.00040844927,0.014957085,0.94703925,0.9827572,0.88408935,0.7228695,0.97811455,0.99890125,national_identity
putin2022_c002,putin2022,putin,en,2022-12-31,new_year_address,2,11,0.2,112,96,0.45838916,0.45838916,0.78305787,0.05141291,3.125,0.50056386,0.50056386,0.8863636,0.075315714,2.0833333,0.38520643,0.38520643,0.3946281,-0.015076637,0.0,0.42595166,0.42595166,0.7210744,0.03147742,1.0416666,0.39090818,0.39090818,0.62603307,0.011866152,0.0,0.44007587,0.44007587,0.7913223,0.045191914,1.0416666,0.5149149,0.5149149,0.9028926,0.06763518,0.0,0.4026435,0.4026435,0.5433884,0.0047914386,1.0416666,0.45460233,0.45460233,0.7541322,0.04187554,0.42341316,0.42341316,0.65082645,0.023464471,0.5550518,0.5550518,0.9855372,0.14867872,0.5054088,0.5054088,0.7871901,0.052219838,0.39933157,0.39933157,0.6301653,0.02009669,0.5135856,0.5135856,0.9318182,0.088383645,0.42506394,0.42506394,0.41528925,-0.0063065886,crisis_resilience,0.016528964,0.99491996,0.9993663,9.685608e-05,0.7812472,0.0047000605,0.045373723,0.89991575,0.0001788282,0.0039530895,0.0036287399,0.9957602,0.9033901,0.9413314,0.9955576,0.99869037,security_military
putin2022_c003,putin2022,putin,en,2022-12-31,new_year_address,3,11,0.3,124,101,0.34593853,0.34593853,0.16322315,-0.06103772,0.0,0.44496316,0.44496316,0.6012397,0.019715011,1.980198,0.29649785,0.29649785,0.01446281,-0.10378522,0.0,0.38381118,0.38381118,0.42768595,-0.010663062,0.0,0.33328903,0.33328903,0.20041323,-0.045753002,0.0,0.30013722,0.30013722,0.035123967,-0.09474674,0.0,0.40447932,0.40447932,0.18801653,-0.042800367,0.0,0.2604768,0.2604768,0.010330578,-0.13737527,0.0,0.48761043,0.48761043,0.8987603,0.07488364,0.37614653,0.37614653,0.32024795,-0.023802161,0.30663472,0.30663472,0.06404959,-0.09973836,0.30924842,0.30924842,0.01446281,-0.14394057,0.4427694,0.4427694,0.86157024,0.06353453,0.34987962,0.34987962,0.12190083,-0.07532236,0.32327163,0.32327163,0.01446281,-0.108098894,security_military,0.17355374,0.1584997,0.91078377,0.00012436225,0.9781772,0.3145899,0.047052283,0.9161471,0.0003225072,0.7168385,0.04082659,0.93952614,0.053650703,0.9993551,0.19074287,0.5759458,foreign_policy
putin2022_c004,putin2022,putin,en,2022-12-31,new_year_address,4,11,0.4,132,112,0.3936929,0.3936929,0.44421488,-0.013283342,0.89285713,0.5391973,0.5391973,0.98966944,0.11394918,2.6785715,0.32353836,0.32353836,0.07644628,-0.076744705,0.0,0.36107588,0.36107588,0.28305784,-0.03339836,0.0,0.33084413,0.33084413,0.17561984,-0.048197895,0.0,0.38708097,0.38708097,0.46900827,-0.007802993,0.89285713,0.4307381,0.4307381,0.36983472,-0.0165416,0.0,0.31356198,0.31356198,0.06818182,-0.08429009,0.0,0.44253045,0.44253045,0.6838843,0.029803663,0.3946914,0.3946914,0.45247933,-0.0052572787,0.38644153,0.38644153,0.3946281,-0.019931555,0.40965208,0.40965208,0.24586777,-0.0435369,0.36850238,0.36850238,0.4607438,-0.010732502,0.51475924,0.51475924,0.9359504,0.08955726,0.38531274,0.38531274,0.1838843,-0.04605779,security_military,0.5206612,0.8637368,0.9992327,0.0005747863,0.2585131,0.14164464,0.96156996,0.12918286,0.00026686108,0.016769383,0.29330328,0.24517536,0.0058710356,0.12033539,0.9986594,0.99924016,security_military
putin2022_c005,putin2022,putin,en,2022-12-31,new_year_address,5,11,0.5,147,119,0.3785297,0.3785297,0.33677685,-0.028446555,0.0,0.45941108,0.45941108,0.69214875,0.03416294,2.5210085,0.3265943,0.3265943,0.08471075,-0.073688775,0.0,0.31730992,0.31730992,0.06818182,-0.07716432,0.0,0.29105437,0.29105437,0.026859503,-0.08798766,0.0,0.41118306,0.41118306,0.6012397,0.016299099,0.84033614,0.44054753,0.44054753,0.44421488,-0.006732166,0.0,0.26300305,0.26300305,0.01446281,-0.13484901,0.0,0.38214406,0.38214406,0.28305784,-0.030582726,0.38710177,0.38710177,0.40289256,-0.012846917,0.3627308,0.3627308,0.24586777,-0.043642282,0.34792596,0.34792596,0.0392562,-0.105263025,0.33685,0.33685,0.25,-0.042384893,0.5977732,0.5977732,0.9855372,0.17257121,0.3532409,0.3532409,0.051652893,-0.07812962,security_military,0.090909064,0.5189728,0.9946203,0.0006589401,0.5306013,0.004596149,0.95228654,0.17137733,0.72831374,0.09764824,0.07110591,0.23462582,0.0029810325,0.08032139,0.9997012,0.9920003,security_military
putin2022_c006,putin2022,putin,en,2022-12-31,new_year_address,6,11,0.6,123,103,0.37931865,0.37931865,0.34917355,-0.027657598,0.0,0.46132827,0.46132827,0.70454544,0.036080122,0.9708738,0.4504404,0.4504404,0.84090906,0.05015734,1.9417475,0.48577493,0.48577493,0.9483471,0.091300696,0.9708738,0.38231677,0.38231677,0.572314,0.0032747388,0.0,0.37932387,0.37932387,0.3946281,-0.015560091,0.9708738,0.5206182,0.5206182,0.927686,0.07333851,0.9708738,0.3625751,0.3625751,0.29545453,-0.03527695,0.9708738,0.47237042,0.47237042,0.82438016,0.059643626,0.42197257,0.42197257,0.63842976,0.022023886,0.41132188,0.41132188,0.50619835,0.004948795,0.41132188,0.41132188,0.27066115,-0.041867107,0.39345807,0.39345807,0.6053719,0.014223188,0.41180095,0.41180095,0.41528925,-0.0134010315,0.39602542,0.39602542,0.24586777,-0.035345107,foreign_policy,0.020661116,0.9990054,0.40803346,0.03158888,0.99215376,0.023984874,0.05873605,0.9346938,0.0012497095,0.042344384,0.65035623,0.9635062,0.1890715,0.9334308,0.9808209,0.9948153,national_identity
putin2022_c007,putin2022,putin,en,2022-12-31,new_year_address,7,11,0.7,118,106,0.41396576,0.41396576,0.5516529,0.006989509,0.0,0.4102869,0.4102869,0.39049587,-0.014961243,0.9433962,0.35664448,0.35664448,0.22520661,-0.043638587,0.0,0.3667085,0.3667085,0.3161157,-0.02776575,0.0,0.35719228,0.35719228,0.32024795,-0.021849751,0.0,0.5322825,0.5322825,0.99380165,0.13739851,1.8867924,0.46872956,0.46872956,0.67561984,0.021449864,0.0,0.33107507,0.33107507,0.11776859,-0.06677699,0.0,0.38494232,0.38494232,0.303719,-0.027784467,0.4417043,0.4417043,0.79545456,0.041755617,0.42909327,0.42909327,0.6301653,0.022720188,0.41353786,0.41353786,0.28719008,-0.039651126,0.35025588,0.35025588,0.32438016,-0.028979003,0.5448475,0.5448475,0.96900827,0.119645506,0.38946807,0.38946807,0.20867768,-0.041902453,social_solidarity,0.3181818,0.9780518,0.05029564,0.017737802,0.80879503,0.024952132,0.99872816,0.007225754,0.001140223,0.013597485,0.9421085,0.04020025,0.020527786,0.46648103,0.9995884,0.9950515,social_solidarity
putin2022_c008,putin2022,putin,en,2022-12-31,new_year_address,8,11,0.8,93,79,0.37790158,0.37790158,0.3285124,-0.029074669,0.0,0.5065314,0.5065314,0.9194215,0.08128327,0.0,0.34450877,0.34450877,0.16735537,-0.0557743,0.0,0.3471793,0.3471793,0.1590909,-0.047294945,0.0,0.31828097,0.31828097,0.09297521,-0.060761064,0.0,0.4512751,0.4512751,0.83677685,0.05639115,3.7974684,0.45168614,0.45168614,0.51859504,0.004406452,0.0,0.31904352,0.31904352,0.08471075,-0.078808546,1.2658228,0.43670005,0.43670005,0.63842976,0.023973256,0.41360956,0.41360956,0.5681818,0.013660878,0.43232778,0.43232778,0.65082645,0.025954694,0.40852323,0.40852323,0.24173553,-0.044665754,0.3612557,0.3612557,0.41528925,-0.017979175,0.5043205,0.5043205,0.9070248,0.07911852,0.40895706,0.40895706,0.32438016,-0.022413462,security_military,0.08264464,0.027795624,0.00689046,0.00024203844,0.005189787,0.016168362,0.9996769,0.89326286,0.00016442515,0.123656355,0.22093019,0.96771675,0.0006094502,0.0072397795,0.9991144,0.9948704,social_solidarity
putin2022_c009,putin2022,putin,en,2022-12-31,new_year_address,9,11,0.9,80,68,0.45436704,0.45436704,0.7623967,0.04739079,0.0,0.4384666,0.4384666,0.5847107,0.0132184625,0.0,0.38320032,0.38320032,0.3822314,-0.01708275,0.0,0.39637232,0.39637232,0.5268595,0.0018980801,0.0,0.3524012,0.3524012,0.303719,-0.026640832,0.0,0.5122169,0.5122169,0.96487606,0.117332965,4.4117646,0.5009572,0.5009572,0.84917355,0.0536775,0.0,0.34882984,0.34882984,0.19628099,-0.049022228,0.0,0.43985066,0.43985066,0.65909094,0.027123868,0.47686428,0.47686428,0.927686,0.07691559,0.46980602,0.46980602,0.84090906,0.06343293,0.45897827,0.45897827,0.5433884,0.00578928,0.38416296,0.38416296,0.55991733,0.004928082,0.4914267,0.4914267,0.8780992,0.066224724,0.40554562,0.40554562,0.29545453,-0.025824904,social_solidarity,0.11570251,0.96982116,0.0001855878,0.00025764457,0.0019994322,0.0025065755,0.77291656,0.0022452744,0.000100714,0.00017640032,0.012771866,0.20773658,0.0019916527,0.04657295,0.25146383,0.005730246,national_identity
putin2022_c010,putin2022,putin,en,2022-12-31,new_year_address,10,11,1.0,149,131,0.450542,0.450542,0.7252066,0.04356575,0.0,0.41235077,0.41235077,0.4194215,-0.012897372,0.7633588,0.3466519,0.3466519,0.17561984,-0.053631157,0.0,0.37211865,0.37211865,0.36570248,-0.022355586,0.0,0.32368705,0.32368705,0.1301653,-0.055354983,0.0,0.45026731,0.45026731,0.8285124,0.055383354,3.053435,0.4229243,0.4229243,0.30785123,-0.024355382,0.7633588,0.35131824,0.35131824,0.20454545,-0.046533823,0.0,0.399912,0.399912,0.40289256,-0.01281479,0.42594343,0.42594343,0.67561984,0.025994748,0.45771605,0.45771605,0.7995868,0.051342964,0.4693523,0.4693523,0.6053719,0.01616332,0.37229106,0.37229106,0.4896694,-0.006943822,0.47191015,0.47191015,0.7789256,0.046708167,0.38695925,0.38695925,0.18801653,-0.04441127,social_solidarity,0.10330576,0.99932146,0.00034397093,0.0003711855,0.002291689,0.019700257,0.9973478,0.011364623,0.000120066616,0.0002896683,0.3262714,0.018003466,0.0005072813,0.00050431915,0.9995016,0.98853624,national_identity
putin2023_c000,putin2023,putin,en,2023-12-31,new_year_address,0,6,0.0,86,71,0.49437302,0.49437302,0.9070248,0.08739677,2.8169014,0.5023859,0.5023859,0.8987603,0.07713777,1.4084507,0.44488364,0.44488364,0.82024795,0.044600576,0.0,0.4586789,0.4586789,0.8780992,0.06420466,0.0,0.4169159,0.4169159,0.7913223,0.037873864,1.4084507,0.45744568,0.45744568,0.85330576,0.06256172,1.4084507,0.5050224,0.5050224,0.86570245,0.057742715,0.0,0.45647514,0.45647514,0.8285124,0.058623075,1.4084507,0.4523448,0.4523448,0.7417355,0.039618015,0.43992853,0.43992853,0.7789256,0.039979845,0.6215377,0.6215377,0.99793386,0.2151646,0.5761631,0.5761631,0.9607438,0.12297413,0.40777048,0.40777048,0.68801653,0.028535604,0.5019788,0.5019788,0.8946281,0.07677683,0.48674718,0.48674718,0.8863636,0.05537665,national_identity,0.008264482,0.9639246,0.29930994,0.0013858178,0.1597738,0.6535693,0.9369805,0.5802331,0.016395155,0.0036076172,0.6496898,0.91922665,0.92792046,0.7110047,0.99159515,0.99956185,national_identity
putin2023_c001,putin2023,putin,en,2023-12-31,new_year_address,1,6,0.2,91,82,0.5326687,0.5326687,0.96900827,0.12569246,3.6585367,0.39161536,0.39161536,0.27892563,-0.033632785,0.0,0.3427876,0.3427876,0.16322315,-0.057495475,0.0,0.41086107,0.41086107,0.5971074,0.016386837,0.0,0.35910073,0.35910073,0.33264464,-0.0199413,0.0,0.4694723,0.4694723,0.8904959,0.07458833,1.2195122,0.45358145,0.45358145,0.5392562,0.0063017607,0.0,0.33416736,0.33416736,0.13429752,-0.0636847,0.0,0.40488786,0.40488786,0.4318182,-0.007838935,0.45678234,0.45678234,0.8822314,0.056833655,0.37165117,0.37165117,0.303719,-0.03472191,0.39039743,0.39039743,0.16735537,-0.062791556,0.43257377,0.43257377,0.81198347,0.053338885,0.45053285,0.45053285,0.6714876,0.025330871,0.3645038,0.3645038,0.09297521,-0.066866726,national_identity,0.07851237,0.9992721,0.0032762524,0.0004092474,0.9807104,0.010468839,0.9995558,0.891764,0.00018164382,0.0011225652,0.89327455,0.99957526,0.93257624,0.04213697,0.978333,0.9942307,social_solidarity
putin2023_c002,putin2023,putin,en,2023-12-31,new_year_address,2,6,0.4,91,78,0.52420926,0.52420926,0.9607438,0.11723301,2.5641026,0.49616164,0.49616164,0.87396693,0.07091349,1.2820513,0.38494286,0.38494286,0.39049587,-0.015340209,0.0,0.3851515,0.3851515,0.44008264,-0.009322733,0.0,0.36717236,0.36717236,0.4318182,-0.011869669,0.0,0.52498,0.52498,0.98966944,0.13009605,1.2820513,0.49682927,0.49682927,0.84090906,0.04954958,0.0,0.30073565,0.30073565,0.04752066,-0.09711641,0.0,0.46038598,0.46038598,0.7665289,0.04765919,0.50193745,0.50193745,0.96900827,0.10198876,0.3743686,0.3743686,0.32438016,-0.032004476,0.37561667,0.37561667,0.11363637,-0.077572316,0.45663273,0.45663273,0.8904959,0.07739785,0.58987916,0.58987916,0.98140496,0.16467717,0.38755256,0.38755256,0.19628099,-0.043817967,social_solidarity,0.028925657,0.9997813,0.9462749,0.00063867954,0.267456,0.012600628,0.9994611,0.07912133,0.00016603849,0.015365343,0.9901592,0.3697701,0.00040448149,0.32906827,0.99867886,0.93875873,national_identity
putin2023_c003,putin2023,putin,en,2023-12-31,new_year_address,3,6,0.6,84,77,0.5173023,0.5173023,0.95247936,0.11032602,1.2987013,0.5098064,0.5098064,0.927686,0.08455825,0.0,0.40001887,0.40001887,0.53512394,-0.0002641976,0.0,0.43144652,0.43144652,0.75,0.036972284,0.0,0.41203225,0.41203225,0.7417355,0.032990217,0.0,0.48458326,0.48458326,0.9318182,0.0896993,5.194805,0.54502654,0.54502654,0.96900827,0.09774685,0.0,0.37388074,0.37388074,0.35743803,-0.02397132,0.0,0.4952685,0.4952685,0.927686,0.082541704,0.4847121,0.4847121,0.9359504,0.08476341,0.42545807,0.42545807,0.5929752,0.01908499,0.43786556,0.43786556,0.45661157,-0.01532343,0.46922034,0.46922034,0.9070248,0.08998546,0.53672826,0.53672826,0.96487606,0.11152628,0.45496684,0.45496684,0.6838843,0.023596317,crisis_resilience,0.016528904,0.9992252,0.08901807,0.00845381,0.7068991,0.14860235,0.9995035,0.11802882,0.00076729234,0.00225624,0.99492985,0.9886683,0.06620602,0.0007870083,0.9988396,0.99953544,social_solidarity
putin2023_c004,putin2023,putin,en,2023-12-31,new_year_address,4,6,0.8,86,72,0.40672094,0.40672094,0.51033056,-0.0002553165,0.0,0.35641098,0.35641098,0.12190083,-0.068837166,1.3888888,0.36123642,0.36123642,0.2623967,-0.039046645,0.0,0.35146916,0.35146916,0.1838843,-0.04300508,0.0,0.33215883,0.33215883,0.19214876,-0.046883196,0.0,0.468142,0.468142,0.8780992,0.07325804,9.722222,0.36118296,0.36118296,0.04752066,-0.086096734,0.0,0.385095,0.385095,0.4318182,-0.012757063,0.0,0.35221493,0.35221493,0.15495868,-0.060511857,0.38452953,0.38452953,0.37396693,-0.015419155,0.45502067,0.45502067,0.78305787,0.048647583,0.5223974,0.5223974,0.857438,0.06920841,0.3201334,0.3201334,0.15082644,-0.059101492,0.40460223,0.40460223,0.36983472,-0.020599753,0.40537348,0.40537348,0.29132232,-0.025997043,social_solidarity,0.36776865,0.9552775,0.0008072304,0.0007350448,0.015380125,0.20621385,0.99789864,0.00083936,0.002762999,0.0004189484,0.0026061658,0.0015823419,0.9990854,0.0013912341,0.9003109,0.98886347,social_solidarity
putin2023_c005,putin2023,putin,en,2023-12-31,new_year_address,5,6,1.0,110,88,0.49749,0.49749,0.9152893,0.090513736,6.818182,0.33983815,0.33983815,0.09710744,-0.08541,0.0,0.2974479,0.2974479,0.018595042,-0.10283518,0.0,0.3525308,0.3525308,0.20867768,-0.04194343,0.0,0.28783947,0.28783947,0.022727273,-0.09120256,0.0,0.42020506,0.42020506,0.66322315,0.025321096,4.5454545,0.3542096,0.3542096,0.022727273,-0.09307009,0.0,0.31483588,0.31483588,0.07644628,-0.08301619,1.1363636,0.3301404,0.3301404,0.09297521,-0.08258638,0.35853797,0.35853797,0.21694215,-0.041410714,0.35847235,0.35847235,0.22520661,-0.047900736,0.40466368,0.40466368,0.21280992,-0.048525304,0.32299757,0.32299757,0.16735537,-0.05623731,0.3802783,0.3802783,0.23347108,-0.044923693,0.32632193,0.32632193,0.018595042,-0.1050486,national_identity,0.25206614,0.93854785,0.014213357,0.000886499,0.67286927,0.037928045,0.74284166,0.011687258,0.0005614787,0.00051125785,0.1205423,0.58023316,0.8663447,0.1455551,0.9619493,0.9981434,national_identity
putin2024_c000,putin2024,putin,en,2024-12-31,new_year_address,0,4,0.0,130,104,0.47006637,0.47006637,0.83677685,0.063090116,1.9230769,0.4127286,0.4127286,0.4359504,-0.012519538,0.0,0.40355465,0.40355465,0.5640496,0.0032715797,0.0,0.40883547,0.40883547,0.588843,0.0143612325,0.0,0.3808447,0.3808447,0.55991733,0.0018026829,0.0,0.40110582,0.40110582,0.5392562,0.0062218606,0.0,0.45844093,0.45844093,0.5764463,0.011161238,0.96153843,0.46349287,0.46349287,0.857438,0.06564081,0.96153843,0.38647896,0.38647896,0.3285124,-0.02624783,0.41054952,0.41054952,0.5557851,0.010600835,0.5323007,0.5323007,0.9731405,0.12592763,0.5507073,0.5507073,0.9152893,0.097518295,0.3591564,0.3591564,0.39876032,-0.02007848,0.45113337,0.45113337,0.6838843,0.025931388,0.45489562,0.45489562,0.67975205,0.023525089,future_reform_technology,0.020661175,0.9995601,0.54722214,0.15804437,0.9842457,0.3192275,0.99074996,0.12522577,0.24871662,0.00032250723,0.8703771,0.8991214,0.96265554,0.010631947,0.89517957,0.99875754,national_identity
putin2024_c001,putin2024,putin,en,2024-12-31,new_year_address,1,4,0.333,123,105,0.5071802,0.5071802,0.9235537,0.10020396,1.9047619,0.46017808,0.46017808,0.696281,0.03492993,0.95238096,0.36587882,0.36587882,0.29132232,-0.034404248,0.0,0.39247885,0.39247885,0.51033056,-0.0019953847,0.0,0.37271923,0.37271923,0.4855372,-0.006322801,0.95238096,0.42071003,0.42071003,0.66735536,0.025826067,0.95238096,0.4749084,0.4749084,0.7128099,0.02762872,0.95238096,0.37472802,0.37472802,0.36983472,-0.02312404,0.95238096,0.42818686,0.42818686,0.5929752,0.015460074,0.38368014,0.38368014,0.36570248,-0.016268551,0.4040237,0.4040237,0.48140496,-0.0023493767,0.48261836,0.48261836,0.65495867,0.029429376,0.38942948,0.38942948,0.5929752,0.0101946,0.44768074,0.44768074,0.66322315,0.02247876,0.41277012,0.41277012,0.3533058,-0.018600404,national_identity,0.21074378,0.9771756,0.16046326,0.001626135,0.9804501,0.22177176,0.46150213,0.95763576,0.00085256656,0.002477445,0.10158944,0.014587568,0.99591404,0.89038956,0.9967237,0.99968433,foreign_policy
putin2024_c002,putin2024,putin,en,2024-12-31,new_year_address,2,4,0.667,158,132,0.418745,0.418745,0.5764463,0.011768758,2.2727273,0.4918098,0.4918098,0.857438,0.06656164,2.2727273,0.30153894,0.30153894,0.026859503,-0.098744124,0.0,0.32941794,0.32941794,0.09710744,-0.065056294,0.0,0.312105,0.312105,0.07231405,-0.06693703,0.0,0.37610495,0.37610495,0.36983472,-0.01877901,0.75757575,0.418525,0.418525,0.27066115,-0.028754681,0.0,0.31953472,0.31953472,0.08884297,-0.078317344,0.0,0.39597857,0.39597857,0.37809917,-0.01674822,0.32013935,0.32013935,0.06404959,-0.07980934,0.4463141,0.4463141,0.75,0.039941013,0.43799564,0.43799564,0.4607438,-0.015193343,0.32132852,0.32132852,0.15495868,-0.05790636,0.47576013,0.47576013,0.81198347,0.05055815,0.37484843,0.37484843,0.1301653,-0.0565221,security_military,0.28099173,0.90237325,0.99884635,0.00051125785,0.7131321,0.0057581333,0.8916225,0.29589075,0.0012207953,0.030357992,0.12560067,0.93195957,0.9887337,0.0036677874,0.99783427,0.99759865,security_military
putin2024_c003,putin2024,putin,en,2024-12-31,new_year_address,3,4,1.0,72,56,0.46701843,0.46701843,0.8285124,0.060042173,0.0,0.463921,0.463921,0.7293388,0.038672864,1.7857143,0.36062673,0.36062673,0.25413224,-0.03965634,0.0,0.40496626,0.40496626,0.5640496,0.010492027,0.0,0.35814434,0.35814434,0.3285124,-0.020897686,0.0,0.48820162,0.48820162,0.9359504,0.09331766,1.7857143,0.43065625,0.43065625,0.36570248,-0.016623437,0.0,0.39312193,0.39312193,0.48140496,-0.004730135,0.0,0.42890805,0.42890805,0.6012397,0.01618126,0.4522686,0.4522686,0.86157024,0.052319914,0.52582276,0.52582276,0.96487606,0.119449675,0.5399151,0.5399151,0.8946281,0.0867261,0.41664028,0.41664028,0.7334711,0.0374054,0.48931897,0.48931897,0.87396693,0.064116985,0.44259766,0.44259766,0.5681818,0.011227131,social_solidarity,0.10743803,0.00016799536,0.0001431374,9.572779e-05,6.631065e-05,0.0006771943,0.97863114,0.0005571117,0.00013083978,0.00020906502,0.004477081,0.0052201254,0.95366496,0.0004330862,0.99750316,0.8437181,social_solidarity
putin2025_c000,putin2025,putin,en,2025-12-31,new_year_address,0,5,0.0,94,85,0.45288786,0.45288786,0.7458678,0.04591161,0.0,0.42903775,0.42903775,0.54752064,0.0037896037,0.0,0.39177012,0.39177012,0.45247933,-0.008512944,0.0,0.41431037,0.41431037,0.63429755,0.019836128,0.0,0.3593457,0.3593457,0.33677685,-0.019696325,0.0,0.5046501,0.5046501,0.9566116,0.109766155,1.1764706,0.4837069,0.4837069,0.7995868,0.0364272,0.0,0.4694736,0.4694736,0.8946281,0.07162154,1.1764706,0.42766327,0.42766327,0.5847107,0.014936477,0.48847044,0.48847044,0.9483471,0.08852175,0.5050267,0.5050267,0.9359504,0.098653615,0.6248065,0.6248065,0.99380165,0.17161754,0.42604443,0.42604443,0.7706612,0.046809554,0.47915354,0.47915354,0.8285124,0.05395156,0.49197263,0.49197263,0.8987603,0.0606021,social_solidarity,0.061983466,0.0018494504,0.00015000567,0.026390616,0.0009754453,0.026380422,0.91528976,0.45974314,0.0019248575,0.00016378424,0.19438213,0.00022472897,0.78686863,0.0036856744,0.99670136,0.99281615,social_solidarity
putin2025_c001,putin2025,putin,en,2025-12-31,new_year_address,1,5,0.25,96,79,0.55930007,0.55930007,0.98140496,0.15232381,6.329114,0.41950342,0.41950342,0.46900827,-0.0057447255,1.2658228,0.35607526,0.35607526,0.21280992,-0.04420781,0.0,0.39060715,0.39060715,0.4855372,-0.0038670897,0.0,0.36810157,0.36810157,0.44421488,-0.010940462,0.0,0.43474972,0.43474972,0.7582645,0.039865762,0.0,0.42310515,0.42310515,0.31198347,-0.024174541,0.0,0.351976,0.351976,0.21694215,-0.045876056,1.2658228,0.3860857,0.3860857,0.3161157,-0.0266411,0.4353626,0.4353626,0.75,0.03541392,0.3732596,0.3732596,0.31198347,-0.03311348,0.42973897,0.42973897,0.40289256,-0.023450017,0.41976193,0.41976193,0.7458678,0.040527046,0.4457414,0.4457414,0.65082645,0.020539403,0.37239152,0.37239152,0.12190083,-0.058979005,national_identity,0.22314048,0.9997997,0.029021878,0.042842172,0.60882664,0.006265534,0.9664659,0.00042305805,0.00037924337,0.00026895347,0.9681487,0.966537,0.4746312,0.04646466,0.96196496,0.9184253,national_identity
putin2025_c002,putin2025,putin,en,2025-12-31,new_year_address,2,5,0.5,90,78,0.40431345,0.40431345,0.50206614,-0.0026628077,0.0,0.449739,0.449739,0.64669424,0.024490863,2.5641026,0.32925713,0.32925713,0.10123967,-0.07102594,0.0,0.34816083,0.34816083,0.1714876,-0.046313405,0.0,0.3153541,0.3153541,0.08057851,-0.06368792,0.0,0.48132998,0.48132998,0.9194215,0.08644602,5.1282053,0.41549104,0.41549104,0.24586777,-0.031788647,0.0,0.3342476,0.3342476,0.13842975,-0.063604474,0.0,0.38631362,0.38631362,0.32438016,-0.026413172,0.43312496,0.43312496,0.7334711,0.033176273,0.42743298,0.42743298,0.6095041,0.0210599,0.46153793,0.46153793,0.572314,0.008348942,0.35291892,0.35291892,0.36157024,-0.026315957,0.4939712,0.4939712,0.8822314,0.06876922,0.39306295,0.39306295,0.22520661,-0.038307577,social_solidarity,0.27272725,0.1399244,0.7205649,0.0027522563,0.008339973,0.009850326,0.9544355,0.00039588762,0.0002066298,0.00032313753,0.02439983,0.00029422855,0.54304504,0.0034362862,0.9976723,0.99798095,social_solidarity
putin2025_c003,putin2025,putin,en,2025-12-31,new_year_address,3,5,0.75,94,78,0.42015302,0.42015302,0.588843,0.013176769,1.2820513,0.4941434,0.4941434,0.86570245,0.06889525,1.2820513,0.3069899,0.3069899,0.0392562,-0.09329316,0.0,0.3552722,0.3552722,0.23347108,-0.039202034,0.0,0.31798732,0.31798732,0.08471075,-0.061054707,0.0,0.38835442,0.38835442,0.47727272,-0.00652954,1.2820513,0.4122957,0.4122957,0.2376033,-0.034983993,0.0,0.30715734,0.30715734,0.055785123,-0.090694726,0.0,0.4204796,0.4204796,0.53512394,0.007752806,0.386813,0.386813,0.39049587,-0.013135672,0.40040687,0.40040687,0.4607438,-0.0059662163,0.42025018,0.42025018,0.35743803,-0.03293881,0.36679134,0.36679134,0.45661157,-0.0124435425,0.4876006,0.4876006,0.86157024,0.062398612,0.3797762,0.3797762,0.15495868,-0.051594317,security_military,0.27685946,0.9991065,0.99263996,0.00024489083,0.91546947,0.07362964,0.9985869,0.22458647,0.00019678476,0.22601399,0.18568864,0.40239215,0.0014214043,0.43842447,0.99893194,0.9997103,national_identity
putin2025_c004,putin2025,putin,en,2025-12-31,new_year_address,4,5,1.0,159,128,0.43229952,0.43229952,0.642562,0.025323272,0.78125,0.41221845,0.41221845,0.41528925,-0.013029695,0.0,0.3393826,0.3393826,0.13842975,-0.06090048,0.78125,0.3796061,0.3796061,0.40289256,-0.01486814,0.0,0.3210292,0.3210292,0.10950413,-0.058012843,0.0,0.4266536,0.4266536,0.7004132,0.031769633,4.6875,0.4098504,0.4098504,0.22107439,-0.037429303,0.0,0.37365276,0.37365276,0.3533058,-0.024199307,0.0,0.40258414,0.40258414,0.4194215,-0.010142654,0.41743904,0.41743904,0.6053719,0.017490357,0.44146213,0.44146213,0.71694213,0.035089046,0.47952342,0.47952342,0.642562,0.026334435,0.37377882,0.37377882,0.50206614,-0.00545606,0.43422323,0.43422323,0.5640496,0.009021252,0.40262538,0.40262538,0.27892563,-0.028745145,social_solidarity,0.057851255,0.98632365,0.25954401,0.10001828,0.62840736,0.03715183,0.99496907,0.15934817,0.00031319872,0.0020708267,0.742375,0.8897565,0.9979771,0.0022961593,0.99868786,0.99902457,social_solidarity
trump1_c000,trump1,trump,en,2021-01-19,farewell_address,0,28,0.0,85,74,0.39858708,0.39858708,0.4731405,-0.008389175,1.3513514,0.44900408,0.44900408,0.63429755,0.023755938,0.0,0.39885613,0.39885613,0.51033056,-0.0014269352,0.0,0.39258632,0.39258632,0.5144628,-0.0018879175,0.0,0.36331546,0.36331546,0.36570248,-0.015726566,0.0,0.3833477,0.3833477,0.4318182,-0.01153627,1.3513514,0.44010603,0.44010603,0.4359504,-0.0071736574,0.0,0.36234844,0.36234844,0.29132232,-0.035503626,0.0,0.42014068,0.42014068,0.53099173,0.007413894,0.39915136,0.39915136,0.49380165,-0.00079733133,0.4674039,0.4674039,0.83264464,0.061030805,0.47484434,0.47484434,0.6219008,0.02165535,0.400976,0.400976,0.63842976,0.021741122,0.4688126,0.4688126,0.7582645,0.043610632,0.48121452,0.48121452,0.8780992,0.049843997,security_military,0.11983472,0.9996492,0.02450466,0.008470196,0.86028117,0.13922076,0.9804313,0.019345105,0.00016668822,0.0002959571,0.6080124,0.99895763,0.19269124,0.003298652,0.9952007,0.9995435,national_identity
trump1_c001,trump1,trump,en,2021-01-19,farewell_address,1,28,0.037,84,68,0.39738548,0.39738548,0.46487603,-0.009590775,0.0,0.38412964,0.38412964,0.2623967,-0.041118503,0.0,0.3427149,0.3427149,0.1590909,-0.057568163,0.0,0.35550505,0.35550505,0.24173553,-0.03896919,1.4705882,0.33489668,0.33489668,0.21280992,-0.044145346,1.4705882,0.42667398,0.42667398,0.70454544,0.031790018,2.9411764,0.40302667,0.40302667,0.17975207,-0.04425302,0.0,0.32278916,0.32278916,0.09710744,-0.0750629,0.0,0.37563765,0.37563765,0.24586777,-0.03708914,0.39087132,0.39087132,0.4235537,-0.00907737,0.41921312,0.41921312,0.5516529,0.012840033,0.40829125,0.40829125,0.2376033,-0.044897735,0.38190505,0.38190505,0.54752064,0.0026701689,0.53565085,0.53565085,0.9607438,0.11044887,0.4158356,0.4158356,0.36983472,-0.015534937,social_solidarity,0.23966941,0.08475752,0.00045831286,0.0002747927,0.0016678824,0.027350498,0.43662205,0.005230278,0.00109019,0.0010362669,0.09721884,0.14563103,0.0061391313,0.01745923,0.99983555,0.0005102608,social_solidarity
trump1_c002,trump1,trump,en,2021-01-19,farewell_address,2,28,0.074,141,127,0.31606475,0.31606475,0.06818182,-0.09091151,0.78740156,0.4078341,0.4078341,0.36570248,-0.017414033,1.5748031,0.2898786,0.2898786,0.010330578,-0.11040446,0.0,0.29851955,0.29851955,0.035123967,-0.09595469,0.0,0.27399558,0.27399558,0.018595042,-0.10504645,0.78740156,0.36513954,0.36513954,0.29132232,-0.029744416,1.5748031,0.36871934,0.36871934,0.07644628,-0.07856035,0.0,0.24370113,0.24370113,0.0020661156,-0.15415093,0.0,0.3337295,0.3337295,0.11363637,-0.078997284,0.3063426,0.3063426,0.035123967,-0.093606085,0.341059,0.341059,0.16735537,-0.065314084,0.3168542,0.3168542,0.018595042,-0.13633478,0.32589188,0.32589188,0.17975207,-0.053342998,0.5212162,0.5212162,0.9442149,0.09601423,0.36061546,0.36061546,0.07644628,-0.070755064,security_military,0.07438016,0.66747284,0.9841699,0.0001733272,0.5256123,0.99088323,0.42248976,0.15134111,0.0127472645,0.021206118,0.053009775,0.17582092,0.012383785,0.064506,0.99974436,0.9948804,democracy_institutions
trump1_c003,trump1,trump,en,2021-01-19,farewell_address,3,28,0.111,99,85,0.5185771,0.5185771,0.9566116,0.111600846,3.5294118,0.47073185,0.47073185,0.75,0.04548371,0.0,0.41453296,0.41453296,0.6301653,0.014249891,0.0,0.4169773,0.4169773,0.66322315,0.022503048,0.0,0.41853365,0.41853365,0.79545456,0.039491624,0.0,0.47496986,0.47496986,0.9028926,0.0800859,1.1764706,0.48493126,0.48493126,0.803719,0.03765157,0.0,0.36202693,0.36202693,0.28719008,-0.035825133,0.0,0.4486786,0.4486786,0.7293388,0.035951823,0.4490775,0.4490775,0.84504133,0.0491288,0.47301042,0.47301042,0.85330576,0.06663734,0.44922596,0.44922596,0.51033056,-0.0039630234,0.45657492,0.45657492,0.8863636,0.07734004,0.6151357,0.6151357,0.99380165,0.18993375,0.46426672,0.46426672,0.7665289,0.03289619,national_identity,0.053718984,0.988188,0.032191858,0.024338884,0.67125505,0.5855752,0.9987132,0.0045032725,0.0015397266,0.0010859444,0.8558963,0.30197924,0.14432967,0.9526403,0.99898374,0.9987887,social_solidarity
trump1_c004,trump1,trump,en,2021-01-19,farewell_address,4,28,0.148,139,121,0.44073194,0.44073194,0.6838843,0.03375569,0.8264463,0.45111862,0.45111862,0.65495867,0.025870472,0.0,0.3589835,0.3589835,0.2376033,-0.04129958,0.0,0.38806933,0.38806933,0.4731405,-0.0064049065,0.0,0.37908322,0.37908322,0.5516529,4.118681e-05,0.0,0.38478112,0.38478112,0.45247933,-0.010102838,1.6528926,0.46176982,0.46176982,0.6053719,0.014490128,0.0,0.35469133,0.35469133,0.22520661,-0.043160737,0.0,0.47006258,0.47006258,0.81198347,0.057335794,0.41825986,0.41825986,0.6095041,0.018311173,0.41433868,0.41433868,0.53099173,0.0079655945,0.4603904,0.4603904,0.5557851,0.0072014034,0.47451836,0.47451836,0.927686,0.09528348,0.4265329,0.4265329,0.5144628,0.0013309121,0.4308033,0.4308033,0.4979339,-0.0005672276,national_identity,0.028925657,0.99980086,0.013363721,0.0003535028,0.8243205,0.94329536,0.9710743,0.92934424,0.009223287,0.020119479,0.9933975,0.4351813,0.98771137,0.98482555,0.89452493,0.9991221,national_identity
trump1_c005,trump1,trump,en,2021-01-19,farewell_address,5,28,0.185,144,125,0.45020062,0.45020062,0.7210744,0.043224365,4.8,0.40439036,0.40439036,0.34504133,-0.020857781,0.0,0.42443952,0.42443952,0.70454544,0.024156451,0.8,0.3919496,0.3919496,0.50619835,-0.0025246441,0.8,0.37525162,0.37525162,0.50619835,-0.0037904084,0.0,0.40751904,0.40751904,0.5764463,0.012635082,0.8,0.44038713,0.44038713,0.44008264,-0.006892562,0.0,0.36942655,0.36942655,0.3285124,-0.028425515,0.0,0.41284567,0.41284567,0.48140496,0.000118881464,0.40554178,0.40554178,0.51859504,0.0055930912,0.45087802,0.45087802,0.7706612,0.04450494,0.43908316,0.43908316,0.46487603,-0.014105827,0.4524844,0.4524844,0.87396693,0.07324952,0.46384296,0.46384296,0.7293388,0.038640976,0.42664227,0.42664227,0.44834712,-0.0047282577,national_identity,0.016528964,0.99937487,0.0003889921,0.03640802,0.89616054,0.0019192377,0.9941233,0.121229865,0.0010525686,0.00024203844,0.37673777,0.99931353,0.06143811,0.11924139,0.9835733,0.99968684,national_identity
trump1_c006,trump1,trump,en,2021-01-19,farewell_address,6,28,0.222,113,94,0.3561299,0.3561299,0.20454545,-0.05084634,1.0638298,0.40764797,0.40764797,0.36157024,-0.017600179,0.0,0.4408099,0.4408099,0.803719,0.040526837,1.0638298,0.41183424,0.41183424,0.6136364,0.017360002,1.0638298,0.330828,0.330828,0.1714876,-0.04821402,0.0,0.3517148,0.3517148,0.22933884,-0.04316917,1.0638298,0.42767465,0.42767465,0.3409091,-0.01960504,0.0,0.37645602,0.37645602,0.3822314,-0.02139604,2.1276596,0.3849412,0.3849412,0.29958677,-0.0277856,0.37759912,0.37759912,0.32438016,-0.022349566,0.46436962,0.46436962,0.82438016,0.05799654,0.4182213,0.4182213,0.3409091,-0.03496769,0.37164968,0.37164968,0.47727272,-0.0075851977,0.43144247,0.43144247,0.5557851,0.006240487,0.46414286,0.46414286,0.7623967,0.032772332,economy_welfare,0.19008261,0.9472836,0.0014437558,0.011441684,0.99800056,0.57449925,0.03594832,0.058695573,0.0018748618,0.000106582534,0.06201785,0.9989698,0.48602656,0.39650625,0.9979986,0.99839276,foreign_policy
trump1_c007,trump1,trump,en,2021-01-19,farewell_address,7,28,0.259,129,108,0.23071046,0.23071046,0.010330578,-0.17626579,0.0,0.3193857,0.3193857,0.04338843,-0.10586244,0.0,0.3961124,0.3961124,0.49380165,-0.004170656,3.7037036,0.37533817,0.37533817,0.38636363,-0.019136071,2.7777777,0.20560017,0.20560017,0.0020661156,-0.17344186,0.0,0.2430792,0.2430792,0.010330578,-0.15180476,0.0,0.42162162,0.42162162,0.29545453,-0.025658071,0.0,0.25186598,0.25186598,0.006198347,-0.14598608,0.0,0.3444802,0.3444802,0.14669421,-0.0682466,0.2686453,0.2686453,0.01446281,-0.1313034,0.2991531,0.2991531,0.051652893,-0.107219994,0.28967476,0.28967476,0.0020661156,-0.16351423,0.29750293,0.29750293,0.08471075,-0.081731945,0.3117572,0.3117572,0.035123967,-0.113444775,0.2912533,0.2912533,0.0020661156,-0.14011723,economy_welfare,0.10743803,0.6095532,0.021105008,0.1892962,0.9746528,0.12437246,0.01619946,0.84540874,0.0008377235,0.00095846487,0.034052216,0.9892544,0.017729297,0.9236956,0.5141564,0.9964343,foreign_policy
trump1_c008,trump1,trump,en,2021-01-19,farewell_address,8,28,0.296,176,137,0.26733553,0.26733553,0.022727273,-0.13964072,2.189781,0.2710691,0.2710691,0.006198347,-0.15417904,0.0,0.47291762,0.47291762,0.8946281,0.07263455,2.189781,0.2591369,0.2591369,0.006198347,-0.13533735,1.459854,0.25202292,0.25202292,0.010330578,-0.1270191,0.0,0.24862877,0.24862877,0.01446281,-0.1462552,0.0,0.37123102,0.37123102,0.08057851,-0.07604867,1.459854,0.2687121,0.2687121,0.018595042,-0.12913996,0.0,0.25865996,0.25865996,0.006198347,-0.15406683,0.24503914,0.24503914,0.006198347,-0.15490955,0.33343723,0.33343723,0.13842975,-0.07293585,0.3074426,0.3074426,0.010330578,-0.14574638,0.2617337,0.2617337,0.018595042,-0.11750117,0.32591283,0.32591283,0.07231405,-0.09928915,0.30587837,0.30587837,0.006198347,-0.12549216,economy_welfare,0.8140496,0.9974242,0.00023459342,0.99917364,0.23083307,0.3996945,0.99776566,0.056463532,0.54794794,0.000406064,0.023286305,0.9787228,0.99622726,0.004318886,0.986809,0.99908715,economy_welfare
trump1_c009,trump1,trump,en,2021-01-19,farewell_address,9,28,0.333,144,119,0.332942,0.332942,0.12190083,-0.074034244,0.84033614,0.37407097,0.37407097,0.20867768,-0.051177174,0.0,0.47168282,0.47168282,0.8904959,0.07139975,0.84033614,0.3159037,0.3159037,0.059917357,-0.078570545,0.0,0.30376452,0.30376452,0.04752066,-0.07527751,0.0,0.34343404,0.34343404,0.20041323,-0.051449925,0.84033614,0.4416929,0.4416929,0.45247933,-0.005586803,0.84033614,0.35934293,0.35934293,0.25413224,-0.03850913,0.0,0.3525382,0.3525382,0.1590909,-0.06018859,0.34031796,0.34031796,0.12603305,-0.05963072,0.38600332,0.38600332,0.38636363,-0.020369768,0.40977645,0.40977645,0.25413224,-0.043412536,0.33097798,0.33097798,0.21280992,-0.048256904,0.43680817,0.43680817,0.5764463,0.011606187,0.45734864,0.45734864,0.70454544,0.025978118,economy_welfare,0.43801656,0.9398582,0.0005023539,0.98209983,0.123629905,0.30362853,0.9870296,0.25137192,0.9941631,0.00047285442,0.06599504,0.4081588,0.99549675,0.13268304,0.9384914,0.9996274,future_reform_technology
trump1_c010,trump1,trump,en,2021-01-19,farewell_address,10,28,0.37,122,99,0.3307882,0.3307882,0.1053719,-0.07618806,0.0,0.41742754,0.41742754,0.45661157,-0.007820606,0.0,0.4745494,0.4745494,0.8987603,0.074266344,4.040404,0.33622336,0.33622336,0.11363637,-0.058250874,1.010101,0.31799006,0.31799006,0.08884297,-0.061051965,0.0,0.35266227,0.35266227,0.24586777,-0.042221695,1.010101,0.5273253,0.5273253,0.9566116,0.08004558,2.020202,0.35237274,0.35237274,0.22107439,-0.045479327,0.0,0.38078895,0.38078895,0.2747934,-0.031937838,0.34063637,0.34063637,0.1301653,-0.059312314,0.43520385,0.43520385,0.66322315,0.028830767,0.41126975,0.41126975,0.26652893,-0.04191923,0.33367082,0.33367082,0.2376033,-0.045564055,0.46960428,0.46960428,0.7623967,0.0444023,0.45827067,0.45827067,0.71694213,0.026900142,crisis_resilience,0.057851255,0.99750805,0.0022694687,0.99959075,0.82817584,0.10725033,0.9972585,0.99135584,0.4838923,0.005169658,0.070751965,0.99911517,0.9871044,0.07765743,0.99489516,0.9997305,economy_welfare
trump1_c011,trump1,trump,en,2021-01-19,farewell_address,11,28,0.407,92,76,0.28777504,0.28777504,0.035123967,-0.11920121,2.631579,0.38162485,0.38162485,0.2376033,-0.0436233,0.0,0.39266112,0.39266112,0.45661157,-0.007621944,1.3157895,0.34564942,0.34564942,0.14256199,-0.048824817,1.3157895,0.41501668,0.41501668,0.7665289,0.03597465,2.631579,0.32520103,0.32520103,0.11776859,-0.069682926,0.0,0.36812705,0.36812705,0.06818182,-0.07915264,0.0,0.3519252,0.3519252,0.21280992,-0.04592687,1.3157895,0.34435862,0.34435862,0.14256199,-0.06836817,0.31979692,0.31979692,0.059917357,-0.08015177,0.37326312,0.37326312,0.3161157,-0.033109963,0.3896988,0.3896988,0.16322315,-0.06349018,0.32813025,0.32813025,0.19628099,-0.051104635,0.39227214,0.39227214,0.28719008,-0.032929838,0.45309198,0.45309198,0.66735536,0.021721452,democracy_institutions,0.30991733,0.08525123,0.000103910665,0.0003733659,0.0017007223,0.9987454,0.038520414,0.0024726228,0.0021531414,0.00012243445,0.0014895172,0.077867545,0.9471371,0.022672437,0.77081,0.9944827,democracy_institutions
trump1_c012,trump1,trump,en,2021-01-19,farewell_address,12,28,0.444,124,107,0.34754652,0.34754652,0.1838843,-0.059429735,1.8691589,0.4807645,0.4807645,0.7913223,0.055516362,0.93457943,0.33171216,0.33171216,0.1053719,-0.06857091,0.93457943,0.3824743,0.3824743,0.4194215,-0.011999935,0.0,0.31012452,0.31012452,0.06404959,-0.06891751,0.93457943,0.31821686,0.31821686,0.10123967,-0.0766671,0.0,0.38641816,0.38641816,0.12603305,-0.060861528,0.0,0.2906538,0.2906538,0.026859503,-0.10719827,0.0,0.3904861,0.3904861,0.35743803,-0.022240698,0.32223833,0.32223833,0.07231405,-0.07771036,0.38554782,0.38554782,0.37396693,-0.020825267,0.37922254,0.37922254,0.13429752,-0.07396644,0.34684354,0.34684354,0.29545453,-0.03239134,0.37775576,0.37775576,0.21280992,-0.04744622,0.43059283,0.43059283,0.49380165,-0.0007776916,security_military,0.3719008,0.898366,0.9991306,0.00014036924,0.99469805,0.9949298,0.035144843,0.60665876,0.045543224,0.000712446,0.56436855,0.9996547,0.0030396497,0.05261896,0.9975962,0.99962735,security_military
trump1_c013,trump1,trump,en,2021-01-19,farewell_address,13,28,0.481,94,84,0.41870227,0.41870227,0.572314,0.011726022,2.3809524,0.49030668,0.49030668,0.84090906,0.06505853,0.0,0.40656292,0.40656292,0.588843,0.006279856,0.0,0.53389025,0.53389025,0.98966944,0.13941601,7.142857,0.3557853,0.3557853,0.31198347,-0.02325672,0.0,0.3804413,0.3804413,0.4070248,-0.014442652,0.0,0.46374813,0.46374813,0.63429755,0.016468436,0.0,0.34049553,0.34049553,0.16322315,-0.057356536,0.0,0.46154058,0.46154058,0.7747934,0.04881379,0.41157466,0.41157466,0.5640496,0.011625975,0.4106709,0.4106709,0.50206614,0.0042978227,0.39144766,0.39144766,0.17561984,-0.061741322,0.43742216,0.43742216,0.83264464,0.058187276,0.42289102,0.42289102,0.4896694,-0.0023109615,0.42589086,0.42589086,0.4318182,-0.0054796636,foreign_policy,0.14876038,0.96462256,0.9783433,0.029816542,0.9960083,0.6467392,0.37626493,0.84556025,0.02002344,0.003976228,0.4057872,0.8482115,0.5281684,0.84840786,0.98651344,0.9990782,foreign_policy
trump1_c014,trump1,trump,en,2021-01-19,farewell_address,14,28,0.519,81,70,0.31813717,0.31813717,0.07231405,-0.088839084,1.4285715,0.50274396,0.50274396,0.9028926,0.07749581,2.857143,0.35147852,0.35147852,0.20041323,-0.04880455,0.0,0.35161537,0.35161537,0.18801653,-0.04285887,0.0,0.30642056,0.30642056,0.055785123,-0.072621465,0.0,0.30036575,0.30036575,0.0392562,-0.094518214,0.0,0.38751453,0.38751453,0.13429752,-0.05976516,0.0,0.34088737,0.34088737,0.16735537,-0.056964695,0.0,0.37344384,0.37344384,0.2376033,-0.039282948,0.30158088,0.30158088,0.030991735,-0.09836781,0.364568,0.364568,0.27066115,-0.04180509,0.37015784,0.37015784,0.08471075,-0.08303115,0.33510837,0.33510837,0.24173553,-0.04412651,0.37618166,0.37618166,0.20041323,-0.04902032,0.3711934,0.3711934,0.10123967,-0.060177118,security_military,0.70247936,0.9988531,0.98964185,0.0009417798,0.89412105,0.14773953,0.5986789,0.11143446,0.9869418,0.027195055,0.08385287,0.99927497,0.9928231,0.06296183,0.9834307,0.9996245,national_identity
trump1_c015,trump1,trump,en,2021-01-19,farewell_address,15,28,0.556,88,70,0.39001304,0.39001304,0.4194215,-0.016963214,1.4285715,0.5266119,0.5266119,0.96900827,0.10136378,1.4285715,0.37351018,0.37351018,0.3285124,-0.026772887,0.0,0.50744045,0.50744045,0.97727275,0.11296621,4.285714,0.37110662,0.37110662,0.47727272,-0.007935405,0.0,0.3653713,0.3653713,0.29958677,-0.029512674,0.0,0.45431447,0.45431447,0.5433884,0.0070347786,0.0,0.3396487,0.3396487,0.1590909,-0.05820337,0.0,0.49111825,0.49111825,0.911157,0.07839146,0.40208858,0.40208858,0.50619835,0.0021398962,0.43555844,0.43555844,0.66735536,0.029185355,0.40568578,0.40568578,0.22107439,-0.047503203,0.43949932,0.43949932,0.84504133,0.06026444,0.43895257,0.43895257,0.5929752,0.013750583,0.43921348,0.43921348,0.54752064,0.007842958,foreign_policy,0.008264482,0.99798685,0.9995955,0.00018595056,0.999854,0.00184405,0.026683092,0.9976265,0.00033015272,0.98517185,0.9671476,0.99741906,0.007673307,0.99633217,0.99806386,0.99960333,foreign_policy
trump1_c016,trump1,trump,en,2021-01-19,farewell_address,16,28,0.593,88,77,0.37711167,0.37711167,0.32438016,-0.02986458,0.0,0.5010022,0.5010022,0.8904959,0.07575405,2.5974026,0.39590198,0.39590198,0.4896694,-0.0043810904,0.0,0.47147024,0.47147024,0.9318182,0.076996,1.2987013,0.34331122,0.34331122,0.2376033,-0.03573081,0.0,0.34893405,0.34893405,0.21280992,-0.045949906,0.0,0.43256563,0.43256563,0.3946281,-0.014714062,0.0,0.36138594,0.36138594,0.28305784,-0.03646612,1.2987013,0.4757534,0.4757534,0.84504133,0.06302661,0.43529075,0.43529075,0.7458678,0.035342067,0.44129705,0.44129705,0.7128099,0.03492397,0.4430231,0.4430231,0.47727272,-0.0101659,0.4037506,0.4037506,0.66735536,0.024515718,0.4279135,0.4279135,0.52272725,0.0027115047,0.4510011,0.4510011,0.63429755,0.019630581,foreign_policy,0.04132229,0.040922303,0.9726235,0.0001892475,0.9493416,0.048450954,0.037169296,0.075372905,0.00052337564,0.0012089459,0.9893166,0.9995408,0.19713756,0.08997298,0.9934006,0.99885756,security_military
trump1_c017,trump1,trump,en,2021-01-19,farewell_address,17,28,0.63,81,63,0.47898233,0.47898233,0.87396693,0.07200608,4.7619047,0.46368968,0.46368968,0.7252066,0.03844154,0.0,0.41317713,0.41317713,0.6136364,0.012894064,0.0,0.44965208,0.44965208,0.87396693,0.055177838,0.0,0.46655846,0.46655846,0.9442149,0.08751643,0.0,0.45597306,0.45597306,0.84917355,0.0610891,0.0,0.4635613,0.4635613,0.6301653,0.016281605,0.0,0.36021873,0.36021873,0.27066115,-0.03763333,0.0,0.46383607,0.46383607,0.7871901,0.051109284,0.43227506,0.43227506,0.71694213,0.03232637,0.38529912,0.38529912,0.36983472,-0.021073967,0.44418952,0.44418952,0.4855372,-0.008999467,0.50130105,0.50130105,0.9731405,0.12206617,0.5036674,0.5036674,0.8987603,0.07846543,0.49139753,0.49139753,0.8946281,0.060027003,democracy_institutions,0.07024795,0.9985047,0.12678516,0.47268352,0.119074814,0.99110544,0.9998687,0.78695047,0.016963702,0.0005625759,0.79199207,0.7999117,0.011995771,0.5799952,0.9290552,0.99985605,social_solidarity
trump1_c018,trump1,trump,en,2021-01-19,farewell_address,18,28,0.667,92,77,0.3428982,0.3428982,0.14256199,-0.06407806,0.0,0.41392577,0.41392577,0.44834712,-0.011322379,0.0,0.45440543,0.45440543,0.857438,0.05412236,0.0,0.3570922,0.3570922,0.2623967,-0.037382036,0.0,0.34354675,0.34354675,0.24173553,-0.03549528,0.0,0.36744082,0.36744082,0.303719,-0.02744314,1.2987013,0.45258954,0.45258954,0.53099173,0.00530985,0.0,0.3260766,0.3260766,0.1053719,-0.071775466,0.0,0.42805877,0.42805877,0.588843,0.015331984,0.37010992,0.37010992,0.28719008,-0.02983877,0.372671,0.372671,0.30785123,-0.033702075,0.41464007,0.41464007,0.29958677,-0.038548917,0.38560015,0.38560015,0.5764463,0.0063652694,0.43237948,0.43237948,0.55991733,0.007177502,0.44940084,0.44940084,0.6219008,0.018030316,economy_welfare,0.3264463,0.76313084,0.00056588004,0.2833846,0.69336915,0.30239108,0.9861113,0.75023264,0.00063371257,0.011642223,0.11367795,0.7719295,0.7276369,0.90066093,0.9168105,0.9995669,social_solidarity
trump1_c019,trump1,trump,en,2021-01-19,farewell_address,19,28,0.704,118,101,0.46998957,0.46998957,0.83264464,0.063013315,0.0,0.4099599,0.4099599,0.38636363,-0.015288234,0.0,0.38685852,0.38685852,0.4070248,-0.0134245455,0.0,0.3639431,0.3639431,0.303719,-0.030531138,0.0,0.45431048,0.45431048,0.9194215,0.07526845,0.990099,0.42555326,0.42555326,0.68801653,0.030669302,0.990099,0.4240119,0.4240119,0.3161157,-0.023267806,0.0,0.32212412,0.32212412,0.09297521,-0.07572794,0.0,0.38888514,0.38888514,0.34504133,-0.02384165,0.3849924,0.3849924,0.37809917,-0.0149562955,0.40351275,0.40351275,0.46900827,-0.0028603375,0.38819957,0.38819957,0.1590909,-0.06498942,0.4418931,0.4418931,0.85330576,0.06265822,0.48288307,0.48288307,0.84504133,0.057681084,0.44840622,0.44840622,0.6136364,0.017035693,democracy_institutions,0.08677685,0.9995045,0.02148663,0.021951528,0.73753643,0.8225101,0.99920374,0.05831901,0.0007451558,0.00057703455,0.8522297,0.9481725,0.0048485333,0.31237,0.9845383,0.99942636,national_identity
trump1_c020,trump1,trump,en,2021-01-19,farewell_address,20,28,0.741,87,76,0.46559906,0.46559906,0.8161157,0.058622807,2.631579,0.4524464,0.4524464,0.65909094,0.027198255,0.0,0.42889327,0.42889327,0.7293388,0.0286102,0.0,0.34640914,0.34640914,0.15082644,-0.048065096,0.0,0.3898954,0.3898954,0.6177686,0.01085338,2.631579,0.44516054,0.44516054,0.81198347,0.050276577,3.9473684,0.43212384,0.43212384,0.38636363,-0.015155852,0.0,0.33313486,0.33313486,0.12603305,-0.0647172,1.3157895,0.4029951,0.4029951,0.4235537,-0.00973168,0.3836273,0.3836273,0.36157024,-0.01632139,0.42232722,0.42232722,0.572314,0.015954137,0.4141962,0.4141962,0.29132232,-0.038992792,0.3942685,0.3942685,0.6095041,0.0150336325,0.50728846,0.50728846,0.9152893,0.08208647,0.42630613,0.42630613,0.44421488,-0.005064398,national_identity,0.004132211,0.97032434,0.0014021305,0.015967654,0.7336427,0.9886628,0.9996886,0.021781174,0.00014369754,0.00040211942,0.88508636,0.985814,0.5461633,0.027324531,0.99869674,0.99898577,social_solidarity
trump1_c021,trump1,trump,en,2021-01-19,farewell_address,21,28,0.778,101,90,0.5110035,0.5110035,0.9318182,0.10402724,4.4444447,0.5070884,0.5070884,0.9235537,0.08184028,0.0,0.4169695,0.4169695,0.65909094,0.01668644,0.0,0.4432292,0.4432292,0.84917355,0.04875496,1.1111112,0.398524,0.398524,0.65495867,0.019481957,0.0,0.41775352,0.41775352,0.65495867,0.022869557,1.1111112,0.5635514,0.5635514,0.9855372,0.116271734,3.3333333,0.3708622,0.3708622,0.33677685,-0.026989877,0.0,0.5561315,0.5561315,0.99793386,0.14340469,0.41388348,0.41388348,0.5764463,0.013934791,0.42477447,0.42477447,0.588843,0.018401384,0.43194968,0.43194968,0.42768595,-0.02123931,0.4918779,0.4918779,0.95247936,0.11264303,0.44419605,0.44419605,0.64669424,0.018994063,0.4356451,0.4356451,0.5144628,0.004274577,crisis_resilience,0.053718984,0.8681942,0.742515,0.00021654405,0.92918384,0.32215267,0.9231778,0.99273914,0.00022871332,0.008267597,0.03044435,0.6535693,0.008179984,0.9968642,0.007289078,0.7399395,crisis_resilience
trump1_c022,trump1,trump,en,2021-01-19,farewell_address,22,28,0.815,89,76,0.5874672,0.5874672,0.99793386,0.18049094,5.263158,0.5028551,0.5028551,0.9070248,0.077606976,0.0,0.43288544,0.43288544,0.75,0.03260237,0.0,0.43483728,0.43483728,0.7913223,0.040363044,0.0,0.43804452,0.43804452,0.8780992,0.05900249,0.0,0.49831548,0.49831548,0.9483471,0.10343152,2.631579,0.548806,0.548806,0.9731405,0.10152632,1.3157895,0.36811325,0.36811325,0.32438016,-0.029738814,0.0,0.49821335,0.49821335,0.9442149,0.08548656,0.4477885,0.4477885,0.84090906,0.04783982,0.4831822,0.4831822,0.8904959,0.07680911,0.44180834,0.44180834,0.46900827,-0.011380643,0.5042516,0.5042516,0.97727275,0.12501672,0.48706132,0.48706132,0.857438,0.06185934,0.4365344,0.4365344,0.52272725,0.005163878,national_identity,0.024793386,0.99980706,0.18757875,0.00014091856,0.5263428,0.031173313,0.9722044,0.7335473,0.00014230126,0.0034902105,0.684053,0.92602617,0.00022782186,0.2567388,0.9658995,0.9842458,national_identity
trump1_c023,trump1,trump,en,2021-01-19,farewell_address,23,28,0.852,173,146,0.54009384,0.54009384,0.97727275,0.13311759,3.4246576,0.42741394,0.42741394,0.5392562,0.0021657944,0.0,0.3696612,0.3696612,0.3161157,-0.030621856,0.0,0.3695919,0.3695919,0.3409091,-0.024882346,0.0,0.4266822,0.4266822,0.82024795,0.047640175,0.0,0.43601358,0.43601358,0.7789256,0.04112962,0.6849315,0.44115508,0.44115508,0.44834712,-0.0061246157,0.0,0.3409015,0.3409015,0.1714876,-0.05695057,0.0,0.46858016,0.46858016,0.803719,0.055853367,0.41854528,0.41854528,0.6136364,0.01859659,0.366772,0.366772,0.27892563,-0.039601088,0.36838633,0.36838633,0.07644628,-0.08480266,0.49868006,0.49868006,0.96900827,0.119445175,0.39769217,0.39769217,0.3285124,-0.027509809,0.38273817,0.38273817,0.16735537,-0.048632354,national_identity,0.1570248,0.93949836,0.0023504829,0.0003521251,0.22738355,0.4139509,0.65013415,0.32362056,0.00019716943,0.0018422531,0.56363314,0.98189265,0.00018450373,0.05241244,0.84887826,0.9148439,national_identity
trump1_c024,trump1,trump,en,2021-01-19,farewell_address,24,28,0.889,84,71,0.47685274,0.47685274,0.86570245,0.06987649,1.4084507,0.46232086,0.46232086,0.71694213,0.03707272,1.4084507,0.38529378,0.38529378,0.39876032,-0.014989287,0.0,0.36717588,0.36717588,0.32438016,-0.027298361,0.0,0.39506245,0.39506245,0.64669424,0.016020417,1.4084507,0.4344694,0.4344694,0.7541322,0.03958544,1.4084507,0.522998,0.522998,0.9359504,0.07571828,1.4084507,0.3453774,0.3453774,0.17975207,-0.052474678,0.0,0.4435331,0.4435331,0.69214875,0.030806303,0.39512223,0.39512223,0.45661157,-0.0048264563,0.43298894,0.43298894,0.65495867,0.026615858,0.4172081,0.4172081,0.3285124,-0.03598088,0.45469838,0.45469838,0.8780992,0.0754635,0.4652646,0.4652646,0.7334711,0.040062606,0.39176774,0.39176774,0.22107439,-0.039602786,crisis_resilience,0.07024795,0.41825128,0.6198021,0.0009907909,0.7021217,0.0037948343,0.44789797,0.8781315,0.0015307452,0.25717583,0.0025509123,0.997981,0.0006719279,0.9900636,0.9446383,0.9930961,crisis_resilience
trump1_c025,trump1,trump,en,2021-01-19,farewell_address,25,28,0.926,99,89,0.4530548,0.4530548,0.75,0.046078533,0.0,0.44748372,0.44748372,0.62603307,0.022235572,0.0,0.3480654,0.3480654,0.17975207,-0.052217662,0.0,0.37075818,0.37075818,0.3533058,-0.023716062,0.0,0.35077357,0.35077357,0.28305784,-0.028268456,0.0,0.4170442,0.4170442,0.642562,0.022160232,4.494382,0.41694677,0.41694677,0.25826445,-0.030332923,0.0,0.34649134,0.34649134,0.18801653,-0.051360726,0.0,0.4035604,0.4035604,0.42768595,-0.00916639,0.38078672,0.38078672,0.34504133,-0.01916197,0.46222466,0.46222466,0.81198347,0.05585158,0.44334227,0.44334227,0.48140496,-0.009846717,0.42229724,0.42229724,0.7623967,0.04306236,0.47716504,0.47716504,0.82438016,0.05196306,0.41210657,0.41210657,0.34917355,-0.019263953,national_identity,0.10743803,0.99959314,0.19726077,0.0026834398,0.5496406,0.32283276,0.99982053,0.9889706,0.0028118587,0.0016776673,0.8968627,0.9977128,0.0005347357,0.020449394,0.9987031,0.99918807,social_solidarity
trump1_c026,trump1,trump,en,2021-01-19,farewell_address,26,28,0.963,170,149,0.5246757,0.5246757,0.96487606,0.117699474,4.0268455,0.47907847,0.47907847,0.78305787,0.053830326,0.67114097,0.37754315,0.37754315,0.3409091,-0.022739917,0.0,0.43592274,0.43592274,0.7995868,0.041448504,1.3422819,0.40041953,0.40041953,0.66735536,0.021377504,0.0,0.41141593,0.41141593,0.6136364,0.016531974,0.67114097,0.47377175,0.47377175,0.7086777,0.02649206,0.0,0.34644338,0.34644338,0.1838843,-0.05140868,0.0,0.47468364,0.47468364,0.83677685,0.061956853,0.41379297,0.41379297,0.572314,0.013844281,0.44082862,0.44082862,0.7086777,0.034455538,0.4311471,0.4311471,0.41528925,-0.022041887,0.46759436,0.46759436,0.8987603,0.088359475,0.48058197,0.48058197,0.83677685,0.055379987,0.4384048,0.4384048,0.5433884,0.007034272,national_identity,0.16528928,0.9993108,0.16161774,0.001044386,0.96954125,0.4371626,0.9931162,0.9553608,0.0008279718,0.06371499,0.74562997,0.9995178,0.0046636546,0.9840936,0.9955446,0.9994715,national_identity
trump1_c027,trump1,trump,en,2021-01-19,farewell_address,27,28,1.0,123,109,0.46099275,0.46099275,0.7995868,0.0540165,3.6697247,0.41262546,0.41262546,0.4318182,-0.012622684,0.0,0.3909619,0.3909619,0.44008264,-0.009321183,0.0,0.3554869,0.3554869,0.2376033,-0.03898734,0.0,0.37511942,0.37511942,0.50206614,-0.0039226115,0.0,0.43128234,0.43128234,0.7458678,0.03639838,1.8348624,0.44303328,0.44303328,0.46487603,-0.0042464137,0.0,0.40378308,0.40378308,0.5516529,0.00593102,0.9174312,0.39626887,0.39626887,0.3822314,-0.016457915,0.39581805,0.39581805,0.4607438,-0.0041306317,0.42119312,0.42119312,0.5640496,0.014820039,0.49983856,0.49983856,0.75,0.046649575,0.40366843,0.40366843,0.66322315,0.024433553,0.47090852,0.47090852,0.7706612,0.04570654,0.49057066,0.49057066,0.8904959,0.059200138,national_identity,0.053718984,0.9957104,0.7783967,0.52658623,0.8308859,0.8928548,0.99975985,0.11945949,0.008372341,0.0012448432,0.7624462,0.013821962,0.32136682,0.025516601,0.7059371,0.99937487,social_solidarity
trump2_c000,trump2,trump,en,,composite_excerpts,0,2,0.0,99,80,0.35318494,0.35318494,0.19214876,-0.053791314,1.25,0.44945017,0.44945017,0.642562,0.024202019,0.0,0.33871728,0.33871728,0.13429752,-0.061565787,0.0,0.37319934,0.37319934,0.37396693,-0.021274894,1.25,0.34670764,0.34670764,0.25413224,-0.032334387,0.0,0.37882304,0.37882304,0.39049587,-0.016060919,2.5,0.43599832,0.43599832,0.4070248,-0.011281371,0.0,0.31758004,0.31758004,0.08057851,-0.08027202,0.0,0.460943,0.460943,0.7706612,0.048216224,0.3946507,0.3946507,0.44834712,-0.0052979887,0.32725197,0.32725197,0.1301653,-0.07912111,0.39316076,0.39316076,0.1838843,-0.060028225,0.4128561,0.4128561,0.7210744,0.03362122,0.38027215,0.38027215,0.22933884,-0.044929832,0.42511714,0.42511714,0.4194215,-0.0062533915,security_military,0.23553717,0.9990836,0.8610424,0.02405355,0.97728425,0.80995333,0.9992446,0.89138633,0.09829552,0.023464656,0.99210036,0.5954925,0.9872528,0.9972744,0.9986646,0.99957114,social_solidarity
trump2_c001,trump2,trump,en,,composite_excerpts,1,2,1.0,104,82,0.39279377,0.39279377,0.4318182,-0.014182478,1.2195122,0.5002519,0.5002519,0.8822314,0.07500374,1.2195122,0.51188695,0.51188695,0.9607438,0.111603886,1.2195122,0.39771336,0.39771336,0.53512394,0.003239125,0.0,0.39506665,0.39506665,0.65082645,0.01602462,2.4390244,0.37593696,0.37593696,0.36157024,-0.018947005,0.0,0.44907564,0.44907564,0.49380165,0.0017959476,0.0,0.39435095,0.39435095,0.49380165,-0.0035011172,0.0,0.47038615,0.47038615,0.8161157,0.057659358,0.38835612,0.38835612,0.41528925,-0.011592567,0.4555267,0.4555267,0.7871901,0.049153626,0.47650883,0.47650883,0.63429755,0.02331984,0.42682603,0.42682603,0.7789256,0.04759115,0.42960986,0.42960986,0.5433884,0.0044078827,0.5084638,0.5084638,0.9318182,0.07709327,economy_welfare,0.07851237,0.9994429,0.5316957,0.94864136,0.8834373,0.96860474,0.9627257,0.98362845,0.0011469156,0.058399513,0.18646513,0.9994715,0.9985018,0.9530352,0.99116117,0.9997585,national_identity
trump3_c000,trump3,trump,en,2017-01-20,inaugural_address,0,16,0.0,115,101,0.4600228,0.4600228,0.7913223,0.053046554,2.970297,0.4536549,0.4536549,0.66322315,0.02840674,0.0,0.4002281,0.4002281,0.5433884,-5.4955482e-05,0.0,0.4115337,0.4115337,0.6053719,0.017059475,0.990099,0.40875125,0.40875125,0.7210744,0.02970922,0.0,0.428841,0.428841,0.7210744,0.033957034,0.990099,0.4833523,0.4833523,0.79545456,0.03607261,2.970297,0.41139585,0.41139585,0.588843,0.013543785,0.0,0.44744623,0.44744623,0.7210744,0.034719437,0.45046046,0.45046046,0.85330576,0.050511777,0.43887717,0.43887717,0.69214875,0.03250408,0.49443692,0.49443692,0.7376033,0.041247934,0.43734044,0.43734044,0.8285124,0.05810556,0.51583284,0.51583284,0.94008267,0.09063086,0.50692594,0.50692594,0.927686,0.075555414,crisis_resilience,0.004132271,0.9995345,0.050190784,0.0016293088,0.894098,0.52445555,0.99901694,0.2260834,0.00032822453,0.00053578045,0.9957561,0.9795897,0.96178585,0.3418296,0.9997064,0.99975747,national_identity
trump3_c001,trump3,trump,en,2017-01-20,inaugural_address,1,16,0.067,107,86,0.39699003,0.39699003,0.45247933,-0.009986222,1.1627907,0.3798751,0.3798751,0.22933884,-0.045373052,0.0,0.4280573,0.4280573,0.71694213,0.027774245,1.1627907,0.36688823,0.36688823,0.32024795,-0.027586013,0.0,0.40895882,0.40895882,0.7252066,0.029916793,0.0,0.37428087,0.37428087,0.34917355,-0.02060309,0.0,0.4109531,0.4109531,0.22933884,-0.036326587,0.0,0.35997522,0.35997522,0.26652893,-0.037876844,0.0,0.38864133,0.38864133,0.3409091,-0.024085462,0.37213594,0.37213594,0.303719,-0.02781275,0.42388973,0.42388973,0.5847107,0.017516643,0.42137492,0.42137492,0.36983472,-0.03181407,0.4476047,0.4476047,0.86570245,0.068369806,0.4631811,0.4631811,0.7252066,0.037979126,0.4519657,0.4519657,0.66322315,0.020595163,democracy_institutions,0.008264482,0.97038054,0.2959416,0.09760522,0.7469705,0.9861247,0.9858821,0.11516224,0.009802816,0.001949402,0.04208773,0.9968519,0.016882466,0.17297365,0.75146586,0.99374056,democracy_institutions
trump3_c002,trump3,trump,en,2017-01-20,inaugural_address,2,16,0.133,90,77,0.46514285,0.46514285,0.81198347,0.058166593,2.5974026,0.4259348,0.4259348,0.5144628,0.0006866455,0.0,0.40013292,0.40013292,0.5392562,-0.0001501441,0.0,0.3561293,0.3561293,0.25,-0.03834495,0.0,0.39947554,0.39947554,0.65909094,0.020433515,0.0,0.4014182,0.4014182,0.5433884,0.0065342486,1.2987013,0.44552013,0.44552013,0.47727272,-0.0017595589,0.0,0.35849577,0.35849577,0.2376033,-0.03935629,0.0,0.43273315,0.43273315,0.6177686,0.020006359,0.39277726,0.39277726,0.44008264,-0.0071714222,0.427504,0.427504,0.6136364,0.02113092,0.422773,0.422773,0.37809917,-0.030415982,0.4637649,0.4637649,0.8946281,0.084530026,0.48386234,0.48386234,0.84917355,0.05866036,0.42840368,0.42840368,0.4731405,-0.002966851,national_identity,0.15289253,0.8603985,0.6757646,0.31132218,0.14404348,0.9921385,0.9940889,0.96805066,0.00012291357,0.00064999826,0.010150015,0.0054692747,0.00015781862,0.7094848,0.97737354,0.54522514,social_solidarity
trump3_c003,trump3,trump,en,2017-01-20,inaugural_address,3,16,0.2,93,74,0.49103838,0.49103838,0.9028926,0.08406213,2.7027028,0.41091412,0.41091412,0.39876032,-0.014334023,0.0,0.39969397,0.39969397,0.5268595,-0.0005891025,0.0,0.37868732,0.37868732,0.39876032,-0.015786916,0.0,0.43254763,0.43254763,0.857438,0.0535056,0.0,0.39031437,0.39031437,0.4855372,-0.00456959,0.0,0.42055538,0.42055538,0.28719008,-0.026724309,0.0,0.3658815,0.3658815,0.3161157,-0.03197056,0.0,0.42562917,0.42562917,0.5640496,0.012902379,0.40788072,0.40788072,0.53512394,0.007932037,0.43727046,0.43727046,0.6838843,0.030897379,0.44279534,0.44279534,0.4731405,-0.010393649,0.47134608,0.47134608,0.911157,0.0921112,0.4752394,0.4752394,0.80785125,0.050037414,0.46639425,0.46639425,0.7871901,0.03502372,national_identity,0.04545456,0.92234254,0.0014269595,0.00074515573,0.6233195,0.8525676,0.9944343,0.0014325365,0.00026272482,0.00031688946,0.021287354,0.96596384,0.002795477,0.48803937,0.88871056,0.9495759,social_solidarity
trump3_c004,trump3,trump,en,2017-01-20,inaugural_address,4,16,0.267,163,146,0.47517997,0.47517997,0.857438,0.06820372,2.739726,0.4574014,0.4574014,0.6838843,0.03215325,0.0,0.48335025,0.48335025,0.9194215,0.08306718,0.6849315,0.36834008,0.36834008,0.3285124,-0.026134163,0.6849315,0.4349805,0.4349805,0.8698347,0.055938482,0.0,0.44925255,0.44925255,0.82438016,0.054368585,0.6849315,0.48202762,0.48202762,0.7747934,0.03474793,0.0,0.43804854,0.43804854,0.7789256,0.04019648,2.0547945,0.47982013,0.47982013,0.857438,0.06709334,0.4262749,0.4262749,0.6838843,0.02632621,0.40984058,0.40984058,0.49380165,0.0034675002,0.4786154,0.4786154,0.63842976,0.025426418,0.4894456,0.4894456,0.9442149,0.11021072,0.4734435,0.4734435,0.79545456,0.048241526,0.4991825,0.4991825,0.9070248,0.067811966,economy_welfare,0.049586773,0.89358836,0.0026163394,0.011789214,0.2664527,0.13273925,0.99854773,0.6796041,0.00021612163,0.0018350843,0.0030455743,0.9993215,0.00026375282,0.99300176,0.21526825,0.988701,social_solidarity
trump3_c005,trump3,trump,en,2017-01-20,inaugural_address,5,16,0.333,136,114,0.48417,0.48417,0.8822314,0.07719374,1.754386,0.5142299,0.5142299,0.9483471,0.08898175,0.877193,0.44669455,0.44669455,0.82438016,0.046411484,1.754386,0.42801595,0.42801595,0.7293388,0.03354171,1.754386,0.36543313,0.36543313,0.4070248,-0.013608903,0.0,0.40392962,0.40392962,0.55991733,0.0090456605,0.0,0.4961028,0.4961028,0.83677685,0.04882312,0.0,0.3577817,0.3577817,0.23347108,-0.040070355,0.0,0.51008517,0.51008517,0.96900827,0.097358376,0.43281007,0.43281007,0.7252066,0.03286138,0.41019285,0.41019285,0.4979339,0.0038197637,0.4578368,0.4578368,0.53099173,0.004647821,0.49814805,0.49814805,0.96487606,0.11891317,0.4537778,0.4537778,0.696281,0.028575808,0.5032643,0.5032643,0.9152893,0.07189378,security_military,0.06611568,0.9983643,0.9759235,0.034140654,0.9825408,0.07776243,0.5818972,0.070080765,0.00017298902,0.895842,0.035931405,0.9991688,0.00025613976,0.9976632,0.8219034,0.9976009,national_identity
trump3_c006,trump3,trump,en,2017-01-20,inaugural_address,6,16,0.4,91,79,0.42246374,0.42246374,0.6136364,0.015487492,0.0,0.42649072,0.42649072,0.53099173,0.001242578,0.0,0.5386324,0.5386324,0.97727275,0.13834932,0.0,0.43658924,0.43658924,0.80785125,0.042115003,2.5316455,0.3491271,0.3491271,0.27066115,-0.029914916,0.0,0.38366586,0.38366586,0.4359504,-0.011218101,0.0,0.46411568,0.46411568,0.65082645,0.016835988,0.0,0.4063138,0.4063138,0.5640496,0.008461744,1.2658228,0.44336778,0.44336778,0.68801653,0.03064099,0.38722456,0.38722456,0.4070248,-0.012724131,0.44566393,0.44566393,0.7458678,0.039290845,0.47102547,0.47102547,0.6095041,0.017836481,0.46903157,0.46903157,0.9028926,0.08979669,0.39637053,0.39637053,0.31198347,-0.028831452,0.42710692,0.42710692,0.45661157,-0.0042636096,economy_welfare,0.1694215,0.82439125,0.12586904,0.9949593,0.7799929,0.011721147,0.86339164,0.08601587,0.0014103586,0.00023322323,0.007073256,0.9886024,0.00039511538,0.27279878,0.02904941,0.7958169,economy_welfare
trump3_c007,trump3,trump,en,2017-01-20,inaugural_address,7,16,0.467,83,70,0.44691327,0.44691327,0.70454544,0.03993702,0.0,0.4677176,0.4677176,0.7417355,0.042469442,0.0,0.4532276,0.4532276,0.85330576,0.05294454,2.857143,0.47020888,0.47020888,0.9235537,0.075734645,2.857143,0.3871098,0.3871098,0.6012397,0.008067757,0.0,0.3724079,0.3724079,0.33264464,-0.022476047,1.4285715,0.43923175,0.43923175,0.4318182,-0.008047938,0.0,0.4136449,0.4136449,0.6053719,0.015792847,0.0,0.49849892,0.49849892,0.9483471,0.08577213,0.42601818,0.42601818,0.67975205,0.026069492,0.39307123,0.39307123,0.4318182,-0.013301849,0.5106921,0.5106921,0.80785125,0.057503134,0.4953103,0.4953103,0.9607438,0.11607543,0.4204623,0.4204623,0.46487603,-0.004739672,0.52340543,0.52340543,0.95247936,0.092034906,foreign_policy,0.07024795,0.99926203,0.009259051,0.7489496,0.8716389,0.9648552,0.9206828,0.018689308,0.0009584648,0.00036543288,0.119922526,0.0013354009,0.99848413,0.11956225,0.8204695,0.9992282,national_identity
trump3_c008,trump3,trump,en,2017-01-20,inaugural_address,8,16,0.533,96,82,0.44551533,0.44551533,0.696281,0.03853908,0.0,0.48577768,0.48577768,0.80785125,0.06052953,0.0,0.4654854,0.4654854,0.8698347,0.065202326,3.6585367,0.4124003,0.4124003,0.6219008,0.017926067,1.2195122,0.37709177,0.37709177,0.53099173,-0.001950264,0.0,0.37518364,0.37518364,0.3533058,-0.019700319,0.0,0.45908552,0.45908552,0.588843,0.011805832,0.0,0.36435938,0.36435938,0.29958677,-0.033492684,0.0,0.51827484,0.51827484,0.97727275,0.105548054,0.419649,0.419649,0.6177686,0.019700319,0.3652195,0.3652195,0.2747934,-0.04115358,0.4588042,0.4588042,0.5392562,0.0056152046,0.52042425,0.52042425,0.98966944,0.14118937,0.4107694,0.4107694,0.411157,-0.014432579,0.5197014,0.5197014,0.9483471,0.088330895,economy_welfare,0.061983466,0.9979771,0.9951843,0.84727407,0.9965837,0.961171,0.9982658,0.98704207,0.32124704,0.6627419,0.031514283,0.5712883,0.974092,0.9969898,0.9911441,0.99969643,social_solidarity
trump3_c009,trump3,trump,en,2017-01-20,inaugural_address,9,16,0.6,92,85,0.4649883,0.4649883,0.80785125,0.05801204,4.7058825,0.460957,0.460957,0.7004132,0.035708845,0.0,0.5097997,0.5097997,0.95247936,0.10951665,0.0,0.4864927,0.4864927,0.95247936,0.092018455,1.1764706,0.4304279,0.4304279,0.84917355,0.05138588,0.0,0.42835,0.42835,0.7128099,0.03346604,0.0,0.453522,0.453522,0.53512394,0.006242305,1.1764706,0.44951046,0.44951046,0.80785125,0.051658392,0.0,0.48391944,0.48391944,0.8822314,0.07119265,0.47349948,0.47349948,0.9194215,0.07355079,0.4000234,0.4000234,0.45661157,-0.006349683,0.5520952,0.5520952,0.9194215,0.09890619,0.5123981,0.5123981,0.98140496,0.13316324,0.4431548,0.4431548,0.63842976,0.01795283,0.58961725,0.58961725,0.99793386,0.15824673,economy_welfare,0.0,0.8617856,0.0041581606,0.039899886,0.859695,0.6639958,0.9967141,0.036977552,0.28590748,0.0005203196,0.5152541,0.10729124,0.9978636,0.016947424,0.47207496,0.99953353,social_solidarity
trump3_c010,trump3,trump,en,2017-01-20,inaugural_address,10,16,0.667,99,89,0.4875546,0.4875546,0.8987603,0.08057836,1.1235955,0.5299191,0.5299191,0.97727275,0.10467094,1.1235955,0.41051123,0.41051123,0.6053719,0.010228157,0.0,0.49616432,0.49616432,0.96900827,0.101690084,2.247191,0.4298753,0.4298753,0.84504133,0.050833285,0.0,0.465525,0.465525,0.8698347,0.07064104,0.0,0.47231328,0.47231328,0.68801653,0.025033593,0.0,0.41536593,0.41536593,0.6301653,0.017513871,0.0,0.5555588,0.5555588,0.99380165,0.14283201,0.49870628,0.49870628,0.96487606,0.098757595,0.38836277,0.38836277,0.41528925,-0.018010318,0.49255067,0.49255067,0.7086777,0.039361686,0.5739044,0.5739044,0.99793386,0.19466951,0.44180495,0.44180495,0.6177686,0.016602963,0.53810775,0.53810775,0.9855372,0.106737226,security_military,0.008264482,0.9997575,0.8165435,0.0008592477,0.966108,0.7264863,0.9985336,0.95132345,0.0004520924,0.17265955,0.9975513,0.89695305,0.732544,0.79609436,0.47999114,0.99965674,national_identity
trump3_c011,trump3,trump,en,2017-01-20,inaugural_address,11,16,0.733,106,91,0.5614451,0.5614451,0.9855372,0.15446886,2.1978023,0.5213826,0.5213826,0.9607438,0.096134424,1.0989012,0.38234618,0.38234618,0.37396693,-0.017936885,0.0,0.41172302,0.41172302,0.6095041,0.01724878,0.0,0.42089796,0.42089796,0.81198347,0.04185593,1.0989012,0.5207921,0.5207921,0.97727275,0.12590817,2.1978023,0.48903108,0.48903108,0.82024795,0.041751385,0.0,0.33411458,0.33411458,0.1301653,-0.06373748,0.0,0.51533943,0.51533943,0.9731405,0.102612644,0.530045,0.530045,0.99793386,0.13009629,0.378537,0.378537,0.34917355,-0.027836084,0.41887474,0.41887474,0.34504133,-0.034314245,0.5279334,0.5279334,0.99380165,0.14869854,0.48419845,0.48419845,0.85330576,0.05899647,0.4516631,0.4516631,0.65495867,0.02029258,national_identity,0.008264422,0.99944615,0.9966949,0.00012387749,0.62406445,0.13511792,0.9978843,0.056652423,8.7502995e-05,0.0006732405,0.9986462,0.809276,0.0007687913,0.055043377,0.417984,0.99739635,national_identity
trump3_c012,trump3,trump,en,2017-01-20,inaugural_address,12,16,0.8,80,71,0.4574084,0.4574084,0.7747934,0.050432146,1.4084507,0.43945682,0.43945682,0.588843,0.014208674,0.0,0.4379942,0.4379942,0.7871901,0.037711143,0.0,0.40720046,0.40720046,0.5764463,0.0127262175,0.0,0.41358042,0.41358042,0.75,0.03453839,0.0,0.3921462,0.3921462,0.50619835,-0.0027377605,0.0,0.47821844,0.47821844,0.7458678,0.030938745,0.0,0.46077442,0.46077442,0.84504133,0.06292236,0.0,0.48490703,0.48490703,0.8863636,0.07218024,0.44053262,0.44053262,0.7871901,0.04058394,0.4223321,0.4223321,0.5764463,0.015959024,0.54208827,0.54208827,0.8987603,0.088899285,0.49103457,0.49103457,0.9483471,0.11179969,0.44117805,0.44117805,0.6053719,0.015976071,0.5350071,0.5350071,0.9731405,0.10363659,future_reform_technology,0.057851255,0.9952448,0.7433544,0.43542135,0.9216931,0.99623823,0.99929035,0.85639244,0.025401514,0.00036543282,0.20890427,0.93327135,0.2630311,0.9910666,0.06910465,0.992282,social_solidarity
trump3_c013,trump3,trump,en,2017-01-20,inaugural_address,13,16,0.867,86,73,0.50733113,0.50733113,0.927686,0.10035488,1.369863,0.48990145,0.48990145,0.83264464,0.06465331,0.0,0.4797833,0.4797833,0.9070248,0.07950023,0.0,0.43507907,0.43507907,0.79545456,0.04060483,0.0,0.40199006,0.40199006,0.6714876,0.022948027,0.0,0.4266231,0.4266231,0.696281,0.031739146,0.0,0.5655673,0.5655673,0.98966944,0.11828762,1.369863,0.4895154,0.4895154,0.9318182,0.09166333,0.0,0.51875377,0.51875377,0.98140496,0.10602698,0.46411145,0.46411145,0.9152893,0.06416276,0.4433757,0.4433757,0.7252066,0.037002623,0.55283964,0.55283964,0.9235537,0.09965065,0.47704214,0.47704214,0.9318182,0.09780726,0.47016686,0.47016686,0.7665289,0.04496488,0.523458,0.523458,0.9566116,0.09208748,crisis_resilience,0.057851255,0.20056747,0.38126275,0.050752386,0.97760713,0.0048203436,0.7647159,0.82003754,0.70639306,0.025371313,0.005384938,0.00094361923,0.9997403,0.99501777,0.2536761,0.99969584,foreign_policy
trump3_c014,trump3,trump,en,2017-01-20,inaugural_address,14,16,0.933,108,94,0.5387282,0.5387282,0.9731405,0.13175192,0.0,0.52775866,0.52775866,0.9731405,0.10251051,1.0638298,0.39561033,0.39561033,0.48140496,-0.004672736,0.0,0.38090375,0.38090375,0.411157,-0.0135704875,0.0,0.409209,0.409209,0.7293388,0.030166984,1.0638298,0.4767434,0.4767434,0.9070248,0.08185944,0.0,0.47778207,0.47778207,0.7417355,0.030502379,0.0,0.3588643,0.3588643,0.25,-0.038987756,0.0,0.4969527,0.4969527,0.9359504,0.08422592,0.45410478,0.45410478,0.8698347,0.054156095,0.45037764,0.45037764,0.7665289,0.04400456,0.42941448,0.42941448,0.39876032,-0.023774505,0.5148281,0.5148281,0.9855372,0.1355932,0.5086752,0.5086752,0.9194215,0.083473235,0.441922,0.441922,0.55991733,0.010551482,national_identity,0.0,0.99686414,0.9598044,0.00017674513,0.23265865,0.0033050792,0.9990054,0.54477113,0.00013711804,0.0055873855,0.075176395,0.9793738,0.0009528706,0.5538032,0.32637882,0.9973425,social_solidarity
trump3_c015,trump3,trump,en,2017-01-20,inaugural_address,15,16,1.0,110,91,0.46588057,0.46588057,0.82024795,0.05890432,0.0,0.41090733,0.41090733,0.3946281,-0.014340818,0.0,0.37617403,0.37617403,0.33264464,-0.024109036,0.0,0.35655656,0.35655656,0.25413224,-0.037917674,0.0,0.35205203,0.35205203,0.29545453,-0.026989996,0.0,0.38641015,0.38641015,0.46487603,-0.0084738135,3.2967033,0.42837846,0.42837846,0.34917355,-0.018901229,0.0,0.3602556,0.3602556,0.27892563,-0.037596464,0.0,0.4297881,0.4297881,0.6053719,0.017061323,0.40125924,0.40125924,0.50206614,0.0013105571,0.36925176,0.36925176,0.29132232,-0.037121326,0.46325117,0.46325117,0.5847107,0.010062188,0.4505533,0.4505533,0.8698347,0.07131842,0.43122208,0.43122208,0.5516529,0.006020099,0.47970736,0.47970736,0.86157024,0.048336834,national_identity,0.35537192,0.9997598,0.7405498,0.72985685,0.9231778,0.20922722,0.99940467,0.42871168,0.00027694734,0.00044335198,0.9796384,0.85639244,0.99902457,0.030938225,0.99552727,0.99950445,national_identity
