chunk_id,speech_id,leader,language,speech_date,speech_type,chunk_index,n_chunks_in_speech,relative_position,token_count,word_count,national_identity_cos,national_identity_cos_en,national_identity_pct,national_identity_rel,national_identity_kw,security_military_cos,security_military_cos_en,security_military_pct,security_military_rel,security_military_kw,economy_welfare_cos,economy_welfare_cos_en,economy_welfare_pct,economy_welfare_rel,economy_welfare_kw,foreign_policy_cos,foreign_policy_cos_en,foreign_policy_pct,foreign_policy_rel,foreign_policy_kw,democracy_institutions_cos,democracy_institutions_cos_en,democracy_institutions_pct,democracy_institutions_rel,democracy_institutions_kw,social_solidarity_cos,social_solidarity_cos_en,social_solidarity_pct,social_solidarity_rel,social_solidarity_kw,crisis_resilience_cos,crisis_resilience_cos_en,crisis_resilience_pct,crisis_resilience_rel,crisis_resilience_kw,future_reform_technology_cos,future_reform_technology_cos_en,future_reform_technology_pct,future_reform_technology_rel,future_reform_technology_kw,conflict_threat_framing_cos,conflict_threat_framing_cos_en,conflict_threat_framing_pct,conflict_threat_framing_rel,cooperation_solidarity_framing_cos,cooperation_solidarity_framing_cos_en,cooperation_solidarity_framing_pct,cooperation_solidarity_framing_rel,top_theme_emb,top_theme_margin,national_identity_nli,security_military_nli,economy_welfare_nli,foreign_policy_nli,democracy_institutions_nli,social_solidarity_nli,crisis_resilience_nli,future_reform_technology_nli,conflict_threat_framing_nli,cooperation_solidarity_framing_nli,top_theme_nli
erdogan1_c000,erdogan1,erdogan,tr,,symposium_speech,0,11,0.0,127,51,0.52226967,0.49694005,0.6637931,0.025631636,0.0,0.4809004,0.4694882,0.50517243,0.0023619533,3.9215686,0.4602042,0.4357444,0.41206896,-0.011670262,0.0,0.47567654,0.4562143,0.4948276,0.00078228116,0.0,0.43146756,0.42391676,0.30172414,-0.02794522,0.0,0.50553846,0.43016618,0.55,0.009004325,1.9607843,0.60074604,0.53198445,0.92241377,0.0836156,0.0,0.5046284,0.4508817,0.35344827,-0.025322378,0.0,0.4685631,0.45516813,0.7258621,0.029082626,0.4584152,0.44757235,0.38448277,-0.018199474,crisis_resilience,0.25862068,0.6278371,0.0054374957,0.00047193226,0.8352149,0.0007364808,0.86488205,0.11735701,0.00011104446,0.9525741,0.0020229532,social_solidarity
erdogan1_c001,erdogan1,erdogan,tr,,symposium_speech,1,11,0.1,128,53,0.46174186,0.46000668,0.25344828,-0.034896165,3.7735848,0.4152881,0.43468565,0.09827586,-0.06325036,0.0,0.43475035,0.41714925,0.25344828,-0.037124127,0.0,0.48507515,0.45891094,0.5672414,0.010180891,1.8867924,0.5200589,0.5178561,0.8913793,0.060646087,5.6603775,0.40829396,0.36240274,0.077586204,-0.08824018,1.8867924,0.50712276,0.4231189,0.4224138,-0.010007679,0.0,0.4616812,0.41982093,0.15344827,-0.06826961,0.0,0.4058924,0.37922496,0.24655172,-0.03358808,0.4116959,0.3759892,0.12241379,-0.06491879,democracy_institutions,0.32413793,0.99703634,0.029929746,9.134448e-05,0.83702135,0.99801993,0.90211487,0.92690146,8.092757e-05,0.00075688143,0.02973191,democracy_institutions
erdogan1_c002,erdogan1,erdogan,tr,,symposium_speech,2,11,0.2,141,62,0.55630684,0.5266465,0.8672414,0.05966881,3.2258065,0.5489944,0.53693044,0.9293103,0.07045597,0.0,0.5792928,0.56018734,0.95,0.1074183,1.6129032,0.5651963,0.544708,0.97068965,0.09030202,0.0,0.57814544,0.54723525,0.9672414,0.11873266,1.6129032,0.53651243,0.50893867,0.75344825,0.039978296,0.0,0.63325465,0.5870003,0.98448277,0.11612421,0.0,0.6045352,0.552078,0.8637931,0.074584424,0.0,0.4810058,0.49987665,0.7948276,0.041525304,0.4944656,0.48848942,0.6086207,0.017850906,crisis_resilience,0.013793111,0.9267359,0.24981311,0.2890204,0.6913932,0.3366581,0.14962845,0.99788016,0.00013058452,0.0005636751,0.026430633,crisis_resilience
erdogan1_c003,erdogan1,erdogan,tr,,symposium_speech,3,11,0.3,95,44,0.48297536,0.47021967,0.40172413,-0.013662666,2.2727273,0.43849117,0.44627148,0.21896552,-0.040047288,0.0,0.46646142,0.42091084,0.47068965,-0.0054130554,2.2727273,0.49444377,0.46734822,0.65689653,0.019549519,0.0,0.50834453,0.5161052,0.85,0.048931748,4.5454545,0.44071501,0.38527578,0.17068966,-0.055819124,0.0,0.5239327,0.45691904,0.5603448,0.006802261,0.0,0.5237564,0.4852895,0.46724138,-0.0061944127,0.0,0.438232,0.41164142,0.46724138,-0.0012484789,0.4788949,0.4125538,0.51551723,0.0022802055,democracy_institutions,0.19310349,0.7240906,0.034488525,0.0002642683,0.8698805,0.05134372,0.012895588,0.8776473,0.00023276829,0.00066931,0.00502115,crisis_resilience
erdogan1_c004,erdogan1,erdogan,tr,,symposium_speech,4,11,0.4,107,46,0.54507184,0.55395687,0.8189655,0.04843381,4.347826,0.48715842,0.51016986,0.5465517,0.008619964,0.0,0.4787019,0.47359014,0.55344826,0.006827414,0.0,0.5519503,0.51878977,0.9396552,0.07705602,0.0,0.59356976,0.58411634,0.987931,0.13415697,6.521739,0.4897555,0.46383953,0.42586207,-0.0067786276,4.347826,0.54145724,0.49560624,0.6810345,0.024326801,0.0,0.54029447,0.53358674,0.5810345,0.010343671,0.0,0.42563152,0.43301547,0.3913793,-0.01384896,0.44921964,0.444288,0.31896552,-0.02739504,democracy_institutions,0.04827583,0.00062878407,0.21617694,0.00091819017,0.2938096,0.7738152,0.45362484,0.5607338,0.00064368563,0.0005506248,0.01200735,democracy_institutions
erdogan1_c005,erdogan1,erdogan,tr,,symposium_speech,5,11,0.5,117,49,0.5416411,0.4916436,0.787931,0.045003086,4.0816326,0.5059899,0.513793,0.712069,0.027451456,0.0,0.48925632,0.47018206,0.6431034,0.017381847,2.0408163,0.53749824,0.4984153,0.89827585,0.06260398,0.0,0.6043538,0.5842454,0.9982759,0.144941,6.122449,0.51089776,0.44806594,0.6051724,0.014363617,0.0,0.55169284,0.49742916,0.7396552,0.03456241,0.0,0.55159456,0.5037293,0.6431034,0.021643758,0.0,0.44470426,0.4494577,0.52931035,0.005223781,0.48885328,0.47520632,0.5741379,0.012238592,democracy_institutions,0.100000024,0.98488384,0.21946555,0.00029944468,0.8976056,0.9978427,0.99941045,0.8466094,0.00041894842,0.0049822694,0.21157971,social_solidarity
erdogan1_c006,erdogan1,erdogan,tr,,symposium_speech,6,11,0.6,92,44,0.47892535,0.44996768,0.37413794,-0.017712682,2.2727273,0.50164115,0.48893717,0.67413795,0.0231027,0.0,0.48858282,0.4606336,0.6362069,0.016708344,0.0,0.48852962,0.47989917,0.59827584,0.013635367,0.0,0.53937614,0.53697264,0.9362069,0.079963356,9.090909,0.4389117,0.39786792,0.16724138,-0.057622433,0.0,0.516556,0.47508538,0.49137932,-0.00057440996,4.5454545,0.5610889,0.5603351,0.6913793,0.031138122,0.0,0.4728691,0.4567235,0.7603448,0.033388615,0.45529056,0.42041218,0.35689655,-0.021324128,democracy_institutions,0.24482757,0.018599968,0.07091265,0.00047193223,0.9603798,0.84394336,0.06159315,0.68357795,0.00025315638,0.0027954772,0.00029886057,foreign_policy
erdogan1_c007,erdogan1,erdogan,tr,,symposium_speech,7,11,0.7,93,33,0.5147293,0.49920475,0.6224138,0.018091291,3.030303,0.47261846,0.47045425,0.45,-0.005919993,0.0,0.4654179,0.42163134,0.46034482,-0.0064565837,3.030303,0.47401598,0.45487747,0.47068965,-0.00087827444,0.0,0.51565844,0.51016563,0.87068963,0.056245655,12.121212,0.4572189,0.42536438,0.24655172,-0.039315253,3.030303,0.46969968,0.45677364,0.21551724,-0.047430754,0.0,0.5010778,0.46795216,0.32586208,-0.028873026,0.0,0.4542806,0.45264494,0.61206895,0.014800131,0.4577666,0.4494997,0.37758622,-0.018848091,democracy_institutions,0.24827582,0.14175786,0.061438117,0.008942055,0.34070447,0.8843393,0.76919943,0.44335938,0.010298249,0.0043738233,0.0024919678,democracy_institutions
erdogan1_c008,erdogan1,erdogan,tr,,symposium_speech,8,11,0.8,91,44,0.5576763,0.5131071,0.87413794,0.061038285,9.090909,0.44064313,0.43026757,0.23965517,-0.03789532,0.0,0.46192083,0.41399792,0.42931035,-0.009953648,0.0,0.45638782,0.43078226,0.35,-0.018506438,0.0,0.48753047,0.5026064,0.72931033,0.028117687,6.818182,0.47418678,0.41992772,0.35344827,-0.02234736,0.0,0.4758598,0.40675914,0.23620689,-0.041270643,0.0,0.53716147,0.49431568,0.55,0.007210672,0.0,0.40248185,0.40823698,0.21206896,-0.03699863,0.45746818,0.44478565,0.36724138,-0.019146502,national_identity,0.1448276,0.9966036,0.78711414,0.0076214294,0.91471064,0.9266446,0.99496907,0.8565425,0.26435834,0.0016581542,0.11864015,national_identity
erdogan1_c009,erdogan1,erdogan,tr,,symposium_speech,9,11,0.9,104,43,0.52839684,0.5041366,0.69482756,0.031758815,4.6511626,0.48994786,0.49129543,0.5948276,0.011409402,0.0,0.48309392,0.44981688,0.59827584,0.011219442,0.0,0.51674056,0.4980037,0.81551725,0.041846305,0.0,0.5875902,0.59110475,0.9741379,0.12817743,4.6511626,0.5136521,0.46618736,0.6327586,0.017117947,0.0,0.5042654,0.45242327,0.39827585,-0.012865007,0.0,0.50526285,0.47915578,0.36724138,-0.024687946,0.0,0.41348296,0.4155447,0.29827586,-0.02599752,0.4662536,0.45097888,0.43965518,-0.010361075,democracy_institutions,0.15862066,0.7594039,0.7010995,0.06587475,0.7676899,0.982815,0.96276945,0.034586214,0.046486307,0.002773783,0.07230848,democracy_institutions
erdogan1_c010,erdogan1,erdogan,tr,,symposium_speech,10,11,1.0,132,52,0.54726756,0.5237971,0.82931036,0.050629526,5.769231,0.54225993,0.51929283,0.91206896,0.06372148,0.0,0.5396962,0.48984838,0.8465517,0.06782174,0.0,0.54508626,0.5230273,0.9155173,0.07019201,0.0,0.59912896,0.56306976,0.9913793,0.13971618,0.0,0.48492387,0.42915875,0.39482757,-0.01161027,0.0,0.5239277,0.4750104,0.55689657,0.006797254,0.0,0.51310545,0.47925565,0.39827585,-0.016845345,0.0,0.46259463,0.47335172,0.6775862,0.023114145,0.49792424,0.48701492,0.62586206,0.021309555,democracy_institutions,0.07586205,0.98535615,0.6340903,0.066402495,0.8935883,0.9989162,0.9078243,0.5073237,0.383295,0.02430702,0.61450964,democracy_institutions
erdogan2022_c000,erdogan2022,erdogan,tr,2022-12-31,new_year_message,0,17,0.0,113,38,0.47750425,0.47366512,0.35,-0.019133776,5.263158,0.4204529,0.41653374,0.112068966,-0.05808556,0.0,0.37757844,0.35001493,0.053448275,-0.09429604,0.0,0.39147925,0.36614498,0.056896552,-0.083415,0.0,0.35534686,0.36978713,0.0120689655,-0.104065925,0.0,0.45844504,0.3955377,0.25,-0.038089097,0.0,0.4449048,0.39631236,0.094827585,-0.07222563,2.631579,0.4551503,0.41248292,0.115517244,-0.07480049,0.0,0.41346925,0.39890826,0.29482758,-0.026011229,0.3997279,0.41629097,0.10172414,-0.07688677,national_identity,0.099999994,0.93859005,0.0018785204,0.00020422302,0.27708158,0.014199681,0.9868407,0.25379166,0.035194553,0.003907215,0.0048203436,social_solidarity
erdogan2022_c001,erdogan2022,erdogan,tr,2022-12-31,new_year_message,1,17,0.062,111,43,0.45679602,0.43819714,0.22931035,-0.03984201,2.3255813,0.4035605,0.4212839,0.0637931,-0.074977964,0.0,0.3798286,0.36731452,0.0637931,-0.09204587,0.0,0.37029594,0.37752253,0.015517241,-0.10459831,0.0,0.37628937,0.38328636,0.03275862,-0.083123416,0.0,0.41646576,0.41578275,0.09827586,-0.08006838,0.0,0.5081263,0.4601062,0.43275863,-0.009004116,2.3255813,0.4539675,0.42565292,0.112068966,-0.075983286,0.0,0.3517555,0.3726493,0.04310345,-0.08772498,0.34070957,0.362921,0.0120689655,-0.13590512,crisis_resilience,0.20344828,0.99977577,0.16000333,0.00063867954,0.107771546,0.2512341,0.9995669,0.83648777,0.00035143827,0.00048595606,0.4127077,national_identity
erdogan2022_c002,erdogan2022,erdogan,tr,2022-12-31,new_year_message,2,17,0.125,110,34,0.4787584,0.4238245,0.37068966,-0.017879635,5.882353,0.3771888,0.40195265,0.018965518,-0.10134965,0.0,0.3974618,0.36003065,0.118965514,-0.07441267,0.0,0.39156377,0.37674055,0.060344826,-0.08333048,0.0,0.467238,0.43788034,0.5465517,0.007825226,2.9411764,0.44577459,0.39277443,0.20172414,-0.050759554,0.0,0.47748724,0.3984591,0.25,-0.0396432,0.0,0.45998955,0.42932755,0.14655173,-0.06996125,0.0,0.3449623,0.36025178,0.03965517,-0.094518185,0.366146,0.3753472,0.03275862,-0.110468686,democracy_institutions,0.17586204,0.8617129,0.002917855,0.120879166,0.022780888,0.70866644,0.96286565,0.9349616,0.0014579035,0.0001641044,0.0030994155,social_solidarity
erdogan2022_c003,erdogan2022,erdogan,tr,2022-12-31,new_year_message,3,17,0.188,103,38,0.49240178,0.44099277,0.43965518,-0.004236251,5.263158,0.411835,0.4217638,0.07413793,-0.06670344,0.0,0.46320412,0.42756,0.44310346,-0.00867036,0.0,0.40239394,0.38210985,0.08793104,-0.07250032,0.0,0.44094795,0.46293348,0.37068966,-0.018464833,5.263158,0.42811483,0.40080404,0.13275862,-0.06841931,0.0,0.46879417,0.419644,0.20517242,-0.048336267,0.0,0.55615664,0.5192138,0.6534483,0.026205838,0.0,0.4050575,0.3635941,0.23620689,-0.034422994,0.44606677,0.3975735,0.28103447,-0.030547917,future_reform_technology,0.21034482,0.885136,0.13980694,0.5520568,0.72370017,0.65555656,0.96492136,0.023870831,0.17217188,9.063369e-05,0.34169233,social_solidarity
erdogan2022_c004,erdogan2022,erdogan,tr,2022-12-31,new_year_message,4,17,0.25,102,37,0.41960913,0.40882486,0.10172414,-0.0770289,0.0,0.4631726,0.45547855,0.38448277,-0.015365839,0.0,0.37703097,0.35210004,0.05,-0.09484351,0.0,0.37618744,0.37903875,0.022413794,-0.09870681,0.0,0.40618452,0.40790305,0.17758621,-0.05322826,0.0,0.36714843,0.3365535,0.015517241,-0.12938571,0.0,0.43374372,0.45431405,0.060344826,-0.08338672,0.0,0.44013637,0.42083472,0.060344826,-0.089814425,0.0,0.42065805,0.40884697,0.35689655,-0.018822432,0.35865855,0.32974976,0.022413794,-0.11795613,security_military,0.20689656,0.8143483,0.980034,0.00017674515,0.9601188,0.1305623,0.14614818,0.99912554,0.00025915826,0.004485795,0.0003535028,crisis_resilience
erdogan2022_c005,erdogan2022,erdogan,tr,2022-12-31,new_year_message,5,17,0.312,115,40,0.4624989,0.42614773,0.26034483,-0.034139127,0.0,0.53152823,0.50674224,0.8568966,0.05298978,0.0,0.46738493,0.41768253,0.4810345,-0.004489541,2.5,0.4650432,0.43499303,0.4224138,-0.009851068,2.5,0.42202917,0.40395284,0.26034483,-0.037383616,0.0,0.44738063,0.38312262,0.20517242,-0.049153507,0.0,0.5470556,0.5240221,0.7224138,0.029925168,2.5,0.5252645,0.46841282,0.4810345,-0.004686296,0.0,0.5226812,0.45887667,0.95689654,0.08320069,0.42581517,0.39373216,0.1637931,-0.05079952,security_military,0.1344828,0.86408126,0.9977569,0.52463824,0.96923697,0.008552606,0.8730255,0.99974287,0.0016809419,0.97097814,0.002441507,crisis_resilience
erdogan2022_c006,erdogan2022,erdogan,tr,2022-12-31,new_year_message,6,17,0.375,90,29,0.5491272,0.49742725,0.8362069,0.05248919,6.8965516,0.5804527,0.5592898,0.987931,0.10191423,6.8965516,0.5118811,0.46580523,0.7603448,0.040006638,3.4482758,0.50148785,0.4832219,0.712069,0.026593596,0.0,0.47376847,0.4297335,0.61206895,0.014355689,0.0,0.5225543,0.44490778,0.69827586,0.02602014,0.0,0.5690648,0.53427815,0.8189655,0.05193436,6.8965516,0.5561875,0.46424398,0.65689653,0.026236713,0.0,0.5434112,0.49212897,0.98448277,0.10393071,0.49656707,0.46620536,0.61206895,0.019952387,security_military,0.1517241,0.9974836,0.9233421,0.43692234,0.6370308,0.35633466,0.9810583,0.9592498,0.00043818902,0.49292037,0.9663471,national_identity
erdogan2022_c007,erdogan2022,erdogan,tr,2022-12-31,new_year_message,7,17,0.438,118,38,0.4665361,0.4164725,0.28793103,-0.030101925,0.0,0.5048866,0.464565,0.69827586,0.026348174,0.0,0.52305555,0.49526948,0.80517244,0.051181078,2.631579,0.474752,0.44355643,0.48448277,-0.00014224648,2.631579,0.41733783,0.3900667,0.22931035,-0.04207495,0.0,0.45105195,0.4082495,0.21896552,-0.04548219,0.0,0.63875365,0.59888834,0.987931,0.12162322,5.263158,0.5862886,0.5270041,0.80172414,0.056337774,0.0,0.46235394,0.4531716,0.67068964,0.022873461,0.47953326,0.4287997,0.5224138,0.0029185712,crisis_resilience,0.18275857,0.99973106,0.55374664,0.9970248,0.9858549,0.23766439,0.9686789,0.9997023,0.22142433,0.0015578484,0.8490974,national_identity
erdogan2022_c008,erdogan2022,erdogan,tr,2022-12-31,new_year_message,8,17,0.5,107,43,0.4413584,0.39978838,0.14655173,-0.055279642,0.0,0.43619165,0.42860526,0.20172414,-0.042346805,2.3255813,0.551048,0.539051,0.88793105,0.079173505,9.302325,0.49518517,0.44643736,0.6672414,0.020290911,9.302325,0.42902577,0.3698095,0.2913793,-0.030387014,0.0,0.46645153,0.39828432,0.31206897,-0.030082613,0.0,0.56922823,0.504264,0.8224138,0.052097797,2.3255813,0.4809589,0.44038987,0.23965517,-0.04899189,0.0,0.4437583,0.4206555,0.5224138,0.0042778254,0.4599826,0.384646,0.38793105,-0.01663208,economy_welfare,0.06551725,0.9577545,0.00030061635,0.92059356,0.9536434,0.0004100472,0.0037072527,0.9962419,0.0006932423,0.29861918,0.001452228,crisis_resilience
erdogan2022_c009,erdogan2022,erdogan,tr,2022-12-31,new_year_message,9,17,0.562,105,49,0.5526668,0.46368265,0.85,0.056028754,4.0816326,0.43877235,0.41675645,0.2224138,-0.039766103,0.0,0.592726,0.5471771,0.98448277,0.12085152,4.0816326,0.4676902,0.39053202,0.4362069,-0.007204056,0.0,0.48018646,0.3942482,0.67068964,0.020773679,0.0,0.52220017,0.44590133,0.69482756,0.025666028,0.0,0.6209387,0.4843687,0.96034485,0.103808284,0.0,0.48188025,0.42282656,0.25,-0.04807055,0.0,0.42912334,0.38553327,0.40172413,-0.0103571415,0.48064035,0.42912036,0.52931035,0.004025668,economy_welfare,0.024137914,0.9878235,0.0015011823,0.99688846,0.7855555,0.72174317,0.9944934,0.7423736,0.01161977,0.00012460536,0.43880025,economy_welfare
erdogan2022_c010,erdogan2022,erdogan,tr,2022-12-31,new_year_message,10,17,0.625,142,53,0.48876452,0.4261617,0.42931035,-0.007873505,0.0,0.4721803,0.47124666,0.4465517,-0.0063581467,0.0,0.5977905,0.56536365,0.9913793,0.125916,7.5471697,0.48830444,0.45379162,0.5948276,0.013410181,1.8867924,0.4402848,0.38393307,0.36724138,-0.019127995,0.0,0.4939829,0.39729157,0.45,-0.0025512278,1.8867924,0.6210984,0.51953167,0.9637931,0.103967965,3.7735848,0.5085324,0.44686228,0.3810345,-0.021418393,0.0,0.45063034,0.41261527,0.5913793,0.0111498535,0.4797883,0.40206158,0.5258621,0.0031736195,economy_welfare,0.027586222,0.998772,0.68568313,0.99917686,0.9935993,0.80984056,0.997116,0.99983233,0.59913343,0.020527788,0.03685603,crisis_resilience
erdogan2022_c011,erdogan2022,erdogan,tr,2022-12-31,new_year_message,11,17,0.688,115,42,0.44826514,0.42206585,0.16724138,-0.048372895,0.0,0.43438476,0.42299774,0.18448275,-0.04415369,0.0,0.4483075,0.4065652,0.34655172,-0.023566961,2.3809524,0.5286015,0.50688803,0.87413794,0.05370727,7.142857,0.4057808,0.34352636,0.17413794,-0.05363199,0.0,0.49009323,0.43528706,0.42931035,-0.0064409077,0.0,0.63224995,0.5553486,0.98103446,0.11511952,4.7619047,0.467426,0.39558423,0.16724138,-0.062524796,0.0,0.44111478,0.44335237,0.5017241,0.0016342998,0.4881227,0.4334798,0.5672414,0.011508018,crisis_resilience,0.10689652,0.993255,0.0012375797,0.0002896683,0.8292847,0.00042637464,0.66809577,0.9553608,0.016466174,8.382305e-05,0.71668977,national_identity
erdogan2022_c012,erdogan2022,erdogan,tr,2022-12-31,new_year_message,12,17,0.75,131,44,0.4642458,0.41137463,0.2637931,-0.032392234,0.0,0.518336,0.51493,0.80172414,0.039797544,4.5454545,0.46918058,0.42642093,0.4948276,-0.0026938915,0.0,0.46455747,0.44260752,0.41896552,-0.0103367865,0.0,0.40416482,0.34791207,0.1637931,-0.055247962,0.0,0.44837284,0.36600474,0.21206896,-0.048161298,0.0,0.5184963,0.4635293,0.51896554,0.0013658404,0.0,0.46794596,0.405698,0.17068966,-0.062004834,0.0,0.5108552,0.48120788,0.9327586,0.071374714,0.45753363,0.41726565,0.37068966,-0.019081056,security_military,0.2827586,0.9959693,0.994536,0.09021314,0.9106498,0.029619431,0.20521654,0.86522406,0.0033634924,0.1442091,0.0019043304,national_identity
erdogan2022_c013,erdogan2022,erdogan,tr,2022-12-31,new_year_message,13,17,0.812,116,40,0.4552893,0.40633267,0.21551724,-0.041348726,2.5,0.4245714,0.42168474,0.12241379,-0.05396706,0.0,0.5155851,0.4802595,0.7741379,0.04371065,0.0,0.41362315,0.40765876,0.112068966,-0.0612711,0.0,0.3795791,0.32679254,0.05,-0.07983369,0.0,0.42996836,0.37267363,0.14655173,-0.06656578,0.0,0.524238,0.45688388,0.5672414,0.007107556,0.0,0.544969,0.4893484,0.60172415,0.015018225,0.0,0.3770185,0.36574203,0.09827586,-0.062461972,0.39640367,0.36267912,0.08448276,-0.08021101,economy_welfare,0.17241377,0.069763236,0.000106790896,0.0037580938,0.0026522598,0.0020072423,0.08411582,0.85262895,0.0016356753,0.00012558253,0.0032858332,crisis_resilience
erdogan2022_c014,erdogan2022,erdogan,tr,2022-12-31,new_year_message,14,17,0.875,81,28,0.4563821,0.43146348,0.2224138,-0.040255934,3.5714285,0.44261336,0.43390715,0.25,-0.03592509,0.0,0.46232694,0.42011628,0.4362069,-0.009547532,3.5714285,0.45427066,0.46358898,0.33620688,-0.020623595,3.5714285,0.41240907,0.39193437,0.20862068,-0.047003716,0.0,0.44453013,0.40201643,0.19482759,-0.05200401,0.0,0.4547989,0.42898694,0.118965514,-0.062331527,0.0,0.58131754,0.5268054,0.7844828,0.051366746,0.0,0.38917,0.39125624,0.14310345,-0.050310493,0.39750558,0.38629538,0.08793104,-0.0791091,future_reform_technology,0.34827587,0.96914953,0.015350576,0.006003596,0.8450434,0.083441176,0.95875067,0.18824933,0.14466164,0.0010670425,0.034815196,national_identity
erdogan2022_c015,erdogan2022,erdogan,tr,2022-12-31,new_year_message,15,17,0.938,86,31,0.55293727,0.49837217,0.8534483,0.05629924,0.0,0.49871495,0.48820958,0.6465517,0.0201765,0.0,0.5528697,0.5077555,0.89827585,0.0809952,3.2258065,0.5503778,0.5004055,0.9327586,0.07548353,0.0,0.5784306,0.53287524,0.97068965,0.11901781,3.2258065,0.53281504,0.46968198,0.7258621,0.0362809,0.0,0.5622505,0.50161606,0.79137933,0.04512006,0.0,0.6049844,0.54374915,0.8672414,0.075033605,0.0,0.5011044,0.458608,0.8948276,0.06162393,0.56110847,0.49496046,0.9258621,0.084493786,democracy_institutions,0.037931025,0.78280777,0.001030219,0.98965186,0.9495934,0.66693074,0.9582261,0.1701285,0.00035836728,0.0009869321,0.010110844,economy_welfare
erdogan2022_c016,erdogan2022,erdogan,tr,2022-12-31,new_year_message,16,17,1.0,138,50,0.55709463,0.5051311,0.87068963,0.060456604,4.0,0.46277902,0.46020028,0.3810345,-0.015759438,0.0,0.46960106,0.44570872,0.5017241,-0.0022734106,2.0,0.45298755,0.45095336,0.31896552,-0.021906704,0.0,0.42072228,0.41370198,0.24310344,-0.038690507,0.0,0.50065047,0.45148182,0.51551723,0.0041163266,0.0,0.5215924,0.46722972,0.55344826,0.004461944,0.0,0.61376315,0.56284046,0.8913793,0.083812356,2.0,0.42254066,0.41464913,0.37068966,-0.016939819,0.4559166,0.42935178,0.36034483,-0.02069807,future_reform_technology,0.020689666,0.97909576,0.105624974,0.28537196,0.59478664,0.41513598,0.9986061,0.040162582,0.06640251,0.00046371287,0.42202812,social_solidarity
erdogan2023_c000,erdogan2023,erdogan,tr,2023-12-31,new_year_message,0,19,0.0,106,39,0.5241343,0.47947693,0.6810345,0.027496248,2.5641026,0.42155647,0.43340224,0.115517244,-0.05698198,0.0,0.4519341,0.4391093,0.36034483,-0.019940376,0.0,0.45112824,0.43148026,0.3051724,-0.023766011,0.0,0.3879146,0.3988691,0.08448276,-0.071498185,0.0,0.49443892,0.441539,0.45689654,-0.0020952225,0.0,0.51812947,0.44961047,0.51551723,0.0009990335,0.0,0.5886483,0.5375847,0.8189655,0.05869752,0.0,0.39851236,0.40259546,0.19137931,-0.04096812,0.44222903,0.44614,0.2637931,-0.03438565,future_reform_technology,0.13793099,0.76348376,0.04766911,0.237134,0.9343428,0.3339375,0.9983611,0.0017683519,0.45713675,0.00020502215,0.30486888,social_solidarity
erdogan2023_c001,erdogan2023,erdogan,tr,2023-12-31,new_year_message,1,19,0.056,95,35,0.5358003,0.47693297,0.74655175,0.03916225,0.0,0.5232918,0.512905,0.8224138,0.044753373,2.857143,0.46258113,0.42645967,0.43965518,-0.009293348,0.0,0.48131126,0.46323544,0.53965515,0.0064170063,5.714286,0.42829007,0.3847144,0.28793103,-0.031122714,0.0,0.5265701,0.4747443,0.712069,0.030035943,0.0,0.615935,0.53345704,0.9534483,0.09880459,0.0,0.57328296,0.50860536,0.75344825,0.04333216,2.857143,0.48667127,0.47631213,0.84310347,0.047190785,0.46886268,0.4715135,0.45689654,-0.0077520013,crisis_resilience,0.1310345,0.016931158,0.00065126823,0.0025212683,0.04254283,0.007093863,0.99333304,0.70214725,0.00024298552,0.00031937408,0.004166256,social_solidarity
erdogan2023_c002,erdogan2023,erdogan,tr,2023-12-31,new_year_message,2,19,0.111,86,35,0.46591845,0.43421066,0.28103447,-0.030719578,0.0,0.52702034,0.5095639,0.83965516,0.04848188,2.857143,0.3860752,0.38146585,0.08448276,-0.08579928,0.0,0.50385,0.49041465,0.7362069,0.028955728,8.571428,0.4914719,0.4895865,0.75344825,0.032059103,5.714286,0.4947343,0.44428846,0.46034482,-0.0017998517,2.857143,0.48188716,0.43581468,0.27068967,-0.035243273,0.0,0.45810845,0.40319487,0.1362069,-0.07184234,0.0,0.47375304,0.45910686,0.7637931,0.03427255,0.48955697,0.4809003,0.5810345,0.012942284,security_military,0.08620691,0.99349916,0.9894193,0.000101503836,0.9913725,0.99042207,0.99729025,0.99861145,0.00023140866,0.7899637,0.1609572,crisis_resilience
erdogan2023_c003,erdogan2023,erdogan,tr,2023-12-31,new_year_message,3,19,0.167,127,44,0.5062501,0.46507394,0.54310346,0.009612054,0.0,0.5172852,0.49201906,0.787931,0.038746774,4.5454545,0.46498403,0.4432282,0.45689654,-0.006890446,2.2727273,0.49283904,0.4789849,0.6327586,0.017944783,2.2727273,0.48755926,0.43265676,0.73275864,0.028146476,0.0,0.5291895,0.49105388,0.7155172,0.032655388,0.0,0.5853079,0.5033235,0.88793105,0.06817746,0.0,0.52505565,0.4530252,0.47413793,-0.0048951507,2.2727273,0.4780048,0.4924049,0.7775862,0.03852433,0.47107655,0.4811909,0.46724138,-0.0055381358,crisis_resilience,0.100000024,0.21712996,0.9832306,0.22219338,0.99073195,0.0030693875,0.8786791,0.94742966,7.572843e-05,0.9994046,0.000886499,foreign_policy
erdogan2023_c004,erdogan2023,erdogan,tr,2023-12-31,new_year_message,4,19,0.222,84,36,0.58931255,0.5219339,0.9741379,0.09267452,0.0,0.47888526,0.45954713,0.48793104,0.00034680963,0.0,0.46820098,0.4375715,0.48793104,-0.0036734939,0.0,0.58296824,0.5628874,0.987931,0.10807398,11.111111,0.47761962,0.42891276,0.65689653,0.018206835,2.7777777,0.5619255,0.5269857,0.8603448,0.06539133,2.7777777,0.57333624,0.47701302,0.84310347,0.05620581,0.0,0.5886458,0.49968508,0.81551725,0.05869502,0.0,0.43687612,0.46926016,0.45344827,-0.0026043653,0.5357516,0.54427785,0.85,0.059136897,foreign_policy,0.013793111,0.9984513,0.6136997,0.17967446,0.9029952,0.6961649,0.9893165,0.29767406,0.009984571,0.0048203436,0.7168137,national_identity
erdogan2023_c005,erdogan2023,erdogan,tr,2023-12-31,new_year_message,5,19,0.278,85,33,0.5932529,0.5304369,0.98103446,0.09661487,3.030303,0.48135608,0.48365945,0.5086207,0.0028176308,3.030303,0.5480596,0.51540416,0.8810345,0.07618511,3.030303,0.54438776,0.52311605,0.9086207,0.0694935,6.060606,0.49155855,0.4834276,0.75689656,0.03214577,0.0,0.5556947,0.51131,0.82931036,0.05916056,0.0,0.5420532,0.5059586,0.69482756,0.024922788,3.030303,0.533195,0.4668399,0.5224138,0.0032442212,3.030303,0.4716943,0.49156755,0.75689656,0.032213807,0.5331696,0.52043474,0.84310347,0.056554943,national_identity,0.07241374,0.99944395,0.9734561,0.6893056,0.9767525,0.9467692,0.99949074,0.9872158,0.008976736,0.42059958,0.8878139,social_solidarity
erdogan2023_c006,erdogan2023,erdogan,tr,2023-12-31,new_year_message,6,19,0.333,98,31,0.5140911,0.47854578,0.61551726,0.017453045,0.0,0.5296874,0.5072643,0.85,0.05114895,0.0,0.4762481,0.44918758,0.5327586,0.00437361,0.0,0.59531504,0.56021225,0.99482757,0.120420784,6.451613,0.46558556,0.43324995,0.52931035,0.006172776,0.0,0.57624865,0.51129776,0.91206896,0.07971451,6.451613,0.5973009,0.5297979,0.91206896,0.08017045,0.0,0.56213975,0.48036015,0.69827586,0.032188952,0.0,0.5313045,0.51223963,0.9637931,0.091823995,0.6281792,0.57877845,0.9982759,0.15156451,foreign_policy,0.082758605,0.79402584,0.0002653024,0.0017240939,0.8315111,0.43962708,0.9996893,0.022243667,0.00016219282,0.00012436225,0.9989246,social_solidarity
erdogan2023_c007,erdogan2023,erdogan,tr,2023-12-31,new_year_message,7,19,0.389,83,28,0.51957333,0.46091998,0.6465517,0.022935301,3.5714285,0.46973312,0.45447657,0.42586207,-0.008805335,0.0,0.45246604,0.41145042,0.36724138,-0.019408435,0.0,0.41360697,0.39683437,0.10862069,-0.061287284,0.0,0.44351745,0.3809661,0.39482757,-0.015895337,0.0,0.50429416,0.4210562,0.53965515,0.007760018,0.0,0.53853047,0.4636775,0.6534483,0.021400034,0.0,0.521838,0.47862986,0.45689654,-0.008112788,0.0,0.43835646,0.4142079,0.47413793,-0.0011240244,0.4190673,0.39690366,0.15,-0.05754739,crisis_resilience,0.0068965554,0.9922894,0.69904906,0.010834135,0.9443888,0.0049149487,0.9900443,0.9970073,0.08285954,0.09195128,0.0034162789,crisis_resilience
erdogan2023_c008,erdogan2023,erdogan,tr,2023-12-31,new_year_message,8,19,0.444,125,48,0.5269712,0.43633026,0.68793106,0.030333191,4.1666665,0.44341564,0.42669666,0.26034483,-0.03512281,0.0,0.425452,0.4051363,0.21206896,-0.04642248,0.0,0.50175107,0.44878018,0.71896553,0.02685681,6.25,0.5049298,0.44311106,0.8224138,0.045516998,2.0833333,0.5488731,0.47239432,0.81206894,0.052338988,4.1666665,0.5585551,0.4664634,0.7775862,0.04142469,0.0,0.49149212,0.43342176,0.2913793,-0.038458675,0.0,0.44911504,0.4304083,0.5672414,0.009634554,0.5011935,0.47620782,0.65689653,0.02457884,democracy_institutions,0.010344863,0.9978843,0.084795415,0.12581532,0.98911864,0.5715275,0.9989698,0.90494496,0.00045386096,0.00048500835,0.99285084,social_solidarity
erdogan2023_c009,erdogan2023,erdogan,tr,2023-12-31,new_year_message,9,19,0.5,87,34,0.5724167,0.49679396,0.92241377,0.07577869,2.9411764,0.603545,0.55354047,0.99482757,0.12500656,2.9411764,0.52524126,0.4951192,0.81206894,0.05336678,2.9411764,0.5190039,0.49830726,0.8362069,0.044109672,0.0,0.5047692,0.47443634,0.8189655,0.045356423,0.0,0.51936466,0.44200295,0.67413795,0.022830516,0.0,0.6317242,0.5495957,0.9775862,0.114593744,2.9411764,0.5583405,0.48803017,0.67413795,0.028389692,0.0,0.55716544,0.51583654,0.99482757,0.11768496,0.51970387,0.46865752,0.7603448,0.04308918,security_military,0.017241359,0.161717,0.8090875,0.24148935,0.7898828,0.01756003,0.14596549,0.98862433,0.00014174657,0.026695773,0.00019871553,crisis_resilience
erdogan2023_c010,erdogan2023,erdogan,tr,2023-12-31,new_year_message,10,19,0.556,89,33,0.51138365,0.45926028,0.58793104,0.014745623,0.0,0.5091647,0.4884935,0.72931033,0.030626237,0.0,0.48406383,0.43910378,0.6086207,0.0121893585,3.030303,0.46759355,0.45477915,0.43275863,-0.0073007047,0.0,0.446364,0.37366375,0.4086207,-0.013048798,0.0,0.4296193,0.38263416,0.13965517,-0.06691483,0.0,0.5468314,0.49402463,0.7155172,0.029700994,3.030303,0.52116215,0.4607871,0.45,-0.008788645,0.0,0.5057212,0.45682347,0.9086207,0.06624073,0.44656146,0.39495325,0.2913793,-0.030053228,security_military,0.013793111,0.92344576,0.7930258,0.5486735,0.9675121,0.4739007,0.79232365,0.98775876,0.013808656,0.78727776,0.00030415886,crisis_resilience
erdogan2023_c011,erdogan2023,erdogan,tr,2023-12-31,new_year_message,11,19,0.611,93,37,0.57443154,0.52250695,0.9293103,0.07779351,0.0,0.55873585,0.53295773,0.94655174,0.080197394,2.7027028,0.52290356,0.50012404,0.80172414,0.051029086,2.7027028,0.57747614,0.53573483,0.98103446,0.10258189,2.7027028,0.58896935,0.5209974,0.9775862,0.12955657,5.4054055,0.5455909,0.5044044,0.7948276,0.04905674,0.0,0.5860861,0.52304727,0.8913793,0.06895566,0.0,0.56592983,0.49272677,0.7155172,0.035979033,0.0,0.5186386,0.494325,0.94655174,0.07915813,0.5669376,0.5164159,0.9534483,0.09032294,foreign_policy,0.003448248,0.8992984,0.9068596,0.6374823,0.9409934,0.9504023,0.9992022,0.9923341,0.15443976,0.050494257,0.66164964,social_solidarity
erdogan2023_c012,erdogan2023,erdogan,tr,2023-12-31,new_year_message,12,19,0.667,94,35,0.5550798,0.47373495,0.8603448,0.058441788,8.571428,0.4524992,0.44702464,0.3086207,-0.026039243,0.0,0.4449364,0.39421436,0.32586208,-0.02693808,0.0,0.4485296,0.40617383,0.29827586,-0.026364654,0.0,0.46857268,0.4158324,0.5637931,0.009159893,0.0,0.5017662,0.4376279,0.52931035,0.005232066,0.0,0.61941594,0.5180545,0.95689654,0.102285504,2.857143,0.52520347,0.46879724,0.4775862,-0.004747331,0.0,0.4554472,0.4146858,0.6224138,0.015966713,0.45412415,0.41382563,0.35344827,-0.022490531,crisis_resilience,0.09655172,0.99908537,0.93015754,0.27532452,0.92213243,0.92102087,0.99861413,0.9997918,0.02266162,0.1973671,0.8065671,crisis_resilience
erdogan2023_c013,erdogan2023,erdogan,tr,2023-12-31,new_year_message,13,19,0.722,116,37,0.5624683,0.48137712,0.89827585,0.06583026,2.7027028,0.47785634,0.4490609,0.4810345,-0.00068211555,0.0,0.44371408,0.40282187,0.31896552,-0.028160393,0.0,0.44675317,0.41760674,0.27413794,-0.028141081,0.0,0.44894755,0.39905939,0.42586207,-0.0104652345,0.0,0.5148349,0.45476282,0.6431034,0.018300742,2.7027028,0.5171181,0.4279498,0.5017241,-1.23381615e-05,0.0,0.5334464,0.46690232,0.5327586,0.003495574,0.0,0.41548848,0.3957922,0.31206897,-0.023992002,0.4714369,0.43100956,0.47068965,-0.005177796,national_identity,0.25517243,0.9995851,0.23493282,0.002169992,0.85506624,0.31880316,0.9996692,0.12597652,0.003442981,0.00016964367,0.9996527,social_solidarity
erdogan2023_c014,erdogan2023,erdogan,tr,2023-12-31,new_year_message,14,19,0.778,94,28,0.5294925,0.44967377,0.7051724,0.032854468,0.0,0.49459985,0.47600362,0.6189655,0.016061395,3.5714285,0.46483156,0.41884565,0.45344827,-0.0070429146,3.5714285,0.52831614,0.5004042,0.87068963,0.053421885,0.0,0.50220674,0.43202972,0.80517244,0.04279396,0.0,0.50772107,0.4607219,0.5810345,0.011186928,0.0,0.6230223,0.5052423,0.97068965,0.10589188,0.0,0.5048007,0.43319035,0.36034483,-0.02515012,0.0,0.4858716,0.43699583,0.8327586,0.04639113,0.5061195,0.43639648,0.6913793,0.029504806,crisis_resilience,0.100000024,0.9846642,0.97470105,0.59243083,0.8384815,0.0026886722,0.7594262,0.9858004,0.00020105745,0.80802935,0.044348583,crisis_resilience
erdogan2023_c015,erdogan2023,erdogan,tr,2023-12-31,new_year_message,15,19,0.833,98,39,0.5050529,0.42619503,0.5362069,0.008414894,0.0,0.5162176,0.49124986,0.77068967,0.037679136,2.5641026,0.47920915,0.4384439,0.5603448,0.0073346794,0.0,0.47041303,0.45411533,0.45,-0.004481226,0.0,0.46511963,0.41282076,0.5258621,0.0057068467,0.0,0.46327382,0.41403347,0.28793103,-0.033260316,0.0,0.5623125,0.494529,0.7982759,0.04518205,0.0,0.5056039,0.44757482,0.37413794,-0.024346888,0.0,0.4850874,0.42698127,0.8224138,0.04560691,0.41614652,0.37966657,0.13275862,-0.060468167,crisis_resilience,0.027586222,0.17763248,0.9757855,0.24472384,0.9091234,0.046464663,0.8091252,0.98535615,0.0010965895,0.27289566,0.0029810327,crisis_resilience
erdogan2023_c016,erdogan2023,erdogan,tr,2023-12-31,new_year_message,16,19,0.889,98,34,0.68451476,0.6217255,0.9982759,0.18787673,8.823529,0.54279786,0.54493076,0.9155173,0.06425941,0.0,0.4992306,0.45680642,0.7051724,0.027356118,2.9411764,0.5082959,0.5184314,0.7775862,0.03340164,0.0,0.5029812,0.49582112,0.8086207,0.043568403,0.0,0.5475571,0.49554518,0.8086207,0.051022977,0.0,0.5700886,0.52027607,0.82931036,0.05295819,2.9411764,0.5388003,0.47014254,0.5637931,0.008849502,0.0,0.55116975,0.4982034,0.9913793,0.11168927,0.52365553,0.4658636,0.7982759,0.04704085,national_identity,0.082758605,0.9995479,0.6399611,0.011883446,0.73048216,0.80654806,0.99898773,0.87658155,4.0377905e-05,0.05649606,0.27493504,national_identity
erdogan2023_c017,erdogan2023,erdogan,tr,2023-12-31,new_year_message,17,19,0.944,125,39,0.46016586,0.41495723,0.24655172,-0.03647217,0.0,0.46113384,0.44508034,0.37068966,-0.017404616,0.0,0.48646712,0.4449054,0.62586206,0.014592648,2.5641026,0.4613595,0.40627247,0.38448277,-0.0135347545,5.1282053,0.39879483,0.36762762,0.14310345,-0.060617954,0.0,0.4345466,0.393758,0.15689655,-0.06198755,0.0,0.5424736,0.49766642,0.69827586,0.02534318,5.1282053,0.5485561,0.50202143,0.6224138,0.018605292,0.0,0.46760896,0.4162526,0.71896553,0.028128475,0.47564688,0.40806705,0.50517243,-0.0009678006,crisis_resilience,0.0724138,0.99407744,0.33068728,0.66893435,0.98196197,0.089375086,0.97974527,0.9946774,0.0019570168,0.009642974,0.019252691,crisis_resilience
erdogan2023_c018,erdogan2023,erdogan,tr,2023-12-31,new_year_message,18,19,1.0,103,36,0.49569538,0.45354283,0.45689654,-0.00094264746,5.5555553,0.46255744,0.4358105,0.37758622,-0.015981019,0.0,0.43920738,0.42005402,0.28793103,-0.0326671,0.0,0.4469192,0.43727148,0.27758622,-0.027975053,0.0,0.3886537,0.37219435,0.09137931,-0.07075909,0.0,0.45981488,0.42008805,0.2637931,-0.036719263,2.7777777,0.50473404,0.45386827,0.4051724,-0.012396395,2.7777777,0.5584588,0.5097245,0.6775862,0.028508008,0.0,0.41434425,0.395091,0.3086207,-0.025136232,0.4198141,0.4096126,0.15344827,-0.056800574,future_reform_technology,0.22068965,0.9587892,0.32327324,0.0043063057,0.9698854,0.2574091,0.9958012,0.31095585,0.28806815,0.010388216,0.20971236,social_solidarity
erdogan2024_c000,erdogan2024,erdogan,tr,2024-12-31,new_year_message,0,16,0.0,106,36,0.5079309,0.44935888,0.5603448,0.011292845,2.7777777,0.41166386,0.41413522,0.070689656,-0.06687459,0.0,0.4333683,0.41180775,0.24655172,-0.03850618,0.0,0.4382259,0.42976463,0.20172414,-0.03666836,0.0,0.37671307,0.38158008,0.036206897,-0.082699716,0.0,0.4565601,0.43234426,0.24310344,-0.039974034,0.0,0.51620054,0.44602698,0.48448277,-0.00092989206,0.0,0.59408796,0.5242424,0.8362069,0.06413716,0.0,0.38959786,0.3781142,0.14655173,-0.04988262,0.4349929,0.42755055,0.2224138,-0.041621774,future_reform_technology,0.2758621,0.77398604,0.0015639361,0.06611553,0.8357518,0.029118354,0.9761291,0.0007568814,0.04494212,0.00021696728,0.15905409,social_solidarity
erdogan2024_c001,erdogan2024,erdogan,tr,2024-12-31,new_year_message,1,16,0.067,106,32,0.5501332,0.5007566,0.83965516,0.0534952,3.125,0.5173913,0.48454997,0.79137933,0.03885287,6.25,0.4352706,0.4023117,0.25689656,-0.036603868,0.0,0.43568027,0.4183347,0.18448275,-0.039213985,0.0,0.40375718,0.38233575,0.15689655,-0.0556556,0.0,0.5097528,0.45778972,0.5948276,0.013218671,3.125,0.52058595,0.48946035,0.5327586,0.0034555197,0.0,0.50220954,0.468514,0.32931036,-0.027741253,0.0,0.4322627,0.4110294,0.41206896,-0.0072177947,0.4627759,0.43703783,0.41551724,-0.013838798,national_identity,0.04827583,0.99951875,0.009926816,0.00011546746,0.09087657,0.030821329,0.99957865,0.20310426,0.0005295418,0.001107339,0.9938846,social_solidarity
erdogan2024_c002,erdogan2024,erdogan,tr,2024-12-31,new_year_message,2,16,0.133,98,34,0.45595834,0.4277572,0.21896552,-0.040679693,0.0,0.37845647,0.39620054,0.022413794,-0.10008198,0.0,0.42117673,0.39768684,0.19482759,-0.050697744,0.0,0.4887435,0.42955965,0.60172415,0.013849258,5.882353,0.5237068,0.51287264,0.90172416,0.06429401,8.823529,0.46456668,0.39394194,0.29827586,-0.03196746,0.0,0.45954323,0.40104187,0.15344827,-0.057587206,2.9411764,0.5342208,0.49496332,0.5362069,0.004270017,2.9411764,0.403093,0.3907393,0.21896552,-0.036387473,0.43238214,0.41849336,0.20862068,-0.044232547,democracy_institutions,0.3,0.61735404,0.0011181937,0.0006905414,0.6270952,0.9645893,0.8914808,0.5857159,0.10715686,0.00021909604,0.05266766,democracy_institutions
erdogan2024_c003,erdogan2024,erdogan,tr,2024-12-31,new_year_message,3,16,0.2,85,32,0.57184184,0.4935633,0.91206896,0.075203806,12.5,0.43261233,0.41820967,0.16724138,-0.045926124,0.0,0.45812908,0.42673057,0.39482757,-0.013745397,0.0,0.40913117,0.39381593,0.10172414,-0.065763086,0.0,0.5356215,0.5138053,0.9293103,0.07620874,6.25,0.5177719,0.4596437,0.6672414,0.02123776,3.125,0.4986478,0.3965119,0.37068966,-0.018482625,0.0,0.5035182,0.4481219,0.34655172,-0.026432574,0.0,0.35661107,0.3616508,0.053448275,-0.08286941,0.4324849,0.45116067,0.21206896,-0.04412979,democracy_institutions,0.017241359,0.9870671,0.000854232,0.0005703157,0.2481696,0.8079157,0.9892337,0.0008830457,0.00049456954,0.00020662986,0.18410648,social_solidarity
erdogan2024_c004,erdogan2024,erdogan,tr,2024-12-31,new_year_message,4,16,0.267,93,29,0.4729696,0.41123766,0.33620688,-0.023668438,0.0,0.46811613,0.4617026,0.41896552,-0.010422319,3.4482758,0.5852368,0.5534785,0.96034485,0.11336231,10.344828,0.49593335,0.4554305,0.6775862,0.021039099,3.4482758,0.48010156,0.4336205,0.6672414,0.020688772,3.4482758,0.46933496,0.4072072,0.33275864,-0.027199179,0.0,0.6234859,0.52445006,0.9741379,0.10635549,3.4482758,0.5759375,0.5065584,0.76724136,0.045986712,0.0,0.46295065,0.42988348,0.6810345,0.023470163,0.51437134,0.44603133,0.7258621,0.03775665,crisis_resilience,0.013793051,0.24274378,0.13531062,0.9298406,0.102372,0.037999377,0.012673736,0.99893296,0.7524676,0.00010190106,0.0038244836,crisis_resilience
erdogan2024_c005,erdogan2024,erdogan,tr,2024-12-31,new_year_message,5,16,0.333,82,32,0.44405627,0.39035478,0.15344827,-0.052581757,0.0,0.4005603,0.38920262,0.053448275,-0.077978164,0.0,0.53305364,0.49756956,0.8327586,0.06117916,3.125,0.46230754,0.40688798,0.39482757,-0.012586713,3.125,0.4033912,0.35315013,0.15344827,-0.05602157,0.0,0.47755998,0.41893858,0.36724138,-0.018974155,0.0,0.544938,0.48685503,0.7051724,0.027807593,6.25,0.5529149,0.5059068,0.6465517,0.02296412,0.0,0.40635234,0.3862544,0.25,-0.033128142,0.46893463,0.44020408,0.4637931,-0.0076800585,economy_welfare,0.12758619,0.5938449,0.317109,0.42220685,0.7526381,0.04175434,0.42732203,0.95703757,0.017012624,0.00025664034,0.009946031,crisis_resilience
erdogan2024_c006,erdogan2024,erdogan,tr,2024-12-31,new_year_message,6,16,0.4,110,38,0.502678,0.44230643,0.51896554,0.0060399473,5.263158,0.4616822,0.4548459,0.37413794,-0.016856253,0.0,0.5705823,0.51903,0.9396552,0.098707795,5.263158,0.4398499,0.4458332,0.21896552,-0.035044342,0.0,0.43486357,0.39951026,0.3224138,-0.024549216,0.0,0.4953072,0.44918364,0.47068965,-0.0012269318,0.0,0.51230276,0.4638258,0.46724138,-0.004827678,2.631579,0.5493568,0.50182426,0.6362069,0.01940602,0.0,0.4489017,0.41664296,0.5603448,0.009421229,0.42803612,0.41089022,0.18448275,-0.04857856,economy_welfare,0.30344826,0.8568423,8.382305e-05,0.99886644,0.7534213,0.37966582,0.99953806,0.9984543,0.0018172833,0.00047470423,0.0041299495,social_solidarity
erdogan2024_c007,erdogan2024,erdogan,tr,2024-12-31,new_year_message,7,16,0.467,93,34,0.5348183,0.43169492,0.7362069,0.03818026,5.882353,0.4333796,0.41192627,0.17413794,-0.045158863,0.0,0.5408828,0.5053383,0.8568966,0.06900835,2.9411764,0.42487258,0.41520047,0.13275862,-0.05002168,0.0,0.43588525,0.38806558,0.32931036,-0.023527533,0.0,0.49855745,0.43782148,0.4948276,0.0020233095,0.0,0.55234796,0.48775122,0.74655175,0.035217524,0.0,0.5332949,0.46725008,0.52931035,0.0033441186,0.0,0.41113114,0.38779742,0.28793103,-0.02834934,0.4441316,0.40173823,0.27068967,-0.03248307,economy_welfare,0.11034483,0.81523246,0.00023367908,0.69466525,0.5097644,0.4006321,0.97631055,0.95349205,0.00025069676,0.00027372167,0.05691394,social_solidarity
erdogan2024_c008,erdogan2024,erdogan,tr,2024-12-31,new_year_message,8,16,0.533,101,35,0.51298636,0.46351987,0.6051724,0.016348332,5.714286,0.48794806,0.48256344,0.5637931,0.009409606,0.0,0.40941882,0.39338088,0.15,-0.062455654,0.0,0.49377236,0.47872812,0.6431034,0.018878102,0.0,0.43765092,0.42687476,0.34310344,-0.021761864,0.0,0.4857399,0.47007543,0.40172413,-0.010794252,2.857143,0.5574672,0.4796558,0.77068967,0.040336788,0.0,0.5441084,0.4977212,0.5948276,0.014157593,0.0,0.4530943,0.4589973,0.60172415,0.01361382,0.5146391,0.49742907,0.73275864,0.038024396,crisis_resilience,0.12758625,0.72289395,0.0026419465,0.021246696,0.5037841,0.0030278352,0.9668202,0.78963953,0.0010403185,0.0010382907,0.19115774,social_solidarity
erdogan2024_c009,erdogan2024,erdogan,tr,2024-12-31,new_year_message,9,16,0.6,101,37,0.47027823,0.42980832,0.31551725,-0.026359797,2.7027028,0.5118083,0.49083683,0.74310344,0.033269823,0.0,0.4425313,0.42118448,0.3086207,-0.029343188,5.4054055,0.49642926,0.46389616,0.68448275,0.02153501,0.0,0.44023123,0.3931259,0.3637931,-0.01918155,0.0,0.5137927,0.46196377,0.6362069,0.017258555,2.7027028,0.5622728,0.5255428,0.7948276,0.045142353,0.0,0.5363524,0.47216523,0.5465517,0.0064015985,0.0,0.45016727,0.45095056,0.58793104,0.010686785,0.5308595,0.49756384,0.8327586,0.054244787,crisis_resilience,0.051724136,0.0044079763,0.028436035,0.61831963,0.62943304,0.024145423,0.135175,0.003854364,0.000235052,0.00039357555,0.9244493,foreign_policy
erdogan2024_c010,erdogan2024,erdogan,tr,2024-12-31,new_year_message,10,16,0.667,87,35,0.5447457,0.4516382,0.81551725,0.048107654,5.714286,0.4455616,0.40032187,0.27413794,-0.032976866,0.0,0.40443158,0.35716188,0.13275862,-0.067442894,0.0,0.43970346,0.4057033,0.21206896,-0.03519079,0.0,0.44437736,0.3925624,0.40172413,-0.015035421,0.0,0.5161897,0.44109535,0.6534483,0.019655555,0.0,0.54005337,0.4270394,0.67068964,0.022922933,0.0,0.4481126,0.3828631,0.08793104,-0.08183819,0.0,0.3959473,0.37887508,0.17068966,-0.043533176,0.44862017,0.42451733,0.31206897,-0.027994514,national_identity,0.1448276,0.9894601,0.001413112,0.00013341999,0.654674,0.2597787,0.9996133,0.9824231,0.00013083978,0.24050692,0.05079946,social_solidarity
erdogan2024_c011,erdogan2024,erdogan,tr,2024-12-31,new_year_message,11,16,0.733,113,45,0.4520734,0.402296,0.18448275,-0.044564635,0.0,0.44166887,0.39450803,0.24655172,-0.036869586,0.0,0.3690787,0.32144696,0.03965517,-0.10279578,0.0,0.4484868,0.45543003,0.29482758,-0.02640745,0.0,0.4333766,0.39912802,0.31551725,-0.026036173,0.0,0.36840606,0.3495117,0.018965518,-0.12812808,0.0,0.4652694,0.3946408,0.18793103,-0.051861048,0.0,0.44864964,0.37114948,0.094827585,-0.08130115,0.0,0.36973405,0.34965265,0.08448276,-0.069746435,0.4189526,0.35608935,0.14655173,-0.05766207,democracy_institutions,0.020689666,0.97356933,0.8143483,0.00020462219,0.9957602,0.45032918,0.1419343,0.9503419,0.00078088854,0.06380243,0.70942193,foreign_policy
erdogan2024_c012,erdogan2024,erdogan,tr,2024-12-31,new_year_message,12,16,0.8,118,43,0.44379473,0.4277556,0.15,-0.052843302,0.0,0.48569328,0.47221005,0.53965515,0.0071548223,2.3255813,0.40682435,0.38175502,0.14655173,-0.065050125,0.0,0.46452713,0.50359476,0.41551724,-0.010367125,0.0,0.45176214,0.40808213,0.4465517,-0.0076506436,0.0,0.42860454,0.39117256,0.1362069,-0.067929596,2.3255813,0.491169,0.4855073,0.3224138,-0.025961429,0.0,0.52086174,0.47611988,0.44310346,-0.009089053,0.0,0.44657314,0.4680403,0.5465517,0.0070926547,0.45301914,0.44793522,0.35,-0.023595542,security_military,0.09310344,0.8252379,0.048903182,0.00014710471,0.98681533,0.021024458,0.030214587,0.75984967,0.00029422858,0.9790758,0.017160231,foreign_policy
erdogan2024_c013,erdogan2024,erdogan,tr,2024-12-31,new_year_message,13,16,0.867,117,41,0.53211373,0.47374028,0.7258621,0.0354757,0.0,0.5325816,0.5307293,0.8603448,0.054043174,4.878049,0.44399452,0.40186608,0.3224138,-0.027879953,0.0,0.46142325,0.4694783,0.38793105,-0.013471007,2.4390244,0.44279552,0.4093547,0.38448277,-0.016617268,0.0,0.53354925,0.49162763,0.7362069,0.03701511,2.4390244,0.49758315,0.474645,0.35689655,-0.019547284,0.0,0.5868013,0.5287466,0.80517244,0.056850493,0.0,0.5065706,0.48899746,0.9189655,0.067090094,0.49721527,0.4922402,0.6189655,0.020600587,security_military,0.055172384,0.9997439,0.0011116681,0.00010270021,0.9749168,0.009205456,0.99922067,0.654467,0.00031258783,0.00026478487,0.99090964,national_identity
erdogan2024_c014,erdogan2024,erdogan,tr,2024-12-31,new_year_message,14,16,0.933,82,30,0.52058274,0.4313038,0.6534483,0.023944706,3.3333333,0.47780743,0.4721274,0.4775862,-0.00073102117,0.0,0.48478302,0.44126117,0.61551726,0.012908548,0.0,0.43706226,0.43178195,0.19827586,-0.037831992,0.0,0.43353373,0.40728766,0.31896552,-0.025879055,0.0,0.501069,0.44726545,0.5224138,0.0045348704,0.0,0.55295706,0.49940765,0.75,0.035826623,0.0,0.5590222,0.5074092,0.68448275,0.02907139,0.0,0.39236212,0.40069836,0.16034482,-0.047118366,0.4380507,0.42145926,0.23620689,-0.038563997,crisis_resilience,0.06551725,0.6940954,0.96438855,0.32734567,0.8780138,0.909068,0.98999614,0.99420255,0.18381329,0.034586214,0.058830608,crisis_resilience
erdogan2024_c015,erdogan2024,erdogan,tr,2024-12-31,new_year_message,15,16,1.0,94,36,0.5606841,0.46289867,0.88448274,0.064046055,5.5555553,0.4410337,0.41616392,0.24310344,-0.037504762,0.0,0.43967068,0.41113502,0.2913793,-0.032203794,0.0,0.43937698,0.4184541,0.20862068,-0.035517275,0.0,0.38478008,0.36605865,0.07413793,-0.074632704,0.0,0.5122414,0.43972972,0.6189655,0.015707284,0.0,0.5130961,0.44390893,0.4775862,-0.0040343404,0.0,0.51455617,0.45927984,0.40172413,-0.015394628,0.0,0.40506896,0.38024813,0.23965517,-0.03441152,0.44215438,0.42713585,0.26034483,-0.034460306,national_identity,0.26551723,0.8982768,0.011179603,0.02145073,0.8070808,0.12220858,0.9983451,0.027559103,0.00055385876,0.0010083437,0.19721243,social_solidarity
erdogan2025_c000,erdogan2025,erdogan,tr,2025-12-31,new_year_message,0,17,0.0,114,36,0.51518744,0.46036714,0.62586206,0.018549412,2.7777777,0.42350984,0.4320217,0.118965514,-0.055028617,0.0,0.4665867,0.4395213,0.47413793,-0.0052877665,0.0,0.44947714,0.44173643,0.30172414,-0.02541712,0.0,0.3901921,0.38711244,0.094827585,-0.06922069,0.0,0.4891311,0.4381019,0.4224138,-0.007403046,0.0,0.5381639,0.4770609,0.65,0.021033466,0.0,0.5962141,0.5399139,0.8465517,0.06626332,0.0,0.422212,0.3996827,0.36724138,-0.017268479,0.456754,0.44574898,0.3637931,-0.019860685,future_reform_technology,0.19655174,0.96777767,0.014009566,0.11533649,0.96789545,0.5406814,0.99741405,0.011115014,0.02796767,0.0003175088,0.644337,social_solidarity
erdogan2025_c001,erdogan2025,erdogan,tr,2025-12-31,new_year_message,1,17,0.062,108,41,0.5277018,0.4693151,0.6913793,0.031063765,2.4390244,0.54007167,0.49021453,0.8948276,0.061533213,7.3170733,0.4367342,0.39579105,0.27413794,-0.035140276,0.0,0.40749627,0.37571242,0.094827585,-0.06739798,0.0,0.41438222,0.39122647,0.21206896,-0.045030564,0.0,0.5097311,0.44634807,0.5913793,0.013196975,0.0,0.49459553,0.46020544,0.33620688,-0.022534907,2.4390244,0.4371941,0.3880754,0.053448275,-0.09275669,0.0,0.4493754,0.41110292,0.5741379,0.0098949075,0.4168125,0.40472096,0.1362069,-0.059802175,security_military,0.2034483,0.98965186,0.9985278,9.010424e-05,0.53291136,0.0040860027,0.97477317,0.99186736,9.29642e-05,0.8780106,0.0042480794,security_military
erdogan2025_c002,erdogan2025,erdogan,tr,2025-12-31,new_year_message,2,17,0.125,111,41,0.48902628,0.426961,0.43275863,-0.0076117516,0.0,0.48809713,0.48072547,0.5706897,0.009558678,2.4390244,0.5406227,0.514195,0.8534483,0.068748236,2.4390244,0.54472953,0.49630424,0.91206896,0.069835275,4.878049,0.48903227,0.43038124,0.7362069,0.029619485,0.0,0.49029624,0.40776813,0.43275863,-0.0062378943,0.0,0.5811044,0.4883262,0.87413794,0.06397396,2.4390244,0.579476,0.53576803,0.7775862,0.0495252,0.0,0.45757872,0.44665664,0.6396552,0.018098235,0.49252537,0.44418687,0.59827584,0.015910685,foreign_policy,0.037931025,0.9044186,0.9419886,0.8827441,0.9693096,0.005831271,0.03690806,0.99487036,0.00013289992,0.014145105,0.001694103,crisis_resilience
erdogan2025_c003,erdogan2025,erdogan,tr,2025-12-31,new_year_message,3,17,0.188,140,54,0.45218748,0.41685495,0.18793103,-0.04445055,1.8518518,0.4128763,0.39769325,0.08448276,-0.065662146,1.8518518,0.53798723,0.5307665,0.84310347,0.06611276,9.259259,0.40757108,0.38359722,0.09827586,-0.06732318,0.0,0.4391985,0.38882136,0.35689655,-0.02021429,0.0,0.44248328,0.43165708,0.18103448,-0.054050863,0.0,0.47878766,0.42500222,0.25344828,-0.038342774,0.0,0.48865664,0.44474733,0.28103447,-0.041294158,0.0,0.36986852,0.35326457,0.08793104,-0.06961197,0.3943141,0.37539488,0.08103448,-0.08230057,economy_welfare,0.48620692,0.27575096,0.027835233,0.9980258,0.9437636,0.0939686,0.99886423,0.82758445,0.13863662,0.00025814812,0.009125637,social_solidarity
erdogan2025_c004,erdogan2025,erdogan,tr,2025-12-31,new_year_message,4,17,0.25,121,39,0.46576244,0.37712628,0.27758622,-0.030875593,2.5641026,0.45375514,0.4226989,0.33620688,-0.024783313,0.0,0.49214607,0.4581427,0.65689653,0.0202716,2.5641026,0.43089005,0.40946132,0.15344827,-0.044004202,0.0,0.42685091,0.39315653,0.27413794,-0.03256187,2.5641026,0.4833171,0.4263293,0.38793105,-0.013217032,0.0,0.5144552,0.4619494,0.4810345,-0.0026752353,0.0,0.5701201,0.5406866,0.74310344,0.0401693,5.1282053,0.40677267,0.36996144,0.25689656,-0.03270781,0.4402605,0.404732,0.24655172,-0.036354184,future_reform_technology,0.08620691,0.30611205,0.00027053355,0.91868114,0.3273591,0.3156437,0.9843514,0.928668,0.3895175,0.0003792434,0.006551525,social_solidarity
erdogan2025_c005,erdogan2025,erdogan,tr,2025-12-31,new_year_message,5,17,0.312,133,43,0.45894238,0.42873853,0.24310344,-0.037695646,2.3255813,0.39201325,0.39257288,0.036206897,-0.0865252,0.0,0.35934204,0.33371857,0.022413794,-0.11253244,0.0,0.39731288,0.3842176,0.06724138,-0.077581376,0.0,0.39069855,0.37838554,0.10172414,-0.06871423,2.3255813,0.49359858,0.44307816,0.4465517,-0.0029355586,2.3255813,0.51665413,0.44784695,0.4948276,-0.00047630072,4.6511626,0.4578113,0.41112763,0.13275862,-0.0721395,0.0,0.34066838,0.36173528,0.03275862,-0.0988121,0.39295626,0.39475846,0.070689656,-0.08365843,crisis_resilience,0.048275888,0.60568243,0.0020870348,0.0082276575,0.00303965,0.009513279,0.93169594,0.14575255,0.00057816197,0.00053057657,0.025395475,social_solidarity
erdogan2025_c006,erdogan2025,erdogan,tr,2025-12-31,new_year_message,6,17,0.375,101,37,0.41463923,0.35818976,0.08448276,-0.081998795,0.0,0.41663536,0.3957428,0.10517241,-0.06190309,0.0,0.3840536,0.36113065,0.077586204,-0.08782089,2.7027028,0.37202996,0.34468174,0.018965518,-0.102864295,0.0,0.37560493,0.35636163,0.029310346,-0.083807856,2.7027028,0.47758776,0.45055836,0.37068966,-0.01894638,2.7027028,0.541818,0.4708965,0.6913793,0.024687588,2.7027028,0.46996075,0.4150545,0.19482759,-0.05999005,0.0,0.36311403,0.3560987,0.06724138,-0.076366454,0.43046528,0.39611417,0.19827586,-0.046149403,crisis_resilience,0.32068965,0.003930086,0.0004628085,0.013989346,0.0013564017,0.010448625,0.9996613,0.4824291,0.004783011,0.0002953798,0.2679825,social_solidarity
erdogan2025_c007,erdogan2025,erdogan,tr,2025-12-31,new_year_message,7,17,0.438,94,40,0.52241284,0.44116074,0.6672414,0.025774807,2.5,0.39853975,0.40677077,0.046551723,-0.0799987,0.0,0.43763506,0.38906607,0.28103447,-0.03423941,2.5,0.45212096,0.4424703,0.31206897,-0.022773296,0.0,0.3936819,0.38919568,0.115517244,-0.06573087,0.0,0.49058732,0.40885907,0.4362069,-0.005946815,0.0,0.51637053,0.4475669,0.48793104,-0.0007598996,2.5,0.50361836,0.4422027,0.35,-0.026332438,0.0,0.4093476,0.41567314,0.27413794,-0.03013289,0.47212756,0.44639522,0.4810345,-0.004487127,national_identity,0.17931035,0.9949886,0.0026886722,0.00045209235,0.1439908,0.84667975,0.9957931,0.27698377,0.00018093578,0.00062025123,0.07981787,social_solidarity
erdogan2025_c008,erdogan2025,erdogan,tr,2025-12-31,new_year_message,8,17,0.5,123,46,0.49681035,0.4624079,0.46034482,0.00017231703,0.0,0.4665116,0.4506839,0.40172413,-0.012026846,0.0,0.4016341,0.39497307,0.12586206,-0.07024038,0.0,0.5051939,0.490443,0.75344825,0.030299634,2.173913,0.5053318,0.45257574,0.82586205,0.04591903,2.173913,0.5352596,0.49215358,0.74310344,0.038725466,4.347826,0.5378169,0.46719438,0.6396552,0.020686448,2.173913,0.49722588,0.4632529,0.31206897,-0.032724917,0.0,0.42558998,0.41540188,0.38793105,-0.013890505,0.49122277,0.474389,0.58793104,0.014608085,democracy_institutions,0.0724138,0.9944774,0.03211588,0.00022429059,0.89650226,0.5621615,0.9936117,0.09205325,0.00014539112,0.0021239663,0.98306066,national_identity
erdogan2025_c009,erdogan2025,erdogan,tr,2025-12-31,new_year_message,9,17,0.562,102,38,0.46688163,0.434251,0.30172414,-0.029756397,2.631579,0.46366495,0.45423168,0.38793105,-0.014873505,0.0,0.3756528,0.3454924,0.04310345,-0.096221685,0.0,0.4682792,0.43941042,0.43965518,-0.0066150427,2.631579,0.41521934,0.3772313,0.21896552,-0.044193447,0.0,0.49894708,0.4484147,0.49827588,0.002412945,2.631579,0.47487596,0.42184377,0.23275863,-0.042254478,0.0,0.46931916,0.38884795,0.18448275,-0.060631633,0.0,0.3821113,0.37297234,0.115517244,-0.057369173,0.44464433,0.4207802,0.27413794,-0.031970352,social_solidarity,0.05862069,0.99915075,0.0021955152,0.0002406248,0.7559974,0.025443856,0.4062141,0.00039434474,8.66527e-05,0.00010150384,0.9859093,national_identity
erdogan2025_c010,erdogan2025,erdogan,tr,2025-12-31,new_year_message,10,17,0.625,99,36,0.46808258,0.41546637,0.3086207,-0.028555453,0.0,0.4881752,0.45857275,0.5741379,0.00963676,0.0,0.38410765,0.3590166,0.08103448,-0.087766826,0.0,0.44186506,0.4412284,0.23620689,-0.0330292,0.0,0.43499792,0.38209724,0.32586208,-0.024414867,0.0,0.50632596,0.4779073,0.5637931,0.009791821,2.7777777,0.48920617,0.45083866,0.31551725,-0.02792427,0.0,0.42039576,0.38796756,0.036206897,-0.109555036,0.0,0.4426884,0.44181144,0.512069,0.003207922,0.5039075,0.4618119,0.6810345,0.027292818,security_military,0.010344803,0.7514202,0.4163813,0.000100713994,0.96639466,0.005220126,0.3230063,0.6995624,0.00010720879,0.0007672924,0.9976564,foreign_policy
erdogan2025_c011,erdogan2025,erdogan,tr,2025-12-31,new_year_message,11,17,0.688,85,35,0.50185513,0.41006196,0.50517243,0.005217105,0.0,0.4915806,0.43500745,0.6051724,0.013042152,2.857143,0.37771565,0.3394545,0.056896552,-0.09415883,0.0,0.3973802,0.38149324,0.07413793,-0.07751405,0.0,0.3906633,0.35289526,0.09827586,-0.06874949,0.0,0.46414852,0.40690523,0.2913793,-0.032385617,2.857143,0.5078329,0.43287864,0.42931035,-0.00929755,2.857143,0.45165625,0.40183476,0.10862069,-0.078294545,0.0,0.41690415,0.37867653,0.32586208,-0.022576332,0.42862976,0.41074714,0.18793103,-0.047984928,security_military,0.099999964,0.68331385,0.16525607,0.0006070756,0.9798805,0.025443858,0.99907464,0.98777056,0.00029480367,0.91259205,0.021064695,social_solidarity
erdogan2025_c012,erdogan2025,erdogan,tr,2025-12-31,new_year_message,12,17,0.75,87,34,0.46676844,0.41446427,0.2913793,-0.029869586,0.0,0.5179076,0.51635927,0.7982759,0.039369166,2.9411764,0.39062375,0.3648429,0.10172414,-0.08125073,0.0,0.46879417,0.4706483,0.4465517,-0.0061000884,0.0,0.45324853,0.41226324,0.45,-0.0061642528,0.0,0.44751668,0.39200842,0.20862068,-0.04901746,0.0,0.51764035,0.5261743,0.5086207,0.00050991774,2.9411764,0.5051542,0.4552242,0.3637931,-0.024796605,0.0,0.48553512,0.49127233,0.82931036,0.04605463,0.44719687,0.41076452,0.29482758,-0.029417813,security_military,0.2896552,0.9964928,0.99549675,0.00024729347,0.99893093,0.07160742,0.014707371,0.99887085,0.00022341638,0.9896419,0.43974736,foreign_policy
erdogan2025_c013,erdogan2025,erdogan,tr,2025-12-31,new_year_message,13,17,0.812,95,39,0.53728116,0.45080504,0.7637931,0.040643126,5.1282053,0.5150492,0.49591282,0.75689656,0.036510766,2.5641026,0.4254427,0.3788125,0.20862068,-0.04643178,0.0,0.41828322,0.41150373,0.12586206,-0.05661103,2.5641026,0.47882742,0.41098103,0.6637931,0.019414634,0.0,0.48856273,0.43580192,0.41206896,-0.007971406,0.0,0.47612956,0.4355216,0.24310344,-0.041000873,0.0,0.49242413,0.44144356,0.29482758,-0.037526667,0.0,0.43799782,0.43832737,0.4637931,-0.0014826655,0.4389228,0.4290273,0.23965517,-0.03769189,national_identity,0.0068965554,0.9788142,0.9054478,0.02538943,0.91685706,0.5474641,0.98096734,0.9253987,0.06517216,0.010081565,0.12829629,social_solidarity
erdogan2025_c014,erdogan2025,erdogan,tr,2025-12-31,new_year_message,14,17,0.875,115,41,0.50808173,0.4548183,0.5637931,0.011443704,2.4390244,0.4320456,0.42553884,0.15344827,-0.046492845,0.0,0.42872706,0.3858248,0.22931035,-0.043147415,0.0,0.47467327,0.4471304,0.4810345,-0.00022098422,0.0,0.4746875,0.45998847,0.62586206,0.0152747035,2.4390244,0.47666883,0.45521992,0.36034483,-0.019865304,7.3170733,0.5202093,0.46313137,0.52931035,0.003078878,0.0,0.47078425,0.44388413,0.19827586,-0.05916655,0.0,0.43966237,0.43267098,0.48793104,0.00018188357,0.5286977,0.5124799,0.8189655,0.052083045,democracy_institutions,0.06206894,0.98564917,0.021155505,0.3161581,0.8405209,0.73848057,0.9668833,0.96986395,0.004778364,0.0016842225,0.998738,national_identity
erdogan2025_c015,erdogan2025,erdogan,tr,2025-12-31,new_year_message,15,17,0.938,111,41,0.51099885,0.44143024,0.5844827,0.014360815,0.0,0.43545747,0.41818786,0.19137931,-0.043080986,0.0,0.44058213,0.38765216,0.29482758,-0.03129235,0.0,0.44302058,0.42944643,0.24655172,-0.031873673,0.0,0.4565192,0.38870737,0.48448277,-0.002893597,0.0,0.48736763,0.45169917,0.4086207,-0.009166509,0.0,0.5452416,0.48363805,0.70862067,0.02811116,0.0,0.54017687,0.4630496,0.57758623,0.010226071,0.0,0.4304397,0.43249512,0.4051724,-0.009040773,0.50760627,0.49115446,0.69827586,0.030991584,crisis_resilience,0.12413794,0.999841,0.47901624,0.0517735,0.92227256,0.98257005,0.99784684,0.99932414,0.031484485,0.0011116682,0.6274377,national_identity
erdogan2025_c016,erdogan2025,erdogan,tr,2025-12-31,new_year_message,16,17,1.0,157,55,0.5053371,0.4193622,0.53965515,0.008699089,1.8181819,0.4319555,0.40877706,0.15,-0.046582967,0.0,0.4704141,0.4216906,0.5086207,-0.0014603734,3.6363637,0.41244867,0.39496464,0.10517241,-0.06244558,0.0,0.37886828,0.37421277,0.04310345,-0.0805445,0.0,0.4972732,0.43549377,0.4810345,0.0007390678,1.8181819,0.4847321,0.398222,0.2913793,-0.032398343,0.0,0.50966275,0.46474186,0.3913793,-0.02028805,0.0,0.36796334,0.3303883,0.08103448,-0.07151714,0.44393295,0.40663928,0.2672414,-0.032681733,national_identity,0.03103447,0.70760673,0.009699092,0.2665959,0.16800208,0.12689331,0.9958297,0.009531701,0.0005527787,0.0009110513,0.083142914,social_solidarity
macron2022_c000,macron2022,macron,fr,2022-12-31,new_year_address,0,34,0.0,191,112,0.50327516,0.50440145,0.5258621,0.006637126,1.7857143,0.58818084,0.5746521,0.9913793,0.10964239,2.6785715,0.4579876,0.41549775,0.3913793,-0.013886869,0.0,0.5127326,0.47016817,0.7948276,0.03783837,0.0,0.46945333,0.4535262,0.5810345,0.010040551,0.0,0.5954318,0.5285616,0.9534483,0.098897666,0.89285713,0.5708895,0.5145471,0.8327586,0.05375904,0.89285713,0.51935637,0.44391125,0.43275863,-0.010594428,0.0,0.5038867,0.45555812,0.90172416,0.064406216,0.56275403,0.48532516,0.9327586,0.08613935,security_military,0.037931025,0.99432516,0.99908537,0.0006070757,0.9191722,0.9700135,0.9997974,0.9972584,0.0002919395,0.2179611,0.9744591,social_solidarity
macron2022_c001,macron2022,macron,fr,2022-12-31,new_year_address,1,34,0.03,107,65,0.55990654,0.5860385,0.8810345,0.06326851,3.0769231,0.5160276,0.50725424,0.76724136,0.037489176,0.0,0.47803035,0.43760973,0.55,0.0061558783,0.0,0.5411801,0.51024914,0.9051724,0.06628582,1.5384616,0.5198339,0.5020876,0.88793105,0.06042114,0.0,0.5690886,0.5116918,0.88793105,0.07255444,1.5384616,0.58886576,0.50270957,0.8948276,0.07173532,0.0,0.5879474,0.52673864,0.81206894,0.05799663,0.0,0.4937631,0.46640947,0.87068963,0.054282606,0.55621606,0.5045074,0.9155173,0.07960138,foreign_policy,0.010344803,0.99935126,0.45713672,0.0072047687,0.73105854,0.18919784,0.9861514,0.82370096,0.09203286,0.0008676725,0.7737297,national_identity
macron2022_c002,macron2022,macron,fr,2022-12-31,new_year_address,2,34,0.061,94,59,0.510701,0.5386472,0.5810345,0.014062971,0.0,0.45317012,0.4600466,0.3224138,-0.025368333,0.0,0.49791557,0.45262635,0.6913793,0.02604109,0.0,0.47991762,0.45314714,0.5258621,0.0050233603,3.3898306,0.4514283,0.43139857,0.43965518,-0.007984489,0.0,0.5411762,0.5119246,0.7741379,0.04464206,0.0,0.5733875,0.5124757,0.8465517,0.05625707,0.0,0.6086841,0.5178305,0.8775862,0.078733325,0.0,0.45840207,0.42840695,0.65,0.018921584,0.56494755,0.50244904,0.9396552,0.08833286,future_reform_technology,0.03103447,0.71203196,0.22644135,0.23528406,0.89501905,0.34180215,0.99358684,0.9710194,0.2143623,0.038448133,0.1710266,social_solidarity
macron2022_c003,macron2022,macron,fr,2022-12-31,new_year_address,3,34,0.091,164,91,0.4135608,0.41964662,0.077586204,-0.08307722,0.0,0.50352323,0.48180324,0.68448275,0.024984777,1.0989012,0.42715,0.396527,0.21896552,-0.044724464,0.0,0.4470893,0.44966537,0.28103447,-0.027804941,2.1978023,0.45494807,0.40490025,0.47068965,-0.0044647157,1.0989012,0.46139884,0.40957415,0.27413794,-0.0351353,0.0,0.6074978,0.56299806,0.94310343,0.09036738,5.4945054,0.48792845,0.43285698,0.27758622,-0.042022347,0.0,0.49713442,0.4662785,0.8810345,0.057653934,0.4864028,0.41919142,0.5603448,0.009788126,crisis_resilience,0.25862068,0.25942674,0.99140584,0.0032287643,0.9992145,0.20585439,0.91770923,0.9895716,0.12683924,0.99946636,0.0005326521,foreign_policy
macron2022_c004,macron2022,macron,fr,2022-12-31,new_year_address,4,34,0.121,157,95,0.46939573,0.4783117,0.31206897,-0.027242303,1.0526316,0.48543522,0.4767897,0.5327586,0.006896764,0.0,0.49247175,0.45936322,0.66034484,0.02059728,1.0526316,0.46612018,0.46690577,0.42931035,-0.008774072,3.1578948,0.4755619,0.4325602,0.6362069,0.016149104,1.0526316,0.500621,0.4704051,0.512069,0.004086882,2.1052632,0.5459423,0.503351,0.712069,0.028811872,2.1052632,0.5162754,0.4704703,0.41206896,-0.013675392,1.0526316,0.48363104,0.47901314,0.80517244,0.04415056,0.5283315,0.49070325,0.81206894,0.051716834,crisis_resilience,0.051724136,0.9996862,0.01654544,0.032589745,0.9981361,0.97249323,0.99864364,0.999758,0.00022871332,0.022499971,0.99776566,crisis_resilience
macron2022_c005,macron2022,macron,fr,2022-12-31,new_year_address,5,34,0.152,138,83,0.4980739,0.47365242,0.4775862,0.0014358759,1.2048193,0.43258345,0.41106588,0.16034482,-0.045955002,0.0,0.581522,0.5448273,0.9534483,0.10964751,7.2289157,0.4399082,0.37666616,0.2224138,-0.03498605,0.0,0.39517397,0.34902024,0.118965514,-0.06423882,0.0,0.54052615,0.503579,0.77068967,0.043992013,1.2048193,0.48277014,0.45758802,0.28793103,-0.03436029,0.0,0.48769087,0.4096056,0.27413794,-0.04225993,0.0,0.3962425,0.3568297,0.17413794,-0.043237984,0.5291722,0.46678036,0.8224138,0.0525575,economy_welfare,0.18275863,0.53023654,0.00026068083,0.999159,0.0035243412,0.011642224,0.99129707,0.20549543,0.0045605446,0.00038072714,0.6913411,economy_welfare
macron2022_c006,macron2022,macron,fr,2022-12-31,new_year_address,6,34,0.182,197,132,0.40779024,0.39638823,0.056896552,-0.088847786,0.75757575,0.42812574,0.40736145,0.13275862,-0.050412714,0.0,0.48309183,0.43389443,0.5948276,0.011217356,1.5151515,0.45962536,0.44629773,0.36724138,-0.015268892,1.5151515,0.4432366,0.40904975,0.38793105,-0.016176194,0.0,0.4266197,0.38785723,0.12586206,-0.06991443,1.5151515,0.53783786,0.4707861,0.6431034,0.020707428,1.5151515,0.58094823,0.5189735,0.78103447,0.050997436,0.75757575,0.40792543,0.40620854,0.27068967,-0.031555057,0.44849953,0.40215713,0.3051724,-0.028115153,future_reform_technology,0.13793105,0.9995669,0.2510964,0.2934804,0.99980474,0.59247506,0.97649056,0.99821776,0.9991474,0.00076729234,0.99262565,foreign_policy
macron2022_c007,macron2022,macron,fr,2022-12-31,new_year_address,7,34,0.212,98,60,0.45713437,0.47089338,0.23620689,-0.039503664,3.3333333,0.4525378,0.4594561,0.31206897,-0.026000649,0.0,0.4452775,0.4034317,0.33275864,-0.026596963,0.0,0.46439862,0.45789686,0.41206896,-0.010495633,0.0,0.5412991,0.5177991,0.9396552,0.08188632,5.0,0.4449913,0.4019592,0.19827586,-0.05154285,0.0,0.5350361,0.47973698,0.62586206,0.017905653,3.3333333,0.5677663,0.50358975,0.7224138,0.03781551,0.0,0.40340516,0.38954026,0.22586207,-0.036075324,0.45237008,0.39073843,0.34310344,-0.024244606,democracy_institutions,0.2172414,0.9900636,0.00078854576,0.0009039678,0.46077415,0.9118884,0.89253914,0.9840477,0.0016875096,0.0001830682,0.02031291,national_identity
macron2022_c008,macron2022,macron,fr,2022-12-31,new_year_address,8,34,0.242,135,88,0.47797382,0.4828965,0.36034483,-0.018664211,0.0,0.43964356,0.44339252,0.23620689,-0.03889489,0.0,0.46660075,0.44083607,0.4775862,-0.0052737296,1.1363636,0.45348215,0.44182077,0.32586208,-0.021412104,1.1363636,0.4306932,0.44481248,0.29827586,-0.028719574,0.0,0.4775222,0.4465928,0.3637931,-0.019011945,1.1363636,0.5667497,0.49258286,0.81551725,0.049619257,1.1363636,0.62092054,0.5543785,0.9086207,0.09096974,0.0,0.40672278,0.41313505,0.25344828,-0.0327577,0.4814803,0.44635534,0.5362069,0.0048656166,future_reform_technology,0.09310347,0.9987132,0.00016506857,0.0016072203,0.0029810327,0.0025459477,0.7577943,0.27776676,0.00017064043,0.00014285813,0.0017140385,national_identity
macron2022_c009,macron2022,macron,fr,2022-12-31,new_year_address,9,34,0.273,82,48,0.43185234,0.4267596,0.12586206,-0.06478569,0.0,0.47802502,0.46522737,0.48448277,-0.0005134344,0.0,0.5077574,0.4433968,0.7396552,0.03588295,0.0,0.47518337,0.4431423,0.48793104,0.00028911233,0.0,0.46669954,0.44178903,0.5362069,0.007286757,0.0,0.47370926,0.39475358,0.34655172,-0.022824883,0.0,0.56237644,0.48906344,0.80172414,0.045246005,0.0,0.56265116,0.5121926,0.70862067,0.03270036,0.0,0.40726876,0.38719213,0.2637931,-0.03221172,0.45264262,0.39697605,0.34655172,-0.023972064,crisis_resilience,0.06206894,0.024099445,0.89975077,0.6623598,0.4194101,0.009898063,0.24569535,0.32450962,0.9981068,0.0005193049,0.052911814,future_reform_technology
macron2022_c010,macron2022,macron,fr,2022-12-31,new_year_address,10,34,0.303,157,97,0.3911392,0.39672625,0.04310345,-0.10549882,0.0,0.4536851,0.42576683,0.33275864,-0.024853349,0.0,0.5566149,0.5381553,0.9086207,0.0847404,5.1546392,0.43166047,0.38675535,0.15689655,-0.043233782,1.0309278,0.4281928,0.39946532,0.28448275,-0.031219989,0.0,0.45135924,0.39806288,0.2224138,-0.045174897,0.0,0.49840295,0.43337315,0.36724138,-0.018727481,0.0,0.47982424,0.43882057,0.23620689,-0.050126553,0.0,0.4058199,0.39290428,0.24310344,-0.03366059,0.41832393,0.38471332,0.13965517,-0.05829075,economy_welfare,0.54137933,0.82566,0.0002551414,0.9865847,0.07399682,0.4524452,0.9342753,0.8110033,0.24721421,0.0002868541,0.06148037,economy_welfare
macron2022_c011,macron2022,macron,fr,2022-12-31,new_year_address,11,34,0.333,65,42,0.4545748,0.44819814,0.20172414,-0.042063236,0.0,0.45208865,0.41243756,0.30172414,-0.0264498,0.0,0.56280446,0.5043402,0.92241377,0.090929985,2.3809524,0.50978714,0.46256855,0.7844828,0.034892887,0.0,0.4649548,0.42849573,0.5224138,0.00554201,0.0,0.49531516,0.43513197,0.47413793,-0.0012189746,0.0,0.57575047,0.49003184,0.8534483,0.058620036,0.0,0.590739,0.512936,0.82586205,0.060788214,0.0,0.4161545,0.39135677,0.31896552,-0.02332598,0.4794003,0.42343736,0.51896554,0.002785623,economy_welfare,0.068965495,0.18884699,0.79779327,0.86924356,0.9049869,0.83907574,0.91421413,0.5799358,0.8478418,0.0026265525,0.027822023,social_solidarity
macron2022_c012,macron2022,macron,fr,2022-12-31,new_year_address,12,34,0.364,148,88,0.46633133,0.4703294,0.28448275,-0.030306697,0.0,0.53448594,0.5059878,0.8637931,0.055947483,0.0,0.48094016,0.4440533,0.5741379,0.009065688,0.0,0.49157718,0.45052165,0.6224138,0.016682923,0.0,0.4678914,0.44737214,0.55689657,0.008478612,0.0,0.543224,0.48319155,0.787931,0.04668984,0.0,0.60182416,0.5040945,0.9258621,0.08469373,1.1363636,0.56822586,0.4957197,0.7258621,0.038275063,0.0,0.47897205,0.4431584,0.78103447,0.039491564,0.490337,0.42295974,0.5844827,0.01372233,crisis_resilience,0.062069,0.96879715,0.7638913,0.0014837189,0.18824933,0.12386817,0.99863297,0.9712384,0.0048109833,0.0012351678,0.34953275,social_solidarity
macron2022_c013,macron2022,macron,fr,2022-12-31,new_year_address,13,34,0.394,184,115,0.35812968,0.38265532,0.0017241379,-0.13850835,0.0,0.45317924,0.44191772,0.32586208,-0.025359213,0.0,0.5083919,0.49130946,0.75,0.03651744,0.8695652,0.43383914,0.4177084,0.17758621,-0.041055113,0.8695652,0.37849784,0.384968,0.03965517,-0.080914944,0.8695652,0.40404665,0.37931237,0.0637931,-0.092487484,0.0,0.49579608,0.47063076,0.35,-0.02133435,0.8695652,0.56255835,0.5100288,0.7051724,0.032607555,2.6086957,0.3850962,0.37084448,0.12241379,-0.05438429,0.44618955,0.3875423,0.28448275,-0.030425131,economy_welfare,0.04482758,0.35720304,0.00088649907,0.99855345,0.88646954,0.9812209,0.99366724,0.9881079,0.42739674,0.0015978455,0.6190683,economy_welfare
macron2022_c014,macron2022,macron,fr,2022-12-31,new_year_address,14,34,0.424,154,90,0.3781175,0.40222597,0.015517241,-0.11852053,0.0,0.45104235,0.45831203,0.29482758,-0.0274961,0.0,0.51813793,0.52612406,0.7844828,0.046263456,0.0,0.45823094,0.45537573,0.35689655,-0.016663313,0.0,0.398588,0.4230535,0.13965517,-0.06082478,0.0,0.42975008,0.39894402,0.14310345,-0.066784054,0.0,0.5116323,0.49551648,0.45689654,-0.0054981112,0.0,0.57767266,0.5512821,0.77068967,0.047721863,0.0,0.38686022,0.41386843,0.12586206,-0.052620262,0.4276526,0.41204655,0.17758621,-0.048962086,economy_welfare,0.013793111,0.78784966,0.0045384313,0.47560537,0.5520568,0.84325075,0.90665317,0.7658999,0.061989464,0.00050235394,0.27391416,social_solidarity
macron2022_c015,macron2022,macron,fr,2022-12-31,new_year_address,15,34,0.455,95,61,0.47247183,0.4583326,0.33275864,-0.024166197,0.0,0.45850778,0.44351107,0.35689655,-0.020030677,0.0,0.54351366,0.5043178,0.8637931,0.07163918,0.0,0.48953563,0.41866785,0.6086207,0.014641374,1.6393442,0.4383399,0.4173473,0.35344827,-0.021072894,0.0,0.5646593,0.50696003,0.87413794,0.06812516,0.0,0.5300782,0.46204424,0.6051724,0.012947738,0.0,0.5972458,0.5255319,0.85,0.067295015,0.0,0.39008254,0.36129054,0.15,-0.049397945,0.4749308,0.4010374,0.49827588,-0.0016838908,social_solidarity,0.010344863,0.76053953,0.00023140867,0.9802431,0.29982218,0.8402262,0.9977261,0.050846573,0.00041004719,0.0008744717,0.15241031,social_solidarity
macron2022_c016,macron2022,macron,fr,2022-12-31,new_year_address,16,34,0.485,147,86,0.57536614,0.58102155,0.9327586,0.07872811,3.488372,0.56447804,0.5407853,0.95689654,0.085939586,0.0,0.5653633,0.51126724,0.9293103,0.09348881,1.1627907,0.55122596,0.50330293,0.9362069,0.076331705,0.0,0.5058211,0.47149682,0.82931036,0.046408325,0.0,0.56742984,0.50231844,0.88448274,0.0708957,0.0,0.70774376,0.5984082,0.9982759,0.19061333,2.3255813,0.6392218,0.5535997,0.9396552,0.10927099,1.1627907,0.5271238,0.47519755,0.96034485,0.087643325,0.55491054,0.46120858,0.91206896,0.07829586,crisis_resilience,0.041379333,0.98092175,0.00019411319,0.95392317,0.043875042,0.8037906,0.9914391,0.9994207,0.91730267,0.00043224148,0.0027202787,crisis_resilience
macron2022_c017,macron2022,macron,fr,2022-12-31,new_year_address,17,34,0.515,129,85,0.47996217,0.499035,0.38448277,-0.01667586,1.1764706,0.48835996,0.46722367,0.57758623,0.009821504,0.0,0.49837223,0.44921762,0.69827586,0.026497751,0.0,0.49640286,0.4489774,0.6810345,0.021508604,1.1764706,0.45860404,0.46176553,0.4948276,-0.0008087456,0.0,0.5196128,0.45549303,0.6775862,0.02307865,0.0,0.5725912,0.4934185,0.83965516,0.05546075,0.0,0.637634,0.5832596,0.9327586,0.10768318,1.1764706,0.4576277,0.46656936,0.6431034,0.01814723,0.5219845,0.5024334,0.79137933,0.045369834,future_reform_technology,0.09310347,0.9997075,0.0023781236,0.0010262068,0.4591974,0.10154489,0.9997358,0.92206234,0.0010182289,0.0015823421,0.41735497,social_solidarity
macron2022_c018,macron2022,macron,fr,2022-12-31,new_year_address,18,34,0.545,121,78,0.4989084,0.4815814,0.48448277,0.0022703707,1.2820513,0.516569,0.49682215,0.7775862,0.038030565,2.5641026,0.48649272,0.4362266,0.62931037,0.014618248,0.0,0.4798742,0.47729784,0.5224138,0.0049799383,0.0,0.4806604,0.4551854,0.67413795,0.021247625,0.0,0.5374346,0.4683929,0.75689656,0.04090044,0.0,0.5616526,0.4887402,0.7844828,0.044522166,1.2820513,0.6277499,0.53864884,0.92241377,0.09779912,0.0,0.43530673,0.4303431,0.4362069,-0.0041737556,0.5225191,0.4539718,0.7948276,0.045904428,future_reform_technology,0.13793099,0.9734182,0.99972737,0.0004556365,0.99702764,0.75573844,0.8882267,0.9934991,0.10530251,0.9952862,0.06342433,security_military
macron2022_c019,macron2022,macron,fr,2022-12-31,new_year_address,19,34,0.576,117,69,0.48242098,0.5263624,0.39827585,-0.014217049,2.8985507,0.57730514,0.5633426,0.98448277,0.098766685,0.0,0.51788384,0.46976945,0.78103447,0.04600936,0.0,0.5565326,0.52209824,0.96034485,0.081638366,0.0,0.50120616,0.47846496,0.7982759,0.041793376,1.4492754,0.5986226,0.51626325,0.95689654,0.10208848,1.4492754,0.52978563,0.47408754,0.60172415,0.012655199,0.0,0.5276992,0.45932594,0.49827588,-0.002251625,0.0,0.5084116,0.50978243,0.9293103,0.0689311,0.5788111,0.5194201,0.97068965,0.102196425,security_military,0.024137914,0.9960238,0.618334,0.00062633416,0.9720456,0.26841372,0.9845012,0.92300445,0.000149713,0.5520567,0.30394801,national_identity
macron2022_c020,macron2022,macron,fr,2022-12-31,new_year_address,20,34,0.606,178,102,0.42153457,0.44295543,0.10517241,-0.07510346,1.9607843,0.43591344,0.42859477,0.19827586,-0.04262501,0.0,0.49400142,0.4833226,0.67068964,0.022126943,0.98039216,0.47168687,0.47364804,0.45689654,-0.0032073855,0.0,0.4211509,0.42988604,0.25,-0.03826189,1.9607843,0.44449592,0.36732614,0.19137931,-0.052038223,0.0,0.52734816,0.4737054,0.58793104,0.010217726,0.0,0.6237756,0.5712128,0.9189655,0.093824804,0.98039216,0.4139197,0.41551015,0.3051724,-0.025560796,0.46469882,0.40874,0.42931035,-0.011915863,future_reform_technology,0.24827588,0.69131505,0.007317398,0.009970101,0.72306514,0.90808946,0.980034,0.09791746,0.99528617,0.0015578482,0.033988025,future_reform_technology
macron2022_c021,macron2022,macron,fr,2022-12-31,new_year_address,21,34,0.636,178,133,0.5297855,0.51198,0.70862067,0.033147484,2.255639,0.43258834,0.4133231,0.1637931,-0.045950115,0.0,0.41705072,0.3672521,0.17413794,-0.054823756,0.0,0.45917594,0.42078906,0.3637931,-0.015718311,0.7518797,0.44422847,0.44341645,0.39827585,-0.015184313,0.7518797,0.5432427,0.45878673,0.79137933,0.046708554,0.0,0.49662074,0.43856212,0.35344827,-0.02050969,0.0,0.50084925,0.45221418,0.3224138,-0.02910155,0.0,0.399103,0.37368816,0.19482759,-0.040377498,0.5032862,0.44809175,0.67068964,0.026671499,social_solidarity,0.082758665,0.9771756,0.00013605114,0.00010270019,0.5521775,0.005271083,0.99952435,0.4215965,0.00010804958,0.0003399649,0.37699577,social_solidarity
macron2022_c022,macron2022,macron,fr,2022-12-31,new_year_address,22,34,0.667,82,49,0.5157627,0.5274825,0.62931037,0.019124657,2.0408163,0.47546488,0.44211027,0.46724138,-0.003073573,0.0,0.5078814,0.4611286,0.74310344,0.036006927,0.0,0.51711166,0.49221927,0.8224138,0.042217404,0.0,0.4775901,0.4510861,0.6534483,0.01817733,0.0,0.5734237,0.5105188,0.9051724,0.076889545,0.0,0.54165864,0.4800776,0.68793106,0.024528205,0.0,0.6052735,0.5265871,0.87068963,0.07532269,0.0,0.37996554,0.387627,0.10862069,-0.05951494,0.5038341,0.47932303,0.67413795,0.027219445,social_solidarity,0.034482777,0.75536644,0.000114569004,0.0003065436,0.00023735811,0.69357675,0.99864095,0.05091731,0.00014064363,0.0001870431,0.041969772,social_solidarity
macron2022_c023,macron2022,macron,fr,2022-12-31,new_year_address,23,34,0.697,83,50,0.5087102,0.4921248,0.5672414,0.012072176,2.0,0.47329095,0.45940405,0.45344827,-0.0052475035,0.0,0.49103814,0.44968247,0.6534483,0.019163668,0.0,0.47364962,0.4168656,0.46724138,-0.0012446344,0.0,0.46060926,0.41690698,0.5017241,0.0011964738,0.0,0.56989276,0.47546452,0.8913793,0.073358625,0.0,0.566257,0.4861978,0.81206894,0.049126565,0.0,0.6105943,0.52313864,0.8810345,0.080643475,0.0,0.42604864,0.38930696,0.39827585,-0.013431847,0.51563525,0.4355831,0.74310344,0.039020568,social_solidarity,0.010344803,0.7256,0.00040290522,0.013261103,0.0003867204,0.0067975316,0.9390807,0.4316238,0.00038747615,0.0006487309,0.0064568706,social_solidarity
macron2022_c024,macron2022,macron,fr,2022-12-31,new_year_address,24,34,0.727,180,112,0.48744988,0.4979032,0.4224138,-0.009188145,0.0,0.43129292,0.44011384,0.14655173,-0.047245532,0.0,0.55052817,0.53570396,0.88448274,0.07865369,0.0,0.5167193,0.4729312,0.81206894,0.041825026,0.0,0.51157236,0.4893431,0.8603448,0.052159578,0.0,0.59337515,0.5482302,0.95,0.09684101,0.0,0.51877195,0.45213103,0.5224138,0.0016415119,0.0,0.6117645,0.5458573,0.88448274,0.08181369,0.0,0.38244176,0.37371638,0.118965514,-0.057038724,0.493087,0.45503634,0.6051724,0.01647231,social_solidarity,0.06551725,0.6562728,0.00021527923,0.9626907,0.46502304,0.988885,0.9988948,0.052303422,0.00053892744,0.00024441307,0.76816845,social_solidarity
macron2022_c025,macron2022,macron,fr,2022-12-31,new_year_address,25,34,0.758,93,55,0.46227872,0.5193692,0.25689656,-0.034359306,0.0,0.44857374,0.45389086,0.28793103,-0.029964715,0.0,0.54297554,0.5300309,0.8603448,0.07110107,1.8181819,0.4909639,0.4865858,0.61551726,0.01606965,3.6363637,0.4692192,0.45666456,0.5741379,0.009806424,0.0,0.5105934,0.46412396,0.60172415,0.014059275,0.0,0.5551422,0.50774765,0.7637931,0.03801179,0.0,0.5949039,0.5655335,0.83965516,0.06495309,5.4545455,0.4468125,0.41789773,0.55344826,0.007332027,0.4968691,0.44281194,0.61551726,0.020254403,economy_welfare,0.020689666,0.90644634,0.00014825829,0.9872528,0.042922337,0.14092635,0.90380484,0.7554566,0.951346,0.00013446629,0.046033904,economy_welfare
macron2022_c026,macron2022,macron,fr,2022-12-31,new_year_address,26,34,0.788,152,92,0.50334686,0.530927,0.5327586,0.0067088306,2.173913,0.4716851,0.46986875,0.43965518,-0.006853342,0.0,0.5129077,0.49512312,0.76724136,0.04103321,1.0869565,0.5489595,0.4989264,0.9293103,0.07406524,0.0,0.57520413,0.5484494,0.9637931,0.11579135,3.2608695,0.56309724,0.5197742,0.87068963,0.0665631,0.0,0.5585134,0.4648129,0.7741379,0.04138297,0.0,0.58359355,0.5101918,0.7948276,0.05364275,0.0,0.41741127,0.40102947,0.33275864,-0.022069216,0.50079876,0.474401,0.65,0.024184078,democracy_institutions,0.034482777,0.72326064,0.00052133633,0.8405209,0.1123077,0.9904591,0.9522199,0.43242288,0.0034030052,0.00031999825,0.07113817,democracy_institutions
macron2022_c027,macron2022,macron,fr,2022-12-31,new_year_address,27,34,0.818,96,56,0.47954062,0.5032939,0.37758622,-0.017097414,3.5714285,0.55863917,0.53480554,0.94310343,0.080100715,0.0,0.50758004,0.46226513,0.7362069,0.035705566,0.0,0.6043872,0.57385916,0.9982759,0.12949297,1.7857143,0.5995999,0.57481575,0.99482757,0.14018711,1.7857143,0.5160137,0.45820463,0.65,0.019479543,0.0,0.5636519,0.4750239,0.8086207,0.046521485,0.0,0.5621854,0.50609577,0.7017241,0.03223461,0.0,0.51915777,0.50556636,0.95,0.079677284,0.5380522,0.48903254,0.8637931,0.061437517,foreign_policy,0.0034483075,0.18300883,0.05926467,0.00016187638,0.8574401,0.95643115,0.9925826,0.9913642,0.0001618764,0.3063195,0.009294952,social_solidarity
macron2022_c028,macron2022,macron,fr,2022-12-31,new_year_address,28,34,0.848,114,71,0.46511367,0.4854575,0.2672414,-0.03152436,0.0,0.5089336,0.49361876,0.7258621,0.03039515,0.0,0.53052616,0.49172556,0.8224138,0.058651686,2.8169014,0.4924804,0.45738262,0.62586206,0.017586142,0.0,0.5001031,0.48035198,0.79137933,0.040690333,0.0,0.51992977,0.4608956,0.6810345,0.023395628,0.0,0.591742,0.52068055,0.90172416,0.074611545,0.0,0.65704405,0.5722865,0.9775862,0.12709326,0.0,0.41363758,0.41469514,0.30172414,-0.025842905,0.4858284,0.43764132,0.55344826,0.009213716,future_reform_technology,0.07586205,0.31804815,0.031055553,0.31221274,0.23744327,0.04694293,0.9581479,0.2736229,0.82140255,0.00043990326,0.0017007224,social_solidarity
macron2022_c029,macron2022,macron,fr,2022-12-31,new_year_address,29,34,0.879,139,82,0.48424435,0.50721204,0.41206896,-0.012393683,0.0,0.47385427,0.45640454,0.46034482,-0.00468418,0.0,0.45991713,0.39273703,0.4051724,-0.011957347,1.2195122,0.50416327,0.4899647,0.74310344,0.02926901,3.6585367,0.48111483,0.45872992,0.6775862,0.021702051,1.2195122,0.47204748,0.41487107,0.33965516,-0.024486661,1.2195122,0.52080834,0.43790162,0.53965515,0.0036779046,0.0,0.5452756,0.47368565,0.6051724,0.015324831,0.0,0.43742654,0.41985333,0.46034482,-0.0020539463,0.5014203,0.45384228,0.66034484,0.024805635,foreign_policy,0.06551725,0.80859673,0.65613514,0.012147169,0.99260414,0.015218294,0.6897238,0.030777596,0.0027629987,0.0012160417,0.47679278,foreign_policy
macron2022_c030,macron2022,macron,fr,2022-12-31,new_year_address,30,34,0.909,81,51,0.41033003,0.44148853,0.060344826,-0.086308,0.0,0.51040447,0.49609616,0.7362069,0.031866014,0.0,0.48593986,0.44015333,0.6189655,0.014065385,3.9215686,0.4955337,0.4716472,0.67068964,0.02063945,1.9607843,0.44214153,0.41481167,0.37758622,-0.01727125,0.0,0.4681013,0.414495,0.32931036,-0.028432846,0.0,0.54035616,0.48792297,0.67413795,0.023225725,0.0,0.5595324,0.4885487,0.68793106,0.029581606,0.0,0.50706303,0.45996046,0.92241377,0.06758255,0.49934155,0.4292794,0.6362069,0.022726864,security_military,0.04827583,0.99687636,0.973228,0.9621787,0.99743414,0.6389479,0.97520185,0.97576237,0.24944724,0.19966376,0.33521482,foreign_policy
macron2022_c031,macron2022,macron,fr,2022-12-31,new_year_address,31,34,0.939,129,84,0.5212441,0.5117861,0.65689653,0.024606079,2.3809524,0.5245085,0.50224566,0.8327586,0.045970023,1.1904762,0.43549275,0.3762406,0.2637931,-0.03638172,0.0,0.5015971,0.48162138,0.7155172,0.026702851,1.1904762,0.45746085,0.41978312,0.49137932,-0.0019519329,0.0,0.54047644,0.4593968,0.76724136,0.043942302,1.1904762,0.53908515,0.46676907,0.66034484,0.021954715,0.0,0.5379544,0.46496898,0.55689657,0.0080035925,0.0,0.487359,0.4429521,0.8465517,0.047878504,0.5791085,0.485679,0.9741379,0.10249379,security_military,0.06551725,0.99867755,0.9601001,0.0012668909,0.9986827,0.27226636,0.99946845,0.9749407,0.0011855903,0.19946389,0.9992371,social_solidarity
macron2022_c032,macron2022,macron,fr,2022-12-31,new_year_address,32,34,0.97,167,93,0.4168203,0.40919715,0.094827585,-0.07981774,3.2258065,0.36843082,0.36051965,0.015517241,-0.11010763,0.0,0.41374794,0.37780726,0.16724138,-0.05812654,0.0,0.40095896,0.38981918,0.08448276,-0.0739353,2.1505377,0.39646947,0.3658927,0.12931034,-0.06294331,0.0,0.423387,0.35374573,0.115517244,-0.07314715,0.0,0.4823999,0.42082736,0.28103447,-0.034730524,0.0,0.55853903,0.51511335,0.6810345,0.028588235,0.0,0.31728196,0.3141811,0.0120689655,-0.12219852,0.44598842,0.38699374,0.27758622,-0.030626267,future_reform_technology,0.40000004,0.9996259,0.0059513734,0.9787127,0.9994621,0.11828321,0.9996868,0.16341206,0.9997822,0.00206881,0.95552707,future_reform_technology
macron2022_c033,macron2022,macron,fr,2022-12-31,new_year_address,33,34,1.0,204,126,0.5008235,0.4943751,0.49827588,0.004185468,1.5873016,0.47063076,0.44578373,0.43275863,-0.007907689,0.0,0.5099204,0.45944464,0.75344825,0.038045943,0.0,0.48685107,0.4417572,0.57758623,0.011956811,0.7936508,0.46726033,0.4304501,0.55,0.0078475475,0.0,0.6102929,0.5370109,0.9741379,0.11375877,1.5873016,0.6001779,0.52339673,0.9189655,0.08304745,0.7936508,0.66748303,0.59533614,0.987931,0.13753223,0.7936508,0.47018757,0.42726868,0.7396552,0.030707091,0.58983755,0.5024387,0.98103446,0.11322287,future_reform_technology,0.013793111,0.9955446,0.002545948,0.04438998,0.9262954,0.052230854,0.998662,0.61204886,0.00030238242,0.0005213363,0.922796,social_solidarity
macron2023_c000,macron2023,macron,fr,2023-12-31,new_year_address,0,24,0.0,111,70,0.53563994,0.52001035,0.74310344,0.039001912,1.4285715,0.5038222,0.48735225,0.68793106,0.025283754,0.0,0.47763994,0.44330856,0.54310346,0.005765468,0.0,0.50213903,0.4473386,0.7224138,0.027244776,0.0,0.46192843,0.4164617,0.5086207,0.0025156438,0.0,0.61229306,0.5399706,0.9775862,0.115758926,2.857143,0.5397504,0.4697528,0.6637931,0.022619963,0.0,0.54438585,0.44783327,0.59827584,0.014435053,0.0,0.44900298,0.40453547,0.5637931,0.009522498,0.56849056,0.47846985,0.95689654,0.09187588,social_solidarity,0.23448277,0.9822537,0.3947258,0.00088304596,0.07335534,0.57767403,0.9997762,0.10922977,9.2421134e-05,0.0005442133,0.27943507,social_solidarity
macron2023_c001,macron2023,macron,fr,2023-12-31,new_year_address,1,24,0.043,91,58,0.41659015,0.41160065,0.09137931,-0.080047876,0.0,0.51644063,0.5135573,0.7741379,0.037902176,3.4482758,0.38194668,0.34276095,0.070689656,-0.08992779,0.0,0.41491044,0.41894615,0.118965514,-0.05998382,1.7241379,0.42092073,0.37735346,0.24655172,-0.038492054,0.0,0.40075514,0.36732152,0.05,-0.095779,3.4482758,0.46873194,0.44215518,0.20172414,-0.048398495,0.0,0.47799295,0.45478296,0.21896552,-0.051957846,0.0,0.4854404,0.454731,0.82586205,0.04595992,0.44176716,0.3820442,0.25344828,-0.034847528,security_military,0.5275862,0.57021165,0.98521465,7.1140596e-05,0.99443966,0.0006758737,0.6613968,0.8886139,0.0006838353,0.9998001,0.00022341637,foreign_policy
macron2023_c002,macron2023,macron,fr,2023-12-31,new_year_address,2,24,0.087,105,58,0.5132634,0.5462087,0.61206895,0.016625375,1.7241379,0.54192454,0.54025185,0.9086207,0.06338608,0.0,0.5778588,0.5361291,0.94655174,0.10598433,1.7241379,0.55281603,0.54907167,0.94655174,0.07792178,0.0,0.5097565,0.46553487,0.8534483,0.050343722,0.0,0.5462942,0.49556616,0.80172414,0.049760073,0.0,0.5923438,0.55745083,0.9051724,0.07521337,0.0,0.5273299,0.4713046,0.49137932,-0.0026208758,1.7241379,0.5341145,0.51843435,0.9672414,0.094634,0.52109027,0.45898935,0.7775862,0.044475585,economy_welfare,0.0,0.99406016,0.028625501,0.053083364,0.970854,0.0006986756,0.003081364,0.8874974,0.00014230126,0.5939037,0.00022516823,national_identity
macron2023_c003,macron2023,macron,fr,2023-12-31,new_year_address,3,24,0.13,82,54,0.47570613,0.45926684,0.34655172,-0.0209319,0.0,0.5189194,0.49331713,0.80517244,0.040380955,1.8518518,0.5212816,0.44917625,0.7948276,0.049407125,0.0,0.47465062,0.43905193,0.4775862,-0.00024363399,0.0,0.44100994,0.42105025,0.37413794,-0.018402845,0.0,0.50649565,0.45236248,0.5672414,0.009961516,0.0,0.6563705,0.5613568,0.9913793,0.13924009,1.8518518,0.5565212,0.5019051,0.66034484,0.02657038,0.0,0.540148,0.4945476,0.9775862,0.100667536,0.5321189,0.46887332,0.83965516,0.055504233,crisis_resilience,0.18620688,0.06563478,0.65665823,0.007403014,0.41608465,0.20378675,0.7227227,0.9329132,0.00022254552,0.19845225,0.0004655269,crisis_resilience
macron2023_c004,macron2023,macron,fr,2023-12-31,new_year_address,4,24,0.174,95,60,0.48674268,0.47953457,0.41551724,-0.0098953545,1.6666666,0.5015868,0.49071476,0.67068964,0.023048341,0.0,0.4834134,0.44963944,0.6051724,0.011538923,0.0,0.49420384,0.48300314,0.65,0.01930958,0.0,0.4594525,0.4552824,0.49827588,3.9726496e-05,0.0,0.5099928,0.43564302,0.59827584,0.013458639,0.0,0.538082,0.48487467,0.6465517,0.02095157,0.0,0.61545694,0.52556556,0.8948276,0.08550614,0.0,0.46206045,0.43559363,0.66034484,0.022579968,0.5147394,0.44434088,0.7396552,0.03812471,future_reform_technology,0.22413796,0.9990582,0.99410033,0.19444428,0.997085,0.8166989,0.9974191,0.99147224,0.0044510416,0.028463025,0.39564487,national_identity
macron2023_c005,macron2023,macron,fr,2023-12-31,new_year_address,5,24,0.217,139,83,0.39327657,0.38243684,0.046551723,-0.10336146,1.2048193,0.403351,0.39458743,0.060344826,-0.075187445,0.0,0.47517323,0.44097573,0.5258621,0.0032987595,1.2048193,0.45394278,0.45385617,0.33275864,-0.02095148,2.4096386,0.41002756,0.42101347,0.19482759,-0.04938522,1.2048193,0.43207964,0.37657124,0.15,-0.064454496,0.0,0.49353778,0.42836547,0.33275864,-0.02359265,0.0,0.57508826,0.550611,0.7603448,0.045137465,1.2048193,0.35902005,0.3555656,0.056896552,-0.08046043,0.42947373,0.39543262,0.19482759,-0.047140956,future_reform_technology,0.2344827,0.74783474,0.008694533,0.17645861,0.98548245,0.75119215,0.9867517,0.654674,0.001999432,0.0005092657,0.014643825,social_solidarity
macron2023_c006,macron2023,macron,fr,2023-12-31,new_year_address,6,24,0.261,138,76,0.38830683,0.39484006,0.03275862,-0.1083312,1.3157895,0.42922306,0.408399,0.1362069,-0.049315393,0.0,0.55959046,0.5350946,0.9155173,0.08771598,5.263158,0.41671038,0.3995452,0.12241379,-0.05818388,1.3157895,0.4376765,0.42078584,0.34655172,-0.021736294,0.0,0.45212018,0.40844488,0.22586207,-0.044413954,1.3157895,0.48031378,0.44504225,0.2637931,-0.036816657,0.0,0.64293957,0.61893487,0.95689654,0.11298877,2.631579,0.36009556,0.34063053,0.060344826,-0.07938492,0.45189488,0.40214467,0.33965516,-0.024719805,future_reform_technology,0.041379273,0.09158502,8.818923e-05,0.9937101,0.7508498,0.77816504,0.9101469,0.048948627,0.9937709,0.00011501736,0.0149139855,future_reform_technology
macron2023_c007,macron2023,macron,fr,2023-12-31,new_year_address,7,24,0.304,184,118,0.44012076,0.42471206,0.14310345,-0.056517273,0.0,0.45961565,0.4472973,0.36034483,-0.018922806,0.0,0.5943661,0.5561527,0.987931,0.1224916,2.542373,0.48597544,0.44325507,0.5741379,0.011081189,0.0,0.44809973,0.4019344,0.41896552,-0.011313051,0.0,0.5332163,0.44972557,0.72931033,0.03668216,0.0,0.5913024,0.5072777,0.89827585,0.07417196,0.84745765,0.6421037,0.56160843,0.95,0.112152874,1.6949153,0.43422198,0.4199047,0.42931035,-0.0052585006,0.52766436,0.46350458,0.8086207,0.05104968,economy_welfare,0.037931025,0.24207123,0.0005193049,0.9920157,0.0043063057,0.5159857,0.9976904,0.5089101,0.01168162,0.00030415886,0.075142466,social_solidarity
macron2023_c008,macron2023,macron,fr,2023-12-31,new_year_address,8,24,0.348,149,81,0.44735017,0.48920265,0.15689655,-0.049287856,1.2345679,0.5696436,0.55569667,0.9637931,0.09110516,2.4691358,0.46469417,0.42607328,0.45,-0.0071803033,0.0,0.4482394,0.4309038,0.28448275,-0.02665487,0.0,0.49303252,0.49772727,0.7637931,0.03361973,3.7037036,0.45301726,0.4153213,0.22931035,-0.043516874,0.0,0.4820633,0.4201586,0.27413794,-0.03506714,0.0,0.5253226,0.47399086,0.48448277,-0.0046281815,0.0,0.44157982,0.41371143,0.50517243,0.0020993352,0.4506498,0.3846628,0.32931036,-0.025964886,security_military,0.19999999,0.99414605,0.99963456,0.0013804225,0.3343177,0.99891406,0.9952679,0.9981178,0.14196403,0.71537423,0.13238831,security_military
macron2023_c009,macron2023,macron,fr,2023-12-31,new_year_address,9,24,0.391,97,58,0.49318063,0.53095734,0.44310346,-0.0034573972,1.7241379,0.5230844,0.5025524,0.8189655,0.04454595,0.0,0.49615997,0.44344115,0.68448275,0.024285495,0.0,0.5046911,0.46347526,0.74655175,0.029796869,1.7241379,0.57279503,0.5630836,0.96034485,0.11338225,1.7241379,0.551906,0.47055024,0.8189655,0.05537185,0.0,0.521068,0.45490307,0.5465517,0.0039375424,0.0,0.57327986,0.51181453,0.75,0.04332906,0.0,0.4493807,0.4751331,0.57758623,0.009900212,0.535018,0.49819487,0.8465517,0.058403343,democracy_institutions,0.14137936,0.7627335,0.031232351,0.000105753184,0.6577583,0.9981506,0.88468844,0.6460975,0.0001693127,0.00021612161,0.016403032,democracy_institutions
macron2023_c010,macron2023,macron,fr,2023-12-31,new_year_address,10,24,0.435,96,57,0.49770364,0.5170003,0.47413793,0.0010656118,1.754386,0.4737031,0.4818601,0.45689654,-0.004835367,0.0,0.51131916,0.46869788,0.75689656,0.039444685,0.0,0.49412537,0.4888443,0.6465517,0.01923111,0.0,0.4848798,0.47193283,0.7051724,0.025467008,0.0,0.5135777,0.45627743,0.62586206,0.01704356,0.0,0.5412505,0.5027622,0.6775862,0.024120092,0.0,0.64308244,0.58158565,0.96034485,0.11313164,0.0,0.4399095,0.4403699,0.49137932,0.00042900443,0.5003046,0.47217834,0.6465517,0.023689896,future_reform_technology,0.2034483,0.98074734,0.62452257,0.56433856,0.82410836,0.9023941,0.9942698,0.7598942,0.45423004,0.0031297365,0.45842445,social_solidarity
macron2023_c011,macron2023,macron,fr,2023-12-31,new_year_address,11,24,0.478,134,73,0.54405093,0.57173824,0.81206894,0.047412902,2.739726,0.541353,0.5321859,0.9051724,0.06281453,0.0,0.5365567,0.47648078,0.83965516,0.064682245,1.369863,0.51980865,0.4987028,0.84310347,0.044914395,0.0,0.547815,0.5139547,0.94310343,0.08840224,0.0,0.5726638,0.50593615,0.90172416,0.076129645,1.369863,0.56143403,0.4665362,0.78103447,0.044303596,0.0,0.6210558,0.561714,0.91206896,0.091104984,2.739726,0.484159,0.47289866,0.8086207,0.04467851,0.5362042,0.4609438,0.8568966,0.059589535,democracy_institutions,0.03103447,0.93549395,0.000872767,0.35153365,0.14506993,0.30326733,0.9010534,0.07455078,0.00023140867,0.0002807587,0.024007745,national_identity
macron2023_c012,macron2023,macron,fr,2023-12-31,new_year_address,12,24,0.522,146,85,0.48355556,0.49673754,0.4086207,-0.0130824745,2.3529413,0.51494884,0.506259,0.75344825,0.03641039,0.0,0.5438491,0.49891934,0.8672414,0.071974635,3.5294118,0.4812902,0.4376614,0.5362069,0.006395936,0.0,0.47507867,0.46493924,0.62931037,0.015665889,0.0,0.54215205,0.44921637,0.7775862,0.04561791,0.0,0.5478759,0.489794,0.73275864,0.030745447,0.0,0.621919,0.5402259,0.9155173,0.09196818,0.0,0.46417272,0.43317568,0.68793106,0.024692237,0.50780517,0.4352345,0.7017241,0.031190485,future_reform_technology,0.048275888,0.99849004,0.971779,0.7710687,0.99320245,0.9570576,0.99931484,0.8562122,0.989013,0.0009128305,0.54673815,social_solidarity
macron2023_c013,macron2023,macron,fr,2023-12-31,new_year_address,13,24,0.565,142,79,0.4474526,0.45423606,0.16034482,-0.049185425,0.0,0.43742,0.44089895,0.21551724,-0.041118443,0.0,0.52263963,0.4861577,0.7982759,0.050765157,0.0,0.47438183,0.45674926,0.47413793,-0.00051242113,0.0,0.46934515,0.44446647,0.57758623,0.009932369,0.0,0.49700361,0.41231024,0.4775862,0.00046947598,0.0,0.5206331,0.45616895,0.5362069,0.003502667,0.0,0.66413355,0.59949434,0.98448277,0.13418275,0.0,0.4019121,0.40344664,0.20517242,-0.03756839,0.4625171,0.43335578,0.4051724,-0.014097571,future_reform_technology,0.18620688,0.1750087,0.055771697,0.9622497,0.42000479,0.9183339,0.95645154,0.71549857,0.9996633,0.0010670425,0.20426254,future_reform_technology
macron2023_c014,macron2023,macron,fr,2023-12-31,new_year_address,14,24,0.609,146,83,0.38297874,0.37183857,0.018965518,-0.11365929,2.4096386,0.35930756,0.33711216,0.00862069,-0.119230896,0.0,0.44088548,0.39838648,0.30172414,-0.030988991,0.0,0.43066072,0.4303456,0.15,-0.04423353,2.4096386,0.3841406,0.3607383,0.070689656,-0.07527217,0.0,0.40683913,0.3269384,0.07413793,-0.08969501,0.0,0.45563835,0.40185535,0.12586206,-0.061492085,0.0,0.56126565,0.50011414,0.69482756,0.03131485,0.0,0.33789945,0.31535423,0.02586207,-0.10158104,0.43227243,0.34833357,0.20517242,-0.04434225,future_reform_technology,0.39310342,0.9947646,0.0008592476,0.48694146,0.9993845,0.008881676,0.9766692,0.28185016,0.99300176,0.0027255826,0.08897849,foreign_policy
macron2023_c015,macron2023,macron,fr,2023-12-31,new_year_address,15,24,0.652,162,96,0.480036,0.4955895,0.38793105,-0.01660204,1.0416666,0.51672816,0.51351047,0.78103447,0.03818971,0.0,0.50703555,0.45991328,0.73275864,0.035161078,0.0,0.50339407,0.48554623,0.73275864,0.028499812,1.0416666,0.49634516,0.47304296,0.77068967,0.03693238,0.0,0.5143331,0.4576769,0.6396552,0.01779899,0.0,0.5369973,0.48102736,0.6327586,0.019866884,1.0416666,0.59876096,0.53643656,0.8568966,0.068810165,0.0,0.4621885,0.43173462,0.6637931,0.022708029,0.5047401,0.4412382,0.68793106,0.028125435,future_reform_technology,0.07586211,0.9596487,0.8582143,0.37754068,0.8704459,0.9856216,0.99950737,0.879069,0.1281155,0.014756984,0.5356754,social_solidarity
macron2023_c016,macron2023,macron,fr,2023-12-31,new_year_address,16,24,0.696,129,83,0.47191525,0.4905312,0.32931036,-0.024722785,2.4096386,0.49948177,0.50572723,0.65,0.020943314,1.2048193,0.45884135,0.39797533,0.39827585,-0.013033122,0.0,0.50594324,0.50191206,0.75689656,0.031048983,3.6144578,0.5132485,0.46352765,0.8637931,0.05383572,1.2048193,0.5072114,0.44594705,0.57758623,0.010677248,1.2048193,0.56218255,0.48273575,0.787931,0.04505211,0.0,0.5734861,0.49958444,0.75689656,0.043535292,0.0,0.46010396,0.44743276,0.65689653,0.020623475,0.49967355,0.44605333,0.6396552,0.023058861,democracy_institutions,0.07586205,0.7061145,0.74502754,0.00038521326,0.9976904,0.41753864,0.82751477,0.9991474,0.001632489,0.08487123,0.77805966,crisis_resilience
macron2023_c017,macron2023,macron,fr,2023-12-31,new_year_address,17,24,0.739,116,70,0.46755546,0.46817684,0.3051724,-0.029082566,0.0,0.5397741,0.5289755,0.8913793,0.061235666,0.0,0.4930227,0.42339522,0.6637931,0.021148235,0.0,0.5076152,0.5107557,0.77068967,0.032720953,4.285714,0.5520394,0.5032011,0.95,0.0926266,1.4285715,0.4620008,0.428232,0.27758622,-0.03453335,0.0,0.5849373,0.5156151,0.88448274,0.06780684,0.0,0.57546496,0.5135368,0.7637931,0.045514166,1.4285715,0.48998368,0.48099515,0.8534483,0.050503194,0.501019,0.46910477,0.6534483,0.024404317,democracy_institutions,0.05862069,0.9926684,0.9831661,0.19818053,0.9889385,0.8883357,0.37414733,0.9993894,0.00060589175,0.6620321,0.01689868,crisis_resilience
macron2023_c018,macron2023,macron,fr,2023-12-31,new_year_address,18,24,0.783,92,45,0.41389668,0.37207118,0.08103448,-0.08274135,0.0,0.3303214,0.32678413,0.0017241379,-0.14821705,0.0,0.35166278,0.32640368,0.015517241,-0.12021169,0.0,0.32845068,0.32895052,0.0017241379,-0.14644358,0.0,0.31834373,0.30182606,0.0017241379,-0.14106905,0.0,0.4150181,0.3476507,0.094827585,-0.08151603,0.0,0.43822658,0.37549636,0.06724138,-0.078903854,0.0,0.46880674,0.4056982,0.18103448,-0.061144054,0.0,0.28267726,0.29367054,0.0017241379,-0.15680322,0.4136412,0.3740031,0.12931034,-0.06297347,future_reform_technology,0.08620689,0.985566,0.000543152,0.008412979,0.023554333,0.004503272,0.99925196,0.02224367,0.15263121,0.0013019645,0.1847675,social_solidarity
macron2023_c019,macron2023,macron,fr,2023-12-31,new_year_address,19,24,0.826,84,45,0.5396267,0.524054,0.7775862,0.042988688,4.4444447,0.4119958,0.40781194,0.08103448,-0.066542655,0.0,0.39596212,0.35673422,0.112068966,-0.07591236,0.0,0.43439656,0.39761156,0.18103448,-0.04049769,0.0,0.40301165,0.3679965,0.15,-0.056401134,0.0,0.50588685,0.4227705,0.55344826,0.009352714,0.0,0.5737229,0.48220873,0.85,0.056592464,0.0,0.5053582,0.4243528,0.37068966,-0.024592578,0.0,0.378625,0.35599852,0.10517241,-0.060855478,0.49150202,0.431661,0.5913793,0.014887333,crisis_resilience,0.0724138,0.9998158,0.0007839425,0.0009110512,0.50903225,0.055926174,0.9984269,0.9982827,0.030243214,0.002560871,0.8265718,national_identity
macron2023_c020,macron2023,macron,fr,2023-12-31,new_year_address,20,24,0.87,113,60,0.47779477,0.4993855,0.35689655,-0.018843263,3.3333333,0.50314295,0.48018658,0.6810345,0.0246045,3.3333333,0.4168719,0.36911997,0.17068966,-0.05500257,0.0,0.44263947,0.41003317,0.23965517,-0.032254785,0.0,0.40382713,0.3838692,0.16034482,-0.055585653,0.0,0.47475988,0.3830216,0.35689655,-0.021774262,0.0,0.5283214,0.44896662,0.59827584,0.011190951,0.0,0.52353007,0.4673847,0.46034482,-0.0064207315,0.0,0.42573163,0.40446398,0.39482757,-0.013748854,0.45772207,0.4069932,0.37413794,-0.018892616,security_military,0.082758665,0.98442644,0.88875884,0.00010932306,0.9129808,0.0012943682,0.99758923,0.5305405,0.0006525407,0.84586287,0.076476626,social_solidarity
macron2023_c021,macron2023,macron,fr,2023-12-31,new_year_address,21,24,0.913,119,70,0.45474303,0.44576606,0.20862068,-0.041895002,1.4285715,0.39135787,0.3900687,0.03275862,-0.087180585,0.0,0.39744726,0.350237,0.115517244,-0.07442722,0.0,0.418743,0.4282477,0.12931034,-0.05615124,2.857143,0.38130152,0.37799957,0.060344826,-0.07811126,0.0,0.41856498,0.37624145,0.10517241,-0.07796916,0.0,0.4293105,0.3586286,0.053448275,-0.087819934,0.0,0.51734537,0.46319482,0.41551724,-0.012605429,0.0,0.4168533,0.39531368,0.3224138,-0.022627175,0.48283187,0.41698933,0.5465517,0.0062171817,future_reform_technology,0.20689656,0.9728565,0.0002726548,0.0004092475,0.22164539,0.005040703,0.01747599,0.01046884,0.0055873864,0.0007437029,0.014985889,national_identity
macron2023_c022,macron2023,macron,fr,2023-12-31,new_year_address,22,24,0.957,179,107,0.50709677,0.49947822,0.55,0.010458738,0.93457943,0.43049973,0.4315338,0.14310345,-0.04803872,0.0,0.43259612,0.4011131,0.24310344,-0.03927836,0.0,0.43978524,0.40796274,0.21551724,-0.035109013,0.93457943,0.4402009,0.4062177,0.36034483,-0.019211888,0.0,0.49499843,0.4207935,0.46724138,-0.0015357137,0.93457943,0.5115533,0.42971006,0.45,-0.005577147,0.0,0.53264606,0.4612968,0.51896554,0.0026952624,0.0,0.39697933,0.3637595,0.18103448,-0.04250115,0.46464407,0.4152953,0.42586207,-0.011970609,national_identity,0.03103447,0.9722043,0.00019222712,0.0005193049,0.0071007432,0.017526368,0.9594688,0.0058938786,0.0019475032,0.00053161324,0.009840805,national_identity
macron2023_c023,macron2023,macron,fr,2023-12-31,new_year_address,23,24,1.0,81,48,0.499474,0.50626636,0.49137932,0.0028359592,0.0,0.44664502,0.46718603,0.28103447,-0.031893432,0.0,0.5042353,0.47274554,0.7224138,0.03236085,0.0,0.48700008,0.48118195,0.5810345,0.012105823,0.0,0.48749208,0.46594343,0.7258621,0.028079301,0.0,0.5343803,0.4840566,0.7396552,0.037846178,2.0833333,0.58314216,0.5268375,0.8775862,0.06601173,0.0,0.6457652,0.58902204,0.9637931,0.11581439,2.0833333,0.47033554,0.45548224,0.74310344,0.03085506,0.5513278,0.51034194,0.88793105,0.07471314,future_reform_technology,0.08620691,0.94158703,0.00059302105,0.00035836728,0.1980642,0.06356951,0.99814695,0.00109019,0.00055820023,0.00014510751,0.008299689,social_solidarity
macron2024_c000,macron2024,macron,fr,2024-12-31,new_year_address,0,22,0.0,130,83,0.47354445,0.46730804,0.33965516,-0.023093581,1.2048193,0.44549355,0.40613312,0.2672414,-0.033044904,0.0,0.47990873,0.4316272,0.5637931,0.008034259,0.0,0.4774444,0.43066204,0.5086207,0.002550155,0.0,0.4918159,0.45054692,0.7603448,0.03240311,1.2048193,0.50155675,0.41732094,0.5258621,0.005022615,1.2048193,0.5469287,0.45523086,0.71896553,0.02979827,0.0,0.5824526,0.49611875,0.79137933,0.052501798,2.4096386,0.4200363,0.3742634,0.35,-0.019444197,0.4864113,0.40854117,0.5637931,0.009796619,future_reform_technology,0.03103453,0.99972624,0.00016931273,0.158793,0.26293647,0.98551035,0.99901885,0.96002525,0.96731776,0.0002753298,0.9331572,national_identity
macron2024_c001,macron2024,macron,fr,2024-12-31,new_year_address,1,22,0.048,89,53,0.5074832,0.4988884,0.55689657,0.0108451545,3.7735848,0.4917972,0.45958278,0.6086207,0.013258755,0.0,0.3979082,0.37644237,0.12241379,-0.073966265,0.0,0.45199984,0.40972748,0.3086207,-0.022894412,1.8867924,0.39822185,0.36912328,0.1362069,-0.061190933,0.0,0.5135788,0.42519203,0.62931037,0.017044634,0.0,0.53900355,0.48536035,0.65689653,0.021873116,0.0,0.46933317,0.40489855,0.18793103,-0.060617626,0.0,0.43896323,0.38194633,0.4810345,-0.0005172491,0.46864033,0.39209422,0.45,-0.007974356,crisis_resilience,0.027586162,0.99630713,0.14241071,7.998481e-05,0.95169514,0.0005003964,0.9837225,0.82014555,8.2041515e-05,0.025589554,0.11235638,national_identity
macron2024_c002,macron2024,macron,fr,2024-12-31,new_year_address,2,22,0.095,106,60,0.5123911,0.4855055,0.60172415,0.01575306,3.3333333,0.41294557,0.39628994,0.08793104,-0.065592885,0.0,0.41060618,0.36946994,0.15689655,-0.0612683,0.0,0.45458657,0.40680146,0.33965516,-0.02030769,1.6666666,0.4331271,0.40273362,0.31206897,-0.026285678,0.0,0.46663004,0.38194072,0.3224138,-0.029904097,0.0,0.4690776,0.37710053,0.21206896,-0.048052847,0.0,0.4935724,0.42268732,0.30172414,-0.036378384,0.0,0.39089137,0.3370617,0.15689655,-0.04858911,0.47586638,0.38754895,0.5086207,-0.0007483065,national_identity,0.262069,0.99977964,0.0012594988,0.0003997711,0.9917803,0.009936419,0.9961381,0.009250098,0.0013537589,0.0010775025,0.78793114,national_identity
macron2024_c003,macron2024,macron,fr,2024-12-31,new_year_address,3,22,0.143,130,72,0.5014831,0.48280352,0.5017241,0.004845053,2.7777777,0.36349785,0.3702926,0.0120689655,-0.1150406,0.0,0.37652427,0.3532068,0.046551723,-0.095350206,0.0,0.3873406,0.37029767,0.04310345,-0.08755365,0.0,0.40507975,0.39604095,0.17068966,-0.05433303,0.0,0.4730668,0.40105274,0.34310344,-0.023467332,0.0,0.45608988,0.39816108,0.13275862,-0.06104055,0.0,0.4759075,0.40426338,0.21206896,-0.054043293,0.0,0.33662814,0.32707006,0.022413794,-0.102852345,0.4419461,0.3765905,0.25689656,-0.034668595,national_identity,0.15862069,0.98529965,0.0007628131,0.0008584096,0.06207469,0.0036749316,0.24816959,0.006981265,0.001119285,0.00048785712,0.011926523,national_identity
macron2024_c004,macron2024,macron,fr,2024-12-31,new_year_address,4,22,0.19,123,78,0.4667982,0.42168283,0.29482758,-0.029839844,1.2820513,0.3933881,0.3775097,0.03965517,-0.08515036,0.0,0.40964502,0.35891587,0.15344827,-0.062229455,0.0,0.42764765,0.36563456,0.13965517,-0.047246605,1.2820513,0.39588872,0.365874,0.12241379,-0.06352407,0.0,0.53343403,0.43342584,0.73275864,0.036899894,1.2820513,0.5807267,0.46296924,0.87068963,0.06359625,1.2820513,0.5197902,0.45723337,0.4362069,-0.010160625,0.0,0.36432725,0.32859185,0.07413793,-0.07515323,0.5114336,0.44775105,0.7155172,0.034818918,crisis_resilience,0.13793099,0.9085774,0.010590935,0.15713686,0.32949957,0.28841874,0.9968025,0.99448806,0.044722572,0.0012818053,0.86755556,social_solidarity
macron2024_c005,macron2024,macron,fr,2024-12-31,new_year_address,5,22,0.238,86,48,0.45843908,0.48841533,0.23965517,-0.038198948,2.0833333,0.50014514,0.49406227,0.6637931,0.021606684,0.0,0.52064526,0.47338688,0.79137933,0.048770785,2.0833333,0.4951253,0.46441647,0.6637931,0.020231038,0.0,0.4736195,0.44476384,0.6086207,0.0142067075,0.0,0.54044646,0.49269557,0.7637931,0.04391232,0.0,0.6591654,0.5845043,0.99482757,0.14203495,6.25,0.578444,0.5178551,0.7741379,0.048493207,2.0833333,0.5062898,0.49555236,0.91206896,0.0668093,0.5417868,0.5173219,0.8810345,0.065172106,crisis_resilience,0.20344824,0.99960256,0.9739685,0.9644556,0.9928647,0.045057535,0.9980733,0.9997817,0.019946937,0.024774553,0.99926496,crisis_resilience
macron2024_c006,macron2024,macron,fr,2024-12-31,new_year_address,6,22,0.286,83,45,0.51872027,0.49762097,0.6431034,0.02208224,0.0,0.43954957,0.41407084,0.22931035,-0.03898889,0.0,0.41800672,0.3720825,0.18103448,-0.053867757,0.0,0.51920635,0.46387792,0.83965516,0.04431209,0.0,0.41665304,0.38096738,0.2224138,-0.042759746,0.0,0.54288757,0.49294555,0.7844828,0.04635343,6.6666665,0.5346683,0.47186813,0.6224138,0.017537892,0.0,0.48117042,0.41425604,0.24310344,-0.04878038,0.0,0.45932585,0.39737752,0.6534483,0.019845366,0.54090774,0.47514206,0.8775862,0.06429306,foreign_policy,0.055172384,0.9884585,0.0003755592,0.0004994205,0.3205554,0.04564947,0.9995399,0.06847517,0.00020105744,0.0013147247,0.9148249,social_solidarity
macron2024_c007,macron2024,macron,fr,2024-12-31,new_year_address,7,22,0.333,92,58,0.43310142,0.43551987,0.13275862,-0.063536614,1.7241379,0.43963516,0.4273181,0.23275863,-0.038903296,0.0,0.45420167,0.40407592,0.37758622,-0.017672807,0.0,0.4335363,0.45747256,0.17068966,-0.041357964,0.0,0.46664602,0.46600556,0.5327586,0.0072332323,3.4482758,0.4280678,0.4176976,0.12931034,-0.068466336,0.0,0.50032914,0.43729597,0.37413794,-0.016801298,0.0,0.44824472,0.40595767,0.09137931,-0.08170608,0.0,0.45221418,0.4206739,0.5948276,0.012733698,0.47196436,0.42827886,0.4775862,-0.0046503246,democracy_institutions,0.15517238,0.0040701376,0.026367886,0.0001618764,0.9915134,0.8597815,0.002434382,0.12543987,0.0002203833,0.022672437,0.00091819017,foreign_policy
macron2024_c008,macron2024,macron,fr,2024-12-31,new_year_address,8,22,0.381,87,47,0.38965312,0.41315442,0.036206897,-0.10698491,0.0,0.39634228,0.41833562,0.04310345,-0.082196176,0.0,0.42561233,0.39049256,0.21551724,-0.046262145,0.0,0.4058949,0.4101116,0.09137931,-0.06899935,0.0,0.41157272,0.43044108,0.20172414,-0.04784006,0.0,0.4649603,0.44757462,0.30172414,-0.031573832,0.0,0.53517175,0.48672873,0.62931037,0.018041313,0.0,0.48993447,0.44333327,0.28448275,-0.040016323,0.0,0.48045576,0.445325,0.79137933,0.040975273,0.51443124,0.46694276,0.72931033,0.037816554,crisis_resilience,0.32758623,0.07551658,0.5633779,0.2557152,0.42679933,0.7237002,0.7240906,0.9418149,0.014714449,0.03405221,0.00062633416,crisis_resilience
macron2024_c009,macron2024,macron,fr,2024-12-31,new_year_address,9,22,0.429,88,53,0.47382426,0.48033032,0.34310344,-0.022813767,0.0,0.47685766,0.44006246,0.47413793,-0.0016807914,0.0,0.47548056,0.40230352,0.52931035,0.003606081,0.0,0.5170305,0.47914362,0.8189655,0.042136222,1.8867924,0.58932126,0.5586544,0.98103446,0.12990847,7.5471697,0.46636716,0.41334587,0.3086207,-0.030166984,0.0,0.5120394,0.41358307,0.46034482,-0.0050910115,0.0,0.5211639,0.4462304,0.45344827,-0.008786917,0.0,0.46886957,0.44309178,0.72931033,0.029389083,0.5241749,0.4716826,0.80172414,0.047560245,democracy_institutions,0.16206896,0.006790941,0.0003711855,0.00231864,0.8045595,0.9961681,0.25261444,0.024260739,0.00096786174,0.0004313985,0.0005770346,democracy_institutions
macron2024_c010,macron2024,macron,fr,2024-12-31,new_year_address,10,22,0.476,101,55,0.41159678,0.39464647,0.06724138,-0.085041255,0.0,0.38723373,0.3827526,0.029310346,-0.09130472,0.0,0.42516398,0.40043527,0.20517242,-0.04671049,0.0,0.39347994,0.3799032,0.0637931,-0.08141431,0.0,0.37303093,0.35177964,0.022413794,-0.08638185,0.0,0.4643915,0.43008533,0.29482758,-0.03214264,0.0,0.44195035,0.41151494,0.07413793,-0.07518008,0.0,0.53139967,0.45267618,0.51551723,0.0014488697,0.0,0.36259666,0.34036115,0.0637931,-0.07688382,0.48871467,0.44021273,0.5706897,0.012099981,future_reform_technology,0.22068965,0.8775817,0.004848533,0.0169637,0.77805966,0.353763,0.99692464,0.19151664,0.00019335655,0.00036329866,0.013571313,social_solidarity
macron2024_c011,macron2024,macron,fr,2024-12-31,new_year_address,11,22,0.524,85,53,0.45484403,0.4759251,0.21206896,-0.041794002,0.0,0.4718173,0.46465245,0.44310346,-0.006721139,1.8867924,0.56885254,0.52595806,0.9327586,0.09697807,0.0,0.46113986,0.43632668,0.3810345,-0.013754398,0.0,0.4908877,0.48253748,0.74655175,0.031474918,0.0,0.55302083,0.5089022,0.8224138,0.056486696,0.0,0.52738917,0.46397364,0.5913793,0.010258734,0.0,0.64257884,0.5490775,0.9534483,0.11262804,0.0,0.4493551,0.42721516,0.5706897,0.009874612,0.52094346,0.46887374,0.77068967,0.04432878,future_reform_technology,0.020689666,0.06210312,0.00050530455,0.99301535,0.12158142,0.99936,0.9993135,0.4263216,0.017492766,0.00031076217,0.037928045,democracy_institutions
macron2024_c012,macron2024,macron,fr,2024-12-31,new_year_address,12,22,0.571,84,61,0.5255864,0.50743407,0.68448275,0.028948396,0.0,0.5071433,0.48137513,0.71896553,0.028604865,1.6393442,0.59143066,0.57298386,0.98103446,0.11955619,0.0,0.5524274,0.48073334,0.94310343,0.077533156,0.0,0.5305302,0.50360125,0.92241377,0.07111743,0.0,0.6313521,0.56558436,0.9913793,0.13481799,1.6393442,0.60974526,0.51082313,0.94655174,0.09261483,0.0,0.6308081,0.5471655,0.9258621,0.10085732,0.0,0.4876368,0.4560289,0.85,0.04815632,0.5981879,0.54113674,0.9913793,0.12157324,social_solidarity,0.010344863,0.0019877742,0.00079162966,0.73516655,0.00029365465,0.4414322,0.98150665,0.0014579035,0.000886499,7.513915e-05,0.053849377,social_solidarity
macron2024_c013,macron2024,macron,fr,2024-12-31,new_year_address,13,22,0.619,155,87,0.4475577,0.50072193,0.1637931,-0.049080342,3.4482758,0.54707575,0.54684865,0.9258621,0.068537295,4.597701,0.4751624,0.4290831,0.5224138,0.0032879114,1.1494253,0.5027347,0.5253609,0.72931033,0.027840465,3.4482758,0.5168841,0.4941965,0.87413794,0.057471305,3.4482758,0.4839319,0.46300507,0.3913793,-0.01260224,0.0,0.537302,0.5000943,0.6362069,0.020171583,1.1494253,0.56729543,0.51246643,0.71896553,0.037344635,0.0,0.4968708,0.49789065,0.8775862,0.057390302,0.5147062,0.46616226,0.7362069,0.03809151,security_military,0.051724136,0.99486536,0.99547917,0.00078854576,0.99961704,0.50613374,0.597373,0.9972718,0.0015700477,0.9905692,0.111482814,foreign_policy
macron2024_c014,macron2024,macron,fr,2024-12-31,new_year_address,14,22,0.667,144,84,0.43665248,0.46487194,0.13965517,-0.05998555,1.1904762,0.573877,0.5679784,0.9775862,0.09533852,7.142857,0.465941,0.41780394,0.4637931,-0.0059334636,0.0,0.49798378,0.5194176,0.68793106,0.023089528,4.7619047,0.4687227,0.4434502,0.5706897,0.009309918,0.0,0.44303933,0.41575253,0.18448275,-0.05349481,0.0,0.52101946,0.4697685,0.54310346,0.0038890243,0.0,0.5581204,0.4951566,0.67068964,0.028169632,0.0,0.45562273,0.4542297,0.62586206,0.01614225,0.46046156,0.41756845,0.3913793,-0.016153127,security_military,0.28965515,0.9675638,0.99954164,0.00015628518,0.99887085,0.7664248,0.8623372,0.96777767,0.07906798,0.9546369,0.9494823,security_military
macron2024_c015,macron2024,macron,fr,2024-12-31,new_year_address,15,22,0.714,161,104,0.47168326,0.47360173,0.32586208,-0.024954766,1.9230769,0.51588476,0.51583445,0.7637931,0.037346303,1.9230769,0.55819213,0.5039928,0.91206896,0.08631766,1.9230769,0.580945,0.54341924,0.98448277,0.10605076,2.8846154,0.4985832,0.47003233,0.78103447,0.039170414,0.0,0.51706445,0.4458983,0.65689653,0.020530313,0.0,0.58448386,0.47714162,0.8810345,0.06735343,0.0,0.6479119,0.5869291,0.97068965,0.11796111,1.9230769,0.46834138,0.47111827,0.7224138,0.028860897,0.5199483,0.46381968,0.7637931,0.04333362,foreign_policy,0.013793111,0.94409955,0.99159515,0.22715844,0.9985047,0.13223414,0.9938788,0.055387247,0.9974491,0.00077481644,0.1511374,foreign_policy
macron2024_c016,macron2024,macron,fr,2024-12-31,new_year_address,16,22,0.762,151,90,0.45672816,0.47888118,0.22586207,-0.03990987,0.0,0.4332555,0.44761586,0.17068966,-0.04528296,0.0,0.5240368,0.49595207,0.8086207,0.05216235,2.2222223,0.4848949,0.46711856,0.5637931,0.010000646,3.3333333,0.4476574,0.4338737,0.41551724,-0.011755377,1.1111112,0.48566782,0.44307113,0.39827585,-0.010866314,0.0,0.5122448,0.45732206,0.4637931,-0.004885614,0.0,0.58181775,0.5032284,0.787931,0.05186695,1.1111112,0.4338642,0.41206867,0.42586207,-0.0056162775,0.51605684,0.46612975,0.75344825,0.03944215,economy_welfare,0.020689666,0.98337495,0.008219692,0.8669795,0.9056044,0.9668515,0.99151343,0.66140366,0.36681655,0.0003535028,0.13875328,social_solidarity
macron2024_c017,macron2024,macron,fr,2024-12-31,new_year_address,17,22,0.81,89,57,0.4506926,0.43785363,0.17413794,-0.045945436,1.754386,0.4541573,0.44769943,0.34310344,-0.02438116,0.0,0.5865114,0.5637151,0.9672414,0.1146369,3.508772,0.4628271,0.44491947,0.40172413,-0.012067169,1.754386,0.39108822,0.39833453,0.10517241,-0.068324566,0.0,0.48856986,0.4130739,0.41551724,-0.007964283,0.0,0.57942533,0.51879835,0.8672414,0.0622949,1.754386,0.5852599,0.52946436,0.7982759,0.055309117,0.0,0.46992907,0.4270482,0.7362069,0.030448586,0.5022704,0.41240478,0.6672414,0.025655717,economy_welfare,0.100000024,0.99258256,0.00042305805,0.99889266,0.99704784,0.053009767,0.9947391,0.9997659,0.33989608,0.00018378455,0.0072468016,crisis_resilience
macron2024_c018,macron2024,macron,fr,2024-12-31,new_year_address,18,22,0.857,88,52,0.43443984,0.43599,0.1362069,-0.062198192,0.0,0.46070844,0.44848198,0.36724138,-0.017830014,0.0,0.4634666,0.40303493,0.4465517,-0.008407861,0.0,0.48420882,0.46247786,0.55689657,0.009314567,1.9230769,0.44650647,0.42304695,0.41206896,-0.012906313,0.0,0.5002901,0.39751685,0.5086207,0.003755957,0.0,0.53363836,0.44665337,0.61551726,0.016507924,0.0,0.5692016,0.47923934,0.7362069,0.03925079,1.9230769,0.4196005,0.39104044,0.34310344,-0.019879997,0.48164967,0.4138186,0.53965515,0.005034983,future_reform_technology,0.12068963,0.99850756,0.98907655,0.0008575725,0.9977217,0.1720675,0.52806956,0.9979927,0.9981968,0.008694534,0.014050092,national_identity
macron2024_c019,macron2024,macron,fr,2024-12-31,new_year_address,19,22,0.905,86,48,0.5390483,0.54852116,0.7741379,0.042410284,2.0833333,0.47103623,0.47326094,0.4362069,-0.007502228,0.0,0.4937592,0.45002866,0.6672414,0.02188474,0.0,0.5475404,0.5439745,0.92241377,0.07264617,0.0,0.4713915,0.4507953,0.59827584,0.011978716,2.0833333,0.50697875,0.4759902,0.5741379,0.010444611,0.0,0.6062114,0.527274,0.9362069,0.08908099,2.0833333,0.6406385,0.5443228,0.94310343,0.11068767,2.0833333,0.45437476,0.45749906,0.61551726,0.014894277,0.55216545,0.5115334,0.8913793,0.075550765,future_reform_technology,0.0068965554,0.97977436,0.74908715,0.14116298,0.9813822,0.79857975,0.9990508,0.9970878,0.022575267,0.0033897832,0.70304,social_solidarity
macron2024_c020,macron2024,macron,fr,2024-12-31,new_year_address,20,22,0.952,158,92,0.4932417,0.49433213,0.4465517,-0.0033963323,0.0,0.46775213,0.48342127,0.41206896,-0.010786325,1.0869565,0.5521381,0.5087167,0.8913793,0.080263615,1.0869565,0.49820042,0.49701527,0.6913793,0.023306161,0.0,0.5229784,0.50099003,0.89827585,0.06356564,1.0869565,0.51267743,0.46190736,0.6224138,0.016143292,0.0,0.562443,0.49761456,0.80517244,0.045312583,0.0,0.6714581,0.58975065,0.9913793,0.14150733,0.0,0.4365449,0.4466315,0.45,-0.0029355884,0.49929953,0.46276173,0.6327586,0.022684842,future_reform_technology,0.09310347,0.46605575,0.009268013,0.54280263,0.5161077,0.1101836,0.98494184,0.908699,0.07120272,0.0002747927,0.16052908,social_solidarity
macron2024_c021,macron2024,macron,fr,2024-12-31,new_year_address,21,22,1.0,160,94,0.5072726,0.5164701,0.55344826,0.010634571,4.255319,0.48762903,0.4795555,0.55689657,0.009090573,0.0,0.501678,0.45498863,0.712069,0.029803514,0.0,0.50722957,0.4887947,0.7637931,0.03233531,0.0,0.49481595,0.4655969,0.76724136,0.035403162,0.0,0.5396588,0.4782829,0.7603448,0.043124646,0.0,0.5538813,0.4744794,0.75689656,0.036750853,0.0,0.6179929,0.5359731,0.90172416,0.08804208,0.0,0.43695948,0.42501572,0.45689654,-0.0025210083,0.5212158,0.4841021,0.7844828,0.044601113,future_reform_technology,0.1344828,0.99298817,0.064880855,0.05354544,0.8566925,0.79358625,0.99634296,0.13023011,0.011093566,0.0017443814,0.90328354,social_solidarity
macron2025_c000,macron2025,macron,fr,2025-12-31,new_year_address,0,16,0.0,149,88,0.54188496,0.5516956,0.7948276,0.04524693,3.409091,0.5593332,0.5522955,0.95,0.08079475,1.1363636,0.46020967,0.43116426,0.41551724,-0.011664808,0.0,0.4875931,0.4521167,0.58793104,0.012698859,0.0,0.4365623,0.42970264,0.33275864,-0.022850484,0.0,0.58412117,0.5332303,0.9258621,0.08758703,2.2727273,0.55477595,0.5153455,0.7603448,0.03764552,1.1363636,0.53446853,0.46551114,0.53965515,0.004517734,0.0,0.48015153,0.45420134,0.787931,0.04067105,0.52189887,0.49451023,0.787931,0.04528418,security_military,0.024137914,0.9891082,0.9901306,0.0006449432,0.02913216,0.071073666,0.9984361,0.99788016,8.581069e-05,0.00035557945,0.891197,social_solidarity
macron2025_c001,macron2025,macron,fr,2025-12-31,new_year_address,1,16,0.067,193,126,0.5019357,0.49366495,0.512069,0.0052976906,0.0,0.52809167,0.5203049,0.8465517,0.049553216,1.5873016,0.5888235,0.5399694,0.9741379,0.11694902,3.1746032,0.546659,0.5144657,0.9189655,0.07176474,1.5873016,0.48254624,0.4592098,0.68448275,0.023133457,0.7936508,0.55884886,0.49670583,0.85,0.06231472,0.7936508,0.598699,0.5199381,0.9155173,0.08156854,0.0,0.5480013,0.46693382,0.6189655,0.018050492,0.7936508,0.4931449,0.44057125,0.8672414,0.053664416,0.590876,0.4914978,0.987931,0.1142613,economy_welfare,0.055172384,0.99974686,0.9992357,0.9929678,0.99664307,0.9920774,0.9506177,0.99403125,0.00043563012,0.0036856742,0.99804676,national_identity
macron2025_c002,macron2025,macron,fr,2025-12-31,new_year_address,2,16,0.133,173,100,0.39941454,0.44257557,0.05,-0.09722349,0.0,0.5361337,0.5621364,0.87413794,0.057595253,3.0,0.5082917,0.5000917,0.74655175,0.036417246,1.0,0.55514586,0.57382065,0.9534483,0.080251604,6.0,0.47626707,0.46211317,0.6431034,0.016854286,0.0,0.41349512,0.41443315,0.08793104,-0.083039016,0.0,0.59471595,0.5566811,0.9086207,0.07758552,0.0,0.50012076,0.47328272,0.31896552,-0.029830039,0.0,0.5584127,0.5426985,0.9982759,0.11893219,0.49259895,0.44497693,0.60172415,0.015984267,foreign_policy,0.04482758,0.39443418,0.97939354,0.0012668908,0.9994877,0.00086092605,0.003337405,0.055005286,0.00048785715,0.99896777,0.00096409186,foreign_policy
macron2025_c003,macron2025,macron,fr,2025-12-31,new_year_address,3,16,0.2,48,27,0.53837836,0.5221219,0.77068967,0.041740328,0.0,0.5104328,0.4654913,0.7396552,0.031894326,0.0,0.58859026,0.5097694,0.97068965,0.11671579,3.7037036,0.5136196,0.4558795,0.80172414,0.038725346,0.0,0.45475477,0.42553475,0.46724138,-0.0046580136,0.0,0.5672116,0.5450364,0.8810345,0.07067749,0.0,0.6021372,0.5399493,0.9293103,0.08500677,0.0,0.56902266,0.4980762,0.72931033,0.039071858,0.0,0.53432804,0.48160076,0.97068965,0.09484756,0.5530761,0.5044128,0.90172416,0.076461405,economy_welfare,0.041379333,0.00035350278,0.00032062363,0.004178429,0.35913935,0.015906392,0.0029607841,0.07369626,0.00012100821,0.0002576446,6.35219e-05,foreign_policy
macron2025_c004,macron2025,macron,fr,2025-12-31,new_year_address,4,16,0.267,165,97,0.46030962,0.486264,0.25,-0.036328405,1.0309278,0.5141953,0.5065702,0.75,0.03565687,1.0309278,0.584965,0.5394,0.95689654,0.113090515,1.0309278,0.5145603,0.49047983,0.80517244,0.039666027,1.0309278,0.516921,0.4778426,0.8775862,0.0575082,1.0309278,0.49791792,0.47308293,0.49137932,0.0013837814,0.0,0.5760449,0.5246998,0.8568966,0.058914483,3.0927835,0.5975858,0.5206053,0.8534483,0.067635,0.0,0.48483416,0.47481248,0.8189655,0.04535368,0.5319146,0.49306312,0.8362069,0.055299908,economy_welfare,0.07931036,0.95683634,0.0005072813,0.86390907,0.08897849,0.95257413,0.9799286,0.9627082,0.028463027,0.0003360055,0.013768818,social_solidarity
macron2025_c005,macron2025,macron,fr,2025-12-31,new_year_address,5,16,0.333,156,88,0.48160052,0.5033246,0.3913793,-0.015037507,0.0,0.57009554,0.5475773,0.9672414,0.091557086,0.0,0.53622675,0.4688303,0.8362069,0.064352274,0.0,0.532486,0.49250352,0.88793105,0.057591766,1.1363636,0.5281876,0.48700327,0.9189655,0.06877479,0.0,0.60247993,0.5124935,0.96034485,0.105945796,0.0,0.57117695,0.48904487,0.8362069,0.05404651,0.0,0.60543203,0.5193332,0.87413794,0.075481236,1.1363636,0.5037796,0.48145318,0.89827585,0.06429911,0.55475324,0.48141629,0.9086207,0.07813856,security_military,0.0068965554,0.8350132,0.5222022,0.00031688946,0.9946307,0.7804952,0.9983158,0.99951875,0.00039511535,0.0014607494,0.20499761,crisis_resilience
macron2025_c006,macron2025,macron,fr,2025-12-31,new_year_address,6,16,0.4,151,92,0.4503103,0.44168484,0.17068966,-0.04632774,0.0,0.43375742,0.43162775,0.18103448,-0.04478103,0.0,0.4899214,0.45316303,0.65,0.018046916,1.0869565,0.498713,0.47181624,0.7017241,0.023818731,2.173913,0.4671586,0.454056,0.54310346,0.0077458024,0.0,0.50196874,0.43323672,0.5327586,0.0054346025,0.0,0.52467406,0.48071492,0.57758623,0.0075436234,0.0,0.59080434,0.53362876,0.82931036,0.06085354,0.0,0.4229828,0.3840648,0.37413794,-0.016497672,0.5210533,0.453471,0.7741379,0.04443863,future_reform_technology,0.12758625,0.81526923,0.00024584908,0.6048147,0.9585183,0.8957509,0.95606345,0.039546005,0.00017400543,0.0007613258,0.09231887,foreign_policy
macron2025_c007,macron2025,macron,fr,2025-12-31,new_year_address,7,16,0.467,86,63,0.4994994,0.48953682,0.4948276,0.0028613806,0.0,0.48985827,0.4758781,0.5913793,0.011319816,0.0,0.5000167,0.45472986,0.70862067,0.028142214,0.0,0.48407054,0.46133673,0.55344826,0.009176284,0.0,0.5154944,0.5013295,0.8672414,0.056081623,1.5873016,0.55559057,0.49544144,0.82586205,0.05905643,0.0,0.5536821,0.479256,0.75344825,0.036551654,1.5873016,0.60137504,0.51816165,0.8603448,0.071424246,0.0,0.4630257,0.4189741,0.68448275,0.023545206,0.52644235,0.48302388,0.80517244,0.049827665,democracy_institutions,0.0068965554,0.15046522,0.006375936,0.27011907,0.0011559009,0.98303634,0.99894536,0.91305834,0.00052542303,0.001050517,0.0498659,social_solidarity
macron2025_c008,macron2025,macron,fr,2025-12-31,new_year_address,8,16,0.533,124,77,0.4709748,0.47906983,0.3224138,-0.025663227,2.5974026,0.5351503,0.5232234,0.8672414,0.056611836,1.2987013,0.4571306,0.42591265,0.38448277,-0.014743865,0.0,0.47904372,0.44864547,0.51896554,0.0041494668,0.0,0.4996237,0.45317888,0.787931,0.040210903,0.0,0.5489081,0.49335724,0.81551725,0.052373976,0.0,0.5243747,0.47094548,0.5741379,0.007244289,0.0,0.6320868,0.56476635,0.9293103,0.102136016,1.2987013,0.43829364,0.4387411,0.47068965,-0.0011868477,0.48548317,0.43697286,0.55,0.008868486,future_reform_technology,0.06206894,0.9981559,0.9984512,0.00021277167,0.13764836,0.9960392,0.99880743,0.5213493,0.8938203,0.046205755,0.3555511,social_solidarity
macron2025_c009,macron2025,macron,fr,2025-12-31,new_year_address,9,16,0.6,142,78,0.3775271,0.38033327,0.00862069,-0.11911094,0.0,0.44456315,0.44739777,0.2637931,-0.033975303,0.0,0.41783673,0.37991083,0.17758621,-0.05403775,0.0,0.43038386,0.4358518,0.14655173,-0.044510394,0.0,0.4459016,0.4314531,0.4051724,-0.013511181,2.5641026,0.41702762,0.36716253,0.10172414,-0.07950652,0.0,0.49267697,0.4476993,0.32931036,-0.024453461,0.0,0.5035159,0.45060122,0.34310344,-0.026434898,0.0,0.42549008,0.4103785,0.38448277,-0.013990402,0.4517364,0.39324507,0.33620688,-0.024878293,democracy_institutions,0.06206897,0.97693753,0.7989722,0.0049533066,0.90942556,0.98231316,0.95179605,0.797872,0.018599967,0.006837205,0.8560618,democracy_institutions
macron2025_c010,macron2025,macron,fr,2025-12-31,new_year_address,10,16,0.667,156,88,0.5431678,0.5408095,0.80517244,0.0465298,5.681818,0.47985727,0.45306432,0.5017241,0.0013188124,0.0,0.48165748,0.43434373,0.5844827,0.009783,0.0,0.48880833,0.44556317,0.6051724,0.0139140785,0.0,0.46288005,0.41956967,0.512069,0.0034672618,0.0,0.58889127,0.5204917,0.9396552,0.09235713,1.1363636,0.6026462,0.51756984,0.9327586,0.08551574,2.2727273,0.5700503,0.47331572,0.7396552,0.0400995,0.0,0.5064218,0.45042023,0.9155173,0.06694132,0.6028984,0.5141389,0.99482757,0.12628374,social_solidarity,0.0068965554,0.9966234,0.2928986,0.016801616,0.80799145,0.54673815,0.99929726,0.99390835,0.0080152685,0.04057874,0.8583628,social_solidarity
macron2025_c011,macron2025,macron,fr,2025-12-31,new_year_address,11,16,0.733,150,94,0.49692643,0.53020906,0.4637931,0.00028839707,1.0638298,0.5240962,0.5004423,0.82586205,0.045557737,0.0,0.49891818,0.4478086,0.7017241,0.0270437,0.0,0.5218531,0.48942125,0.8534483,0.046958834,2.1276596,0.4968683,0.48297644,0.7775862,0.03745553,2.1276596,0.5831997,0.5221718,0.9189655,0.08666554,0.0,0.5764152,0.49498284,0.8603448,0.059284747,1.0638298,0.5310698,0.45714685,0.5086207,0.0011190176,0.0,0.4980888,0.4503792,0.88793105,0.058608323,0.5657402,0.4997622,0.94655174,0.089125544,social_solidarity,0.05862069,0.99878156,0.029395705,0.0018566755,0.787196,0.624408,0.9962162,0.9793145,0.00022871328,0.08605427,0.40453687,national_identity
macron2025_c012,macron2025,macron,fr,2025-12-31,new_year_address,12,16,0.8,169,99,0.4237281,0.4551497,0.115517244,-0.07290992,0.0,0.53955066,0.5374756,0.88793105,0.06101221,3.030303,0.489877,0.43870974,0.6465517,0.01800251,1.010101,0.50118554,0.506345,0.70862067,0.026291281,6.060606,0.48528236,0.44278437,0.712069,0.025869578,0.0,0.4203248,0.3977077,0.10862069,-0.07620934,0.0,0.51065415,0.4654394,0.44310346,-0.006476283,0.0,0.53966653,0.48572916,0.5741379,0.009715736,0.0,0.44970375,0.44501895,0.5844827,0.010223269,0.46263054,0.41960853,0.41206896,-0.013984144,security_military,0.17586207,0.9309577,0.98872286,0.010323163,0.9995006,0.05110641,0.11459128,0.63193506,0.00080880726,0.6065567,0.33323193,foreign_policy
macron2025_c013,macron2025,macron,fr,2025-12-31,new_year_address,13,16,0.867,107,58,0.47761595,0.4709764,0.35344827,-0.019022077,1.7241379,0.5049244,0.513539,0.7017241,0.026385963,0.0,0.56918544,0.5208291,0.9362069,0.09731096,6.8965516,0.55365044,0.5530053,0.95,0.07875618,8.620689,0.4862486,0.4848594,0.71896553,0.026835829,0.0,0.5205595,0.4653758,0.68793106,0.02402535,0.0,0.5100695,0.44356912,0.43965518,-0.007060945,0.0,0.5626564,0.49704832,0.712069,0.032705605,0.0,0.4623409,0.43935844,0.6672414,0.022860408,0.53731936,0.47107396,0.8603448,0.06070468,foreign_policy,0.013793111,0.99889916,0.04021909,0.7525585,0.999415,0.49292037,0.8098217,0.089255944,0.99967813,0.00062878407,0.57678044,future_reform_technology
macron2025_c014,macron2025,macron,fr,2025-12-31,new_year_address,14,16,0.933,105,58,0.4783038,0.4863984,0.3637931,-0.01833424,0.0,0.45411313,0.45362964,0.33965516,-0.024425328,0.0,0.51285255,0.50529796,0.7637931,0.040978074,0.0,0.4770408,0.45067567,0.50517243,0.002146542,0.0,0.4638274,0.44649792,0.51551723,0.004414618,0.0,0.58410895,0.5482248,0.92241377,0.08757481,0.0,0.61037666,0.55380946,0.95,0.09324622,0.0,0.6583013,0.5923064,0.98103446,0.1283505,0.0,0.48285502,0.43369335,0.80172414,0.04337454,0.57863075,0.50659233,0.9672414,0.10201606,future_reform_technology,0.03103447,0.052230854,0.008594111,0.26020142,0.12629944,0.3475371,0.99846923,0.04181299,0.00090396777,0.0003668626,0.0032476764,social_solidarity
macron2025_c015,macron2025,macron,fr,2025-12-31,new_year_address,15,16,1.0,179,102,0.5651895,0.58147746,0.90172416,0.06855145,2.9411764,0.48733258,0.48988038,0.55,0.008794129,0.0,0.5528607,0.51496947,0.8948276,0.0809862,1.9607843,0.5290483,0.5116291,0.8775862,0.05415407,0.0,0.48586598,0.4751298,0.7155172,0.026453197,1.9607843,0.59302604,0.53398496,0.94655174,0.0964919,0.0,0.6224567,0.5541433,0.9672414,0.105326295,0.0,0.6841996,0.5859654,0.99482757,0.15424877,1.9607843,0.4841599,0.46705964,0.81206894,0.044679403,0.5815083,0.51765597,0.9775862,0.104893595,future_reform_technology,0.027586162,0.8604864,0.00012436224,0.0811185,0.008283628,0.0060503976,0.97272736,0.55838716,0.0038618704,8.2041515e-05,0.27664167,social_solidarity
merkel1_c000,merkel1,merkel,de,2016-12-31,new_year_address,0,12,0.0,145,86,0.42863417,0.39338368,0.118965514,-0.06800386,1.1627907,0.47570336,0.463711,0.47068965,-0.002835095,1.1627907,0.38638657,0.32047412,0.08793104,-0.0854879,0.0,0.38284916,0.33929372,0.036206897,-0.0920451,0.0,0.39718038,0.36903542,0.13275862,-0.062232405,0.0,0.4086643,0.33553684,0.08103448,-0.08786985,0.0,0.42851338,0.4294063,0.046551723,-0.08861706,2.3255813,0.44488823,0.40185952,0.08448276,-0.08506256,0.0,0.4658496,0.4037086,0.69482756,0.026369125,0.41161862,0.32664523,0.118965514,-0.06499606,security_military,0.33793104,0.99886864,0.9793442,0.0008492457,0.99768585,0.0032224841,0.9012926,0.9994705,0.0003107622,0.029145973,0.0011291546,crisis_resilience
merkel1_c001,merkel1,merkel,de,2016-12-31,new_year_address,1,12,0.091,87,51,0.53503066,0.49720144,0.7396552,0.038392633,0.0,0.55331796,0.529446,0.9362069,0.07477951,1.9607843,0.42954797,0.37462848,0.23275863,-0.04232651,0.0,0.45483625,0.44139507,0.34310344,-0.020058006,0.0,0.4278113,0.40304053,0.27758622,-0.03160149,0.0,0.5207213,0.44711792,0.6913793,0.024187177,0.0,0.5212132,0.49639878,0.55,0.0040827394,0.0,0.43710756,0.38828537,0.05,-0.092843235,0.0,0.52134585,0.47358894,0.9534483,0.08186537,0.48168263,0.4121856,0.54310346,0.0050679445,security_military,0.19655168,0.9891082,0.9332486,0.007831049,0.9252131,0.777891,0.9459013,0.99917686,0.0007138378,0.09051417,0.009214366,crisis_resilience
merkel1_c002,merkel1,merkel,de,2016-12-31,new_year_address,2,12,0.182,84,52,0.50903314,0.45075887,0.5706897,0.012395114,0.0,0.4827569,0.4613672,0.51896554,0.004218459,0.0,0.42775548,0.4063176,0.2224138,-0.044119,0.0,0.4732512,0.43410718,0.4637931,-0.0016430616,0.0,0.40730828,0.38428196,0.18793103,-0.052104503,0.0,0.5719548,0.5311227,0.89827585,0.07542065,0.0,0.547815,0.5299222,0.72931033,0.03068459,0.0,0.46044677,0.4440174,0.15,-0.06950402,0.0,0.4671417,0.4485715,0.70862067,0.027661204,0.5159843,0.49781758,0.74655175,0.039369613,social_solidarity,0.16896552,0.41869694,0.00010679088,8.497683e-05,0.025226828,0.024539704,0.9923416,0.38157958,0.000112792986,0.0005368274,0.0026522598,social_solidarity
merkel1_c003,merkel1,merkel,de,2016-12-31,new_year_address,3,12,0.273,87,50,0.49769917,0.475725,0.47068965,0.0010611415,2.0,0.5386584,0.549428,0.88448274,0.060119927,4.0,0.44905394,0.4238479,0.35,-0.022820532,2.0,0.4708128,0.45277756,0.45344827,-0.004081458,2.0,0.44956094,0.45449293,0.43275863,-0.009851843,0.0,0.51211715,0.4292851,0.61551726,0.0155830085,2.0,0.52415264,0.4920525,0.5637931,0.007022202,0.0,0.45774662,0.41483492,0.12931034,-0.07220417,0.0,0.5440448,0.52332234,0.987931,0.10456431,0.5045659,0.47353035,0.68448275,0.02795121,security_military,0.26896548,0.6146832,0.5493989,0.0017718027,0.32702324,0.20601411,0.99918324,0.9967523,0.00066540233,0.046746712,0.9891082,social_solidarity
merkel1_c004,merkel1,merkel,de,2016-12-31,new_year_address,4,12,0.364,103,66,0.5371824,0.5181611,0.7603448,0.04054436,0.0,0.50703645,0.48825318,0.7155172,0.028497994,0.0,0.48200625,0.4134673,0.58793104,0.010131776,0.0,0.526498,0.4738831,0.8603448,0.051603764,0.0,0.5201615,0.50742304,0.8948276,0.060748726,3.030303,0.58455205,0.5217761,0.9327586,0.08801791,1.5151515,0.49525207,0.47074574,0.33965516,-0.021878362,0.0,0.51761997,0.45665604,0.41896552,-0.01233083,0.0,0.4929348,0.46194276,0.8637931,0.05345431,0.5727576,0.50725776,0.9637931,0.09614292,social_solidarity,0.037931025,0.9984782,0.94955254,0.00032313756,0.9400511,0.9981505,0.9233162,0.9594972,0.00012436227,0.3686472,0.78378165,national_identity
merkel1_c005,merkel1,merkel,de,2016-12-31,new_year_address,5,12,0.455,148,78,0.50697374,0.47439918,0.5465517,0.010335714,1.2820513,0.5656567,0.56315297,0.96034485,0.08711827,5.1282053,0.47087827,0.44693467,0.512069,-0.0009962022,1.2820513,0.48446524,0.4721681,0.5603448,0.009570986,1.2820513,0.5011298,0.4844876,0.7948276,0.041717023,1.2820513,0.5060022,0.44199115,0.55689657,0.009468049,2.5641026,0.5067288,0.49074,0.41551724,-0.010401607,0.0,0.55722463,0.50440913,0.6637931,0.027273834,0.0,0.4955402,0.47639322,0.87413794,0.056059718,0.5096097,0.47148356,0.7051724,0.032995015,security_military,0.16551727,0.99567693,0.92630374,0.00028573602,0.82168895,0.9933201,0.99395543,0.9890554,0.010228811,0.018869258,0.9672869,national_identity
merkel1_c006,merkel1,merkel,de,2016-12-31,new_year_address,6,12,0.545,97,57,0.5313227,0.52387273,0.71896553,0.034684688,1.754386,0.4303902,0.4691127,0.13965517,-0.048148245,0.0,0.4892312,0.47909778,0.6396552,0.017356724,0.0,0.5025914,0.48603183,0.7258621,0.027697116,3.508772,0.5562788,0.5730281,0.95689654,0.09686604,3.508772,0.49756604,0.482866,0.48793104,0.0010319054,0.0,0.45297715,0.46747726,0.10862069,-0.064153284,0.0,0.54790485,0.51742196,0.61551726,0.017954051,0.0,0.43308088,0.44301444,0.41551724,-0.0063996017,0.5065671,0.50384104,0.69482756,0.029952437,democracy_institutions,0.23103446,0.005587386,0.03302355,0.15266675,0.9680356,0.9796287,0.127707,0.5403024,0.00089519075,0.00085090456,0.013045613,democracy_institutions
merkel1_c007,merkel1,merkel,de,2016-12-31,new_year_address,7,12,0.636,104,58,0.51648724,0.50453067,0.6327586,0.019849211,3.4482758,0.41458505,0.43472013,0.094827585,-0.0639534,0.0,0.45070243,0.4275226,0.35689655,-0.021172047,0.0,0.46841383,0.47411916,0.44310346,-0.0064804256,3.4482758,0.45696217,0.44311684,0.48793104,-0.0024506152,0.0,0.4859217,0.4003006,0.4051724,-0.010612428,0.0,0.4668838,0.45683324,0.19827586,-0.050246626,0.0,0.5690643,0.49968362,0.73275864,0.03911352,1.7241379,0.4170069,0.4347543,0.32931036,-0.022473574,0.46838677,0.47826433,0.4465517,-0.008227915,future_reform_technology,0.100000024,0.046205748,0.21601154,0.0038806999,0.9901306,0.36511707,0.291195,0.96401775,0.0011559007,0.0016549242,0.023487044,foreign_policy
merkel1_c008,merkel1,merkel,de,2016-12-31,new_year_address,8,12,0.727,180,99,0.5416857,0.511427,0.79137933,0.04504767,0.0,0.4857241,0.49564075,0.54310346,0.007185638,0.0,0.5029125,0.44254678,0.71896553,0.031038046,0.0,0.5487819,0.5311544,0.9258621,0.07388762,1.010101,0.5479054,0.534783,0.94655174,0.0884926,2.020202,0.5360812,0.4795555,0.75,0.039547056,0.0,0.52430713,0.50624776,0.5706897,0.0071766973,0.0,0.54093134,0.46986753,0.5844827,0.0109805465,0.0,0.5130049,0.50620794,0.9362069,0.073524415,0.5525272,0.5329002,0.8948276,0.075912505,democracy_institutions,0.020689666,0.9156582,0.52566177,0.00029193956,0.9883014,0.95052594,0.9862577,0.99096227,0.0001713082,0.00021235658,0.97246706,crisis_resilience
merkel1_c009,merkel1,merkel,de,2016-12-31,new_year_address,9,12,0.818,129,73,0.49861103,0.46527952,0.4810345,0.0019730031,1.369863,0.43734884,0.45898283,0.21206896,-0.04118961,0.0,0.532439,0.51683617,0.82931036,0.060564518,1.369863,0.48777562,0.468427,0.5913793,0.012881368,1.369863,0.48946425,0.50224864,0.7396552,0.03005147,2.739726,0.5355021,0.49583474,0.74655175,0.038967937,1.369863,0.4727062,0.4769523,0.22931035,-0.044424236,1.369863,0.5377332,0.49693316,0.55344826,0.0077823997,0.0,0.45674428,0.43958676,0.6327586,0.0172638,0.51029015,0.47429743,0.70862067,0.033675462,economy_welfare,0.082758605,0.9924227,0.0004477008,0.7779331,0.85299677,0.803251,0.9988027,0.9554856,0.0014579035,0.0008167382,0.03038675,social_solidarity
merkel1_c010,merkel1,merkel,de,2016-12-31,new_year_address,10,12,0.909,154,100,0.4832867,0.41768226,0.4051724,-0.013351321,0.0,0.44552076,0.4273135,0.27068967,-0.033017695,0.0,0.55527586,0.5327702,0.90172416,0.08340138,4.0,0.44014812,0.38480315,0.22586207,-0.03474614,0.0,0.41211313,0.40113354,0.20517242,-0.047299653,0.0,0.50688195,0.4163554,0.5706897,0.010347813,0.0,0.48613232,0.44526064,0.29827586,-0.03099811,0.0,0.5949112,0.53797925,0.84310347,0.06496042,2.0,0.4400243,0.37052113,0.4948276,0.000543803,0.4972463,0.41775116,0.6224138,0.020631611,economy_welfare,0.05862069,0.9343353,0.00025814815,0.99973726,0.14360754,0.3491166,0.99806195,0.018107349,0.7688634,0.0005838325,0.6738895,economy_welfare
merkel1_c011,merkel1,merkel,de,2016-12-31,new_year_address,11,12,1.0,79,50,0.5996009,0.53747183,0.987931,0.10296288,4.0,0.49079317,0.4947306,0.59827584,0.012254715,0.0,0.5890085,0.5555886,0.9775862,0.117134035,2.0,0.5355402,0.5014463,0.8948276,0.060645968,2.0,0.4989758,0.4809548,0.7844828,0.03956303,2.0,0.6084955,0.5238003,0.97068965,0.111961335,2.0,0.53989697,0.52327263,0.6672414,0.02276653,0.0,0.64640415,0.5658171,0.9672414,0.11645335,2.0,0.48651507,0.44805354,0.83965516,0.04703459,0.5580486,0.49421376,0.92241377,0.08143392,national_identity,0.010344803,0.9968885,0.000559291,0.99212325,0.84727407,0.038574696,0.99855906,0.6482019,0.00022038327,0.00024015534,0.9339146,social_solidarity
merkel2_c000,merkel2,merkel,de,2017-12-31,new_year_address,0,10,0.0,109,71,0.5364573,0.47275773,0.75,0.03981927,2.8169014,0.43477413,0.42784053,0.18793103,-0.043764323,0.0,0.4748597,0.41135436,0.51896554,0.002985239,0.0,0.45869684,0.42534298,0.36034483,-0.016197413,0.0,0.42519215,0.40869606,0.27068967,-0.034220636,0.0,0.54620355,0.49864253,0.7982759,0.049669415,1.4084507,0.47213286,0.4532736,0.22586207,-0.044997573,0.0,0.52428794,0.46745503,0.47068965,-0.0056628585,0.0,0.45714825,0.4284804,0.6362069,0.01766777,0.5109707,0.46484998,0.712069,0.034356028,social_solidarity,0.048275888,0.99951404,0.0042563495,0.00038596612,0.95840174,0.22910373,0.91090274,0.84421647,0.00021111625,0.00020502215,0.53995365,national_identity
merkel2_c001,merkel2,merkel,de,2017-12-31,new_year_address,1,10,0.111,118,70,0.57898736,0.5117804,0.95,0.08234933,2.857143,0.53021365,0.4987574,0.8534483,0.0516752,0.0,0.5737671,0.53173876,0.94310343,0.10189265,2.857143,0.5308246,0.47611827,0.8810345,0.055930346,1.4285715,0.5074376,0.48247033,0.84310347,0.048024803,1.4285715,0.6032518,0.48767704,0.9637931,0.106717676,4.285714,0.50111675,0.44226936,0.37758622,-0.016013682,0.0,0.51898474,0.45930573,0.42586207,-0.010966063,0.0,0.48598397,0.41673464,0.8362069,0.046503484,0.56200063,0.4688076,0.9293103,0.08538595,social_solidarity,0.013793111,0.99961555,0.00011682841,0.99952996,0.91886336,0.994146,0.9993162,0.0094217,0.00034531674,9.7425196e-05,0.9984177,national_identity
merkel2_c002,merkel2,merkel,de,2017-12-31,new_year_address,2,10,0.222,116,75,0.5315695,0.5332478,0.7224138,0.03493145,0.0,0.5020338,0.50119877,0.6775862,0.023495376,0.0,0.51402944,0.49593574,0.77068967,0.042154968,1.3333334,0.5078877,0.49469662,0.7741379,0.032993466,0.0,0.47041285,0.46086383,0.58793104,0.011000067,0.0,0.5173021,0.49211025,0.6637931,0.020767957,0.0,0.50359595,0.49260014,0.39482757,-0.013534486,0.0,0.54883885,0.519046,0.62586206,0.018888056,0.0,0.4530531,0.46687514,0.59827584,0.013572603,0.48587486,0.46974054,0.55689657,0.009260178,foreign_policy,0.003448248,0.97995734,0.83270484,0.78266245,0.86891025,0.883889,0.99020666,0.9965098,0.0003119781,0.00039743638,0.0025708675,crisis_resilience
merkel2_c003,merkel2,merkel,de,2017-12-31,new_year_address,3,10,0.333,136,80,0.58797324,0.50946295,0.97068965,0.09133521,3.75,0.49390164,0.4911157,0.61551726,0.015363187,0.0,0.56028223,0.5246726,0.9189655,0.088407755,1.25,0.5274637,0.49562722,0.8672414,0.05256942,0.0,0.52817523,0.4986571,0.9155173,0.06876245,0.0,0.58428526,0.48106137,0.9293103,0.08775112,0.0,0.5270649,0.5189277,0.5810345,0.009934485,1.25,0.61298376,0.55494815,0.88793105,0.083032966,1.25,0.48205376,0.44806907,0.7982759,0.042573273,0.53068465,0.46524236,0.82931036,0.054069966,national_identity,0.041379333,0.29715118,0.00020502215,0.0009697519,0.2621801,0.25019073,0.9992191,0.0015070488,0.00023231421,0.00017064044,0.010724796,social_solidarity
merkel2_c004,merkel2,merkel,de,2017-12-31,new_year_address,4,10,0.444,115,70,0.509074,0.46571225,0.5741379,0.012435943,4.285714,0.40828493,0.42840633,0.06724138,-0.07025352,0.0,0.5559472,0.5454546,0.9051724,0.08407271,1.4285715,0.49907076,0.49453223,0.7051724,0.024176508,1.4285715,0.44347253,0.4317746,0.3913793,-0.015940249,0.0,0.5201303,0.48615503,0.68448275,0.023596138,1.4285715,0.4901055,0.46518302,0.31896552,-0.027024925,0.0,0.61781526,0.55029106,0.89827585,0.08786446,1.4285715,0.4361985,0.40538114,0.43965518,-0.0032819808,0.52857697,0.48249173,0.81551725,0.051962286,economy_welfare,0.0068965554,0.6520545,0.0002948036,0.9574771,0.35981393,0.0268612,0.9925826,0.08748584,0.95934516,0.00031503872,0.4375231,social_solidarity
merkel2_c005,merkel2,merkel,de,2017-12-31,new_year_address,5,10,0.556,90,60,0.54263926,0.5315095,0.80172414,0.046001226,0.0,0.5406585,0.5550642,0.89827585,0.06212002,0.0,0.60369515,0.5882596,0.9982759,0.13182068,3.3333333,0.5633558,0.53297675,0.9672414,0.08846155,0.0,0.511388,0.5198835,0.8568966,0.05197522,0.0,0.55656713,0.49590987,0.84310347,0.060032994,0.0,0.51677203,0.52975965,0.49827588,-0.00035840273,0.0,0.70883846,0.6731732,0.9982759,0.17888767,8.333333,0.5185464,0.47384518,0.94310343,0.07906592,0.5390968,0.49664548,0.8672414,0.06248209,economy_welfare,0.0,0.037326887,0.42143276,0.36330795,0.57618433,0.7883185,0.99116975,0.12619172,0.9623383,0.00016124539,0.00936717,social_solidarity
merkel2_c006,merkel2,merkel,de,2017-12-31,new_year_address,6,10,0.667,160,98,0.57681835,0.5370364,0.9362069,0.08018032,0.0,0.57314825,0.5444982,0.9741379,0.0946098,2.0408163,0.59982824,0.56213164,0.99482757,0.12795377,0.0,0.56846464,0.5121463,0.9775862,0.09357038,0.0,0.53070045,0.50494975,0.9258621,0.07128766,0.0,0.66609746,0.57404786,0.9982759,0.16956332,2.0408163,0.54259264,0.5057521,0.7017241,0.02546221,0.0,0.57320654,0.50991046,0.74655175,0.043255746,0.0,0.50465614,0.47777104,0.9051724,0.06517565,0.553921,0.5026257,0.9051724,0.0773063,social_solidarity,0.0034483075,0.6595697,0.0029121784,0.41881576,0.35585886,0.36153096,0.99844515,0.038286004,0.001176375,0.0002885393,0.32589588,social_solidarity
merkel2_c007,merkel2,merkel,de,2017-12-31,new_year_address,7,10,0.778,137,84,0.53262556,0.50261825,0.73275864,0.035987526,1.1904762,0.5437468,0.5228149,0.9189655,0.065208375,1.1904762,0.46606663,0.42741877,0.46724138,-0.005807847,0.0,0.51016444,0.47247276,0.787931,0.035270184,2.3809524,0.44903597,0.4366783,0.42931035,-0.010376811,0.0,0.55806357,0.48908973,0.8465517,0.061529428,1.1904762,0.46437246,0.43498147,0.18103448,-0.05275798,0.0,0.5489779,0.5108812,0.62931037,0.019027114,2.3809524,0.44582802,0.3907737,0.53965515,0.006347537,0.48913813,0.44399542,0.57758623,0.0125234425,security_military,0.0724138,0.9963571,0.9989956,0.000593021,0.9954217,0.17441028,0.9733169,0.8593689,0.0015761827,0.0139288595,0.8800775,security_military
merkel2_c008,merkel2,merkel,de,2017-12-31,new_year_address,8,10,0.889,85,52,0.5371279,0.5050224,0.75689656,0.040489882,3.8461537,0.5199831,0.5275976,0.8086207,0.04144466,1.9230769,0.54802907,0.5062485,0.8775862,0.07615459,3.8461537,0.56795037,0.5435127,0.9741379,0.09305611,3.8461537,0.5278611,0.4857744,0.91206896,0.068448335,0.0,0.61819696,0.55336213,0.98448277,0.121662825,1.9230769,0.5069369,0.48984838,0.41896552,-0.010193527,0.0,0.5426922,0.5142946,0.58793104,0.012741387,1.9230769,0.5083891,0.48801282,0.9258621,0.06890863,0.56533,0.5332586,0.94310343,0.088715345,social_solidarity,0.010344863,0.99368566,0.0123360995,0.9930961,0.9914142,0.7673849,0.9897811,0.78347117,0.82068515,0.00019910393,0.6218854,national_identity
merkel2_c009,merkel2,merkel,de,2017-12-31,new_year_address,9,10,1.0,121,65,0.562044,0.53091985,0.8913793,0.065405995,1.5384616,0.4841307,0.47546574,0.52931035,0.005592257,0.0,0.50471455,0.4499192,0.72931033,0.032840073,1.5384616,0.51273686,0.48589137,0.7982759,0.0378426,1.5384616,0.58981276,0.57589066,0.98448277,0.13039997,4.6153846,0.6076014,0.5339229,0.9672414,0.111067265,3.0769231,0.44355467,0.41891629,0.08793104,-0.073575765,0.0,0.48634923,0.47035483,0.2672414,-0.043601573,1.5384616,0.4671764,0.45142812,0.712069,0.027695924,0.5504887,0.51460016,0.88448274,0.07387403,democracy_institutions,0.017241359,0.99965936,0.00019222712,0.00028573605,0.79518133,0.9497248,0.9998317,0.13660838,0.0029121782,0.000610641,0.99594563,social_solidarity
merkel2020_c000,merkel2020,merkel,de,2019-12-31,new_year_address,0,11,0.0,114,69,0.57210726,0.49979526,0.9155173,0.075469226,0.0,0.45137447,0.45355046,0.29827586,-0.027163982,0.0,0.48341197,0.45484662,0.60172415,0.011537492,0.0,0.5040325,0.4601286,0.7396552,0.029138237,0.0,0.4827338,0.45395166,0.68793106,0.023321003,0.0,0.5629849,0.5152527,0.8672414,0.066450745,1.4492754,0.49558416,0.4935007,0.34310344,-0.021546274,0.0,0.61860955,0.5731222,0.9051724,0.08865875,0.0,0.4534073,0.41844183,0.6051724,0.013926804,0.52118045,0.4556853,0.78103447,0.044565767,national_identity,0.010344863,0.9679296,0.9116921,0.36523026,0.81062883,0.54601204,0.98909235,0.88577974,0.94903547,0.00058726134,0.79166,social_solidarity
merkel2020_c001,merkel2020,merkel,de,2019-12-31,new_year_address,1,11,0.1,171,113,0.51209843,0.454079,0.59827584,0.015460402,0.88495576,0.4920843,0.48356974,0.61206895,0.013545841,0.0,0.5460831,0.5037627,0.87413794,0.07420862,3.539823,0.4944681,0.45077702,0.66034484,0.019573838,0.0,0.46865255,0.4429047,0.5672414,0.009239763,0.88495576,0.5427178,0.45338008,0.78103447,0.046183676,1.7699115,0.46667242,0.4415374,0.19482759,-0.050458014,0.0,0.64192104,0.6048469,0.94655174,0.111970246,3.539823,0.43362164,0.3976639,0.41896552,-0.0058588386,0.4749877,0.42795488,0.5017241,-0.0016269982,future_reform_technology,0.0724138,0.9971606,0.000440763,0.37868887,0.9520307,0.102664016,0.99967426,0.08137364,0.99612314,0.0003466678,0.9407081,social_solidarity
merkel2020_c002,merkel2020,merkel,de,2019-12-31,new_year_address,2,11,0.2,99,61,0.54663193,0.50737214,0.8224138,0.049993902,0.0,0.47961718,0.4660945,0.49827588,0.0010787249,0.0,0.46921152,0.43644828,0.49827588,-0.0026629567,0.0,0.512254,0.47441453,0.79137933,0.037359744,0.0,0.4667999,0.4408704,0.53965515,0.0073871315,0.0,0.5627918,0.5022269,0.8637931,0.066257685,0.0,0.5504131,0.53228843,0.7362069,0.033282638,0.0,0.6386291,0.57160735,0.9362069,0.10867828,1.6393442,0.44511038,0.42982984,0.5362069,0.005629897,0.5021419,0.45822674,0.6637931,0.025527209,future_reform_technology,0.0724138,0.47219667,0.1379384,0.4887714,0.8318272,0.39957732,0.99178034,0.97459245,0.108566426,0.019326588,0.20149879,social_solidarity
merkel2020_c003,merkel2020,merkel,de,2019-12-31,new_year_address,3,11,0.3,146,77,0.454616,0.4277737,0.20517242,-0.04202202,0.0,0.4648081,0.45782137,0.39482757,-0.013730347,0.0,0.46032304,0.4422261,0.41896552,-0.01155144,1.2987013,0.4266824,0.428364,0.1362069,-0.048211843,1.2987013,0.4177762,0.4281522,0.23275863,-0.041636586,0.0,0.4630002,0.40298766,0.28103447,-0.03353393,0.0,0.51780176,0.50887495,0.512069,0.0006713271,1.2987013,0.5396136,0.47992197,0.5706897,0.009662807,1.2987013,0.41796106,0.44111273,0.33620688,-0.021519423,0.43058985,0.4210697,0.20172414,-0.04602483,future_reform_technology,0.05862069,0.06584469,0.00082797185,0.0019858377,0.93288255,0.08055615,0.15866259,0.9987816,0.004556114,0.00039511538,0.029703751,crisis_resilience
merkel2020_c004,merkel2020,merkel,de,2019-12-31,new_year_address,4,11,0.4,145,93,0.452693,0.41504532,0.19137931,-0.043945044,1.0752689,0.4426236,0.41179025,0.25344828,-0.035914868,0.0,0.47898442,0.4545759,0.55689657,0.00710994,0.0,0.4616263,0.44765306,0.3913793,-0.013267964,0.0,0.41054708,0.41406786,0.19827586,-0.048865706,0.0,0.49474084,0.4292071,0.4637931,-0.0017932951,0.0,0.45612836,0.43281624,0.1362069,-0.061002076,0.0,0.5936804,0.52641827,0.8327586,0.063729584,2.1505377,0.39673898,0.39626035,0.17758621,-0.042741507,0.46259904,0.41845185,0.4086207,-0.014015645,future_reform_technology,0.27586204,0.8038291,0.0010754024,0.28135622,0.93205243,0.9554804,0.9291356,0.8180837,0.00028741473,0.00024251157,0.020293485,democracy_institutions
merkel2020_c005,merkel2020,merkel,de,2019-12-31,new_year_address,5,11,0.5,106,58,0.5800475,0.50998974,0.95689654,0.08340946,0.0,0.4831566,0.45145267,0.5224138,0.004618138,0.0,0.5043389,0.48875764,0.7258621,0.032464445,1.7241379,0.51892716,0.44464204,0.8327586,0.0440329,0.0,0.47774613,0.44508976,0.66034484,0.018333346,0.0,0.6596923,0.55546415,0.99482757,0.16315815,3.4482758,0.5415708,0.5005644,0.68448275,0.024440348,0.0,0.54402447,0.4535994,0.5913793,0.01407367,0.0,0.45419228,0.40507132,0.6086207,0.014711797,0.53984135,0.49093628,0.87413794,0.06322667,social_solidarity,0.037931025,0.79145867,0.00015177364,0.05422377,0.019512549,0.8618873,0.99884635,0.7866228,0.91968757,0.00013238187,0.83682144,social_solidarity
merkel2020_c006,merkel2020,merkel,de,2019-12-31,new_year_address,6,11,0.6,109,61,0.49038392,0.47080684,0.4362069,-0.0062541068,0.0,0.4367028,0.43259478,0.20862068,-0.041835666,0.0,0.48114917,0.45878035,0.57758623,0.009274691,0.0,0.46034032,0.42627835,0.37068966,-0.014553934,0.0,0.524753,0.51217264,0.9051724,0.06534019,3.2786884,0.6174175,0.5726651,0.98103446,0.120883375,4.9180326,0.44212425,0.4293735,0.077586204,-0.07500619,0.0,0.54681134,0.52345943,0.61206895,0.016860545,1.6393442,0.40948424,0.4099167,0.28103447,-0.029996246,0.47186217,0.469581,0.47413793,-0.0047525167,social_solidarity,0.07586205,0.017636001,0.00023095727,0.0070458753,0.0076956474,0.27788922,0.9991912,0.017602196,0.96930236,0.00025216964,0.07544844,social_solidarity
merkel2020_c007,merkel2020,merkel,de,2019-12-31,new_year_address,7,11,0.7,116,67,0.5367608,0.47909623,0.75344825,0.040122777,0.0,0.50408375,0.47874564,0.6913793,0.025545299,0.0,0.47992122,0.3974333,0.5672414,0.008046746,0.0,0.4786476,0.424227,0.51551723,0.0037533343,0.0,0.507248,0.47616574,0.83965516,0.0478352,2.9850745,0.5557096,0.4585048,0.8327586,0.05917546,0.0,0.4712079,0.43310165,0.2224138,-0.045922548,0.0,0.46942693,0.41970462,0.19137931,-0.060523868,0.0,0.48479408,0.43305624,0.81551725,0.045313597,0.49870706,0.4417293,0.62931037,0.022092372,democracy_institutions,0.0068965554,0.9818579,0.0023688741,0.00011614594,0.045416046,0.97184587,0.9995661,0.48730743,0.00020263402,0.003869391,0.10456872,social_solidarity
merkel2020_c008,merkel2020,merkel,de,2019-12-31,new_year_address,8,11,0.8,138,78,0.54335797,0.5168397,0.8086207,0.04671994,1.2820513,0.5011769,0.49325025,0.6672414,0.02263844,0.0,0.5157677,0.49974316,0.7775862,0.043893218,1.2820513,0.48349288,0.45820913,0.5465517,0.008598626,2.5641026,0.50475633,0.5005271,0.81551725,0.045343548,2.5641026,0.62482023,0.5387484,0.987931,0.1282861,2.5641026,0.5024865,0.48958886,0.38448277,-0.014643908,0.0,0.52112544,0.46582252,0.4465517,-0.008825362,0.0,0.46647307,0.42949194,0.69827586,0.02699259,0.5630719,0.51759535,0.9362069,0.08645722,social_solidarity,0.17241377,0.84994,0.013584393,0.017560028,0.82275945,0.84466547,0.99944174,0.40409586,0.00010350561,0.0004373344,0.9931362,social_solidarity
merkel2020_c009,merkel2020,merkel,de,2019-12-31,new_year_address,9,11,0.9,128,79,0.49474895,0.4672988,0.45,-0.0018890798,0.0,0.49822825,0.5199803,0.6396552,0.019689798,2.5316455,0.5017136,0.46175689,0.7155172,0.029839098,0.0,0.55744994,0.56434715,0.9637931,0.08255568,2.5316455,0.46483815,0.45616704,0.51896554,0.005425364,0.0,0.49735075,0.45125443,0.48448277,0.00081661344,0.0,0.498325,0.49378508,0.3637931,-0.018805444,0.0,0.5306977,0.493754,0.5017241,0.0007469058,0.0,0.49062467,0.47669792,0.8568966,0.051144183,0.53981936,0.49499092,0.87068963,0.063204676,foreign_policy,0.24827588,0.008694534,0.10150035,0.00068117114,0.9997434,0.22712632,0.8787572,0.10649297,0.00037263773,0.036117923,0.99670774,foreign_policy
merkel2020_c010,merkel2020,merkel,de,2019-12-31,new_year_address,10,11,1.0,90,49,0.5236713,0.49528283,0.6775862,0.0270333,2.0408163,0.55168176,0.56204665,0.9327586,0.0731433,4.0816326,0.52910113,0.5274416,0.8189655,0.057226658,4.0816326,0.5150452,0.49700922,0.8086207,0.04015097,0.0,0.43708715,0.4404747,0.33620688,-0.022325635,0.0,0.59101415,0.5433092,0.94310343,0.09448001,0.0,0.512688,0.5101765,0.47068965,-0.0044424534,0.0,0.49345696,0.45728895,0.29827586,-0.036493838,0.0,0.4668723,0.4044006,0.7051724,0.027391821,0.530468,0.46176806,0.82586205,0.053853303,social_solidarity,0.010344803,0.042942394,0.750187,0.8045787,0.22346178,0.13933781,0.99864364,0.039011665,0.00028741476,0.000506292,0.22550188,social_solidarity
merkel3_c000,merkel3,merkel,de,2018-12-31,new_year_address,0,9,0.0,119,77,0.50330853,0.46384335,0.52931035,0.006670505,0.0,0.4647982,0.45634586,0.3913793,-0.0137402415,0.0,0.4950468,0.47276717,0.67413795,0.023172319,0.0,0.4801528,0.46229786,0.52931035,0.0052585304,0.0,0.45586562,0.45261574,0.4775862,-0.0035471618,0.0,0.49235508,0.42860782,0.43965518,-0.0041790605,0.0,0.5043965,0.49942288,0.40172413,-0.012733936,0.0,0.5515602,0.506683,0.6396552,0.021609426,0.0,0.43056685,0.42077658,0.4086207,-0.008913636,0.47372293,0.43563426,0.49137932,-0.0028917491,economy_welfare,0.034482777,0.02737649,0.0012065897,0.00011797477,0.73753643,0.92109185,0.06394842,0.18133567,0.00010071399,0.00013083978,0.00011213408,democracy_institutions
merkel3_c001,merkel3,merkel,de,2018-12-31,new_year_address,1,9,0.125,85,47,0.57322514,0.54468745,0.9258621,0.07658711,2.1276596,0.48958802,0.4911435,0.58793104,0.011049569,0.0,0.5270032,0.47768968,0.81551725,0.055128753,0.0,0.53229785,0.48541826,0.88448274,0.057403594,0.0,0.5521384,0.55458415,0.9534483,0.092725605,2.1276596,0.5886436,0.5059089,0.9362069,0.09210947,2.1276596,0.48708925,0.45884538,0.3051724,-0.030041188,0.0,0.47923064,0.4529817,0.22931035,-0.050720155,0.0,0.47734234,0.45908338,0.7741379,0.037861854,0.59069383,0.53549486,0.98448277,0.11407915,democracy_institutions,0.017241418,0.9860174,0.17081468,0.00058726134,0.66649675,0.9781876,0.99492484,0.25778842,0.00057031563,0.00018271105,0.9957602,social_solidarity
merkel3_c002,merkel3,merkel,de,2018-12-31,new_year_address,2,9,0.25,90,50,0.41337356,0.36945817,0.07413793,-0.08326447,0.0,0.39951754,0.3852284,0.05,-0.07902092,0.0,0.44345713,0.40897527,0.31206897,-0.028417349,0.0,0.39821625,0.39893645,0.077586204,-0.07667801,0.0,0.41670236,0.40335023,0.22586207,-0.042710423,0.0,0.4062621,0.3253523,0.070689656,-0.09027204,0.0,0.4166411,0.40087935,0.029310346,-0.10048935,0.0,0.5030449,0.45186934,0.33965516,-0.026905894,0.0,0.35647678,0.33755428,0.05,-0.0830037,0.3835077,0.3485971,0.05,-0.093106985,future_reform_technology,0.027586192,0.9486028,0.07185941,0.024307018,0.6095242,0.9971909,0.84065187,0.967225,9.6478514e-05,0.00030238242,0.20370755,democracy_institutions
merkel3_c003,merkel3,merkel,de,2018-12-31,new_year_address,3,9,0.375,92,57,0.5659632,0.529536,0.9051724,0.06932518,1.754386,0.42656267,0.4533248,0.12586206,-0.051975787,0.0,0.4779122,0.46438473,0.5465517,0.006037712,0.0,0.5385748,0.48973587,0.90172416,0.06368056,0.0,0.5197558,0.5540132,0.88448274,0.060342997,1.754386,0.5805129,0.5340261,0.9155173,0.08397874,1.754386,0.52777267,0.49925244,0.5948276,0.0106422305,1.754386,0.59024805,0.5586921,0.8224138,0.06029725,0.0,0.47125477,0.4560575,0.75344825,0.031774282,0.56985056,0.53988653,0.96034485,0.09323588,social_solidarity,0.010344863,0.99742913,0.012784187,0.32167304,0.6422081,0.97170866,0.99904895,0.9969426,0.0037727475,0.00050728134,0.97031033,social_solidarity
merkel3_c004,merkel3,merkel,de,2018-12-31,new_year_address,4,9,0.5,131,82,0.42933342,0.40929785,0.12241379,-0.06730461,0.0,0.38671243,0.3786625,0.02586207,-0.09182602,0.0,0.43871498,0.37392223,0.28448275,-0.033159494,0.0,0.46093035,0.4552045,0.37758622,-0.013963908,1.2195122,0.4065829,0.36705688,0.18103448,-0.05282989,0.0,0.40357235,0.35716507,0.060344826,-0.09296179,0.0,0.45576125,0.45858562,0.12931034,-0.06136918,0.0,0.48530498,0.42605162,0.2637931,-0.044645816,0.0,0.43843347,0.40172958,0.4775862,-0.0010470152,0.46446162,0.4128347,0.4224138,-0.012153059,foreign_policy,0.09310347,0.90117306,0.12231338,8.767405e-05,0.74017435,0.00015416334,0.14651415,0.22025855,0.006400731,0.00016378425,0.023241926,national_identity
merkel3_c005,merkel3,merkel,de,2018-12-31,new_year_address,5,9,0.625,202,112,0.51777196,0.5073453,0.6396552,0.02113393,0.0,0.5275425,0.5223777,0.84310347,0.04900402,0.89285713,0.5399104,0.496108,0.85,0.0680359,0.0,0.586753,0.5795949,0.9913793,0.111858755,2.6785715,0.50707304,0.49545202,0.8362069,0.04766026,0.0,0.56506073,0.5192469,0.8775862,0.068526596,0.0,0.6064383,0.5821333,0.9396552,0.089307845,0.0,0.58697534,0.5400505,0.8086207,0.05702454,0.89285713,0.54238415,0.5530825,0.98103446,0.102903664,0.55760956,0.53332114,0.9189655,0.080994874,foreign_policy,0.051724136,0.9889492,0.6123097,0.0022300123,0.98628414,0.25063756,0.9414392,0.98063636,0.000257142,0.5623117,0.9043553,national_identity
merkel3_c006,merkel3,merkel,de,2018-12-31,new_year_address,6,9,0.75,113,62,0.47053793,0.43095756,0.31896552,-0.0261001,1.6129032,0.49481085,0.47563133,0.6224138,0.016272396,3.2258065,0.4573624,0.4266768,0.38793105,-0.014512062,0.0,0.5272109,0.51261795,0.8637931,0.052316636,4.83871,0.43205237,0.41624466,0.3051724,-0.02736041,0.0,0.48319477,0.43362397,0.38448277,-0.0133393705,0.0,0.4624235,0.46141216,0.1637931,-0.05470693,0.0,0.53566563,0.4673375,0.54310346,0.0057148337,0.0,0.42124707,0.39925098,0.36034483,-0.018233418,0.4689129,0.43446591,0.46034482,-0.0077017844,foreign_policy,0.24137926,0.0014186347,0.99181205,0.00023921931,0.9982143,0.0068305754,0.0015307452,0.49670413,0.00016931274,0.0018102111,0.87125593,foreign_policy
merkel3_c007,merkel3,merkel,de,2018-12-31,new_year_address,7,9,0.875,169,93,0.5030542,0.47897086,0.5224138,0.006416172,0.0,0.5050561,0.48660886,0.7051724,0.02651763,3.2258065,0.51907176,0.49381408,0.787931,0.047197282,3.2258065,0.4725128,0.4293365,0.46034482,-0.002381444,2.1505377,0.5019359,0.48177075,0.80172414,0.042523116,0.0,0.5609494,0.5131255,0.8568966,0.064415246,1.0752689,0.45810717,0.4485095,0.14310345,-0.05902326,0.0,0.5086681,0.45446342,0.38448277,-0.021282673,1.0752689,0.42064765,0.39714652,0.35344827,-0.018832833,0.51600784,0.48662305,0.75,0.039393157,social_solidarity,0.055172443,0.0054639652,0.9630919,0.16560154,0.9035073,0.18436332,0.99949074,0.09223707,0.00029251014,0.00084099954,0.93048984,social_solidarity
merkel3_c008,merkel3,merkel,de,2018-12-31,new_year_address,8,9,1.0,108,62,0.49703228,0.4572541,0.46724138,0.00039425492,0.0,0.4432153,0.4436924,0.25689656,-0.035323143,0.0,0.5644515,0.5411754,0.9258621,0.09257704,4.83871,0.520899,0.48482448,0.8465517,0.046004742,0.0,0.48368686,0.45081773,0.69482756,0.024274081,0.0,0.5308753,0.46136153,0.71896553,0.034341186,1.6129032,0.45872393,0.46053934,0.15,-0.058406502,0.0,0.65522546,0.62586176,0.9741379,0.12527466,4.83871,0.4418186,0.4243328,0.5086207,0.0023381114,0.5115211,0.45383018,0.71896553,0.034906417,future_reform_technology,0.04827583,0.0048579667,0.00012632043,0.99914414,0.80867237,0.5106185,0.9973581,0.03750274,0.8666412,0.000114122384,0.019985154,economy_welfare
putin2022_c000,putin2022,putin,en,2022-12-31,new_year_address,0,11,0.0,108,87,0.49919763,0.49919763,0.48793104,0.0025596023,1.1494253,0.504792,0.504792,0.69482756,0.026253521,0.0,0.39032495,0.39032495,0.09827586,-0.081549525,0.0,0.48723954,0.48723954,0.5844827,0.012345284,0.0,0.47553775,0.47553775,0.6327586,0.016124964,0.0,0.5047078,0.5047078,0.54310346,0.008173674,1.1494253,0.51143813,0.51143813,0.4465517,-0.005692303,0.0,0.53096807,0.53096807,0.50517243,0.0010172725,0.0,0.44658986,0.44658986,0.55,0.007109374,0.47214633,0.47214633,0.48448277,-0.0044683516,security_military,0.06206894,0.99182004,0.547706,0.00012558252,0.9688414,0.00307537,0.9898892,0.38641605,0.00025414696,0.00048406242,0.0015070488,national_identity
putin2022_c001,putin2022,putin,en,2022-12-31,new_year_address,1,11,0.1,100,85,0.52943546,0.52943546,0.7017241,0.032797426,2.3529413,0.5211,0.5211,0.81206894,0.04256153,0.0,0.41882843,0.41882843,0.18448275,-0.053046048,0.0,0.5064434,0.5064434,0.7603448,0.031549126,0.0,0.47425467,0.47425467,0.61551726,0.014841884,0.0,0.47868043,0.47868043,0.37758622,-0.017853707,1.1764706,0.47118783,0.47118783,0.21896552,-0.045942605,0.0,0.51903284,0.51903284,0.42931035,-0.010917962,2.3529413,0.4765615,0.4765615,0.76724136,0.037081003,0.46191853,0.46191853,0.39827585,-0.014696151,security_military,0.051724136,0.99908537,0.08593914,0.00032567108,0.6699608,0.06717858,0.9847377,0.99589807,0.00041568954,0.014813884,0.9443054,national_identity
putin2022_c002,putin2022,putin,en,2022-12-31,new_year_address,2,11,0.2,112,96,0.542623,0.542623,0.7982759,0.045984954,3.125,0.54075456,0.54075456,0.90172416,0.062216103,2.0833333,0.4066007,0.4066007,0.13965517,-0.06527376,0.0,0.49566364,0.49566364,0.67413795,0.020769387,1.0416666,0.45341182,0.45341182,0.45689654,-0.006000966,0.0,0.45592564,0.45592564,0.23965517,-0.040608495,1.0416666,0.53061545,0.53061545,0.6086207,0.013485014,0.0,0.51560277,0.51560277,0.4086207,-0.01434803,1.0416666,0.46239358,0.46239358,0.67413795,0.022913098,0.44938618,0.44938618,0.3224138,-0.027228504,security_military,0.10344827,0.9948803,0.99937004,9.7235126e-05,0.7799091,0.0046909326,0.04375231,0.9120061,0.00017813114,0.004166256,0.003541531,security_military
putin2022_c003,putin2022,putin,en,2022-12-31,new_year_address,3,11,0.3,124,101,0.41131434,0.41131434,0.0637931,-0.08532369,0.0,0.43223125,0.43223125,0.15689655,-0.046307206,1.980198,0.33901185,0.33901185,0.00862069,-0.13286263,0.0,0.43225566,0.43225566,0.1637931,-0.0426386,0.0,0.39612067,0.39612067,0.12586206,-0.063292116,0.0,0.3577416,0.3577416,0.005172414,-0.13879254,0.0,0.39960873,0.39960873,0.022413794,-0.1175217,0.0,0.366602,0.366602,0.005172414,-0.1633488,0.0,0.40373692,0.40373692,0.22931035,-0.035743564,0.39892656,0.39892656,0.09827586,-0.07768813,foreign_policy,0.0068965554,0.15951176,0.91050565,0.00012460534,0.97830194,0.31261915,0.043793183,0.91873574,0.00032567108,0.71463424,0.041133627,foreign_policy
putin2022_c004,putin2022,putin,en,2022-12-31,new_year_address,4,11,0.4,132,112,0.46681827,0.46681827,0.29827586,-0.029819757,0.89285713,0.56004393,0.56004393,0.9534483,0.08150548,2.6785715,0.38089103,0.38089103,0.06724138,-0.09098345,0.0,0.44332552,0.44332552,0.25,-0.031568736,0.0,0.4214682,0.4214682,0.25689656,-0.037944585,0.0,0.46748877,0.46748877,0.32586208,-0.029045373,0.89285713,0.4875542,0.4875542,0.31206897,-0.029576242,0.0,0.44152418,0.44152418,0.0637931,-0.08842662,0.0,0.44276208,0.44276208,0.51551723,0.0032815933,0.4622094,0.4622094,0.40172413,-0.01440528,security_military,0.62758625,0.86281466,0.99923575,0.0005747862,0.26521388,0.14203095,0.9558167,0.12792476,0.00026478487,0.017045315,0.29188833,security_military
putin2022_c005,putin2022,putin,en,2022-12-31,new_year_address,5,11,0.5,147,119,0.4786027,0.4786027,0.36724138,-0.018035322,0.0,0.55844915,0.55844915,0.9396552,0.079910696,2.5210085,0.44922155,0.44922155,0.35344827,-0.022652924,0.0,0.46254683,0.46254683,0.39827585,-0.01234743,0.0,0.42344436,0.42344436,0.2637931,-0.035968423,0.0,0.49947435,0.49947435,0.5017241,0.0029402077,0.84033614,0.51880884,0.51880884,0.5258621,0.0016784072,0.0,0.44986674,0.44986674,0.10172414,-0.080084056,0.0,0.45669183,0.45669183,0.62931037,0.017211348,0.5038407,0.5038407,0.6775862,0.027226001,security_military,0.4137931,0.51537603,0.99435806,0.0006745559,0.5291266,0.0045738644,0.95427066,0.17629904,0.72413933,0.10447734,0.07052758,security_military
putin2022_c006,putin2022,putin,en,2022-12-31,new_year_address,6,11,0.6,123,103,0.38710952,0.38710952,0.02586207,-0.10952851,0.0,0.47897497,0.47897497,0.49137932,0.00043651462,0.9708738,0.4436596,0.4436596,0.31551725,-0.028214872,1.9417475,0.4447512,0.4447512,0.26034483,-0.030143052,0.9708738,0.41505545,0.41505545,0.21551724,-0.04435733,0.0,0.39288706,0.39288706,0.03965517,-0.10364708,0.9708738,0.501313,0.501313,0.3810345,-0.015817463,0.9708738,0.45574266,0.45574266,0.12241379,-0.07420814,0.9708738,0.46721682,0.46721682,0.7155172,0.027736336,0.43323964,0.43323964,0.21551724,-0.043375045,security_military,0.11034483,0.99901694,0.38281903,0.030157411,0.99206203,0.024892801,0.052497383,0.9282138,0.0012994274,0.045078542,0.6388353,national_identity
putin2022_c007,putin2022,putin,en,2022-12-31,new_year_address,7,11,0.7,118,106,0.45080698,0.45080698,0.17758621,-0.045831054,0.0,0.45209804,0.45209804,0.3051724,-0.026440412,0.9433962,0.38254654,0.38254654,0.07413793,-0.08932793,0.0,0.46088877,0.46088877,0.37413794,-0.014005482,0.0,0.3839727,0.3839727,0.06724138,-0.07544008,0.0,0.546687,0.546687,0.80517244,0.050152868,1.8867924,0.4811744,0.4811744,0.2672414,-0.035956025,0.0,0.44398078,0.44398078,0.08103448,-0.085970014,0.0,0.4439182,0.4439182,0.5258621,0.004437715,0.5206326,0.5206326,0.76724136,0.04401794,social_solidarity,0.4310345,0.9760608,0.04993535,0.01783163,0.8034149,0.025772816,0.99872816,0.0070938612,0.0011138391,0.01312127,0.941034,social_solidarity
putin2022_c008,putin2022,putin,en,2022-12-31,new_year_address,8,11,0.8,93,79,0.45331228,0.45331228,0.19482759,-0.043325752,0.0,0.5352221,0.5352221,0.87068963,0.05668366,0.0,0.4067244,0.4067244,0.14310345,-0.06515008,0.0,0.41422606,0.41422606,0.115517244,-0.0606682,0.0,0.40462464,0.40462464,0.16724138,-0.054788142,0.0,0.5048776,0.5048776,0.5465517,0.008343488,3.7974684,0.49135605,0.49135605,0.32586208,-0.02577439,0.0,0.45585296,0.45585296,0.12586206,-0.07409784,1.2658228,0.47115403,0.47115403,0.75,0.03167355,0.46884358,0.46884358,0.45344827,-0.0077711046,security_military,0.32413793,0.027769245,0.0072468016,0.00023875265,0.0050407033,0.015498881,0.9996762,0.8947895,0.00016603847,0.12247073,0.22567247,social_solidarity
putin2022_c009,putin2022,putin,en,2022-12-31,new_year_address,9,11,0.9,80,68,0.5142341,0.5142341,0.6189655,0.017596096,0.0,0.43582016,0.43582016,0.19482759,-0.04271829,0.0,0.42421952,0.42421952,0.20172414,-0.047654957,0.0,0.43654543,0.43654543,0.19137931,-0.038348824,0.0,0.40827388,0.40827388,0.19137931,-0.051138908,0.0,0.5591954,0.5591954,0.8534483,0.06266126,4.4117646,0.5094905,0.5094905,0.4362069,-0.0076399446,0.0,0.44386733,0.44386733,0.077586204,-0.08608347,0.0,0.4095931,0.4095931,0.28448275,-0.029887378,0.46742123,0.46742123,0.44310346,-0.00919345,social_solidarity,0.23448277,0.9697997,0.00018595054,0.00026221236,0.0019800398,0.0024534282,0.7665559,0.0022540423,0.00010032139,0.00017536993,0.0130707845,national_identity
putin2022_c010,putin2022,putin,en,2022-12-31,new_year_address,10,11,1.0,149,131,0.5488879,0.5488879,0.8327586,0.05224988,0.0,0.48230374,0.48230374,0.51551723,0.003765285,0.7633588,0.4622574,0.4622574,0.43275863,-0.00961709,0.0,0.49274123,0.49274123,0.62931037,0.017846972,0.0,0.4378044,0.4378044,0.35,-0.021608382,0.0,0.5562639,0.5562639,0.83965516,0.059729785,3.053435,0.52717835,0.52717835,0.5844827,0.010047913,0.7633588,0.55372834,0.55372834,0.65,0.023777544,0.0,0.466618,0.466618,0.7017241,0.027137518,0.51913583,0.51913583,0.75689656,0.04252115,social_solidarity,0.0068965554,0.99933463,0.0003500686,0.00036829791,0.0022738953,0.020804493,0.9974516,0.0104992315,0.00012219558,0.00029023443,0.3218329,national_identity
putin2023_c000,putin2023,putin,en,2023-12-31,new_year_address,0,6,0.0,86,71,0.5374383,0.5374383,0.76724136,0.040800244,2.8169014,0.5242695,0.5242695,0.82931036,0.045731068,1.4084507,0.46088266,0.46088266,0.4224138,-0.010991812,0.0,0.47824296,0.47824296,0.512069,0.0033487082,0.0,0.48704964,0.48704964,0.7224138,0.027636856,1.4084507,0.5001824,0.5001824,0.50517243,0.0036482513,1.4084507,0.506281,0.506281,0.41206896,-0.010849416,0.0,0.54934704,0.54934704,0.6327586,0.019396245,1.4084507,0.44036227,0.44036227,0.49827588,0.0008817911,0.46538842,0.46538842,0.43275863,-0.011226267,security_military,0.062069,0.96279573,0.32103413,0.0013537587,0.15759009,0.6562178,0.9358027,0.5898345,0.01707807,0.003416279,0.6461253,national_identity
putin2023_c001,putin2023,putin,en,2023-12-31,new_year_address,1,6,0.2,91,82,0.5778581,0.5778581,0.94310343,0.08122006,3.6585367,0.4877044,0.4877044,0.5603448,0.009165943,0.0,0.4353125,0.4353125,0.26034483,-0.036561966,0.0,0.50474167,0.50474167,0.75,0.029847413,0.0,0.45569256,0.45569256,0.47413793,-0.003720224,0.0,0.53233874,0.53233874,0.7224138,0.0358046,1.2195122,0.5074123,0.5074123,0.42586207,-0.00971812,0.0,0.4912023,0.4912023,0.28793103,-0.038748503,0.0,0.46911559,0.46911559,0.73275864,0.029635102,0.51300895,0.51300895,0.7224138,0.03639427,national_identity,0.19310343,0.9992721,0.0033147437,0.00041084853,0.9804313,0.010519543,0.9995497,0.8933094,0.00018093578,0.0011424496,0.8868008,social_solidarity
putin2023_c002,putin2023,putin,en,2023-12-31,new_year_address,2,6,0.4,91,78,0.58979326,0.58979326,0.9775862,0.093155235,2.5641026,0.57060707,0.57060707,0.97068965,0.09206861,1.2820513,0.46909904,0.46909904,0.49137932,-0.0027754307,0.0,0.47618166,0.47618166,0.49827588,0.0012874007,0.0,0.47268045,0.47268045,0.6051724,0.013267666,0.0,0.5750603,0.5750603,0.9086207,0.07852617,1.2820513,0.5034647,0.5034647,0.38793105,-0.013665736,0.0,0.4657907,0.4657907,0.1637931,-0.06416011,0.0,0.51725775,0.51725775,0.9396552,0.07777727,0.5667142,0.5667142,0.95,0.09009954,national_identity,0.0068965554,0.9997864,0.9458763,0.0006324767,0.26817408,0.012419666,0.9994569,0.079014674,0.00016636302,0.015014747,0.98975134,national_identity
putin2023_c003,putin2023,putin,en,2023-12-31,new_year_address,3,6,0.6,84,77,0.4542571,0.4542571,0.19827586,-0.04238093,1.2987013,0.44853836,0.44853836,0.28448275,-0.03000009,0.0,0.3649318,0.3649318,0.036206897,-0.10694268,0.0,0.39137518,0.39137518,0.053448275,-0.08351907,0.0,0.40116715,0.40116715,0.14655173,-0.05824563,0.0,0.45532957,0.45532957,0.23620689,-0.04120457,5.194805,0.451199,0.451199,0.10172414,-0.06593144,0.0,0.4314186,0.4314186,0.04310345,-0.0985322,0.0,0.37202707,0.37202707,0.09137931,-0.067453414,0.42752925,0.42752925,0.17413794,-0.04908544,security_military,0.04827586,0.99922216,0.09252365,0.008830245,0.7040584,0.14829372,0.9994986,0.11581065,0.00075540575,0.002269469,0.9949983,social_solidarity
putin2023_c004,putin2023,putin,en,2023-12-31,new_year_address,4,6,0.8,86,72,0.501863,0.501863,0.5086207,0.005224973,0.0,0.45621055,0.45621055,0.34655172,-0.0223279,1.3888888,0.43611148,0.43611148,0.27068967,-0.035762995,0.0,0.4457084,0.4457084,0.2672414,-0.029185861,0.0,0.42956978,0.42956978,0.29482758,-0.029843003,0.0,0.49404085,0.49404085,0.45344827,-0.002493292,9.722222,0.4288497,0.4288497,0.05,-0.08828074,0.0,0.5181476,0.5181476,0.4224138,-0.01180321,0.0,0.39802992,0.39802992,0.18448275,-0.04145056,0.42770875,0.42770875,0.18103448,-0.04890594,national_identity,0.055172414,0.9539661,0.000816738,0.0007613258,0.0155287115,0.20890427,0.997979,0.00083446025,0.0027737825,0.00042223287,0.0024630073,social_solidarity
putin2023_c005,putin2023,putin,en,2023-12-31,new_year_address,5,6,1.0,110,88,0.5505808,0.5505808,0.84310347,0.05394277,6.818182,0.44587657,0.44587657,0.27758622,-0.032661885,0.0,0.41900724,0.41900724,0.19137931,-0.052867234,0.0,0.47561184,0.47561184,0.49137932,0.0007175803,0.0,0.43292856,0.43292856,0.3086207,-0.026484221,0.0,0.49336043,0.49336043,0.44310346,-0.003173709,4.5454545,0.44435677,0.44435677,0.09137931,-0.072773665,0.0,0.48720574,0.48720574,0.27068967,-0.042745054,1.1363636,0.4093634,0.4093634,0.27758622,-0.030117095,0.4461904,0.4461904,0.28793103,-0.030424297,national_identity,0.35172415,0.9407081,0.013821962,0.00083283335,0.6782737,0.038466197,0.7453984,0.011653465,0.00055277866,0.0005043191,0.12384166,national_identity
putin2024_c000,putin2024,putin,en,2024-12-31,new_year_address,0,4,0.0,130,104,0.47982088,0.47982088,0.3810345,-0.016817153,1.9230769,0.45305547,0.45305547,0.31896552,-0.025482982,0.0,0.41261706,0.41261706,0.16034482,-0.059257418,0.0,0.43603486,0.43603486,0.18793103,-0.038859397,0.0,0.44279346,0.44279346,0.3810345,-0.016619325,0.0,0.4240697,0.4240697,0.118965514,-0.07246444,0.0,0.46432632,0.46432632,0.17758621,-0.052804112,0.96153843,0.5454452,0.5454452,0.6086207,0.015494406,0.96153843,0.4216627,0.4216627,0.3637931,-0.017817795,0.43619788,0.43619788,0.22931035,-0.040416807,future_reform_technology,0.22758621,0.9995461,0.5299933,0.15921742,0.98398626,0.31436622,0.9911269,0.1284158,0.23353153,0.00031503872,0.8701565,national_identity
putin2024_c001,putin2024,putin,en,2024-12-31,new_year_address,1,4,0.333,123,105,0.562405,0.562405,0.8948276,0.06576696,1.9047619,0.53672445,0.53672445,0.8775862,0.058185995,0.95238096,0.48139715,0.48139715,0.5810345,0.0095226765,0.0,0.51873314,0.51873314,0.82931036,0.04383889,0.0,0.48304862,0.48304862,0.6913793,0.023635834,0.95238096,0.50778985,0.50778985,0.5844827,0.011255711,0.95238096,0.5334271,0.5334271,0.61206895,0.016296685,0.95238096,0.5389502,0.5389502,0.5672414,0.008999407,0.95238096,0.4799649,0.4799649,0.7844828,0.04048443,0.46613353,0.46613353,0.4362069,-0.010481149,national_identity,0.017241418,0.9783019,0.16238002,0.0017477857,0.9809491,0.22867286,0.45616752,0.95292586,0.0008393598,0.002491968,0.103047,foreign_policy
putin2024_c002,putin2024,putin,en,2024-12-31,new_year_address,2,4,0.667,158,132,0.46568453,0.46568453,0.27413794,-0.030953497,2.2727273,0.4964971,0.4964971,0.6362069,0.017958641,2.2727273,0.2994728,0.2994728,0.0017241379,-0.17240167,0.0,0.3806082,0.3806082,0.029310346,-0.094286054,0.0,0.36299354,0.36299354,0.015517241,-0.096419245,0.0,0.39551914,0.39551914,0.04310345,-0.101015,0.75757575,0.40604243,0.40604243,0.02586207,-0.11108801,0.0,0.4320584,0.4320584,0.046551723,-0.0978924,0.0,0.3885243,0.3885243,0.13965517,-0.05095619,0.3667467,0.3667467,0.036206897,-0.10986799,security_military,0.36206898,0.8993868,0.9988121,0.00051125785,0.7118317,0.0056091314,0.8947205,0.29867035,0.0012327608,0.030014927,0.12535955,security_military
putin2024_c003,putin2024,putin,en,2024-12-31,new_year_address,3,4,1.0,72,56,0.51196027,0.51196027,0.5948276,0.015322238,0.0,0.4791853,0.4791853,0.4948276,0.0006468594,1.7857143,0.43103582,0.43103582,0.23620689,-0.04083866,0.0,0.45241874,0.45241874,0.31551725,-0.02247551,0.0,0.44851416,0.44851416,0.4224138,-0.01089862,0.0,0.5244478,0.5244478,0.70862067,0.02791366,1.7857143,0.46284562,0.46284562,0.17068966,-0.05428481,0.0,0.49491352,0.49491352,0.3051724,-0.03503728,0.0,0.44968128,0.44968128,0.5810345,0.0102007985,0.48065522,0.48065522,0.5327586,0.0040405393,social_solidarity,0.113793075,0.00016799537,0.00014425986,9.7615666e-05,6.6700304e-05,0.0006771943,0.9787736,0.0005506248,0.00013499252,0.00020906502,0.004764453,social_solidarity
putin2025_c000,putin2025,putin,en,2025-12-31,new_year_address,0,5,0.0,94,85,0.520168,0.520168,0.65,0.023529977,0.0,0.5079739,0.5079739,0.7224138,0.029435456,0.0,0.46776292,0.46776292,0.48448277,-0.004111558,0.0,0.494302,0.494302,0.6534483,0.01940775,0.0,0.4769948,0.4769948,0.65,0.01758203,0.0,0.57124543,0.57124543,0.8948276,0.07471129,1.1764706,0.57871985,0.57871985,0.8637931,0.06158942,0.0,0.5576721,0.5576721,0.6672414,0.027721286,1.1764706,0.4917475,0.4917475,0.8603448,0.052267015,0.53610593,0.53610593,0.8534483,0.059491247,social_solidarity,0.03103453,0.0020072423,0.00015177361,0.025117494,0.0010464257,0.027822025,0.91293955,0.44444415,0.0018639289,0.00016346472,0.19843282,social_solidarity
putin2025_c001,putin2025,putin,en,2025-12-31,new_year_address,1,5,0.25,96,79,0.59981084,0.59981084,0.9913793,0.10317281,6.329114,0.5098419,0.5098419,0.73275864,0.031303465,1.2658228,0.45228255,0.45228255,0.3637931,-0.019591928,0.0,0.49856526,0.49856526,0.69827586,0.023671001,0.0,0.47074178,0.47074178,0.5948276,0.011328995,0.0,0.4737522,0.4737522,0.35,-0.022781938,0.0,0.48216242,0.48216242,0.27758622,-0.03496802,0.0,0.4847692,0.4847692,0.25689656,-0.045181602,1.2658228,0.43908286,0.43908286,0.48448277,-0.00039762259,0.4605935,0.4605935,0.39482757,-0.016021192,national_identity,0.25862068,0.9998001,0.029090755,0.042792153,0.6160123,0.0062655346,0.9650862,0.00044421834,0.0003958876,0.00027053358,0.96884143,national_identity
putin2025_c002,putin2025,putin,en,2025-12-31,new_year_address,2,5,0.5,90,78,0.54015124,0.54015124,0.78103447,0.04351321,0.0,0.57447636,0.57447636,0.98103446,0.09593791,2.5641026,0.4860834,0.4860834,0.6224138,0.014208913,0.0,0.50726444,0.50726444,0.76724136,0.03237018,0.0,0.47041577,0.47041577,0.5913793,0.011002988,0.0,0.55599135,0.55599135,0.8362069,0.059457213,5.1282053,0.54715496,0.54715496,0.7258621,0.030024529,0.0,0.5149243,0.5149243,0.4051724,-0.01502651,0.0,0.50013465,0.50013465,0.8913793,0.060654163,0.5526489,0.5526489,0.89827585,0.07603422,security_military,0.14482754,0.13910374,0.72330946,0.0028255833,0.0081641525,0.009821792,0.9558166,0.00039666126,0.0002098831,0.00032567105,0.02525085,social_solidarity
putin2025_c003,putin2025,putin,en,2025-12-31,new_year_address,3,5,0.75,94,78,0.5219994,0.5219994,0.66034484,0.025361389,1.2820513,0.53673065,0.53673065,0.8810345,0.058192194,1.2820513,0.3635649,0.3635649,0.029310346,-0.10830957,0.0,0.4455933,0.4455933,0.2637931,-0.029300958,0.0,0.42793822,0.42793822,0.28103447,-0.03147456,0.0,0.4887163,0.4887163,0.41896552,-0.007817835,1.2820513,0.4627223,0.4627223,0.16724138,-0.054408133,0.0,0.46825546,0.46825546,0.17413794,-0.061695337,0.0,0.4337492,0.4337492,0.4224138,-0.0057312846,0.4628065,0.4628065,0.41896552,-0.013808191,security_military,0.22068965,0.99909073,0.9926968,0.00024489083,0.91546947,0.07362964,0.9985869,0.22458647,0.00019678476,0.22601399,0.18568864,national_identity
putin2025_c004,putin2025,putin,en,2025-12-31,new_year_address,4,5,1.0,159,128,0.49561486,0.49561486,0.45344827,-0.0010231733,0.78125,0.46896034,0.46896034,0.4224138,-0.009578109,0.0,0.44515705,0.44515705,0.32931036,-0.026717424,0.78125,0.44825342,0.44825342,0.2913793,-0.026640832,0.0,0.45171505,0.45171505,0.44310346,-0.0076977313,0.0,0.50078267,0.50078267,0.51896554,0.0042485297,4.6875,0.4650994,0.4650994,0.18448275,-0.05203104,0.0,0.5126765,0.5126765,0.39482757,-0.01727432,0.0,0.42490768,0.42490768,0.37758622,-0.014572799,0.47357106,0.47357106,0.48793104,-0.0030436218,social_solidarity,0.06551728,0.98632365,0.25954401,0.100337386,0.6329566,0.03825006,0.99528164,0.15575144,0.00031197804,0.0020507437,0.7426551,social_solidarity
trump1_c000,trump1,trump,en,2021-01-19,farewell_address,0,28,0.0,85,74,0.5115112,0.5115112,0.5913793,0.014873177,1.3513514,0.4950335,0.4950335,0.62586206,0.016495049,0.0,0.47731915,0.47731915,0.53965515,0.0054446757,0.0,0.4929497,0.4929497,0.6362069,0.018055439,0.0,0.48218793,0.48218793,0.6810345,0.022775143,0.0,0.45879763,0.45879763,0.25689656,-0.037736505,1.3513514,0.512779,0.512779,0.47413793,-0.004351437,0.0,0.52610755,0.52610755,0.48793104,-0.003843248,0.0,0.45825744,0.45825744,0.6465517,0.018776953,0.45133883,0.45133883,0.33275864,-0.025275856,democracy_institutions,0.04482758,0.99967366,0.023264105,0.008140463,0.8584814,0.13268304,0.9804314,0.019475214,0.00017164304,0.00030002996,0.58758813,national_identity
trump1_c001,trump1,trump,en,2021-01-19,farewell_address,1,28,0.037,84,68,0.39109862,0.39109862,0.03965517,-0.10553941,0.0,0.3432286,0.3432286,0.005172414,-0.13530985,0.0,0.36284816,0.36284816,0.02586207,-0.10902631,0.0,0.35312504,0.35312504,0.005172414,-0.12176922,1.4705882,0.3483435,0.3483435,0.005172414,-0.11106929,1.4705882,0.40140653,0.40140653,0.053448275,-0.09512761,2.9411764,0.34910136,0.34910136,0.0017241379,-0.16802907,0.0,0.4132139,0.4132139,0.029310346,-0.11673689,0.0,0.3049357,0.3049357,0.005172414,-0.13454479,0.36038876,0.36038876,0.02586207,-0.11622593,social_solidarity,0.013793103,0.084568314,0.0004583129,0.0002774886,0.0016646335,0.0275591,0.43662205,0.005230278,0.00109019,0.0010362669,0.09721884,social_solidarity
trump1_c002,trump1,trump,en,2021-01-19,farewell_address,2,28,0.074,141,127,0.41496778,0.41496778,0.08793104,-0.081670254,0.78740156,0.45813045,0.45813045,0.35344827,-0.020408005,1.5748031,0.3646078,0.3646078,0.03275862,-0.107266665,0.0,0.38430417,0.38430417,0.03965517,-0.09059009,0.0,0.3811028,0.3811028,0.056896552,-0.07830998,0.78740156,0.40441325,0.40441325,0.06724138,-0.092120886,1.5748031,0.39232373,0.39232373,0.015517241,-0.1248067,0.0,0.38151956,0.38151956,0.00862069,-0.14843124,0.0,0.33249176,0.33249176,0.018965518,-0.10698873,0.33902204,0.33902204,0.00862069,-0.13759264,security_military,0.26551723,0.66747284,0.9841699,0.0001733272,0.5256123,0.99166,0.4369674,0.14946929,0.01302049,0.021024458,0.0524731,democracy_institutions
trump1_c003,trump1,trump,en,2021-01-19,farewell_address,3,28,0.111,99,85,0.55357623,0.55357623,0.8568966,0.0569382,3.5294118,0.48381743,0.48381743,0.5258621,0.005278975,0.0,0.4615345,0.4615345,0.42586207,-0.010339975,0.0,0.49342322,0.49342322,0.6396552,0.018528968,0.0,0.4964953,0.4964953,0.7741379,0.037082523,0.0,0.4699967,0.4699967,0.33620688,-0.026537448,1.1764706,0.46893463,0.46893463,0.20862068,-0.04819581,0.0,0.47828323,0.47828323,0.2224138,-0.05166757,0.0,0.4050386,0.4050386,0.23275863,-0.03444189,0.4238827,0.4238827,0.15689655,-0.05273199,national_identity,0.082758665,0.9879113,0.034164816,0.024925414,0.67082393,0.5877065,0.9987744,0.0045208177,0.0015978455,0.0011095015,0.8588666,social_solidarity
trump1_c004,trump1,trump,en,2021-01-19,farewell_address,4,28,0.148,139,121,0.5236579,0.5236579,0.67413795,0.027019888,0.8264463,0.4894184,0.4894184,0.5844827,0.010879934,0.0,0.3955413,0.3955413,0.10862069,-0.076333165,0.0,0.44266596,0.44266596,0.24310344,-0.03222829,0.0,0.45329988,0.45329988,0.45344827,-0.0061129034,0.0,0.44959936,0.44959936,0.21551724,-0.046934783,1.6528926,0.47603905,0.47603905,0.23965517,-0.041091383,0.0,0.41614577,0.41614577,0.03275862,-0.113805026,0.0,0.43638387,0.43638387,0.44310346,-0.0030966103,0.37470526,0.37470526,0.03965517,-0.10190943,national_identity,0.08965522,0.999797,0.015058138,0.00033863998,0.82304406,0.93983054,0.9714829,0.9322377,0.009689717,0.020665685,0.9938787,national_identity
trump1_c005,trump1,trump,en,2021-01-19,farewell_address,5,28,0.185,144,125,0.53249574,0.53249574,0.72931033,0.035857707,4.8,0.49146354,0.49146354,0.60172415,0.012925088,0.0,0.49798238,0.49798238,0.69482756,0.026107907,0.8,0.5094062,0.5094062,0.78103447,0.034511954,0.8,0.48429596,0.48429596,0.69827586,0.02488318,0.0,0.44078058,0.44078058,0.17413794,-0.05575356,0.8,0.46168625,0.46168625,0.16034482,-0.05544418,0.0,0.49863172,0.49863172,0.31551725,-0.03131908,0.0,0.39981434,0.39981434,0.19827586,-0.039666146,0.42721474,0.42721474,0.17068966,-0.049399942,foreign_policy,0.051724136,0.9993822,0.00039357555,0.035310797,0.9007919,0.0019494022,0.9931162,0.12059408,0.0010423503,0.00025069676,0.3895465,national_identity
trump1_c006,trump1,trump,en,2021-01-19,farewell_address,6,28,0.222,113,94,0.3875309,0.3875309,0.029310346,-0.10910714,1.0638298,0.40156123,0.40156123,0.056896552,-0.07697722,0.0,0.4368939,0.4368939,0.27758622,-0.034980565,1.0638298,0.39111567,0.39111567,0.05,-0.08377859,1.0638298,0.38751042,0.38751042,0.08103448,-0.071902364,0.0,0.37666452,0.37666452,0.02586207,-0.11986962,1.0638298,0.4256112,0.4256112,0.036206897,-0.09151924,0.0,0.47253793,0.47253793,0.20172414,-0.057412863,2.1276596,0.3445073,0.3445073,0.036206897,-0.09497318,0.39808783,0.39808783,0.09137931,-0.078526855,economy_welfare,0.07586208,0.9471371,0.0014241793,0.011972645,0.997977,0.5821644,0.033273943,0.057998065,0.0019267346,0.000107838765,0.060252324,foreign_policy
trump1_c007,trump1,trump,en,2021-01-19,farewell_address,7,28,0.259,129,108,0.399857,0.399857,0.053448275,-0.096781015,0.0,0.4174498,0.4174498,0.10862069,-0.06108865,0.0,0.49576333,0.49576333,0.6810345,0.023888856,3.7037036,0.46390635,0.46390635,0.4086207,-0.010987908,2.7777777,0.35509694,0.35509694,0.00862069,-0.10431585,0.0,0.36450875,0.36450875,0.00862069,-0.13202539,0.0,0.4529742,0.4529742,0.10517241,-0.064156234,0.0,0.45045286,0.45045286,0.10517241,-0.07949793,0.0,0.38801748,0.38801748,0.1362069,-0.051463008,0.34361014,0.34361014,0.015517241,-0.13300455,economy_welfare,0.27241382,0.6114689,0.021656679,0.19095021,0.9756234,0.1266771,0.016497836,0.83886963,0.00080723054,0.000981172,0.032512866,foreign_policy
trump1_c008,trump1,trump,en,2021-01-19,farewell_address,8,28,0.296,176,137,0.42225242,0.42225242,0.10862069,-0.07438561,2.189781,0.41359937,0.41359937,0.09137931,-0.06493908,0.0,0.545121,0.545121,0.87068963,0.07324654,2.189781,0.42801183,0.42801183,0.14310345,-0.04688242,1.459854,0.38545597,0.38545597,0.077586204,-0.07395682,0.0,0.38617378,0.38617378,0.03275862,-0.110360354,0.0,0.4597652,0.4597652,0.15689655,-0.05736524,1.459854,0.45538482,0.45538482,0.118965514,-0.07456598,0.0,0.31343898,0.31343898,0.00862069,-0.1260415,0.34960812,0.34960812,0.018965518,-0.12700656,economy_welfare,0.7137931,0.9975032,0.00023140866,0.99916714,0.23581159,0.39035964,0.9978045,0.057532974,0.54722214,0.00040211933,0.0238936,economy_welfare
trump1_c009,trump1,trump,en,2021-01-19,farewell_address,9,28,0.333,144,119,0.45131713,0.45131713,0.18103448,-0.0453209,0.84033614,0.46064958,0.46064958,0.3637931,-0.017888874,0.0,0.49745864,0.49745864,0.68793106,0.025584161,0.84033614,0.37839085,0.37839085,0.02586207,-0.09650341,0.0,0.39234102,0.39234102,0.112068966,-0.067071766,0.0,0.4137067,0.4137067,0.09137931,-0.08282745,0.84033614,0.48013568,0.48013568,0.26034483,-0.036994755,0.84033614,0.49690443,0.49690443,0.3086207,-0.033046365,0.0,0.3525255,0.3525255,0.046551723,-0.08695498,0.38923943,0.38923943,0.06724138,-0.08737525,economy_welfare,0.32413796,0.93922025,0.0005112579,0.9805341,0.12929276,0.31837922,0.9859228,0.23449428,0.9942195,0.00046280847,0.06678189,future_reform_technology
trump1_c010,trump1,trump,en,2021-01-19,farewell_address,10,28,0.37,122,99,0.38315567,0.38315567,0.022413794,-0.113482356,0.0,0.4156936,0.4156936,0.10172414,-0.06284484,0.0,0.4477237,0.4477237,0.34310344,-0.024150789,4.040404,0.369411,0.369411,0.0120689655,-0.105483264,1.010101,0.37924293,0.37924293,0.046551723,-0.08016986,0.0,0.39870688,0.39870688,0.046551723,-0.097827256,1.010101,0.45834887,0.45834887,0.14655173,-0.058781564,2.020202,0.44260925,0.44260925,0.070689656,-0.08734155,0.0,0.33802003,0.33802003,0.029310346,-0.10146046,0.36139968,0.36139968,0.029310346,-0.115215,economy_welfare,0.19655171,0.9975322,0.0022872274,0.99958515,0.82969904,0.106783696,0.9970479,0.99158704,0.48389226,0.0051446073,0.06963659,economy_welfare
trump1_c011,trump1,trump,en,2021-01-19,farewell_address,11,28,0.407,92,76,0.41781765,0.41781765,0.09827586,-0.07882038,2.631579,0.4365705,0.4365705,0.20517242,-0.04196796,0.0,0.43229574,0.43229574,0.23965517,-0.039578736,1.3157895,0.44166332,0.44166332,0.22931035,-0.03323093,1.3157895,0.50746226,0.50746226,0.8465517,0.04804948,2.631579,0.38834298,0.38834298,0.036206897,-0.10819116,0.0,0.42992854,0.42992854,0.056896552,-0.08720189,0.0,0.508971,0.508971,0.38793105,-0.020979822,1.3157895,0.39824823,0.39824823,0.18793103,-0.041232258,0.3837556,0.3837556,0.053448275,-0.09285909,democracy_institutions,0.45862067,0.090896755,0.00010431732,0.00037482666,0.0017409837,0.9988236,0.04117217,0.0024822764,0.0021364214,0.00012339457,0.0014779429,democracy_institutions
trump1_c012,trump1,trump,en,2021-01-19,farewell_address,12,28,0.444,124,107,0.45691738,0.45691738,0.23275863,-0.039720654,1.8691589,0.4889701,0.4889701,0.5810345,0.010431647,0.93457943,0.3554457,0.3554457,0.018965518,-0.11642876,0.93457943,0.4437838,0.4437838,0.25344828,-0.031110466,0.0,0.42136526,0.42136526,0.25344828,-0.038047522,0.93457943,0.42203084,0.42203084,0.112068966,-0.0745033,0.0,0.44302222,0.44302222,0.08448276,-0.07410821,0.0,0.4218151,0.4218151,0.03965517,-0.1081357,0.0,0.4022205,0.4022205,0.20862068,-0.037259996,0.3929729,0.3929729,0.07413793,-0.0836418,security_military,0.3275862,0.89916563,0.9991152,0.00013927704,0.99461514,0.99471873,0.04642142,0.6202191,0.0451206,0.00071523245,0.56510377,security_military
trump1_c013,trump1,trump,en,2021-01-19,farewell_address,13,28,0.481,94,84,0.48681715,0.48681715,0.41896552,-0.0098208785,2.3809524,0.4655056,0.4655056,0.39827585,-0.013032854,0.0,0.4126398,0.4126398,0.1637931,-0.05923468,0.0,0.5213761,0.5213761,0.85,0.046481818,7.142857,0.4068101,0.4068101,0.18448275,-0.05260268,0.0,0.45885926,0.45885926,0.26034483,-0.037674874,0.0,0.48684913,0.48684913,0.30172414,-0.030281305,0.0,0.39857346,0.39857346,0.018965518,-0.13137734,0.0,0.4068159,0.4068159,0.26034483,-0.032664597,0.4102767,0.4102767,0.112068966,-0.06633797,foreign_policy,0.4310345,0.9635748,0.97678024,0.029145971,0.9961042,0.6453435,0.37652284,0.8474951,0.020312909,0.004086003,0.409634,foreign_policy
trump1_c014,trump1,trump,en,2021-01-19,farewell_address,14,28,0.519,81,70,0.4325047,0.4325047,0.12931034,-0.06413332,1.4285715,0.5130763,0.5130763,0.74655175,0.03453785,2.857143,0.4048345,0.4048345,0.1362069,-0.06703997,0.0,0.4467174,0.4467174,0.27068967,-0.028176844,0.0,0.3723183,0.3723183,0.018965518,-0.087094486,0.0,0.3787128,0.3787128,0.029310346,-0.117821336,0.0,0.43941072,0.43941072,0.070689656,-0.07771972,0.0,0.4399914,0.4399914,0.056896552,-0.08995938,0.0,0.3636486,0.3636486,0.070689656,-0.07583189,0.3379279,0.3379279,0.005172414,-0.13868678,security_military,0.4758621,0.998862,0.9890554,0.00094730896,0.89444417,0.15665647,0.5621014,0.108283214,0.98668766,0.026280282,0.08351589,national_identity
trump1_c015,trump1,trump,en,2021-01-19,farewell_address,15,28,0.556,88,70,0.4132465,0.4132465,0.070689656,-0.08339152,1.4285715,0.43361712,0.43361712,0.17758621,-0.04492134,1.4285715,0.3505851,0.3505851,0.0120689655,-0.12128937,0.0,0.43676898,0.43676898,0.19482759,-0.038125277,4.285714,0.37358844,0.37358844,0.02586207,-0.08582434,0.0,0.3537404,0.3537404,0.0017241379,-0.14279374,0.0,0.3829631,0.3829631,0.00862069,-0.13416734,0.0,0.3245287,0.3245287,0.0017241379,-0.2054221,0.0,0.3274387,0.3274387,0.015517241,-0.11204177,0.3106708,0.3106708,0.0017241379,-0.16594389,foreign_policy,0.017241374,0.99808824,0.9996133,0.00018631405,0.99985343,0.0019024751,0.024353381,0.9977873,0.0003150387,0.9842003,0.9621521,foreign_policy
trump1_c016,trump1,trump,en,2021-01-19,farewell_address,16,28,0.593,88,77,0.3703836,0.3703836,0.005172414,-0.12625444,0.0,0.41198492,0.41198492,0.077586204,-0.06655353,2.5974026,0.33347464,0.33347464,0.005172414,-0.13839984,0.0,0.43362972,0.43362972,0.17413794,-0.041264534,1.2987013,0.38812512,0.38812512,0.08793104,-0.07128766,0.0,0.36579862,0.36579862,0.0120689655,-0.13073552,0.0,0.36943588,0.36943588,0.005172414,-0.14769456,0.0,0.3893046,0.3893046,0.0120689655,-0.14064619,1.2987013,0.37259293,0.37259293,0.094827585,-0.06688756,0.3884425,0.3884425,0.060344826,-0.0881722,foreign_policy,0.0862069,0.04065485,0.97290814,0.00018998804,0.9491534,0.048360992,0.039231926,0.07552084,0.0005305765,0.0012007196,0.9898989,security_military
trump1_c017,trump1,trump,en,2021-01-19,farewell_address,17,28,0.63,81,63,0.5940188,0.5940188,0.98448277,0.09738079,4.7619047,0.48804736,0.48804736,0.5672414,0.009508908,0.0,0.45985854,0.45985854,0.40172413,-0.012015939,0.0,0.48508888,0.48508888,0.5706897,0.010194629,0.0,0.5042239,0.5042239,0.81206894,0.0448111,0.0,0.5062547,0.5062547,0.5603448,0.009720534,0.0,0.48251408,0.48251408,0.28448275,-0.03461635,0.0,0.48285103,0.48285103,0.25344828,-0.04709977,0.0,0.40733576,0.40733576,0.2672414,-0.032144725,0.42605102,0.42605102,0.16724138,-0.050563663,national_identity,0.17241383,0.9985278,0.12069767,0.47511822,0.114963345,0.9911996,0.99986815,0.78386444,0.016246215,0.0005452766,0.79174066,social_solidarity
trump1_c018,trump1,trump,en,2021-01-19,farewell_address,18,28,0.667,92,77,0.46552384,0.46552384,0.27068967,-0.03111419,0.0,0.4999281,0.4999281,0.66034484,0.021389633,0.0,0.47657198,0.47657198,0.5362069,0.0046975017,0.0,0.46287996,0.46287996,0.4051724,-0.0120143,0.0,0.4681319,0.4681319,0.5603448,0.008719116,0.0,0.46321034,0.46321034,0.28448275,-0.033323795,1.2987013,0.5174339,0.5174339,0.50517243,0.00030344725,0.0,0.47939885,0.47939885,0.23275863,-0.05055195,0.0,0.44308373,0.44308373,0.51896554,0.0036032498,0.41037416,0.41037416,0.115517244,-0.06624052,security_military,0.100000024,0.75976056,0.00057031575,0.28101084,0.6984323,0.30149058,0.9862046,0.7509639,0.0006361912,0.011709839,0.110087894,social_solidarity
trump1_c019,trump1,trump,en,2021-01-19,farewell_address,19,28,0.704,118,101,0.5798826,0.5798826,0.9534483,0.08324459,0.0,0.4698016,0.4698016,0.42931035,-0.008736849,0.0,0.45262003,0.45262003,0.37068966,-0.019254446,0.0,0.49143752,0.49143752,0.6189655,0.01654327,0.0,0.518966,0.518966,0.8810345,0.059553236,0.990099,0.5191166,0.5191166,0.67068964,0.022582442,0.990099,0.47669107,0.47669107,0.24655172,-0.040439367,0.0,0.4852769,0.4852769,0.26034483,-0.04467389,0.0,0.39336866,0.39336866,0.1637931,-0.046111822,0.4373236,0.4373236,0.23275863,-0.039291084,national_identity,0.0724138,0.9994956,0.020889208,0.02330054,0.7325918,0.8231508,0.9991912,0.0553617,0.0007702933,0.00057816197,0.86703575,national_identity
trump1_c020,trump1,trump,en,2021-01-19,farewell_address,20,28,0.741,87,76,0.5786892,0.5786892,0.94655174,0.08205119,2.631579,0.5053771,0.5053771,0.70862067,0.02683866,0.0,0.4828093,0.4828093,0.5913793,0.01093483,0.0,0.43330434,0.43330434,0.16724138,-0.041589916,0.0,0.4675914,0.4675914,0.55344826,0.0081786215,2.631579,0.5235065,0.5235065,0.7051724,0.026972383,3.9473684,0.45470303,0.45470303,0.115517244,-0.0624274,0.0,0.47419387,0.47419387,0.20517242,-0.055756927,1.3157895,0.41879013,0.41879013,0.33965516,-0.020690352,0.4484126,0.4484126,0.30172414,-0.028202087,national_identity,0.23793107,0.9705206,0.0013432378,0.016308762,0.7338335,0.989066,0.999688,0.022759158,0.00014482441,0.00039977103,0.89363474,social_solidarity
trump1_c021,trump1,trump,en,2021-01-19,farewell_address,21,28,0.778,101,90,0.5470717,0.5470717,0.82586205,0.050433666,4.4444447,0.5158617,0.5158617,0.7603448,0.037323236,0.0,0.42224526,0.42224526,0.19827586,-0.04962921,0.0,0.48082915,0.48082915,0.5327586,0.005934894,1.1111112,0.47629696,0.47629696,0.6465517,0.016884178,0.0,0.46645975,0.46645975,0.31551725,-0.030074388,1.1111112,0.55175495,0.55175495,0.74310344,0.034624517,3.3333333,0.47539523,0.47539523,0.20862068,-0.054555565,0.0,0.4772048,0.4772048,0.77068967,0.037724316,0.39826074,0.39826074,0.094827585,-0.07835394,national_identity,0.06551725,0.867701,0.7318259,0.00021612161,0.93023676,0.3231665,0.92199206,0.99269676,0.00021995336,0.00865255,0.02990141,crisis_resilience
trump1_c022,trump1,trump,en,2021-01-19,farewell_address,22,28,0.815,89,76,0.5771635,0.5771635,0.9396552,0.08052549,5.263158,0.49834156,0.49834156,0.6431034,0.019803107,0.0,0.44064808,0.44064808,0.29827586,-0.031226397,0.0,0.44178247,0.44178247,0.23275863,-0.03311178,0.0,0.47458023,0.47458023,0.6224138,0.015167445,0.0,0.5120666,0.5120666,0.61206895,0.015532464,2.631579,0.5058574,0.5058574,0.4086207,-0.0112730265,1.3157895,0.47614306,0.47614306,0.21551724,-0.053807735,0.0,0.4365371,0.4365371,0.4465517,-0.0029433966,0.43608645,0.43608645,0.22586207,-0.040528238,national_identity,0.29655176,0.9998063,0.18914637,0.00014036924,0.5195213,0.03030055,0.97161114,0.73573655,0.000141194,0.0035866161,0.68594944,national_identity
trump1_c023,trump1,trump,en,2021-01-19,farewell_address,23,28,0.852,173,146,0.60746014,0.60746014,0.99482757,0.11082211,3.4246576,0.45085838,0.45085838,0.2913793,-0.02768007,0.0,0.3897929,0.3897929,0.094827585,-0.082081586,0.0,0.43873587,0.43873587,0.20517242,-0.036158383,0.0,0.49000716,0.49000716,0.74310344,0.030594379,0.0,0.4664821,0.4664821,0.31896552,-0.030052036,0.6849315,0.4343175,0.4343175,0.0637931,-0.082812935,0.0,0.468432,0.468432,0.17758621,-0.06151879,0.0,0.45481843,0.45481843,0.6189655,0.015337944,0.4400885,0.4400885,0.24310344,-0.036526173,national_identity,0.25172412,0.9397753,0.002327694,0.00031688946,0.23855019,0.41170204,0.6577583,0.33900654,0.00018595057,0.0018639287,0.54846185,national_identity
trump1_c024,trump1,trump,en,2021-01-19,farewell_address,24,28,0.889,84,71,0.5302052,0.5302052,0.7155172,0.03356716,1.4084507,0.48551375,0.48551375,0.5362069,0.006975293,1.4084507,0.40235317,0.40235317,0.12931034,-0.06952131,0.0,0.44405395,0.44405395,0.25689656,-0.030840307,0.0,0.39118505,0.39118505,0.10862069,-0.06822774,1.4084507,0.43248248,0.43248248,0.15344827,-0.06405166,1.4084507,0.48496938,0.48496938,0.29482758,-0.032161057,1.4084507,0.4418345,0.4418345,0.06724138,-0.08811629,0.0,0.40099472,0.40099472,0.20172414,-0.038485765,0.3930933,0.3930933,0.077586204,-0.083521396,national_identity,0.17931032,0.4115838,0.6183772,0.0009811718,0.6998701,0.003685674,0.4408153,0.878627,0.0015188509,0.2697342,0.0024296436,crisis_resilience
trump1_c025,trump1,trump,en,2021-01-19,farewell_address,25,28,0.926,99,89,0.5130244,0.5130244,0.6086207,0.01638636,0.0,0.43945402,0.43945402,0.22586207,-0.039084435,0.0,0.37779734,0.37779734,0.060344826,-0.09407714,0.0,0.3897477,0.3897477,0.046551723,-0.08514655,0.0,0.3796003,0.3796003,0.053448275,-0.0798125,0.0,0.43611714,0.43611714,0.16034482,-0.060416996,4.494382,0.3935535,0.3935535,0.018965518,-0.12357694,0.0,0.4004405,0.4004405,0.022413794,-0.12951028,0.0,0.37857425,0.37857425,0.10172414,-0.06090623,0.41846097,0.41846097,0.14310345,-0.05815372,national_identity,0.38275862,0.9995987,0.19775413,0.0027791907,0.54673815,0.32459995,0.9998201,0.98879886,0.002688672,0.0016711375,0.8967045,social_solidarity
trump1_c026,trump1,trump,en,2021-01-19,farewell_address,26,28,0.963,170,149,0.5810948,0.5810948,0.9637931,0.08445677,4.0268455,0.51700735,0.51700735,0.7844828,0.038468897,0.67114097,0.42788637,0.42788637,0.22586207,-0.04398811,0.0,0.47630882,0.47630882,0.5017241,0.0014145672,1.3422819,0.4848973,0.4848973,0.70862067,0.025484502,0.0,0.46518067,0.46518067,0.3051724,-0.031353474,0.67114097,0.46547776,0.46547776,0.19137931,-0.05165267,0.0,0.44901377,0.44901377,0.09827586,-0.08093703,0.0,0.43493444,0.43493444,0.43275863,-0.0045460463,0.42866886,0.42866886,0.19137931,-0.047945827,national_identity,0.17931032,0.9993013,0.15578356,0.0010754025,0.9695412,0.4279719,0.9934166,0.9554856,0.0008312097,0.06723979,0.745954,national_identity
trump1_c027,trump1,trump,en,2021-01-19,farewell_address,27,28,1.0,123,109,0.54101944,0.54101944,0.7844828,0.04438141,3.6697247,0.48741543,0.48741543,0.55344826,0.008876979,0.0,0.4461723,0.4461723,0.33620688,-0.025702178,0.0,0.4321258,0.4321258,0.16034482,-0.04276845,0.0,0.5068367,0.5068367,0.8327586,0.04742393,0.0,0.51130116,0.51130116,0.6086207,0.014767021,1.8348624,0.46332353,0.46332353,0.17413794,-0.0538069,0.0,0.53833425,0.53833425,0.5603448,0.008383453,0.9174312,0.40297338,0.40297338,0.21551724,-0.0365071,0.44050258,0.44050258,0.25,-0.0361121,democracy_institutions,0.04827583,0.9957519,0.78257936,0.5183024,0.8248679,0.89477223,0.99975604,0.11556087,0.008644178,0.0012545945,0.76065063,social_solidarity
trump2_c000,trump2,trump,en,,composite_excerpts,0,2,0.0,99,80,0.42268735,0.42268735,0.112068966,-0.07395068,1.25,0.4535051,0.4535051,0.32931036,-0.025033355,0.0,0.4188438,0.4188438,0.18793103,-0.05303067,0.0,0.38178053,0.38178053,0.03275862,-0.09311372,1.25,0.41827637,0.41827637,0.23620689,-0.041136414,0.0,0.44311073,0.44311073,0.18793103,-0.053423405,2.5,0.42121172,0.42121172,0.03275862,-0.095918715,0.0,0.45908523,0.45908523,0.14310345,-0.07086557,0.0,0.39008516,0.39008516,0.15344827,-0.049395323,0.40956843,0.40956843,0.10862069,-0.067046255,security_military,0.09310347,0.9990582,0.85570043,0.025130948,0.97727877,0.80524963,0.9992431,0.89097196,0.09786358,0.022759156,0.9913139,social_solidarity
trump2_c001,trump2,trump,en,,composite_excerpts,1,2,1.0,104,82,0.37771204,0.37771204,0.0120689655,-0.11892599,1.2195122,0.4574774,0.4574774,0.35,-0.021061063,1.2195122,0.4881508,0.4881508,0.6327586,0.01627633,1.2195122,0.36541247,0.36541247,0.00862069,-0.10948178,0.0,0.4246655,0.4246655,0.2672414,-0.034747273,2.4390244,0.36933774,0.36933774,0.022413794,-0.1271964,0.0,0.44246167,0.44246167,0.08103448,-0.074668765,0.0,0.46446967,0.46446967,0.15689655,-0.06548113,0.0,0.3949007,0.3949007,0.16724138,-0.044579774,0.3756333,0.3756333,0.04310345,-0.100981385,economy_welfare,0.28275862,0.9994363,0.5723643,0.9497452,0.87976795,0.9697281,0.96483856,0.98365986,0.0010870042,0.058480125,0.17917123,national_identity
trump3_c000,trump3,trump,en,2017-01-20,inaugural_address,0,16,0.0,115,101,0.5515473,0.5515473,0.8465517,0.05490926,2.970297,0.49568167,0.49568167,0.6327586,0.01714322,0.0,0.43585145,0.43585145,0.2672414,-0.03602302,0.0,0.49835426,0.49835426,0.69482756,0.02346,0.990099,0.47203106,0.47203106,0.60172415,0.0126182735,0.0,0.47889268,0.47889268,0.3810345,-0.017641455,0.990099,0.49801168,0.49801168,0.36034483,-0.019118756,2.970297,0.5310737,0.5310737,0.512069,0.0011228919,0.0,0.40340087,0.40340087,0.2224138,-0.036079615,0.47483358,0.47483358,0.4948276,-0.001781106,national_identity,0.15172416,0.999539,0.051415123,0.0015218157,0.89331526,0.5203745,0.99894947,0.23268318,0.00033469603,0.0005452767,0.99567264,national_identity
trump3_c001,trump3,trump,en,2017-01-20,inaugural_address,1,16,0.067,107,86,0.48771966,0.48771966,0.42586207,-0.008918375,1.1627907,0.4526631,0.4526631,0.31551725,-0.02587536,0.0,0.46010125,0.46010125,0.4086207,-0.011773229,1.1627907,0.4840414,0.4840414,0.55,0.009147137,0.0,0.53717715,0.53717715,0.9327586,0.07776436,0.0,0.45469013,0.45469013,0.23275863,-0.04184401,0.0,0.4495291,0.4495291,0.09827586,-0.06760132,0.0,0.50270855,0.50270855,0.33620688,-0.027242243,0.0,0.3670455,0.3670455,0.077586204,-0.07243499,0.40160745,0.40160745,0.10517241,-0.07500723,democracy_institutions,0.38275862,0.97159094,0.29589072,0.095391594,0.74871993,0.9858003,0.98574555,0.11792722,0.009196553,0.0018858585,0.042802148,democracy_institutions
trump3_c002,trump3,trump,en,2017-01-20,inaugural_address,2,16,0.133,90,77,0.5301672,0.5301672,0.712069,0.033529192,2.5974026,0.4675638,0.4675638,0.4086207,-0.010974646,0.0,0.390953,0.390953,0.10517241,-0.08092147,0.0,0.39733237,0.39733237,0.070689656,-0.077561885,0.0,0.45465004,0.45465004,0.4637931,-0.004762739,0.0,0.4384384,0.4384384,0.1637931,-0.058095753,1.2987013,0.42735195,0.42735195,0.04310345,-0.08977848,0.0,0.41236174,0.41236174,0.02586207,-0.11758906,0.0,0.41121858,0.41121858,0.2913793,-0.0282619,0.38904727,0.38904727,0.0637931,-0.08756742,national_identity,0.24827588,0.8560919,0.66779786,0.3092323,0.14669742,0.9915216,0.9942475,0.9662198,0.00012363578,0.0006166298,0.009984569,social_solidarity
trump3_c003,trump3,trump,en,2017-01-20,inaugural_address,3,16,0.2,93,74,0.5585709,0.5585709,0.8775862,0.06193289,2.7027028,0.48159763,0.48159763,0.512069,0.0030591786,0.0,0.43367887,0.43367887,0.25,-0.03819561,0.0,0.46598327,0.46598327,0.42586207,-0.008910984,0.0,0.5269772,0.5269772,0.9086207,0.0675644,0.0,0.40311152,0.40311152,0.056896552,-0.09342262,0.0,0.42689598,0.42689598,0.03965517,-0.09023446,0.0,0.47849715,0.47849715,0.22586207,-0.05145365,0.0,0.38774806,0.38774806,0.13275862,-0.05173242,0.37598196,0.37598196,0.046551723,-0.10063273,democracy_institutions,0.03103453,0.927429,0.0015731121,0.00074661145,0.657181,0.8514594,0.9944343,0.0014325365,0.00026272482,0.00031688946,0.021287354,social_solidarity
trump3_c004,trump3,trump,en,2017-01-20,inaugural_address,4,16,0.267,163,146,0.5722419,0.5722419,0.9189655,0.07560387,2.739726,0.499807,0.499807,0.65689653,0.021268547,0.0,0.49521592,0.49521592,0.6775862,0.023341447,0.6849315,0.4530806,0.4530806,0.3224138,-0.02181366,0.6849315,0.4909442,0.4909442,0.75,0.031531423,0.0,0.51504606,0.51504606,0.6465517,0.018511921,0.6849315,0.457959,0.457959,0.13965517,-0.05917144,0.0,0.5332531,0.5332531,0.5258621,0.0033022761,2.0547945,0.4157606,0.4157606,0.31551725,-0.023719877,0.425529,0.425529,0.16034482,-0.05108568,national_identity,0.16896552,0.89358836,0.0026163394,0.011789214,0.2664527,0.13072868,0.99855906,0.67869973,0.00021527924,0.0017308301,0.0030396495,social_solidarity
trump3_c005,trump3,trump,en,2017-01-20,inaugural_address,5,16,0.333,136,114,0.5102763,0.5102763,0.57758623,0.013638288,1.754386,0.52196944,0.52196944,0.81551725,0.043430984,0.877193,0.45517856,0.45517856,0.3810345,-0.016695917,1.754386,0.48252672,0.48252672,0.54310346,0.007632464,1.754386,0.4513771,0.4513771,0.4362069,-0.00803569,0.0,0.46122164,0.46122164,0.2672414,-0.035312504,0.0,0.5343192,0.5343192,0.6189655,0.017188787,0.0,0.4654876,0.4654876,0.16034482,-0.0644632,0.0,0.46517202,0.46517202,0.6913793,0.025691539,0.44892305,0.44892305,0.31551725,-0.027691633,security_military,0.19655174,0.99832237,0.97455615,0.03310942,0.9822367,0.073330455,0.5853382,0.0647865,0.00017197855,0.89885527,0.035594653,national_identity
trump3_c006,trump3,trump,en,2017-01-20,inaugural_address,6,16,0.4,91,79,0.48191345,0.48191345,0.39482757,-0.014724582,0.0,0.42792782,0.42792782,0.12931034,-0.05061063,0.0,0.4717362,0.4717362,0.51551723,-0.00013828278,0.0,0.45377463,0.45377463,0.32931036,-0.021119624,2.5316455,0.38266778,0.38266778,0.0637931,-0.076745,0.0,0.44164157,0.44164157,0.17758621,-0.05489257,0.0,0.45545235,0.45545235,0.12241379,-0.06167808,0.0,0.45891607,0.45891607,0.13965517,-0.07103473,1.2658228,0.38089532,0.38089532,0.112068966,-0.058585167,0.38646105,0.38646105,0.056896552,-0.090153635,economy_welfare,0.12068966,0.839931,0.12074952,0.9948001,0.7701192,0.012100386,0.86532366,0.086864166,0.0014103586,0.00024826112,0.007018599,economy_welfare
trump3_c007,trump3,trump,en,2017-01-20,inaugural_address,7,16,0.467,83,70,0.50212,0.50212,0.51551723,0.005481988,0.0,0.47545955,0.47545955,0.4637931,-0.0030789077,0.0,0.47041374,0.47041374,0.50517243,-0.001460731,2.857143,0.5332165,0.5332165,0.8913793,0.05832222,2.857143,0.47589356,0.47589356,0.6396552,0.016480774,0.0,0.42597777,0.42597777,0.12241379,-0.07055637,1.4285715,0.45309484,0.45309484,0.112068966,-0.064035594,0.0,0.50240606,0.50240606,0.33275864,-0.027544737,0.0,0.44507343,0.44507343,0.5327586,0.0055929422,0.44855064,0.44855064,0.3086207,-0.028064042,foreign_policy,0.25172412,0.99926496,0.010228809,0.7510552,0.8703564,0.9672868,0.9196786,0.018941708,0.000969752,0.00036329866,0.119922526,national_identity
trump3_c008,trump3,trump,en,2017-01-20,inaugural_address,8,16,0.533,96,82,0.5610926,0.5610926,0.88793105,0.064454585,0.0,0.6118847,0.6118847,0.9982759,0.13334626,0.0,0.5312979,0.5312979,0.82586205,0.059423447,3.6585367,0.5184622,0.5184622,0.82586205,0.043567926,1.2195122,0.48449337,0.48449337,0.7017241,0.025080591,0.0,0.5024655,0.5024655,0.5362069,0.0059313476,0.0,0.56977737,0.56977737,0.82586205,0.052646935,0.0,0.5083059,0.5083059,0.37758622,-0.02164489,0.0,0.5352918,0.5352918,0.9741379,0.09581131,0.4921462,0.4921462,0.5948276,0.01553151,security_military,0.11034483,0.9979771,0.9951843,0.84727407,0.9965837,0.961171,0.9982658,0.98704207,0.32124704,0.6627419,0.031514283,social_solidarity
trump3_c009,trump3,trump,en,2017-01-20,inaugural_address,9,16,0.6,92,85,0.5291252,0.5291252,0.69827586,0.032487184,4.7058825,0.49968413,0.49968413,0.6534483,0.021145672,0.0,0.5856625,0.5856625,0.9637931,0.11378801,0.0,0.5556961,0.5556961,0.95689654,0.080801874,1.1764706,0.4703561,0.4703561,0.5844827,0.010943323,0.0,0.50807506,0.50807506,0.58793104,0.01154092,0.0,0.5116065,0.5116065,0.45344827,-0.00552392,1.1764706,0.52075803,0.52075803,0.43965518,-0.009192765,0.0,0.419824,0.419824,0.34655172,-0.01965648,0.45801133,0.45801133,0.3810345,-0.018603355,economy_welfare,0.0068965554,0.86130506,0.004223366,0.038901985,0.8603591,0.6543152,0.9968458,0.037397135,0.28826848,0.0005274784,0.5120216,social_solidarity
trump3_c010,trump3,trump,en,2017-01-20,inaugural_address,10,16,0.667,99,89,0.52243084,0.52243084,0.67068964,0.025792807,1.1235955,0.49554038,0.49554038,0.62931037,0.017001927,1.1235955,0.45343095,0.45343095,0.37413794,-0.018443525,0.0,0.5244591,0.5244591,0.8568966,0.04956487,2.247191,0.45622516,0.45622516,0.4810345,-0.0031876266,0.0,0.47853994,0.47853994,0.37413794,-0.017994195,0.0,0.49559957,0.49559957,0.34655172,-0.021530867,0.0,0.5046834,0.5046834,0.35689655,-0.025267422,0.0,0.44766706,0.44766706,0.55689657,0.008186579,0.44834685,0.44834685,0.29827586,-0.02826783,foreign_policy,0.18620694,0.9997589,0.81805646,0.00079627795,0.9656899,0.7297846,0.99856746,0.94891727,0.0004601059,0.17483254,0.99751776,national_identity
trump3_c011,trump3,trump,en,2017-01-20,inaugural_address,11,16,0.733,106,91,0.58085614,0.58085614,0.96034485,0.084218115,2.1978023,0.5437682,0.5437682,0.92241377,0.06522977,1.0989012,0.44231927,0.44231927,0.3051724,-0.029555202,0.0,0.45723632,0.45723632,0.35344827,-0.017657936,0.0,0.47443017,0.47443017,0.6189655,0.01501739,1.0989012,0.5233991,0.5233991,0.7017241,0.026864976,2.1978023,0.4873296,0.4873296,0.3086207,-0.029800832,0.0,0.4430903,0.4430903,0.07413793,-0.08686051,0.0,0.49733427,0.49733427,0.88448274,0.05785379,0.49991566,0.49991566,0.6431034,0.023300976,national_identity,0.037931085,0.99945575,0.9967333,0.00012436225,0.6222298,0.1325707,0.99792916,0.056913935,8.7503e-05,0.00065637287,0.9986303,national_identity
trump3_c012,trump3,trump,en,2017-01-20,inaugural_address,12,16,0.8,80,71,0.5175782,0.5175782,0.6362069,0.020940155,1.4084507,0.46780926,0.46780926,0.41551724,-0.010729194,0.0,0.47992256,0.47992256,0.5706897,0.008048087,0.0,0.4562632,0.4562632,0.34655172,-0.018631041,0.0,0.46071833,0.46071833,0.50517243,0.0013055503,0.0,0.41259927,0.41259927,0.08448276,-0.08393487,0.0,0.4794104,0.4794104,0.25689656,-0.037720025,0.0,0.5237112,0.5237112,0.4637931,-0.006239593,0.0,0.42496938,0.42496938,0.3810345,-0.014511108,0.43343985,0.43343985,0.21896552,-0.043174833,national_identity,0.06551725,0.99512786,0.7466935,0.4320634,0.92103857,0.99641335,0.9993081,0.85776806,0.02806074,0.000366147,0.21345915,social_solidarity
trump3_c013,trump3,trump,en,2017-01-20,inaugural_address,13,16,0.867,86,73,0.5672575,0.5672575,0.9086207,0.07061949,1.369863,0.5245945,0.5245945,0.8362069,0.046056032,0.0,0.48433584,0.48433584,0.61206895,0.012461364,0.0,0.44824153,0.44824153,0.28793103,-0.026652724,0.0,0.4371069,0.4371069,0.33965516,-0.022305876,0.0,0.45867488,0.45867488,0.25344828,-0.03785926,0.0,0.5570333,0.5570333,0.76724136,0.039902866,1.369863,0.52750605,0.52750605,0.4948276,-0.002444744,0.0,0.47111273,0.47111273,0.74655175,0.031632245,0.4495983,0.4495983,0.32586208,-0.027016371,national_identity,0.0724138,0.20406419,0.37872472,0.0493136,0.97758573,0.0047552,0.7721443,0.8273666,0.6786465,0.026155617,0.0056200367,foreign_policy
trump3_c014,trump3,trump,en,2017-01-20,inaugural_address,14,16,0.933,108,94,0.555561,0.55556107,0.8637931,0.058922976,0.0,0.46699256,0.46699262,0.4051724,-0.0115458965,1.0638298,0.38915747,0.3891574,0.09137931,-0.082717,0.0,0.39854217,0.3985422,0.08103448,-0.07635209,0.0,0.4195634,0.41956338,0.23965517,-0.03984937,1.0638298,0.46139786,0.46139783,0.27068967,-0.035136282,0.0,0.3902061,0.39020622,0.0120689655,-0.12692434,0.0,0.39442962,0.39442953,0.015517241,-0.13552117,0.0,0.38727722,0.38727728,0.12931034,-0.052203268,0.41199476,0.41199479,0.12586206,-0.06461993,national_identity,0.45862067,0.99686414,0.95824814,0.00018164382,0.22558714,0.0034162786,0.9989738,0.5574237,0.00013792371,0.005522651,0.07703025,social_solidarity
trump3_c015,trump3,trump,en,2017-01-20,inaugural_address,15,16,1.0,110,91,0.586055,0.586055,0.9672414,0.08941695,0.0,0.5178287,0.5178287,0.7948276,0.03929025,0.0,0.44655496,0.44655496,0.33965516,-0.025319517,0.0,0.48997355,0.48997357,0.61206895,0.01507929,0.0,0.45418155,0.4541816,0.46034482,-0.0052312315,0.0,0.5172282,0.51722825,0.66034484,0.020694047,3.2967033,0.5035307,0.50353074,0.3913793,-0.013599753,0.0,0.4812053,0.4812053,0.24655172,-0.048745483,0.0,0.44655246,0.44655246,0.54310346,0.007071972,0.4773671,0.47736698,0.512069,0.00075241923,national_identity,0.17241383,0.99975747,0.732209,0.73048216,0.925027,0.20721474,0.99938816,0.4232196,0.0002769473,0.0004529758,0.9798806,national_identity
