chunk_id,speech_id,leader,language,speech_date,speech_type,chunk_index,n_chunks_in_speech,relative_position,token_count,word_count,national_identity_cos,national_identity_cos_en,national_identity_pct,national_identity_rel,national_identity_kw,security_military_cos,security_military_cos_en,security_military_pct,security_military_rel,security_military_kw,economy_welfare_cos,economy_welfare_cos_en,economy_welfare_pct,economy_welfare_rel,economy_welfare_kw,foreign_policy_cos,foreign_policy_cos_en,foreign_policy_pct,foreign_policy_rel,foreign_policy_kw,democracy_institutions_cos,democracy_institutions_cos_en,democracy_institutions_pct,democracy_institutions_rel,democracy_institutions_kw,social_solidarity_cos,social_solidarity_cos_en,social_solidarity_pct,social_solidarity_rel,social_solidarity_kw,crisis_resilience_cos,crisis_resilience_cos_en,crisis_resilience_pct,crisis_resilience_rel,crisis_resilience_kw,future_reform_technology_cos,future_reform_technology_cos_en,future_reform_technology_pct,future_reform_technology_rel,future_reform_technology_kw,conflict_threat_framing_cos,conflict_threat_framing_cos_en,conflict_threat_framing_pct,conflict_threat_framing_rel,cooperation_solidarity_framing_cos,cooperation_solidarity_framing_cos_en,cooperation_solidarity_framing_pct,cooperation_solidarity_framing_rel,past_orientation_cos,past_orientation_cos_en,past_orientation_pct,past_orientation_rel,future_orientation_cos,future_orientation_cos_en,future_orientation_pct,future_orientation_rel,us_vs_them_cos,us_vs_them_cos_en,us_vs_them_pct,us_vs_them_rel,gratitude_recognition_cos,gratitude_recognition_cos_en,gratitude_recognition_pct,gratitude_recognition_rel,promises_commitments_cos,promises_commitments_cos_en,promises_commitments_pct,promises_commitments_rel,top_theme_emb,top_theme_margin,national_identity_nli,security_military_nli,economy_welfare_nli,foreign_policy_nli,democracy_institutions_nli,social_solidarity_nli,crisis_resilience_nli,future_reform_technology_nli,conflict_threat_framing_nli,cooperation_solidarity_framing_nli,past_orientation_nli,future_orientation_nli,us_vs_them_nli,gratitude_recognition_nli,promises_commitments_nli,top_theme_nli
erdogan1_c000,erdogan1,erdogan,en,,symposium_speech,0,10,0.0,80,70,0.4013514,0.4013514,0.494,-0.004533857,0.0,0.38982242,0.38982242,0.274,-0.03428018,0.0,0.36150935,0.36150935,0.262,-0.037655413,0.0,0.42730772,0.42730772,0.734,0.033392727,0.0,0.46638584,0.46638584,0.95,0.08787057,0.0,0.35733497,0.35733497,0.266,-0.035413027,0.0,0.39310735,0.39310735,0.174,-0.05202642,0.0,0.43899265,0.43899265,0.778,0.040920764,0.0,0.38575006,0.38575006,0.322,-0.025670052,0.383959,0.383959,0.41,-0.014463842,0.43756196,0.43756196,0.694,0.03291285,0.44773057,0.44773057,0.498,-0.0057118833,0.37145737,0.37145737,0.498,-0.0060768127,0.39053863,0.39053863,0.278,-0.03334564,0.4025358,0.4025358,0.278,-0.028427064,democracy_institutions,0.17199999,0.92708737,0.0026470982,0.0007839426,0.9845011,0.40250957,0.07814848,0.03204008,0.005511934,0.0006130294,0.066629894,0.99574363,0.9540946,0.09951397,0.997915,0.24476895,foreign_policy
erdogan1_c001,erdogan1,erdogan,en,,symposium_speech,1,10,0.111,118,97,0.39851815,0.39851815,0.482,-0.0073671043,0.0,0.38703257,0.38703257,0.262,-0.037070036,2.0618556,0.31483448,0.31483448,0.054,-0.08433029,1.0309278,0.36959243,0.36959243,0.35,-0.02432257,2.0618556,0.43092924,0.43092924,0.85,0.05241397,1.0309278,0.33325195,0.33325195,0.142,-0.059496045,0.0,0.42393285,0.42393285,0.334,-0.021200925,0.0,0.32460803,0.32460803,0.09,-0.07346386,0.0,0.37694842,0.37694842,0.25,-0.03447169,0.35393783,0.35393783,0.186,-0.044485003,0.41831568,0.41831568,0.534,0.01366657,0.33888516,0.33888516,0.026,-0.114557296,0.35929126,0.35929126,0.41,-0.018242925,0.40649128,0.40649128,0.398,-0.017392993,0.3254446,0.3254446,0.014,-0.10551825,democracy_institutions,0.36800003,0.8859772,0.008881676,0.00032694527,0.954584,0.44939262,0.6032309,0.4882834,0.00016474658,0.6397589,0.011630993,0.998772,0.00109019,0.9310875,0.99113554,0.92603666,foreign_policy
erdogan1_c002,erdogan1,erdogan,en,,symposium_speech,2,10,0.222,139,118,0.3925327,0.3925327,0.446,-0.013352543,0.84745765,0.43904096,0.43904096,0.602,0.0149383545,0.84745765,0.4018994,0.4018994,0.57,0.0027346313,0.84745765,0.40755248,0.40755248,0.574,0.013637483,0.0,0.5351465,0.5351465,0.994,0.1566312,0.84745765,0.35104522,0.35104522,0.226,-0.041702777,0.0,0.44195253,0.44195253,0.466,-0.003181249,0.84745765,0.42245063,0.42245063,0.674,0.024378747,0.0,0.42236313,0.42236313,0.558,0.010943025,0.37561524,0.37561524,0.334,-0.022807598,0.4021673,0.4021673,0.466,-0.0024818182,0.4295193,0.4295193,0.386,-0.023923159,0.39374354,0.39374354,0.63,0.016209364,0.3655539,0.3655539,0.15,-0.058330387,0.42226893,0.42226893,0.402,-0.0086939335,democracy_institutions,0.32,0.91212356,0.55892897,0.0024343822,0.81819266,0.98648083,0.66334194,0.99335885,0.00025865273,0.0030072695,0.0079456875,0.9548373,0.99876004,0.99749345,0.24278861,0.9899767,crisis_resilience
erdogan1_c003,erdogan1,erdogan,en,,symposium_speech,3,10,0.333,152,128,0.37919605,0.37919605,0.354,-0.026689202,1.5625,0.3566534,0.3566534,0.122,-0.06744921,0.0,0.32882154,0.32882154,0.098,-0.070343226,0.0,0.35215503,0.35215503,0.226,-0.041759968,0.0,0.4387046,0.4387046,0.87,0.060189337,0.78125,0.30997854,0.30997854,0.062,-0.08276945,0.78125,0.38524577,0.38524577,0.134,-0.059888005,0.0,0.3853648,0.3853648,0.426,-0.012707084,0.0,0.36400217,0.36400217,0.194,-0.04741794,0.3480827,0.3480827,0.166,-0.050340146,0.38066503,0.38066503,0.362,-0.023984075,0.3915084,0.3915084,0.17,-0.061934054,0.35051775,0.35051775,0.338,-0.027016431,0.320682,0.320682,0.05,-0.10320228,0.3534844,0.3534844,0.046,-0.07747847,democracy_institutions,0.444,0.8945594,0.021044564,0.0011786722,0.6265241,0.5480689,0.4764579,0.6477704,0.0013723688,0.0010505168,0.49346963,0.97754294,0.007922628,0.12543988,0.6778473,0.037082024,national_identity
erdogan1_c004,erdogan1,erdogan,en,,symposium_speech,4,10,0.444,96,88,0.33132446,0.33132446,0.118,-0.07456079,2.2727273,0.39687744,0.39687744,0.306,-0.027225167,0.0,0.33562273,0.33562273,0.122,-0.06354204,0.0,0.35175315,0.35175315,0.218,-0.042161852,0.0,0.48331237,0.48331237,0.974,0.104797095,1.1363636,0.3256719,0.3256719,0.11,-0.06707609,1.1363636,0.40731138,0.40731138,0.238,-0.037822396,0.0,0.32887197,0.32887197,0.098,-0.06919992,0.0,0.37200135,0.37200135,0.23,-0.039418757,0.33391103,0.33391103,0.094,-0.064511806,0.3061146,0.3061146,0.066,-0.098534495,0.34593326,0.34593326,0.034,-0.107509196,0.35255688,0.35255688,0.374,-0.024977297,0.31308582,0.31308582,0.038,-0.11079845,0.37211436,0.37211436,0.11,-0.0588485,democracy_institutions,0.668,0.97764987,0.0012448432,0.0003150387,0.93987197,0.9945519,0.9911868,0.4829168,0.0002617008,0.0006667022,0.06681232,0.34834027,0.984276,0.87525487,0.26090702,0.99937123,democracy_institutions
erdogan1_c005,erdogan1,erdogan,en,,symposium_speech,5,10,0.556,96,78,0.31059718,0.31059718,0.05,-0.09528807,1.2820513,0.36239427,0.36239427,0.142,-0.06170833,0.0,0.315458,0.315458,0.062,-0.08370677,0.0,0.3486429,0.3486429,0.19,-0.045272112,0.0,0.44257668,0.44257668,0.886,0.0640614,2.5641026,0.30213454,0.30213454,0.05,-0.090613455,0.0,0.37258,0.37258,0.094,-0.07255378,0.0,0.37228915,0.37228915,0.338,-0.025782734,0.0,0.38821232,0.38821232,0.342,-0.023207784,0.3415899,0.3415899,0.134,-0.05683294,0.33174568,0.33174568,0.134,-0.072903425,0.3813662,0.3813662,0.134,-0.07207626,0.3532372,0.3532372,0.386,-0.02429697,0.32451543,0.32451543,0.074,-0.09936884,0.35665357,0.35665357,0.054,-0.07430929,democracy_institutions,0.548,0.077762425,0.18297236,0.0009290033,0.9379822,0.9692224,0.012722707,0.40822467,9.685608e-05,0.00074953143,0.00042140938,0.99882597,0.004690933,0.9928509,0.0011890647,0.9325762,democracy_institutions
erdogan1_c006,erdogan1,erdogan,en,,symposium_speech,6,10,0.667,106,88,0.39703298,0.39703298,0.47,-0.008852273,1.1363636,0.37216955,0.37216955,0.19,-0.05193305,0.0,0.34068394,0.34068394,0.138,-0.05848083,0.0,0.3520373,0.3520373,0.222,-0.041877687,0.0,0.4665076,0.4665076,0.954,0.08799234,1.1363636,0.38323438,0.38323438,0.446,-0.009513617,0.0,0.3936941,0.3936941,0.178,-0.051439673,0.0,0.37564415,0.37564415,0.362,-0.022427738,0.0,0.38363105,0.38363105,0.298,-0.027789056,0.39242446,0.39242446,0.47,-0.005998373,0.3387099,0.3387099,0.158,-0.06593922,0.3957667,0.3957667,0.182,-0.05767575,0.37253472,0.37253472,0.51,-0.004999459,0.38052613,0.38052613,0.246,-0.043358147,0.41611147,0.41611147,0.374,-0.014851391,democracy_institutions,0.484,0.78282857,0.07863355,0.00049264234,0.5239075,0.91000706,0.9301416,0.23185325,0.00012053648,0.00035976942,0.046464663,0.047602657,0.0005647764,0.760584,0.16221407,0.25902826,social_solidarity
erdogan1_c007,erdogan1,erdogan,en,,symposium_speech,7,10,0.778,84,74,0.43724513,0.43724513,0.678,0.03135988,5.4054055,0.3731727,0.3731727,0.198,-0.050929904,0.0,0.3171829,0.3171829,0.066,-0.08198187,0.0,0.36916053,0.36916053,0.346,-0.024754465,0.0,0.4711497,0.4711497,0.958,0.09263444,0.0,0.3322824,0.3322824,0.134,-0.060465604,0.0,0.36034578,0.36034578,0.046,-0.084787995,0.0,0.32388908,0.32388908,0.086,-0.07418281,0.0,0.35936043,0.35936043,0.182,-0.05205968,0.3437357,0.3437357,0.146,-0.054687142,0.3224791,0.3224791,0.122,-0.08217001,0.36897245,0.36897245,0.074,-0.084470004,0.38717198,0.38717198,0.61,0.009637803,0.3504009,0.3504009,0.126,-0.07348338,0.38831416,0.38831416,0.19,-0.042648703,democracy_institutions,0.28000003,0.9576556,0.640411,0.050424073,0.7801604,0.9967713,0.86861795,0.09773432,0.07098909,0.003279443,0.5341265,0.4956056,0.87541467,0.255158,0.0004637128,0.9987576,democracy_institutions
erdogan1_c008,erdogan1,erdogan,en,,symposium_speech,8,10,0.889,84,68,0.30919388,0.30919388,0.046,-0.09669137,2.9411764,0.31859905,0.31859905,0.038,-0.10550356,0.0,0.27154207,0.27154207,0.002,-0.1276227,0.0,0.3312421,0.3312421,0.098,-0.06267288,0.0,0.4141691,0.4141691,0.758,0.03565383,0.0,0.26268852,0.26268852,0.018,-0.13005948,0.0,0.3005077,0.3005077,0.002,-0.14462608,0.0,0.3088296,0.3088296,0.058,-0.08924228,0.0,0.30376947,0.30376947,0.038,-0.10765064,0.27155837,0.27155837,0.018,-0.12686446,0.30175793,0.30175793,0.058,-0.10289118,0.34566772,0.34566772,0.03,-0.107774734,0.33768636,0.33768636,0.25,-0.03984782,0.3130561,0.3130561,0.034,-0.11082816,0.38066924,0.38066924,0.15,-0.050293624,democracy_institutions,0.66,0.893936,0.6013595,0.14572215,0.9011187,0.99574363,0.8960241,0.060031526,0.48389235,0.0011559009,0.65786827,0.27727726,0.9915462,0.79318607,0.10699346,0.99718267,democracy_institutions
erdogan1_c009,erdogan1,erdogan,en,,symposium_speech,9,10,1.0,109,95,0.31362376,0.31362376,0.054,-0.09226149,2.1052632,0.33732194,0.33732194,0.07,-0.08678067,0.0,0.31004757,0.31004757,0.042,-0.0891172,0.0,0.35054332,0.35054332,0.198,-0.043371677,0.0,0.44115448,0.44115448,0.882,0.06263921,3.1578948,0.2740762,0.2740762,0.026,-0.118671805,0.0,0.30597943,0.30597943,0.006,-0.13915434,0.0,0.3561717,0.3561717,0.238,-0.041900188,0.0,0.31586796,0.31586796,0.058,-0.09555215,0.3357076,0.3357076,0.098,-0.06271523,0.292072,0.292072,0.026,-0.11257711,0.37800652,0.37800652,0.114,-0.07543594,0.35288817,0.35288817,0.378,-0.024646014,0.32240406,0.32240406,0.054,-0.101480216,0.4020977,0.4020977,0.274,-0.028865159,democracy_institutions,0.64400005,0.98293835,0.014111099,0.109562784,0.43878517,0.99913234,0.16411418,0.023531878,0.22867285,0.0017274587,0.26459584,0.14926767,0.8664559,0.014461763,0.19512397,0.9712384,democracy_institutions
erdogan2022_c000,erdogan2022,erdogan,en,2022-12-31,new_year_message,0,13,0.0,87,71,0.46469614,0.46469614,0.822,0.05881089,2.8169014,0.41647744,0.41647744,0.458,-0.0076251626,1.4084507,0.34813982,0.34813982,0.19,-0.051024944,0.0,0.37287778,0.37287778,0.382,-0.021037221,0.0,0.35150874,0.35150874,0.314,-0.027006537,0.0,0.37015495,0.37015495,0.334,-0.022593051,0.0,0.45145,0.45145,0.506,0.006316215,0.0,0.39193234,0.39193234,0.482,-0.0061395466,0.0,0.39228988,0.39228988,0.37,-0.01913023,0.3654139,0.3654139,0.25,-0.033008933,0.499554,0.499554,0.942,0.0949049,0.47091693,0.47091693,0.622,0.017474473,0.350653,0.350653,0.342,-0.026881188,0.45637617,0.45637617,0.714,0.032491893,0.40693223,0.40693223,0.318,-0.024030626,national_identity,0.31600004,0.9583222,0.011050795,0.0002622123,0.6940954,0.019382194,0.9429023,0.054853197,0.0010142631,0.007831048,0.009670993,0.97012687,0.0048016408,0.37937838,0.94073534,0.9642542,national_identity
erdogan2022_c001,erdogan2022,erdogan,en,2022-12-31,new_year_message,1,13,0.083,111,91,0.37569335,0.37569335,0.31,-0.030191898,1.0989012,0.33848178,0.33848178,0.078,-0.08562082,0.0,0.31215104,0.31215104,0.046,-0.08701372,0.0,0.30853507,0.30853507,0.054,-0.08537993,0.0,0.3658912,0.3658912,0.434,-0.012624085,0.0,0.32699227,0.32699227,0.114,-0.065755725,1.0989012,0.4309516,0.4309516,0.386,-0.01418218,1.0989012,0.3410228,0.3410228,0.166,-0.057049096,0.0,0.31351897,0.31351897,0.05,-0.097901136,0.3217109,0.3217109,0.07,-0.07671192,0.4794488,0.4794488,0.89,0.07479969,0.40672112,0.40672112,0.214,-0.04672134,0.2764874,0.2764874,0.03,-0.10104677,0.42811358,0.42811358,0.534,0.004229307,0.3779785,0.3779785,0.142,-0.052984357,democracy_institutions,0.047999978,0.9935054,0.030835913,0.0068504806,0.016801614,0.8876923,0.94739324,0.33018765,0.0004821762,0.00022516825,0.46186623,0.9988328,0.5471919,0.010944577,0.86422455,0.95540243,national_identity
erdogan2022_c002,erdogan2022,erdogan,en,2022-12-31,new_year_message,2,13,0.167,84,59,0.38119996,0.38119996,0.378,-0.024685293,1.6949153,0.38020295,0.38020295,0.226,-0.043899655,0.0,0.3660788,0.3660788,0.31,-0.033085972,0.0,0.33829564,0.33829564,0.134,-0.05561936,0.0,0.3642729,0.3642729,0.386,-0.014242381,0.0,0.32940292,0.32940292,0.126,-0.063345075,0.0,0.43331712,0.43331712,0.41,-0.011816651,0.0,0.40931344,0.40931344,0.574,0.011241555,0.0,0.35510913,0.35510913,0.17,-0.05631098,0.3292405,0.3292405,0.082,-0.06918234,0.48323208,0.48323208,0.914,0.07858297,0.51470566,0.51470566,0.814,0.061263204,0.29626158,0.29626158,0.078,-0.0812726,0.42547756,0.42547756,0.51,0.0015932918,0.47247756,0.47247756,0.846,0.041514695,future_reform_technology,0.164,0.95921534,0.0883079,0.003685674,0.54262096,0.0068372046,0.91851217,0.26203844,0.0018494503,0.0010024585,0.12727249,0.99619776,0.9994817,0.21833587,0.9944397,0.99924463,national_identity
erdogan2022_c003,erdogan2022,erdogan,en,2022-12-31,new_year_message,3,13,0.25,97,76,0.36727455,0.36727455,0.274,-0.038610697,1.3157895,0.3953068,0.3953068,0.302,-0.028795809,0.0,0.38183457,0.38183457,0.39,-0.0173302,0.0,0.3846411,0.3846411,0.442,-0.009273887,0.0,0.427696,0.427696,0.834,0.049180716,2.631579,0.3109575,0.3109575,0.07,-0.08179051,0.0,0.40818453,0.40818453,0.246,-0.036949247,0.0,0.42951158,0.42951158,0.73,0.03143969,0.0,0.38426566,0.38426566,0.302,-0.027154446,0.3387921,0.3387921,0.11,-0.05963075,0.43617344,0.43617344,0.69,0.03152433,0.5340923,0.5340923,0.882,0.08064985,0.35869157,0.35869157,0.406,-0.018842608,0.38197774,0.38197774,0.258,-0.041906536,0.46690828,0.46690828,0.802,0.035945415,democracy_institutions,0.10399997,0.43494123,0.28666824,0.00016603847,0.97195256,0.08218025,0.08636199,0.50494367,0.00021485926,0.00048500838,0.005220126,0.96802044,0.9992191,0.9800148,0.4045074,0.9996266,foreign_policy
erdogan2022_c004,erdogan2022,erdogan,en,2022-12-31,new_year_message,4,13,0.333,116,76,0.3426813,0.3426813,0.134,-0.06320396,0.0,0.45725253,0.45725253,0.702,0.033149928,0.0,0.38923943,0.38923943,0.45,-0.009925336,1.3157895,0.3901607,0.3901607,0.478,-0.003754288,1.3157895,0.34332788,0.34332788,0.242,-0.035187393,0.0,0.3165527,0.3165527,0.09,-0.0761953,0.0,0.47545254,0.47545254,0.734,0.030318767,0.0,0.3741846,0.3741846,0.346,-0.023887277,0.0,0.42862308,0.42862308,0.606,0.017202973,0.33910823,0.33910823,0.118,-0.05931461,0.46588743,0.46588743,0.838,0.06123832,0.45120257,0.45120257,0.522,-0.002239883,0.34834093,0.34834093,0.314,-0.029193252,0.39980188,0.39980188,0.342,-0.024082392,0.39466533,0.39466533,0.23,-0.03629753,crisis_resilience,0.032000005,0.5051878,0.9796871,0.0004442183,0.9502496,0.1987048,0.14596547,0.99941504,0.0003225072,0.9878059,0.00038147112,0.997851,0.99972254,0.9994653,0.6310829,0.9992834,crisis_resilience
erdogan2022_c005,erdogan2022,erdogan,en,2022-12-31,new_year_message,5,13,0.417,106,85,0.41968858,0.41968858,0.606,0.013803333,2.3529413,0.4992596,0.4992596,0.89,0.07515699,1.1764706,0.42422146,0.42422146,0.71,0.02505669,1.1764706,0.42377582,0.42377582,0.71,0.029860824,0.0,0.3778701,0.3778701,0.53,-0.0006451607,0.0,0.37422633,0.37422633,0.362,-0.018521667,2.3529413,0.52033937,0.52033937,0.922,0.075205594,1.1764706,0.41012162,0.41012162,0.582,0.012049735,0.0,0.46678126,0.46678126,0.81,0.05536115,0.4209474,0.4209474,0.646,0.022524565,0.44761115,0.44761115,0.77,0.042962044,0.5012545,0.5012545,0.762,0.047812045,0.40764013,0.40764013,0.71,0.030105948,0.44086763,0.44086763,0.594,0.01698336,0.4591285,0.4591285,0.75,0.028165638,crisis_resilience,0.032000005,0.9948103,0.9768134,0.5648787,0.98532796,0.5986055,0.92046857,0.99439085,0.067978516,0.03564497,0.8850739,0.10859007,0.99985373,0.9535353,0.7614054,0.9991524,national_identity
erdogan2022_c006,erdogan2022,erdogan,en,2022-12-31,new_year_message,6,13,0.5,107,86,0.3154248,0.3154248,0.066,-0.09046045,0.0,0.3640731,0.3640731,0.154,-0.060029507,1.1627907,0.5340257,0.5340257,0.974,0.13486096,4.6511626,0.3619461,0.3619461,0.29,-0.03196889,3.488372,0.31297153,0.31297153,0.086,-0.06554374,0.0,0.3420113,0.3420113,0.186,-0.050736696,0.0,0.4805637,0.4805637,0.778,0.035429925,1.1627907,0.32976002,0.32976002,0.102,-0.06831187,0.0,0.35422808,0.35422808,0.166,-0.057192028,0.33972204,0.33972204,0.122,-0.0587008,0.37803298,0.37803298,0.346,-0.026616126,0.37136942,0.37136942,0.086,-0.08207303,0.30888224,0.30888224,0.118,-0.068651944,0.39012808,0.39012808,0.274,-0.033756196,0.3477071,0.3477071,0.03,-0.08325577,economy_welfare,0.19599998,0.8250265,0.0012743262,0.9547952,0.9811849,0.005691431,0.04709609,0.9986223,0.024798159,0.037221756,0.007853845,0.41649997,0.9960005,0.99683344,0.2866682,0.81687254,crisis_resilience
erdogan2022_c007,erdogan2022,erdogan,en,2022-12-31,new_year_message,7,13,0.583,82,72,0.45892978,0.45892978,0.802,0.053044528,4.1666665,0.45052388,0.45052388,0.678,0.026421279,0.0,0.6245564,0.6245564,0.998,0.22539166,1.3888888,0.4408913,0.4408913,0.842,0.046976298,0.0,0.4191773,0.4191773,0.798,0.04066202,0.0,0.43560582,0.43560582,0.794,0.042857826,0.0,0.5204647,0.5204647,0.926,0.07533094,0.0,0.3873523,0.3873523,0.446,-0.010719597,0.0,0.4423025,0.4423025,0.69,0.030882388,0.41522154,0.41522154,0.602,0.016798705,0.45148125,0.45148125,0.79,0.046832144,0.43231717,0.43231717,0.398,-0.021125287,0.42069098,0.42069098,0.778,0.043156803,0.47357684,0.47357684,0.806,0.04969257,0.4635797,0.4635797,0.774,0.032616854,economy_welfare,0.07200003,0.9969276,0.010159832,0.99897975,0.9171544,0.9677701,0.996597,0.8192074,0.13069749,0.0006785173,0.9689739,0.9994428,0.23868327,0.10127792,0.98184043,0.9994877,economy_welfare
erdogan2022_c008,erdogan2022,erdogan,en,2022-12-31,new_year_message,8,13,0.667,93,87,0.3758639,0.3758639,0.322,-0.03002134,0.0,0.42603984,0.42603984,0.518,0.0019372404,0.0,0.60170305,0.60170305,0.994,0.20253828,4.597701,0.4067332,0.4067332,0.566,0.012818217,1.1494253,0.3761464,0.3761464,0.518,-0.0023688674,0.0,0.37336636,0.37336636,0.354,-0.019381642,1.1494253,0.51155305,0.51155305,0.89,0.06641927,0.0,0.3787759,0.3787759,0.386,-0.01929599,0.0,0.41895863,0.41895863,0.534,0.0075385273,0.38479266,0.38479266,0.418,-0.013630182,0.40440744,0.40440744,0.482,-0.00024166703,0.41092783,0.41092783,0.246,-0.042514622,0.38695553,0.38695553,0.606,0.009421349,0.4425022,0.4425022,0.622,0.018617928,0.42528182,0.42528182,0.434,-0.005681038,economy_welfare,0.10400003,0.9912548,0.06785488,0.9996574,0.99783003,0.49102882,0.98808503,0.9986698,0.012624949,0.042762153,0.028247785,0.9995479,0.96771675,0.9670387,0.95325327,0.9987056,economy_welfare
erdogan2022_c009,erdogan2022,erdogan,en,2022-12-31,new_year_message,9,13,0.75,123,109,0.3600043,0.3600043,0.23,-0.045880944,0.0,0.4706812,0.4706812,0.766,0.046578586,0.9174312,0.36187214,0.36187214,0.266,-0.03729263,0.9174312,0.46151033,0.46151033,0.898,0.06759533,2.7522936,0.32504135,0.32504135,0.138,-0.05347392,0.0,0.31536955,0.31536955,0.086,-0.07737845,0.0,0.46141845,0.46141845,0.61,0.016284674,0.9174312,0.34922063,0.34922063,0.206,-0.04885125,0.0,0.43588072,0.43588072,0.646,0.024460614,0.34993538,0.34993538,0.17,-0.048487455,0.36900738,0.36900738,0.29,-0.03564173,0.37114805,0.37114805,0.082,-0.082294405,0.36556834,0.36556834,0.462,-0.011965841,0.38073856,0.38073856,0.25,-0.043145716,0.3321784,0.3321784,0.026,-0.09878445,foreign_policy,0.13200003,0.9920157,0.81616837,0.00013605114,0.9296323,0.008994129,0.19140323,0.84917164,0.001974259,0.0014131118,0.29421496,0.99937737,0.005291605,0.9853421,0.93667716,0.98282325,national_identity
erdogan2022_c010,erdogan2022,erdogan,en,2022-12-31,new_year_message,10,13,0.833,111,90,0.371833,0.371833,0.286,-0.034052253,1.1111112,0.39988476,0.39988476,0.322,-0.024217844,0.0,0.49894658,0.49894658,0.95,0.09978181,0.0,0.4052527,0.4052527,0.554,0.0113376975,0.0,0.32991797,0.32991797,0.162,-0.048597306,0.0,0.33878988,0.33878988,0.162,-0.053958118,0.0,0.4861287,0.4861287,0.81,0.040994912,0.0,0.3862727,0.3862727,0.434,-0.0117991865,0.0,0.3820841,0.3820841,0.282,-0.029336005,0.35537982,0.35537982,0.194,-0.043043017,0.48593956,0.48593956,0.93,0.08129045,0.48507568,0.48507568,0.674,0.031633228,0.3313787,0.3313787,0.214,-0.046155483,0.41098183,0.41098183,0.43,-0.012902439,0.4114898,0.4114898,0.346,-0.019473046,economy_welfare,0.13999999,0.96235603,0.00027106237,0.30097666,0.15159214,0.073297285,0.48990005,0.020196635,0.35342816,0.00020906502,0.07751766,0.79953647,0.99824196,0.11777493,0.89116746,0.99576837,national_identity
erdogan2022_c011,erdogan2022,erdogan,en,2022-12-31,new_year_message,11,13,0.917,81,70,0.3631282,0.3631282,0.242,-0.042757064,0.0,0.38827825,0.38827825,0.27,-0.03582436,0.0,0.4155575,0.4155575,0.662,0.016392738,2.857143,0.4212774,0.4212774,0.702,0.027362406,0.0,0.35767114,0.35767114,0.334,-0.020844132,0.0,0.30091637,0.30091637,0.046,-0.091831625,0.0,0.39660212,0.39660212,0.194,-0.04853165,0.0,0.458291,0.458291,0.846,0.06021911,0.0,0.37552986,0.37552986,0.242,-0.03589025,0.3335886,0.3335886,0.09,-0.06483424,0.3861152,0.3861152,0.394,-0.018533915,0.5540035,0.5540035,0.938,0.10056102,0.3516153,0.3516153,0.358,-0.025918871,0.3524876,0.3524876,0.13,-0.07139668,0.4445959,0.4445959,0.598,0.013633043,future_reform_technology,0.144,0.94652253,0.30486885,0.79462415,0.98613805,0.44522804,0.74119425,0.42629173,0.17674264,0.0013966718,0.27478904,0.25655252,0.9997822,0.91726565,0.16912912,0.99973416,foreign_policy
erdogan2022_c012,erdogan2022,erdogan,en,2022-12-31,new_year_message,12,13,1.0,161,126,0.37919676,0.37919676,0.358,-0.026688486,1.5873016,0.37639916,0.37639916,0.21,-0.047703445,0.0,0.38595814,0.38595814,0.426,-0.013206631,0.7936508,0.35942054,0.35942054,0.274,-0.03449446,0.0,0.3887877,0.3887877,0.618,0.0102724135,0.7936508,0.35197127,0.35197127,0.238,-0.04077673,0.0,0.4058261,0.4058261,0.226,-0.039307684,0.0,0.45363945,0.45363945,0.838,0.055567563,0.7936508,0.35617232,0.35617232,0.178,-0.055247784,0.35433063,0.35433063,0.19,-0.04409221,0.4792807,0.4792807,0.886,0.0746316,0.53743064,0.53743064,0.898,0.08398819,0.31576413,0.31576413,0.138,-0.06177005,0.39531082,0.39531082,0.31,-0.028573453,0.41754517,0.41754517,0.382,-0.013417691,future_reform_technology,0.22000003,0.9380105,0.004420852,0.059674338,0.8361034,0.34562275,0.9889171,0.01057049,0.0033147435,0.00052133633,0.39763686,0.8096714,0.99708503,0.16444936,0.9421086,0.99931484,social_solidarity
erdogan2023_c000,erdogan2023,erdogan,en,2023-12-31,new_year_message,0,14,0.0,86,67,0.49789762,0.49789762,0.918,0.092012376,2.9850745,0.4292434,0.4292434,0.554,0.0051407814,0.0,0.39770678,0.39770678,0.53,-0.0014579892,0.0,0.41288567,0.41288567,0.638,0.018970668,0.0,0.38591802,0.38591802,0.594,0.007402748,0.0,0.43175814,0.43175814,0.774,0.039010137,0.0,0.44338146,0.44338146,0.478,-0.001752317,0.0,0.43567902,0.43567902,0.762,0.037607133,0.0,0.42094567,0.42094567,0.55,0.009525567,0.42919165,0.42919165,0.718,0.030768812,0.51255393,0.51255393,0.958,0.10790482,0.55675805,0.55675805,0.946,0.10331559,0.38089824,0.38089824,0.55,0.0033640563,0.47857898,0.47857898,0.83,0.054694712,0.4445995,0.4445995,0.602,0.013636649,national_identity,0.144,0.7957772,0.0012843081,0.0018422537,0.51866806,0.03725677,0.9961231,0.001194878,0.0034229355,0.00026790518,0.11486404,0.0024060889,0.9994776,0.010693758,0.9831843,0.9418684,social_solidarity
erdogan2023_c001,erdogan2023,erdogan,en,2023-12-31,new_year_message,1,14,0.077,98,84,0.41031882,0.41031882,0.55,0.0044335723,0.0,0.53021884,0.53021884,0.986,0.106116235,1.1904762,0.3789263,0.3789263,0.37,-0.02023846,0.0,0.4606982,0.4606982,0.886,0.06678319,2.3809524,0.41636798,0.41636798,0.778,0.037852705,2.3809524,0.41473126,0.41473126,0.666,0.021983266,1.1904762,0.46953303,0.46953303,0.69,0.02439925,0.0,0.41312668,0.41312668,0.594,0.015054792,1.1904762,0.4929245,0.4929245,0.926,0.081504405,0.45330745,0.45330745,0.866,0.054884613,0.47794244,0.47794244,0.874,0.07329333,0.52201885,0.52201885,0.842,0.068576396,0.40209147,0.40209147,0.678,0.024557292,0.44092703,0.44092703,0.598,0.017042756,0.41228577,0.41228577,0.35,-0.018677086,security_military,0.100000024,0.6924763,0.059510153,0.0007222463,0.7124323,0.14984211,0.9575962,0.9857043,0.00012681478,0.010408315,0.14761661,0.18672453,0.0010859442,0.99569374,0.009029014,0.9501803,crisis_resilience
erdogan2023_c002,erdogan2023,erdogan,en,2023-12-31,new_year_message,2,14,0.154,121,104,0.4003483,0.4003483,0.49,-0.0055369437,0.0,0.47349742,0.47349742,0.786,0.049394816,1.9230769,0.43529308,0.43529308,0.77,0.036128312,0.96153843,0.48295638,0.48295638,0.946,0.08904138,1.9230769,0.4144075,0.4144075,0.762,0.03589222,0.96153843,0.41431737,0.41431737,0.658,0.021569371,0.0,0.4731519,0.4731519,0.714,0.028018117,0.0,0.41651386,0.41651386,0.642,0.018441975,0.96153843,0.4962269,0.4962269,0.934,0.0848068,0.489056,0.489056,0.95,0.090633154,0.38557392,0.38557392,0.382,-0.019075185,0.46072245,0.46072245,0.578,0.007279992,0.39857236,0.39857236,0.65,0.021038175,0.41409457,0.41409457,0.438,-0.009789705,0.43534738,0.43534738,0.522,0.0043845177,foreign_policy,0.15999997,0.8173286,0.18798834,0.01709447,0.99905825,0.40497065,0.99806005,0.80177456,0.000105340936,0.9976904,0.02480997,0.99921453,0.051319942,0.99855196,0.010601172,0.993831,foreign_policy
erdogan2023_c003,erdogan2023,erdogan,en,2023-12-31,new_year_message,3,14,0.231,80,69,0.49622118,0.49622118,0.914,0.090335935,1.4492754,0.50425553,0.50425553,0.922,0.08015293,1.4492754,0.42519733,0.42519733,0.718,0.026032567,1.4492754,0.55882347,0.55882347,0.998,0.16490847,2.8985507,0.42679274,0.42679274,0.826,0.048277467,1.4492754,0.4725983,0.4725983,0.898,0.079850316,1.4492754,0.48711953,0.48711953,0.818,0.04198575,0.0,0.44850597,0.44850597,0.806,0.050434083,0.0,0.49754316,0.49754316,0.942,0.08612305,0.52887195,0.52887195,0.99,0.13044912,0.38931,0.38931,0.414,-0.015339106,0.50634444,0.50634444,0.79,0.052901983,0.47145808,0.47145808,0.914,0.0939239,0.45255122,0.45255122,0.69,0.028666943,0.4580509,0.4580509,0.726,0.027088046,foreign_policy,0.076000035,0.99931884,0.15765491,0.0532262,0.9804594,0.71243227,0.9509376,0.31718826,0.00020582443,0.0012255675,0.60871035,0.019832712,0.96669465,0.9876995,0.31195062,0.9996587,national_identity
erdogan2023_c004,erdogan2023,erdogan,en,2023-12-31,new_year_message,4,14,0.308,94,83,0.40757906,0.40757906,0.53,0.001693815,0.0,0.418744,0.418744,0.47,-0.0053586066,0.0,0.39027727,0.39027727,0.454,-0.0088875,0.0,0.48916584,0.48916584,0.958,0.095250845,2.4096386,0.34920013,0.34920013,0.294,-0.029315144,0.0,0.4301107,0.4301107,0.762,0.037362695,1.2048193,0.4119655,0.4119655,0.258,-0.033168286,0.0,0.3778948,0.3778948,0.378,-0.020177096,1.2048193,0.4499288,0.4499288,0.746,0.038508683,0.52965015,0.52965015,0.994,0.13122731,0.35530096,0.35530096,0.21,-0.049348146,0.45971394,0.45971394,0.566,0.0062714815,0.40322128,0.40322128,0.682,0.025687099,0.39131373,0.39131373,0.286,-0.03257054,0.40342847,0.40342847,0.286,-0.027534395,foreign_policy,0.19599998,0.50897115,0.0004888104,0.042439774,0.9588567,0.13547494,0.99964505,0.019363638,0.00030179255,0.00034870428,0.998399,0.0014808282,0.007246802,0.0054216753,0.9985562,0.9990434,social_solidarity
erdogan2023_c005,erdogan2023,erdogan,en,2023-12-31,new_year_message,5,14,0.385,108,99,0.4326767,0.4326767,0.65,0.026791453,0.0,0.43669584,0.43669584,0.586,0.01259324,0.0,0.40188548,0.40188548,0.566,0.0027207136,0.0,0.442174,0.442174,0.85,0.04825899,1.010101,0.41642308,0.41642308,0.782,0.03790781,0.0,0.37602162,0.37602162,0.386,-0.016726375,0.0,0.458898,0.458898,0.578,0.013764232,0.0,0.42651212,0.42651212,0.71,0.028440237,0.0,0.43797392,0.43797392,0.658,0.02655381,0.4053108,0.4053108,0.534,0.0068879724,0.4098206,0.4098206,0.486,0.005171478,0.48530394,0.48530394,0.678,0.031861484,0.3969162,0.3969162,0.646,0.01938203,0.39977884,0.39977884,0.338,-0.02410543,0.42361283,0.42361283,0.406,-0.0073500276,foreign_policy,0.06800002,0.9827407,0.020449392,0.00028021098,0.996746,0.13449147,0.998862,0.99812144,0.00057929166,0.011755133,0.017078074,0.9970822,0.99855626,0.9983834,0.96403897,0.9997831,social_solidarity
erdogan2023_c006,erdogan2023,erdogan,en,2023-12-31,new_year_message,6,14,0.462,100,81,0.43538725,0.43538725,0.666,0.029502004,2.4691358,0.445438,0.445438,0.638,0.021335393,1.2345679,0.3949694,0.3949694,0.486,-0.0041953623,1.2345679,0.42934847,0.42934847,0.754,0.03543347,0.0,0.35955894,0.35955894,0.342,-0.018956333,0.0,0.3721933,0.3721933,0.346,-0.020554692,0.0,0.48053366,0.48053366,0.774,0.035399884,0.0,0.35871273,0.35871273,0.258,-0.039359152,0.0,0.45743847,0.45743847,0.778,0.046018362,0.39622205,0.39622205,0.494,-0.0022007823,0.35571116,0.35571116,0.214,-0.048937947,0.4177141,0.4177141,0.318,-0.035728365,0.417046,0.417046,0.746,0.03951183,0.40808776,0.40808776,0.418,-0.015796512,0.3874571,0.3874571,0.182,-0.043505758,crisis_resilience,0.01999998,0.9810764,0.003531207,0.01477119,0.7447956,0.001257044,0.9837694,0.94524795,9.351046e-05,0.0014750635,0.050330628,0.009994227,0.12142506,0.122103885,0.97267544,0.9960623,social_solidarity
erdogan2023_c007,erdogan2023,erdogan,en,2023-12-31,new_year_message,7,14,0.538,85,74,0.3826761,0.3826761,0.39,-0.023209155,0.0,0.4634112,0.4634112,0.738,0.039308608,1.3513514,0.4352682,0.4352682,0.766,0.036103427,2.7027028,0.4323708,0.4323708,0.774,0.038455814,0.0,0.34732342,0.34732342,0.27,-0.031191856,0.0,0.3407934,0.3407934,0.182,-0.051954597,0.0,0.50292456,0.50292456,0.87,0.057790786,0.0,0.37525594,0.37525594,0.358,-0.022815943,0.0,0.48687956,0.48687956,0.898,0.07545945,0.37551475,0.37551475,0.33,-0.022908092,0.347209,0.347209,0.194,-0.057440102,0.4200866,0.4200866,0.338,-0.033355862,0.42759442,0.42759442,0.802,0.050060242,0.37372,0.37372,0.19,-0.050164282,0.36965305,0.36965305,0.094,-0.061309814,crisis_resilience,0.096000016,0.74349403,0.6744794,0.08100938,0.95027274,0.106226124,0.91352236,0.9656413,0.0007870083,0.024492992,0.0017649075,0.99532723,0.26542804,0.9991013,0.007665875,0.88368845,crisis_resilience
erdogan2023_c008,erdogan2023,erdogan,en,2023-12-31,new_year_message,8,14,0.615,86,75,0.5125205,0.5125205,0.934,0.10663524,4.0,0.5022274,0.5022274,0.914,0.07812482,0.0,0.42077196,0.42077196,0.694,0.02160719,0.0,0.44371164,0.44371164,0.854,0.04979664,1.3333334,0.47474456,0.47474456,0.966,0.096229285,2.6666667,0.43770587,0.43770587,0.81,0.044957876,0.0,0.52620745,0.52620745,0.95,0.08107367,1.3333334,0.38382944,0.38382944,0.418,-0.01424244,0.0,0.47121742,0.47121742,0.834,0.059797317,0.44413835,0.44413835,0.83,0.04571551,0.46433365,0.46433365,0.826,0.059684545,0.46138197,0.46138197,0.586,0.0079395175,0.43048418,0.43048418,0.81,0.052949995,0.47709072,0.47709072,0.826,0.053206444,0.45874768,0.45874768,0.746,0.027784824,democracy_institutions,0.016000032,0.97722995,0.0006499983,0.00027053358,0.51464427,0.59207714,0.8534859,0.99596924,0.00017882818,0.0033179715,0.031618763,0.9989738,0.09534947,0.68801004,0.939276,0.9371389,crisis_resilience
erdogan2023_c009,erdogan2023,erdogan,en,2023-12-31,new_year_message,9,14,0.692,82,61,0.48471296,0.48471296,0.878,0.07882771,3.2786884,0.46486536,0.46486536,0.742,0.040762752,0.0,0.39638674,0.39638674,0.514,-0.0027780235,0.0,0.4368231,0.4368231,0.818,0.042908102,0.0,0.37955892,0.37955892,0.546,0.0010436475,0.0,0.4090169,0.4090169,0.614,0.016268909,1.6393442,0.45236036,0.45236036,0.526,0.0072265863,0.0,0.42351615,0.42351615,0.69,0.02544427,0.0,0.44235834,0.44235834,0.694,0.030938238,0.4407764,0.4407764,0.798,0.04235357,0.41259766,0.41259766,0.514,0.007948548,0.5202809,0.5202809,0.834,0.06683844,0.4199794,0.4199794,0.762,0.042445213,0.4214236,0.4214236,0.478,-0.0024606586,0.45710826,0.45710826,0.71,0.026145399,national_identity,0.060000002,0.9997589,0.3712506,0.000506292,0.7652427,0.5366772,0.9915544,0.010611421,0.0002586527,0.00021029334,0.86539483,0.4378235,0.9998538,0.001294368,0.8905325,0.99926066,national_identity
erdogan2023_c010,erdogan2023,erdogan,en,2023-12-31,new_year_message,10,14,0.769,114,92,0.4425751,0.4425751,0.694,0.036689848,0.0,0.5234155,0.5234155,0.97,0.0993129,2.173913,0.40431097,0.40431097,0.586,0.0051462054,1.0869565,0.47397974,0.47397974,0.934,0.080064744,0.0,0.41921395,0.41921395,0.802,0.040698677,0.0,0.38378268,0.38378268,0.458,-0.008965313,0.0,0.51413983,0.51413983,0.898,0.069006056,0.0,0.41635415,0.41635415,0.638,0.018282264,1.0869565,0.53509474,0.53509474,0.99,0.12367463,0.44252172,0.44252172,0.806,0.044098884,0.4458297,0.4458297,0.754,0.04118058,0.5049101,0.5049101,0.774,0.051467657,0.49168223,0.49168223,0.95,0.11414805,0.43472612,0.43472612,0.566,0.0108418465,0.45410585,0.45410585,0.694,0.023142993,security_military,0.036000013,0.9565531,0.88810545,0.0021074724,0.45241493,0.0021955154,0.11486404,0.9719126,0.00021696732,0.13034075,0.01798621,0.99886423,0.027233833,0.9986853,0.8389108,0.9994286,crisis_resilience
erdogan2023_c011,erdogan2023,erdogan,en,2023-12-31,new_year_message,11,14,0.846,82,69,0.56313294,0.56313294,0.99,0.15724769,2.8985507,0.4907639,0.4907639,0.854,0.0666613,0.0,0.41299814,0.41299814,0.638,0.013833374,1.4492754,0.43671805,0.43671805,0.814,0.04280305,0.0,0.41790575,0.41790575,0.79,0.039390475,0.0,0.410747,0.410747,0.626,0.017998993,0.0,0.46975762,0.46975762,0.694,0.024623841,0.0,0.38460281,0.38460281,0.422,-0.01346907,0.0,0.49107212,0.49107212,0.918,0.07965201,0.45520753,0.45520753,0.874,0.05678469,0.45585757,0.45585757,0.798,0.051208466,0.4488727,0.4488727,0.51,-0.004569769,0.48717746,0.48717746,0.942,0.10964328,0.42231187,0.42231187,0.486,-0.0015724003,0.42625666,0.42625666,0.45,-0.004706204,national_identity,0.13600004,0.9971771,0.4956056,0.013725786,0.799129,0.60112536,0.97450763,0.63578796,0.0001210082,0.017797453,0.20561504,0.73592645,0.019419348,0.8488156,0.008881676,0.9826576,national_identity
erdogan2023_c012,erdogan2023,erdogan,en,2023-12-31,new_year_message,12,14,0.923,89,70,0.34683168,0.34683168,0.182,-0.05905357,0.0,0.41803384,0.41803384,0.466,-0.006068766,0.0,0.47892597,0.47892597,0.91,0.07976121,1.4285715,0.4065994,0.4065994,0.562,0.012684405,0.0,0.36433405,0.36433405,0.39,-0.0141812265,0.0,0.34201515,0.34201515,0.19,-0.05073285,0.0,0.46835977,0.46835977,0.674,0.023225993,1.4285715,0.44880927,0.44880927,0.81,0.05073738,0.0,0.41535392,0.41535392,0.514,0.003933817,0.37728912,0.37728912,0.354,-0.02113372,0.43575084,0.43575084,0.678,0.031101733,0.57445806,0.57445806,0.966,0.12101561,0.34207183,0.34207183,0.282,-0.03546235,0.40103394,0.40103394,0.35,-0.022850335,0.4727155,0.4727155,0.85,0.041752636,economy_welfare,0.100000024,0.7741888,0.13011953,0.032222297,0.9790358,0.034651488,0.763594,0.98260766,0.0014437558,0.0007870084,0.016898684,0.3354053,0.98170066,0.9939964,0.6211962,0.99898183,crisis_resilience
erdogan2023_c013,erdogan2023,erdogan,en,2023-12-31,new_year_message,13,14,1.0,92,74,0.38481048,0.38481048,0.402,-0.021074772,1.3513514,0.4135697,0.4135697,0.438,-0.010532916,0.0,0.41227072,0.41227072,0.63,0.013105959,0.0,0.379268,0.379268,0.41,-0.014647007,0.0,0.34598,0.34598,0.262,-0.032535285,0.0,0.36893243,0.36893243,0.322,-0.023815572,2.7027028,0.42878532,0.42878532,0.366,-0.016348451,0.0,0.42534757,0.42534757,0.706,0.027275681,0.0,0.39411473,0.39411473,0.382,-0.017305374,0.3769851,0.3769851,0.35,-0.021437734,0.4640963,0.4640963,0.822,0.0594472,0.5644264,0.5644264,0.958,0.11098397,0.33978665,0.33978665,0.266,-0.037747532,0.42638806,0.42638806,0.526,0.0025037825,0.44928396,0.44928396,0.626,0.018321097,future_reform_technology,0.075999975,0.7901258,0.05384938,0.0037362205,0.92700064,0.13793841,0.99681497,0.73469096,0.01756003,0.0019723359,0.29244375,0.12080137,0.99971145,0.9881194,0.99775034,0.9981756,social_solidarity
erdogan2024_c000,erdogan2024,erdogan,en,2024-12-31,new_year_message,0,12,0.0,87,67,0.4703368,0.4703368,0.842,0.064451545,2.9850745,0.42055902,0.42055902,0.494,-0.0035435855,0.0,0.3764114,0.3764114,0.358,-0.022753358,0.0,0.41270095,0.41270095,0.63,0.018785954,0.0,0.36649147,0.36649147,0.442,-0.012023807,0.0,0.42158297,0.42158297,0.702,0.028834969,0.0,0.42856735,0.42856735,0.362,-0.016566426,0.0,0.40865266,0.40865266,0.57,0.010580778,0.0,0.40515104,0.40515104,0.454,-0.0062690675,0.412834,0.412834,0.578,0.014411151,0.4711017,0.4711017,0.85,0.06645259,0.5295594,0.5295594,0.866,0.07611692,0.36663198,0.36663198,0.47,-0.010902196,0.45000917,0.45000917,0.67,0.026124895,0.4240111,0.4240111,0.41,-0.0069517493,national_identity,0.13999999,0.98282325,0.00017265153,0.00024298557,0.42656046,0.0018785202,0.94610083,0.0005152657,0.0003597694,0.00021654407,0.040313438,0.006718871,0.9946151,0.0010775026,0.9877322,0.37956524,national_identity
erdogan2024_c001,erdogan2024,erdogan,en,2024-12-31,new_year_message,1,12,0.091,94,72,0.48815757,0.48815757,0.89,0.08227232,2.7777777,0.5203867,0.5203867,0.962,0.09628409,1.3888888,0.39038628,0.39038628,0.458,-0.008778483,0.0,0.40915763,0.40915763,0.59,0.015242636,0.0,0.3891508,0.3891508,0.622,0.010635525,0.0,0.44171572,0.44171572,0.826,0.04896772,4.1666665,0.4902058,0.4902058,0.83,0.04507202,0.0,0.39863592,0.39863592,0.522,0.00056403875,1.3888888,0.44460058,0.44460058,0.726,0.033180475,0.42859086,0.42859086,0.714,0.030168027,0.53183687,0.53183687,0.974,0.12718776,0.51343334,0.51343334,0.81,0.059990883,0.38097146,0.38097146,0.554,0.0034372807,0.5238805,0.5238805,0.954,0.09999621,0.459669,0.459669,0.754,0.028706133,security_military,0.07200003,0.99925196,0.044472914,0.00044857574,0.37001196,0.013808657,0.98347044,0.0599214,0.00028130738,0.00068517134,0.29941237,0.91379195,0.799129,0.0031974872,0.9995308,0.99763805,national_identity
erdogan2024_c002,erdogan2024,erdogan,en,2024-12-31,new_year_message,2,12,0.182,90,80,0.3927654,0.3927654,0.45,-0.013119847,3.75,0.36353272,0.36353272,0.15,-0.060569882,0.0,0.3329122,0.3329122,0.114,-0.06625256,0.0,0.3540699,0.3540699,0.25,-0.03984511,1.25,0.4985777,0.4985777,0.982,0.12006244,5.0,0.365387,0.365387,0.306,-0.027361006,0.0,0.37526864,0.37526864,0.098,-0.06986514,0.0,0.33455455,0.33455455,0.13,-0.06351733,0.0,0.33970907,0.33970907,0.13,-0.07171103,0.35742396,0.35742396,0.206,-0.040998876,0.39093715,0.39093715,0.422,-0.013711959,0.37401113,0.37401113,0.098,-0.079431325,0.34524396,0.34524396,0.294,-0.03229022,0.45089132,0.45089132,0.678,0.027007043,0.38261697,0.38261697,0.162,-0.048345894,democracy_institutions,0.532,0.9783847,0.0012943681,0.00031503872,0.877398,0.6033477,0.996108,0.007183844,0.0018137437,0.0010628869,0.596793,0.7400804,0.20327225,0.007395841,0.9998133,0.99930406,social_solidarity
erdogan2024_c003,erdogan2024,erdogan,en,2024-12-31,new_year_message,3,12,0.273,83,71,0.33317697,0.33317697,0.126,-0.07270828,0.0,0.4224418,0.4224418,0.514,-0.001660794,1.4084507,0.5131961,0.5131961,0.966,0.114031345,4.2253523,0.40164357,0.40164357,0.546,0.0077285767,0.0,0.36495456,0.36495456,0.41,-0.013560712,1.4084507,0.34256604,0.34256604,0.194,-0.050181955,0.0,0.47697097,0.47697097,0.746,0.031837195,1.4084507,0.4206101,0.4206101,0.666,0.022538215,0.0,0.3828727,0.3828727,0.29,-0.028547406,0.36558682,0.36558682,0.254,-0.03283602,0.4468035,0.4468035,0.766,0.0421544,0.52053976,0.52053976,0.838,0.067097306,0.3160684,0.3160684,0.142,-0.06146577,0.41852784,0.41852784,0.466,-0.005356431,0.4768052,0.4768052,0.87,0.04584235,economy_welfare,0.22000003,0.4421547,0.056178067,0.56748724,0.0008778914,0.013222821,0.0017891591,0.88156396,0.00027640708,0.00018164382,0.0043738224,0.011050794,0.9701269,0.03346293,0.8980088,0.9995281,crisis_resilience
erdogan2024_c004,erdogan2024,erdogan,en,2024-12-31,new_year_message,4,12,0.364,107,85,0.34537846,0.34537846,0.158,-0.06050679,2.3529413,0.397632,0.397632,0.31,-0.026470602,0.0,0.54535526,0.54535526,0.982,0.1461905,2.3529413,0.35325712,0.35325712,0.238,-0.040657878,0.0,0.36901963,0.36901963,0.458,-0.009495646,0.0,0.34828615,0.34828615,0.21,-0.044461846,0.0,0.42595428,0.42595428,0.354,-0.019179493,0.0,0.42168057,0.42168057,0.67,0.023608685,0.0,0.39689595,0.39689595,0.406,-0.014524162,0.34516573,0.34516573,0.154,-0.053257108,0.41288137,0.41288137,0.518,0.008232266,0.5465203,0.5465203,0.918,0.09307784,0.32650453,0.32650453,0.178,-0.051029652,0.3785946,0.3785946,0.23,-0.045289665,0.5184918,0.5184918,0.946,0.087528944,economy_welfare,0.31199998,0.95741737,0.014714448,0.99929035,0.68458045,0.8773192,0.9988486,0.97708833,0.0028671587,0.004133968,0.12231338,0.07978201,0.9997575,0.99873805,0.1594136,0.9996339,economy_welfare
erdogan2024_c005,erdogan2024,erdogan,en,2024-12-31,new_year_message,5,12,0.455,95,81,0.42726934,0.42726934,0.642,0.02138409,2.4691358,0.41955918,0.41955918,0.486,-0.0045434237,0.0,0.4924336,0.4924336,0.942,0.09326884,1.2345679,0.3938334,0.3938334,0.506,-8.159876e-05,0.0,0.3866924,0.3866924,0.606,0.008177131,0.0,0.39126956,0.39126956,0.502,-0.0014784336,0.0,0.5185262,0.5185262,0.914,0.07339242,1.2345679,0.3910078,0.3910078,0.474,-0.0070640743,0.0,0.4323758,0.4323758,0.618,0.020955682,0.4100653,0.4100653,0.554,0.011642456,0.41527164,0.41527164,0.526,0.010622531,0.4689297,0.4689297,0.618,0.015487254,0.39226124,0.39226124,0.622,0.014727056,0.44121218,0.44121218,0.606,0.017327905,0.46773633,0.46773633,0.806,0.036773473,economy_welfare,0.027999997,0.6500231,0.013454154,0.11308892,0.7589798,0.3165805,0.99389654,0.14451067,0.00016898241,0.003298651,0.21042132,0.99887747,0.6287779,0.8903419,0.6663882,0.98937833,social_solidarity
erdogan2024_c006,erdogan2024,erdogan,en,2024-12-31,new_year_message,6,12,0.545,108,85,0.4508742,0.4508742,0.766,0.04498896,2.3529413,0.4469654,0.4469654,0.65,0.022862792,0.0,0.37973705,0.37973705,0.378,-0.019427717,2.3529413,0.46744913,0.46744913,0.914,0.07353413,0.0,0.37006885,0.37006885,0.47,-0.008446425,0.0,0.429201,0.429201,0.758,0.03645301,1.1764706,0.44281182,0.44281182,0.47,-0.0023219585,0.0,0.3952562,0.3952562,0.506,-0.0028156936,0.0,0.41889942,0.41889942,0.53,0.00747931,0.44946924,0.44946924,0.854,0.0510464,0.42893347,0.42893347,0.622,0.024284363,0.48050785,0.48050785,0.654,0.027065396,0.3521956,0.3521956,0.362,-0.02533859,0.42283803,0.42283803,0.498,-0.0010462403,0.4285897,0.4285897,0.478,-0.002373159,foreign_policy,0.148,0.43698236,0.001360376,0.023353035,0.21535073,0.0053018946,0.10463732,0.0009528706,0.00033274127,0.00037482666,0.8555346,0.21068509,0.79645085,0.00018271105,0.99734515,0.9966234,national_identity
erdogan2024_c007,erdogan2024,erdogan,en,2024-12-31,new_year_message,7,12,0.636,114,98,0.42164445,0.42164445,0.618,0.0157592,3.0612245,0.4620813,0.4620813,0.722,0.03797871,0.0,0.36603537,0.36603537,0.306,-0.033129394,0.0,0.42439955,0.42439955,0.714,0.030484557,0.0,0.3611623,0.3611623,0.362,-0.017352968,0.0,0.40510696,0.40510696,0.59,0.0123589635,1.0204082,0.4668098,0.4668098,0.662,0.021676034,0.0,0.3069238,0.3069238,0.054,-0.09114808,0.0,0.44535273,0.44535273,0.73,0.033932626,0.4225993,0.4225993,0.658,0.024176449,0.3908807,0.3908807,0.418,-0.013768405,0.38463444,0.38463444,0.142,-0.06880802,0.38555735,0.38555735,0.594,0.008023173,0.4673159,0.4673159,0.758,0.04343164,0.39423043,0.39423043,0.226,-0.036732435,security_military,0.008000016,0.9992068,0.015276945,0.00015843622,0.94258606,0.44462508,0.99938214,0.97193927,0.00011191532,0.0036535403,0.94202864,0.9984603,0.004239825,0.009134472,0.9991777,0.9996223,social_solidarity
erdogan2024_c008,erdogan2024,erdogan,en,2024-12-31,new_year_message,8,12,0.727,82,64,0.37349838,0.37349838,0.298,-0.03238687,0.0,0.4722075,0.4722075,0.778,0.048104882,1.5625,0.38104916,0.38104916,0.382,-0.01811561,0.0,0.5241413,0.5241413,0.982,0.13022631,0.0,0.38966888,0.38966888,0.626,0.011153609,0.0,0.35841978,0.35841978,0.282,-0.034328222,0.0,0.41982108,0.41982108,0.302,-0.025312692,0.0,0.40837616,0.40837616,0.566,0.010304272,0.0,0.47680435,0.47680435,0.862,0.06538424,0.43338442,0.43338442,0.758,0.03496158,0.38720945,0.38720945,0.402,-0.017439663,0.5230883,0.5230883,0.85,0.06964582,0.37496758,0.37496758,0.53,-0.0025666058,0.36299217,0.36299217,0.142,-0.060892105,0.46277514,0.46277514,0.77,0.03181228,foreign_policy,0.204,0.9992282,0.88012904,0.00044508654,0.99955404,0.64282495,0.34936622,0.99833214,0.0045561134,0.971537,0.9353465,0.36043274,0.9997464,0.998545,0.98538435,0.9997488,foreign_policy
erdogan2024_c009,erdogan2024,erdogan,en,2024-12-31,new_year_message,9,12,0.818,101,76,0.39342272,0.39342272,0.458,-0.012462527,0.0,0.4898517,0.4898517,0.838,0.06574911,2.631579,0.3563813,0.3563813,0.226,-0.04278347,0.0,0.46063167,0.46063167,0.882,0.06671667,0.0,0.32647714,0.32647714,0.15,-0.052038133,0.0,0.32289276,0.32289276,0.102,-0.06985524,0.0,0.4173039,0.4173039,0.29,-0.027829885,0.0,0.43557817,0.43557817,0.758,0.037506282,0.0,0.46218932,0.46218932,0.794,0.05076921,0.3875458,0.3875458,0.454,-0.010877043,0.36328262,0.36328262,0.246,-0.041366488,0.54646575,0.54646575,0.914,0.0930233,0.37198475,0.37198475,0.506,-0.005549431,0.3435697,0.3435697,0.098,-0.08031458,0.458077,0.458077,0.73,0.027114153,foreign_policy,0.04400003,0.99491996,0.012845958,0.00018777506,0.87773734,0.085099034,0.9829874,0.50668293,0.0011672309,0.0018208297,0.5232757,0.117724195,0.9938847,0.08528932,0.93039507,0.99937123,national_identity
erdogan2024_c010,erdogan2024,erdogan,en,2024-12-31,new_year_message,10,12,0.909,80,66,0.42133474,0.42133474,0.614,0.015449494,1.5151515,0.49161917,0.49161917,0.862,0.067516565,0.0,0.42851102,0.42851102,0.73,0.029346257,0.0,0.46304965,0.46304965,0.906,0.06913465,0.0,0.43881384,0.43881384,0.874,0.060298562,0.0,0.3695839,0.3695839,0.33,-0.023164093,0.0,0.45962012,0.45962012,0.59,0.014486343,0.0,0.46524626,0.46524626,0.886,0.067174375,0.0,0.48608476,0.48608476,0.894,0.07466465,0.46010298,0.46010298,0.898,0.061680138,0.43428093,0.43428093,0.662,0.029631823,0.58202684,0.58202684,0.97,0.12858438,0.42669776,0.42669776,0.798,0.04916358,0.4167026,0.4167026,0.446,-0.0071816742,0.5446968,0.5446968,0.99,0.11373395,foreign_policy,0.02000004,0.9928647,0.7497291,0.122628234,0.7329743,0.7047701,0.9932156,0.20701426,0.10487773,0.001098731,0.91177064,0.011233709,0.9990655,0.17222406,0.9944934,0.9981215,social_solidarity
erdogan2024_c011,erdogan2024,erdogan,en,2024-12-31,new_year_message,11,12,1.0,97,86,0.41000956,0.41000956,0.546,0.0041243136,2.3255813,0.43557394,0.43557394,0.582,0.011471331,0.0,0.3640471,0.3640471,0.29,-0.035117656,0.0,0.39656705,0.39656705,0.514,0.002652049,0.0,0.37166777,0.37166777,0.478,-0.006847501,0.0,0.39501533,0.39501533,0.534,0.002267331,0.0,0.43644792,0.43644792,0.422,-0.008685857,0.0,0.36945325,0.36945325,0.326,-0.028618634,0.0,0.3977437,0.3977437,0.414,-0.013676405,0.3957678,0.3957678,0.49,-0.0026550293,0.43201265,0.43201265,0.642,0.027363539,0.50029033,0.50029033,0.75,0.04684788,0.36063826,0.36063826,0.418,-0.01689592,0.46751636,0.46751636,0.762,0.04363209,0.42195147,0.42195147,0.398,-0.009011388,security_military,0.036000013,0.40341994,0.0025212683,0.002883959,0.596198,0.043487504,0.99289924,0.011800597,0.00042223284,0.0010182288,0.055157777,0.39478412,0.48352647,0.0067712096,0.9966365,0.9963251,social_solidarity
erdogan2025_c000,erdogan2025,erdogan,en,2025-12-31,new_year_message,0,14,0.0,90,69,0.4937607,0.4937607,0.91,0.087875456,2.8985507,0.4196651,0.4196651,0.49,-0.004437506,0.0,0.38217962,0.38217962,0.398,-0.016985148,0.0,0.4110275,0.4110275,0.598,0.017112494,0.0,0.36380458,0.36380458,0.382,-0.014710695,0.0,0.42910632,0.42910632,0.754,0.036358327,0.0,0.43541515,0.43541515,0.418,-0.009718627,0.0,0.4434201,0.4434201,0.794,0.045348227,0.0,0.40393502,0.40393502,0.442,-0.0074850917,0.41657692,0.41657692,0.618,0.018154085,0.501088,0.501088,0.946,0.096438915,0.5559896,0.5559896,0.942,0.10254717,0.36800814,0.36800814,0.474,-0.009526044,0.47110748,0.47110748,0.774,0.04722321,0.44100785,0.44100785,0.574,0.010044992,national_identity,0.116,0.9298874,0.0015307452,0.00047936055,0.2769838,0.110453166,0.9789956,0.0005770345,0.0004710118,0.00026842882,0.45265687,0.08266031,0.88844466,0.0027044297,0.9981721,0.96340305,social_solidarity
erdogan2025_c001,erdogan2025,erdogan,en,2025-12-31,new_year_message,1,14,0.077,81,68,0.51458263,0.51458263,0.946,0.108697385,2.9411764,0.6305946,0.6305946,0.998,0.206492,5.882353,0.39778087,0.39778087,0.534,-0.0013839006,0.0,0.41868204,0.41868204,0.69,0.024767041,0.0,0.4244744,0.4244744,0.818,0.045959115,0.0,0.47312155,0.47312155,0.902,0.080373555,0.0,0.52142006,0.52142006,0.934,0.076286286,1.4705882,0.3395896,0.3395896,0.154,-0.05848229,0.0,0.50341195,0.50341195,0.958,0.09199184,0.43312526,0.43312526,0.754,0.03470242,0.48332155,0.48332155,0.918,0.07867244,0.41428047,0.41428047,0.274,-0.03916198,0.42469996,0.42469996,0.794,0.04716578,0.63507146,0.63507146,0.998,0.21118718,0.45613945,0.45613945,0.702,0.025176585,security_military,0.052000046,0.9913055,0.99413466,0.00011279297,0.24472384,0.051082734,0.97553027,0.90934503,6.7883055e-05,0.4353013,0.075943805,0.9964412,0.00012681476,0.8269216,0.9998222,0.057652242,security_military
erdogan2025_c002,erdogan2025,erdogan,en,2025-12-31,new_year_message,2,14,0.154,109,93,0.34570104,0.34570104,0.162,-0.06018421,0.0,0.42215782,0.42215782,0.51,-0.0019447803,1.0752689,0.4959755,0.4959755,0.946,0.09681073,2.1505377,0.4167106,0.4167106,0.666,0.022795588,1.0752689,0.34153152,0.34153152,0.238,-0.03698376,0.0,0.3405848,0.3405848,0.174,-0.052163184,0.0,0.45997563,0.45997563,0.598,0.014841855,0.0,0.40194428,0.40194428,0.542,0.0038723946,0.0,0.3895713,0.3895713,0.358,-0.021848798,0.3561234,0.3561234,0.202,-0.04229945,0.4781987,0.4781987,0.878,0.0735496,0.49268,0.49268,0.718,0.03923756,0.3265942,0.3265942,0.182,-0.050939977,0.4168951,0.4168951,0.45,-0.006989181,0.42890275,0.42890275,0.482,-0.0020601153,economy_welfare,0.27999997,0.6211388,0.058446527,0.4265605,0.98892784,0.01583014,0.004194714,0.9269842,0.00025814815,0.008796121,0.008660931,0.9986515,0.988842,0.7651988,0.9560891,0.999654,foreign_policy
erdogan2025_c003,erdogan2025,erdogan,en,2025-12-31,new_year_message,3,14,0.231,94,78,0.33016843,0.33016843,0.102,-0.07571682,1.2820513,0.37104973,0.37104973,0.186,-0.053052872,1.2820513,0.48060793,0.48060793,0.918,0.08144316,3.8461537,0.32795018,0.32795018,0.09,-0.06596482,0.0,0.32626188,0.32626188,0.146,-0.052253395,0.0,0.32879448,0.32879448,0.122,-0.06395352,0.0,0.37627125,0.37627125,0.102,-0.06886253,0.0,0.39941406,0.39941406,0.53,0.0013421774,1.2820513,0.3259925,0.3259925,0.082,-0.08542761,0.31496885,0.31496885,0.05,-0.08345398,0.358788,0.358788,0.23,-0.045861095,0.46159995,0.46159995,0.59,0.008157492,0.29375932,0.29375932,0.066,-0.083774865,0.34826732,0.34826732,0.114,-0.075616956,0.44371605,0.44371605,0.59,0.012753189,economy_welfare,0.388,0.85179883,0.7495458,0.9995299,0.13070095,0.44866782,0.9990996,0.81493807,0.007190813,0.0007451558,0.16598141,0.9725975,0.99975175,0.2728472,0.9966168,0.9997063,economy_welfare
erdogan2025_c004,erdogan2025,erdogan,en,2025-12-31,new_year_message,4,14,0.308,99,81,0.34427905,0.34427905,0.15,-0.0616062,1.2345679,0.37312144,0.37312144,0.194,-0.050981164,0.0,0.40092513,0.40092513,0.554,0.0017603636,0.0,0.3584452,0.3584452,0.27,-0.0354698,0.0,0.36990303,0.36990303,0.466,-0.008612245,1.2345679,0.34063727,0.34063727,0.178,-0.05211073,1.2345679,0.433142,0.433142,0.406,-0.011991769,2.4691358,0.44958454,0.44958454,0.822,0.05151266,1.2345679,0.33917984,0.33917984,0.122,-0.07224026,0.34239778,0.34239778,0.138,-0.056025058,0.43070465,0.43070465,0.634,0.026055545,0.5032431,0.5032431,0.77,0.049800634,0.28931993,0.28931993,0.054,-0.08821425,0.40698197,0.40698197,0.41,-0.016902298,0.4847092,0.4847092,0.898,0.053746343,future_reform_technology,0.268,0.5369807,0.00027106237,0.0012207953,0.21988146,0.6821504,0.9703525,0.04725521,0.0151307285,0.00028130738,0.006641112,0.9928439,0.9997,0.017968966,0.93199056,0.9994673,social_solidarity
erdogan2025_c005,erdogan2025,erdogan,en,2025-12-31,new_year_message,5,14,0.385,136,104,0.331098,0.331098,0.11,-0.07478726,0.0,0.33960688,0.33960688,0.086,-0.08449572,0.0,0.31983274,0.31983274,0.074,-0.079332024,0.0,0.2855041,0.2855041,0.022,-0.108410895,0.0,0.29113108,0.29113108,0.038,-0.087384194,0.96153843,0.34346712,0.34346712,0.206,-0.049280882,0.0,0.38181418,0.38181418,0.118,-0.06331959,0.0,0.29733047,0.29733047,0.038,-0.100741416,0.0,0.2955112,0.2955112,0.03,-0.11590892,0.32348165,0.32348165,0.074,-0.07494119,0.36430925,0.36430925,0.266,-0.040339857,0.37603223,0.37603223,0.11,-0.07741022,0.2696151,0.2696151,0.022,-0.10791907,0.40155777,0.40155777,0.366,-0.0223265,0.37771136,0.37771136,0.134,-0.053251505,social_solidarity,0.088,0.4542301,0.0029349518,0.0580381,0.0429424,0.11255132,0.99914247,0.18580864,0.0005442133,0.0044079763,0.4244381,0.9545204,0.109372385,0.0010965896,0.99976176,0.9996982,social_solidarity
erdogan2025_c006,erdogan2025,erdogan,en,2025-12-31,new_year_message,6,14,0.462,99,86,0.39320284,0.39320284,0.454,-0.012682408,1.1627907,0.4261865,0.4261865,0.522,0.0020838976,0.0,0.39488712,0.39488712,0.482,-0.0042776465,0.0,0.44812214,0.44812214,0.87,0.054207146,1.1627907,0.3846789,0.3846789,0.582,0.006163627,0.0,0.4144311,0.4144311,0.662,0.021683097,2.3255813,0.5030362,0.5030362,0.874,0.057902426,1.1627907,0.38706023,0.38706023,0.438,-0.01101166,0.0,0.43276244,0.43276244,0.622,0.021342337,0.44269502,0.44269502,0.81,0.044272184,0.3768198,0.3768198,0.342,-0.02782932,0.4376373,0.4376373,0.446,-0.015805155,0.40140286,0.40140286,0.67,0.02386868,0.4428742,0.4428742,0.626,0.01898992,0.49859884,0.49859884,0.91,0.06763598,crisis_resilience,0.004000008,0.99968123,0.9224824,0.0013070536,0.95818704,0.9380106,0.99958515,0.99587405,0.00023735814,0.06662989,0.99014014,0.91462487,0.5563092,0.0043908665,0.9974787,0.9998222,national_identity
erdogan2025_c007,erdogan2025,erdogan,en,2025-12-31,new_year_message,7,14,0.538,108,88,0.3657714,0.3657714,0.266,-0.040113837,1.1363636,0.40388203,0.40388203,0.362,-0.020220578,0.0,0.35977376,0.35977376,0.25,-0.03939101,0.0,0.4159134,0.4159134,0.654,0.021998405,0.0,0.40689427,0.40689427,0.718,0.028378993,2.2727273,0.38153863,0.38153863,0.434,-0.011209369,0.0,0.3987694,0.3987694,0.206,-0.046364367,1.1363636,0.36007357,0.36007357,0.266,-0.03799832,0.0,0.39233527,0.39233527,0.374,-0.019084841,0.39655513,0.39655513,0.498,-0.0018677115,0.4125201,0.4125201,0.506,0.007871002,0.41002107,0.41002107,0.242,-0.043421388,0.34668165,0.34668165,0.302,-0.030852526,0.37965047,0.37965047,0.242,-0.0442338,0.38116956,0.38116956,0.154,-0.049793303,democracy_institutions,0.06400001,0.9195703,0.0009075026,0.00017743676,0.5762588,0.23941602,0.6533205,0.0010464257,0.00017332716,0.00036829786,0.9879811,0.9855382,0.009670993,0.00027425666,0.9921157,0.6002854,national_identity
erdogan2025_c008,erdogan2025,erdogan,en,2025-12-31,new_year_message,8,14,0.615,102,84,0.37963045,0.37963045,0.366,-0.026254803,1.1904762,0.45694453,0.45694453,0.698,0.03284192,1.1904762,0.32553947,0.32553947,0.086,-0.0736253,0.0,0.46194988,0.46194988,0.902,0.06803489,1.1904762,0.32486165,0.32486165,0.134,-0.053653628,0.0,0.36801675,0.36801675,0.31,-0.024731249,1.1904762,0.39432353,0.39432353,0.182,-0.050810248,0.0,0.29804122,0.29804122,0.042,-0.10003066,0.0,0.42500633,0.42500633,0.574,0.013586223,0.4263335,0.4263335,0.702,0.02791065,0.31218025,0.31218025,0.082,-0.09246886,0.35472274,0.35472274,0.05,-0.098719716,0.3610885,0.3610885,0.422,-0.016445667,0.37957132,0.37957132,0.234,-0.044312954,0.35846668,0.35846668,0.058,-0.072496176,foreign_policy,0.204,0.9935743,0.5506074,0.00014510752,0.9934103,0.07609814,0.043977574,0.034913782,0.00018199884,0.0032540055,0.9922369,0.8222248,0.05237608,0.25673878,0.9996451,0.9993333,national_identity
erdogan2025_c009,erdogan2025,erdogan,en,2025-12-31,new_year_message,9,14,0.692,86,70,0.38866365,0.38866365,0.43,-0.0172216,0.0,0.47510666,0.47510666,0.79,0.051004052,0.0,0.38106555,0.38106555,0.386,-0.018099219,0.0,0.4259174,0.4259174,0.722,0.03200239,0.0,0.40877736,0.40877736,0.73,0.030262083,0.0,0.39146662,0.39146662,0.506,-0.0012813807,0.0,0.4545158,0.4545158,0.546,0.009382039,0.0,0.35580647,0.35580647,0.234,-0.042265415,0.0,0.4710725,0.4710725,0.83,0.059652388,0.4359218,0.4359218,0.778,0.03749895,0.38576424,0.38576424,0.386,-0.018884867,0.41138154,0.41138154,0.258,-0.04206091,0.3780263,0.3780263,0.542,0.00049212575,0.42234373,0.42234373,0.49,-0.0015405416,0.45029646,0.45029646,0.654,0.019333601,security_military,0.060000002,0.99953175,0.99896574,0.00031197804,0.9992563,0.97800976,0.9991944,0.9994493,0.0003521251,0.99647564,0.57606506,0.99569374,0.8442646,0.87689817,0.9995986,0.9998197,national_identity
erdogan2025_c010,erdogan2025,erdogan,en,2025-12-31,new_year_message,10,14,0.769,96,79,0.36439735,0.36439735,0.25,-0.041487902,1.2658228,0.48842543,0.48842543,0.83,0.06432283,1.2658228,0.34824747,0.34824747,0.194,-0.050917298,0.0,0.4380942,0.4380942,0.83,0.0441792,0.0,0.3362673,0.3362673,0.218,-0.04224798,0.0,0.29636598,0.29636598,0.034,-0.09638202,0.0,0.43872845,0.43872845,0.434,-0.0064053237,1.2658228,0.33818004,0.33818004,0.142,-0.05989185,0.0,0.48982066,0.48982066,0.906,0.07840055,0.36748976,0.36748976,0.274,-0.030933082,0.34722015,0.34722015,0.198,-0.057428956,0.41545728,0.41545728,0.294,-0.037985176,0.36155677,0.36155677,0.43,-0.015977412,0.34798926,0.34798926,0.11,-0.07589501,0.40548778,0.40548778,0.298,-0.025475085,security_military,0.0,0.9994967,0.99509466,0.00021570001,0.99958026,0.8321003,0.9652176,0.99653006,0.00020865718,0.991977,0.9265533,0.97555363,0.98065495,0.99964994,0.9957478,0.9989013,foreign_policy
erdogan2025_c011,erdogan2025,erdogan,en,2025-12-31,new_year_message,11,14,0.846,114,95,0.40758777,0.40758777,0.534,0.0017025173,2.1052632,0.44395617,0.44395617,0.63,0.019853562,1.0526316,0.33620825,0.33620825,0.13,-0.06295651,0.0,0.39289063,0.39289063,0.502,-0.0010243654,1.0526316,0.4016359,0.4016359,0.674,0.023120612,1.0526316,0.3752725,0.3752725,0.374,-0.017475486,2.1052632,0.41448876,0.41448876,0.27,-0.030645013,0.0,0.35839337,0.35839337,0.254,-0.039678514,0.0,0.41002452,0.41002452,0.482,-0.0013955832,0.42478627,0.42478627,0.694,0.026363432,0.3766303,0.3766303,0.33,-0.028018802,0.39457315,0.39457315,0.178,-0.058869302,0.36261845,0.36261845,0.442,-0.0149157345,0.40198866,0.40198866,0.37,-0.021895617,0.40434685,0.40434685,0.29,-0.026616007,democracy_institutions,0.04400003,0.9174138,0.042982552,0.000120772114,0.9679296,0.22695495,0.9807104,0.06421197,0.00015720345,0.001853059,0.50848305,0.007176882,0.45737907,0.032805953,0.9941913,0.9995381,social_solidarity
erdogan2025_c012,erdogan2025,erdogan,en,2025-12-31,new_year_message,12,14,0.923,82,71,0.43340862,0.43340862,0.658,0.027523369,0.0,0.42056495,0.42056495,0.498,-0.0035376549,0.0,0.40219975,0.40219975,0.574,0.003034979,0.0,0.4178236,0.4178236,0.678,0.023908615,0.0,0.46298397,0.46298397,0.934,0.08446869,0.0,0.42217016,0.42217016,0.718,0.029422164,0.0,0.4710234,0.4710234,0.698,0.025889635,1.4084507,0.4298231,0.4298231,0.734,0.031751215,0.0,0.44434023,0.44434023,0.722,0.032920122,0.5068051,0.5068051,0.978,0.108382285,0.44898307,0.44898307,0.774,0.044333965,0.501059,0.501059,0.758,0.04761654,0.40618363,0.40618363,0.694,0.02864945,0.43594483,0.43594483,0.574,0.012060553,0.5024046,0.5024046,0.926,0.07144171,democracy_institutions,0.19999999,0.9990673,0.5131805,0.09392703,0.96658444,0.99104494,0.99654365,0.99632865,0.00971787,0.005980329,0.9334915,0.99710476,0.9836127,0.9540518,0.9828068,0.99976265,national_identity
erdogan2025_c013,erdogan2025,erdogan,en,2025-12-31,new_year_message,13,14,1.0,177,140,0.37255824,0.37255824,0.29,-0.033327013,2.857143,0.36927134,0.36927134,0.174,-0.054831266,0.0,0.3655548,0.3655548,0.298,-0.033609957,0.71428573,0.35072356,0.35072356,0.202,-0.043191433,0.0,0.3197505,0.3197505,0.106,-0.058764786,0.0,0.3296674,0.3296674,0.13,-0.06308061,1.4285715,0.37656614,0.37656614,0.106,-0.06856763,0.0,0.4161237,0.4161237,0.63,0.018051803,0.0,0.34547275,0.34547275,0.146,-0.065947354,0.3390141,0.3390141,0.114,-0.059408724,0.42675483,0.42675483,0.594,0.022105724,0.54354715,0.54354715,0.91,0.0901047,0.3130638,0.3130638,0.134,-0.06447038,0.40573806,0.40573806,0.39,-0.018146217,0.44034916,0.44034916,0.558,0.009386301,future_reform_technology,0.332,0.64191353,0.0062655336,0.78637683,0.101322375,0.11726853,0.990936,0.013096005,0.0012351676,0.0019494017,0.16769518,0.9212514,0.99432516,0.044618387,0.9991856,0.99645156,social_solidarity
macron2022_c000,macron2022,macron,en,2022-12-31,new_year_address,0,27,0.0,162,134,0.47544283,0.47544283,0.854,0.06955758,2.238806,0.49951923,0.49951923,0.894,0.075416625,2.238806,0.3983643,0.3983643,0.538,-0.0008004606,0.0,0.41177887,0.41177887,0.61,0.01786387,0.0,0.3843849,0.3843849,0.578,0.005869627,0.0,0.491742,0.491742,0.946,0.09899402,0.74626863,0.48856843,0.48856843,0.822,0.04343465,0.74626863,0.39956105,0.39956105,0.534,0.0014891624,0.0,0.44224098,0.44224098,0.686,0.030820876,0.45119283,0.45119283,0.862,0.05276999,0.47835702,0.47835702,0.882,0.07370791,0.4846282,0.4846282,0.67,0.031185746,0.4198275,0.4198275,0.754,0.04229331,0.5672705,0.5672705,0.978,0.14338624,0.44643715,0.44643715,0.614,0.01547429,social_solidarity,0.051999986,0.86442494,0.9979572,0.0029008575,0.078925885,0.96737945,0.999757,0.3022881,0.00020947366,0.00013927705,0.8672608,0.0039762286,0.05345272,0.0010691264,0.9988631,0.95050293,social_solidarity
macron2022_c001,macron2022,macron,en,2022-12-31,new_year_address,1,27,0.038,81,71,0.5795654,0.5795654,0.994,0.17368016,4.2253523,0.4959889,0.4959889,0.886,0.0718863,0.0,0.4355387,0.4355387,0.778,0.036373943,0.0,0.46581125,0.46581125,0.91,0.071896255,0.0,0.43892628,0.43892628,0.878,0.060411006,0.0,0.49617594,0.49617594,0.95,0.10342795,1.4084507,0.5283792,0.5283792,0.958,0.08324543,0.0,0.4668716,0.4668716,0.89,0.068799704,1.4084507,0.49086666,0.49086666,0.914,0.079446554,0.5157974,0.5157974,0.982,0.11737454,0.5254076,0.5254076,0.97,0.1207585,0.5846792,0.5846792,0.978,0.13123673,0.48518467,0.48518467,0.938,0.10765049,0.5043913,0.5043913,0.914,0.08050704,0.53710896,0.53710896,0.982,0.1061461,national_identity,0.036000013,0.999828,0.0688264,0.04700851,0.6731917,0.1673547,0.99436355,0.54262096,0.08632348,0.00013819334,0.73086655,9.332801e-05,0.6675812,0.48932046,0.06659954,0.9997176,national_identity
macron2022_c002,macron2022,macron,en,2022-12-31,new_year_address,2,27,0.077,81,69,0.5137304,0.5137304,0.938,0.10784516,1.4492754,0.43233967,0.43233967,0.566,0.008237064,0.0,0.4225477,0.4225477,0.702,0.023382932,0.0,0.43239403,0.43239403,0.778,0.03847903,1.4492754,0.40489233,0.40489233,0.706,0.026377052,0.0,0.5089836,0.5089836,0.966,0.116235614,1.4492754,0.5141955,0.5141955,0.902,0.06906173,1.4492754,0.43526363,0.43526363,0.754,0.03719175,0.0,0.45921272,0.45921272,0.782,0.047792614,0.5286672,0.5286672,0.986,0.13024437,0.48227346,0.48227346,0.906,0.07762435,0.5604677,0.5604677,0.95,0.107025266,0.47149903,0.47149903,0.918,0.093964845,0.47189802,0.47189802,0.786,0.048013747,0.45013654,0.45013654,0.65,0.019173682,social_solidarity,0.027999997,0.121842414,0.059732586,0.1437277,0.8760523,0.36229205,0.93199056,0.9932156,0.008023037,0.0038844764,0.009412588,0.47365722,0.9981792,0.99857855,0.18963362,0.9841394,crisis_resilience
macron2022_c003,macron2022,macron,en,2022-12-31,new_year_address,3,27,0.115,137,116,0.39859366,0.39859366,0.486,-0.007291585,0.0,0.44912663,0.44912663,0.662,0.025024027,0.86206895,0.4355377,0.4355377,0.774,0.03637293,0.86206895,0.43056023,0.43056023,0.758,0.036645234,0.86206895,0.38107467,0.38107467,0.562,0.0025593936,0.86206895,0.40214127,0.40214127,0.574,0.009393275,0.0,0.5488298,0.5488298,0.978,0.10369602,5.172414,0.43748868,0.43748868,0.77,0.03941679,0.86206895,0.4807378,0.4807378,0.874,0.0693177,0.4142981,0.4142981,0.59,0.01587525,0.5095778,0.5095778,0.954,0.1049287,0.4877206,0.4877206,0.694,0.034278154,0.37119395,0.37119395,0.494,-0.0063402355,0.46137834,0.46137834,0.726,0.037494063,0.42534018,0.42534018,0.438,-0.005622685,crisis_resilience,0.204,0.99372226,0.81047887,0.012241275,0.9987863,0.057229258,0.9782396,0.99574363,0.0028091217,0.9970015,0.0016776675,0.9967333,0.98387814,0.99672055,0.9984811,0.91042596,foreign_policy
macron2022_c004,macron2022,macron,en,2022-12-31,new_year_address,4,27,0.154,160,137,0.43798238,0.43798238,0.686,0.03209713,0.729927,0.44725943,0.44725943,0.654,0.023156822,0.0,0.48831898,0.48831898,0.93,0.08915421,3.649635,0.3871428,0.3871428,0.462,-0.0067721903,0.729927,0.36095804,0.36095804,0.358,-0.017557234,1.459854,0.45760554,0.45760554,0.854,0.06485754,4.379562,0.542856,0.542856,0.966,0.0977222,0.729927,0.36683697,0.36683697,0.302,-0.03123492,0.0,0.42266047,0.42266047,0.562,0.011240363,0.43677267,0.43677267,0.782,0.038349837,0.4400089,0.4400089,0.718,0.0353598,0.41251,0.41251,0.266,-0.040932447,0.35992593,0.35992593,0.414,-0.017608255,0.49857265,0.49857265,0.902,0.074688375,0.40629578,0.40629578,0.302,-0.024667084,crisis_resilience,0.036000013,0.9995169,0.007156037,0.9967174,0.99199253,0.8506238,0.986967,0.9915789,0.002568365,0.00456498,0.974869,0.8565425,0.9675332,0.043315187,0.99717444,0.9989034,national_identity
macron2022_c005,macron2022,macron,en,2022-12-31,new_year_address,5,27,0.192,147,126,0.31938887,0.31938887,0.078,-0.08649638,0.7936508,0.36983904,0.36983904,0.178,-0.054263562,0.0,0.4139527,0.4139527,0.646,0.014787942,0.0,0.43176913,0.43176913,0.77,0.037854135,1.5873016,0.33237195,0.33237195,0.19,-0.046143323,0.0,0.31222317,0.31222317,0.078,-0.08052483,1.5873016,0.4298415,0.4298415,0.374,-0.015292287,1.5873016,0.43345177,0.43345177,0.742,0.035379887,0.7936508,0.37658262,0.37658262,0.246,-0.034837484,0.36922616,0.36922616,0.282,-0.02919668,0.35015985,0.35015985,0.202,-0.054489255,0.39926645,0.39926645,0.186,-0.054176003,0.30143082,0.30143082,0.098,-0.07610336,0.32430694,0.32430694,0.07,-0.09957734,0.39741814,0.39741814,0.246,-0.03354472,foreign_policy,0.027999997,0.9992592,0.004133968,0.4507371,0.9997284,0.61543465,0.5472675,0.98150665,0.9939496,0.00044770088,0.980034,0.7401626,0.9994673,0.3600389,0.9653158,0.99973935,foreign_policy
macron2022_c006,macron2022,macron,en,2022-12-31,new_year_address,6,27,0.231,138,112,0.42735252,0.42735252,0.646,0.021467268,1.7857143,0.3839043,0.3839043,0.246,-0.040198296,0.0,0.3776948,0.3776948,0.362,-0.02146998,0.0,0.37107515,0.37107515,0.366,-0.022839844,0.0,0.43324333,0.43324333,0.858,0.05472806,1.7857143,0.39826804,0.39826804,0.554,0.0055200458,0.89285713,0.47261792,0.47261792,0.71,0.027484149,0.89285713,0.40610623,0.40610623,0.554,0.0080343485,0.0,0.36628085,0.36628085,0.202,-0.045139253,0.37801105,0.37801105,0.362,-0.02041179,0.5376056,0.5376056,0.982,0.13295648,0.47610056,0.47610056,0.642,0.02265811,0.3253969,0.3253969,0.17,-0.052137285,0.47144544,0.47144544,0.778,0.04756117,0.41759443,0.41759443,0.386,-0.013368428,democracy_institutions,0.148,0.9981031,0.00020825012,0.000799392,0.006388321,0.8892887,0.4985352,0.3156239,0.00042720794,0.00031627135,0.016850078,0.4120569,0.998897,0.14769343,0.9957622,0.9989798,national_identity
macron2022_c007,macron2022,macron,en,2022-12-31,new_year_address,7,27,0.269,118,103,0.37577483,0.37577483,0.314,-0.030110419,0.0,0.391824,0.391824,0.282,-0.032278597,0.0,0.40622574,0.40622574,0.598,0.007060975,0.0,0.35117775,0.35117775,0.21,-0.042737246,0.0,0.33623993,0.33623993,0.214,-0.04227534,0.0,0.3518792,0.3518792,0.234,-0.04086879,0.0,0.4989261,0.4989261,0.85,0.053792328,0.0,0.4418675,0.4418675,0.79,0.043795615,0.0,0.39581364,0.39581364,0.394,-0.015606463,0.3450142,0.3450142,0.15,-0.053408623,0.43922567,0.43922567,0.71,0.034576565,0.5325394,0.5325394,0.87,0.07909697,0.32877117,0.32877117,0.202,-0.048763007,0.37846452,0.37846452,0.226,-0.045419753,0.4721961,0.4721961,0.842,0.04123324,crisis_resilience,0.060000002,0.9834227,0.8884688,0.08449275,0.6163831,0.13892841,0.9965064,0.9985249,0.9995514,0.0010403186,0.010797567,0.10631887,0.9997439,0.88984036,0.6752295,0.9996345,future_reform_technology
macron2022_c008,macron2022,macron,en,2022-12-31,new_year_address,8,27,0.308,152,131,0.19214585,0.19214585,0.006,-0.2137394,0.0,0.2604923,0.2604923,0.002,-0.16361031,0.0,0.42438778,0.42438778,0.714,0.025223017,3.053435,0.24098234,0.24098234,0.002,-0.15293266,0.0,0.21903372,0.21903372,0.006,-0.15948156,0.0,0.21187384,0.21187384,0.002,-0.18087415,0.7633588,0.34279713,0.34279713,0.014,-0.102336645,0.0,0.29654238,0.29654238,0.034,-0.10152951,0.0,0.2518599,0.2518599,0.002,-0.1595602,0.21209693,0.21209693,0.002,-0.18632591,0.19998398,0.19998398,0.002,-0.20466512,0.30678737,0.30678737,0.006,-0.14665508,0.18367016,0.18367016,0.002,-0.19386402,0.24223743,0.24223743,0.002,-0.18164684,0.36331946,0.36331946,0.082,-0.067643404,economy_welfare,0.68,0.9480585,0.00020582443,0.9874479,0.17344564,0.9039745,0.9794919,0.9563905,0.1474017,0.00024874634,0.12797922,0.9071479,0.31662673,0.04575595,0.744842,0.99777865,economy_welfare
macron2022_c009,macron2022,macron,en,2022-12-31,new_year_address,9,27,0.346,106,90,0.34111106,0.34111106,0.13,-0.064774185,1.1111112,0.43698835,0.43698835,0.594,0.012885749,0.0,0.39191726,0.39191726,0.466,-0.0072475076,0.0,0.35661656,0.35661656,0.262,-0.03729844,0.0,0.36026075,0.36026075,0.35,-0.018254519,0.0,0.38021088,0.38021088,0.414,-0.012537122,0.0,0.52028716,0.52028716,0.918,0.07515338,0.0,0.39403588,0.39403588,0.494,-0.0040360093,0.0,0.4063974,0.4063974,0.466,-0.0050227046,0.36470163,0.36470163,0.242,-0.03372121,0.3794543,0.3794543,0.354,-0.025194794,0.42155254,0.42155254,0.35,-0.031889915,0.3266813,0.3266813,0.186,-0.050852895,0.43620634,0.43620634,0.578,0.012322068,0.434622,0.434622,0.514,0.0036591291,crisis_resilience,0.324,0.8289388,0.49365267,0.0006399274,0.13150747,0.5776145,0.9994976,0.9991187,0.007710576,0.00063247676,0.46769646,0.06301948,0.6167339,0.3654284,0.9103463,0.99465156,social_solidarity
macron2022_c010,macron2022,macron,en,2022-12-31,new_year_address,10,27,0.385,154,136,0.18802759,0.18802759,0.002,-0.21785766,0.0,0.29882038,0.29882038,0.018,-0.12528223,0.0,0.39554596,0.39554596,0.494,-0.0036188066,0.7352941,0.2784376,0.2784376,0.018,-0.11547738,0.7352941,0.2589262,0.2589262,0.014,-0.11958906,0.7352941,0.23324215,0.23324215,0.006,-0.15950584,0.0,0.3617428,0.3617428,0.054,-0.08339098,0.0,0.3905304,0.3905304,0.47,-0.0075414777,2.2058823,0.27727646,0.27727646,0.018,-0.13414365,0.2630459,0.2630459,0.01,-0.13537693,0.2942677,0.2942677,0.034,-0.110381395,0.4259892,0.4259892,0.37,-0.027453244,0.19943142,0.19943142,0.006,-0.17810276,0.29020065,0.29020065,0.01,-0.13368362,0.4013321,0.4013321,0.266,-0.02963075,economy_welfare,0.023999989,0.17651184,0.00019601775,0.98968184,0.70904434,0.8465142,0.9970479,0.84061295,0.5948308,0.00040527197,0.50878817,0.064270675,0.9990961,0.4336217,0.096551284,0.99951595,social_solidarity
macron2022_c011,macron2022,macron,en,2022-12-31,new_year_address,11,27,0.423,152,134,0.24873191,0.24873191,0.014,-0.15715334,0.0,0.31176788,0.31176788,0.03,-0.11233473,0.0,0.44721448,0.44721448,0.822,0.04804972,2.238806,0.25968444,0.25968444,0.01,-0.13423055,0.0,0.30328187,0.30328187,0.05,-0.0752334,0.0,0.33471948,0.33471948,0.146,-0.05802852,1.4925373,0.3538164,0.3538164,0.026,-0.091317385,0.74626863,0.36484355,0.36484355,0.29,-0.033228338,0.0,0.2706071,0.2706071,0.01,-0.140813,0.31623203,0.31623203,0.054,-0.08219081,0.30800623,0.30800623,0.078,-0.09664288,0.41757149,0.41757149,0.314,-0.03587097,0.23947904,0.23947904,0.01,-0.13805515,0.32899725,0.32899725,0.082,-0.09488702,0.3982157,0.3982157,0.254,-0.03274715,economy_welfare,0.53200006,0.98063636,0.0007808885,0.98771137,0.12522575,0.9752726,0.9964551,0.4178356,0.00078394247,0.0003882334,0.27454582,0.9078038,0.9986196,0.114492215,0.8132037,0.99278826,social_solidarity
macron2022_c012,macron2022,macron,en,2022-12-31,new_year_address,12,27,0.462,108,93,0.4662857,0.4662857,0.834,0.060400456,3.2258065,0.4536713,0.4536713,0.686,0.029568702,0.0,0.46720636,0.46720636,0.878,0.06804159,1.0752689,0.40860745,0.40860745,0.582,0.0146924555,0.0,0.41363576,0.41363576,0.75,0.035120487,0.0,0.4258405,0.4258405,0.734,0.0330925,0.0,0.600061,0.600061,0.998,0.15492722,2.1505377,0.48591182,0.48591182,0.914,0.08783993,1.0752689,0.46913922,0.46913922,0.822,0.05771911,0.42350414,0.42350414,0.678,0.025081307,0.4754355,0.4754355,0.87,0.07078639,0.5169921,0.5169921,0.818,0.06354964,0.43068737,0.43068737,0.814,0.053153187,0.48856366,0.48856366,0.87,0.064679384,0.46980682,0.46980682,0.826,0.03884396,crisis_resilience,0.08400005,0.9922294,0.0010691264,0.9982827,0.41442478,0.9575863,0.9981827,0.9995592,0.09691927,0.0001072088,0.012527933,0.99963105,0.8910549,0.9920466,0.99099714,0.9998151,crisis_resilience
macron2022_c013,macron2022,macron,en,2022-12-31,new_year_address,13,27,0.5,117,101,0.4511829,0.4511829,0.774,0.045297652,0.990099,0.40487033,0.40487033,0.366,-0.019232273,0.0,0.43810278,0.43810278,0.786,0.038938016,0.0,0.39099145,0.39099145,0.49,-0.0029235482,0.0,0.3928076,0.3928076,0.642,0.01429233,0.0,0.42165017,0.42165017,0.706,0.028902173,0.0,0.48254204,0.48254204,0.79,0.037408262,0.0,0.53427434,0.53427434,0.974,0.13620245,1.980198,0.4099161,0.4099161,0.478,-0.001504004,0.4312242,0.4312242,0.73,0.03280136,0.41868886,0.41868886,0.538,0.014039755,0.5255906,0.5255906,0.862,0.072148144,0.40037605,0.40037605,0.666,0.02284187,0.42954922,0.42954922,0.546,0.0056649446,0.4806246,0.4806246,0.878,0.049661726,future_reform_technology,0.18399996,0.99972415,0.07352562,0.0047275503,0.6957516,0.11399812,0.9996856,0.9792154,0.0001084724,0.0027469008,0.17745425,0.9985278,0.8270613,0.9742884,0.3047654,0.9996506,national_identity
macron2022_c014,macron2022,macron,en,2022-12-31,new_year_address,14,27,0.538,110,95,0.42203543,0.42203543,0.622,0.016150177,0.0,0.5118753,0.5118753,0.946,0.08777267,2.1052632,0.4526425,0.4526425,0.83,0.053477734,0.0,0.43856075,0.43856075,0.834,0.044645756,0.0,0.40222907,0.40222907,0.682,0.023713797,0.0,0.43567434,0.43567434,0.798,0.04292634,0.0,0.524381,0.524381,0.942,0.07924721,2.1052632,0.49821183,0.49821183,0.938,0.100139946,0.0,0.48020935,0.48020935,0.87,0.06878924,0.4439727,0.4439727,0.822,0.04554987,0.43607068,0.43607068,0.686,0.031421572,0.5631629,0.5631629,0.954,0.10972047,0.396581,0.396581,0.642,0.019046813,0.4468179,0.4468179,0.65,0.022933632,0.52818644,0.52818644,0.962,0.09722358,security_military,0.004000008,0.96422046,0.9994907,0.00068250176,0.99698395,0.9398582,0.882984,0.99063283,0.008652551,0.90764016,0.0147427935,0.055515114,0.99973726,0.96870846,0.9937223,0.9992578,security_military
macron2022_c015,macron2022,macron,en,2022-12-31,new_year_address,15,27,0.577,88,81,0.44678754,0.44678754,0.722,0.040902287,2.4691358,0.48992574,0.48992574,0.846,0.06582314,0.0,0.36386338,0.36386338,0.286,-0.035301387,0.0,0.41616637,0.41616637,0.658,0.022251368,0.0,0.38245785,0.38245785,0.57,0.003942579,1.2345679,0.4194432,0.4194432,0.694,0.026695192,2.4691358,0.43211246,0.43211246,0.398,-0.01302132,0.0,0.33949447,0.33949447,0.15,-0.05857742,0.0,0.47498074,0.47498074,0.85,0.063560635,0.4311471,0.4311471,0.726,0.03272426,0.30715787,0.30715787,0.074,-0.097491235,0.36135823,0.36135823,0.058,-0.09208423,0.43798903,0.43798903,0.85,0.060454845,0.4041724,0.4041724,0.378,-0.019711882,0.41064942,0.41064942,0.338,-0.020313442,security_military,0.12400001,0.998693,0.061311528,0.000116145944,0.9742272,0.3903615,0.9392481,0.8811555,0.000116145944,0.014842418,0.5242729,0.0026470982,0.029844807,0.8394709,0.82566,0.9997362,national_identity
macron2022_c016,macron2022,macron,en,2022-12-31,new_year_address,16,27,0.615,124,108,0.3448997,0.3448997,0.154,-0.060985535,0.9259259,0.36501276,0.36501276,0.158,-0.05908984,0.0,0.42539012,0.42539012,0.722,0.026225358,0.0,0.36029005,0.36029005,0.282,-0.033624947,0.0,0.36875606,0.36875606,0.454,-0.0097592175,1.8518518,0.31310555,0.31310555,0.082,-0.079642445,0.0,0.40549487,0.40549487,0.218,-0.039638907,0.0,0.5363747,0.5363747,0.982,0.1383028,0.9259259,0.3685437,0.3685437,0.21,-0.042876393,0.35594863,0.35594863,0.198,-0.04247421,0.33808646,0.33808646,0.154,-0.06656265,0.49261642,0.49261642,0.714,0.03917396,0.28827685,0.28827685,0.05,-0.08925733,0.34512714,0.34512714,0.102,-0.07875714,0.48084992,0.48084992,0.882,0.04988706,future_reform_technology,0.26,0.9853843,0.0029868437,0.03586381,0.84032446,0.8226827,0.9362062,0.09463063,0.99512315,0.001167231,0.020351816,0.15591203,0.99816316,0.9247557,0.91000456,0.9997717,future_reform_technology
macron2022_c017,macron2022,macron,en,2022-12-31,new_year_address,17,27,0.654,92,79,0.43686658,0.43686658,0.674,0.030981332,1.2658228,0.41213208,0.41213208,0.418,-0.01197052,0.0,0.39387885,0.39387885,0.474,-0.0052859187,0.0,0.40210992,0.40210992,0.55,0.008194923,1.2658228,0.4273998,0.4273998,0.83,0.04888454,1.2658228,0.46884006,0.46884006,0.882,0.076092064,0.0,0.4372443,0.4372443,0.426,-0.007889479,0.0,0.39645243,0.39645243,0.514,-0.0016194582,0.0,0.38022667,0.38022667,0.27,-0.031193435,0.4244593,0.4244593,0.686,0.026036471,0.3981951,0.3981951,0.434,-0.0064540207,0.3787639,0.3787639,0.122,-0.07467854,0.35047936,0.35047936,0.334,-0.027054816,0.4569574,0.4569574,0.718,0.033073127,0.43557423,0.43557423,0.526,0.004611373,social_solidarity,0.052000046,0.84654593,0.00043393252,0.00016378422,0.3432867,0.0013432378,0.057718594,0.10984892,0.0002516778,0.0009110513,0.026380423,0.95846003,0.00081514573,0.0155885415,0.99858,0.9996601,national_identity
macron2022_c018,macron2022,macron,en,2022-12-31,new_year_address,18,27,0.692,111,102,0.48127195,0.48127195,0.87,0.0753867,2.9411764,0.4388273,0.4388273,0.598,0.014724702,0.0,0.4396292,0.4396292,0.79,0.04046443,0.0,0.3869169,0.3869169,0.458,-0.006998092,0.0,0.45637453,0.45637453,0.926,0.07785925,0.0,0.52412987,0.52412987,0.994,0.13138187,1.9607843,0.5058133,0.5058133,0.878,0.060679525,0.98039216,0.43377933,0.43377933,0.746,0.035707444,0.0,0.41381648,0.41381648,0.506,0.002396375,0.45991865,0.45991865,0.894,0.06149581,0.359823,0.359823,0.234,-0.04482612,0.43171126,0.43171126,0.394,-0.021731198,0.4205708,0.4205708,0.774,0.04303661,0.48882154,0.48882154,0.874,0.064937264,0.46895057,0.46895057,0.814,0.03798771,social_solidarity,0.06800002,0.9651848,0.0010103129,0.00062025123,0.014643826,0.6882327,0.99942297,0.49499527,0.00038371203,0.0015158918,0.16805328,0.6888872,0.6900502,0.015837748,0.63770795,0.99956095,social_solidarity
macron2022_c019,macron2022,macron,en,2022-12-31,new_year_address,19,27,0.731,129,117,0.3535533,0.3535533,0.198,-0.052331954,0.85470086,0.33873427,0.33873427,0.082,-0.085368335,0.0,0.4208726,0.4208726,0.698,0.021707833,0.0,0.335782,0.335782,0.114,-0.058133006,0.0,0.36981687,0.36981687,0.462,-0.008698404,0.0,0.39310944,0.39310944,0.522,0.00036144257,0.0,0.39586306,0.39586306,0.19,-0.04927072,0.0,0.41565388,0.41565388,0.626,0.017582,0.85470086,0.32484445,0.32484445,0.074,-0.08657566,0.36380884,0.36380884,0.234,-0.034613997,0.3226815,0.3226815,0.126,-0.08196762,0.46483833,0.46483833,0.602,0.011395872,0.31231627,0.31231627,0.126,-0.06521791,0.39544037,0.39544037,0.314,-0.028443903,0.48101407,0.48101407,0.886,0.050051212,economy_welfare,0.07200003,0.39361808,0.00042554305,0.02218004,0.055515118,0.934664,0.9992749,0.06371499,0.0013172913,0.0007321811,0.24963012,0.01798621,0.99640644,0.018725162,0.9925031,0.9995408,social_solidarity
macron2022_c020,macron2022,macron,en,2022-12-31,new_year_address,20,27,0.769,139,117,0.2840186,0.2840186,0.03,-0.12186664,0.0,0.27720255,0.27720255,0.01,-0.14690006,0.0,0.46777636,0.46777636,0.882,0.06861159,1.7094017,0.2868527,0.2868527,0.026,-0.10706231,0.0,0.32446373,0.32446373,0.13,-0.05405155,0.0,0.3850053,0.3850053,0.47,-0.007742703,4.2735043,0.32245338,0.32245338,0.01,-0.122680396,0.0,0.45499718,0.45499718,0.842,0.056925297,6.837607,0.2726272,0.2726272,0.014,-0.1387929,0.30186448,0.30186448,0.034,-0.09655836,0.25765824,0.25765824,0.006,-0.14699087,0.38037822,0.38037822,0.13,-0.07306424,0.27888197,0.27888197,0.042,-0.098652214,0.27421027,0.27421027,0.006,-0.149674,0.3608431,0.3608431,0.062,-0.07011977,economy_welfare,0.04000002,0.45350385,0.00022385306,0.98287266,0.10179018,0.9758776,0.99450946,0.17346317,0.920218,0.00042554305,0.76541805,0.30290633,0.63953906,0.43458128,0.9190269,0.9972154,social_solidarity
macron2022_c021,macron2022,macron,en,2022-12-31,new_year_address,21,27,0.808,105,96,0.36711073,0.36711073,0.27,-0.03877452,3.125,0.35440004,0.35440004,0.114,-0.069702566,0.0,0.34041464,0.34041464,0.134,-0.058750123,1.0416666,0.3220598,0.3220598,0.078,-0.07185519,0.0,0.465993,0.465993,0.946,0.087477714,3.125,0.3934006,0.3934006,0.526,0.00065261126,1.0416666,0.39785343,0.39785343,0.202,-0.04728034,0.0,0.42009014,0.42009014,0.662,0.022018254,0.0,0.32602602,0.32602602,0.086,-0.085394084,0.3647806,0.3647806,0.246,-0.033642232,0.30027267,0.30027267,0.054,-0.104376435,0.45359415,0.45359415,0.53,0.00015169382,0.3116661,0.3116661,0.122,-0.06586808,0.38913018,0.38913018,0.266,-0.034754097,0.44085464,0.44085464,0.57,0.009891778,democracy_institutions,0.28399998,0.92632043,0.00024393635,0.33818638,0.3060083,0.99667555,0.90265256,0.42435235,0.001648483,0.00042554302,0.19102567,0.0008119703,0.99698395,0.14996657,0.07818368,0.9996072,democracy_institutions
macron2022_c022,macron2022,macron,en,2022-12-31,new_year_address,22,27,0.846,105,94,0.41238105,0.41238105,0.566,0.0064958036,2.1276596,0.4321789,0.4321789,0.562,0.00807631,0.0,0.41527575,0.41527575,0.654,0.016110986,0.0,0.44604266,0.44604266,0.862,0.05212766,1.0638298,0.4507572,0.4507572,0.898,0.07224193,0.0,0.4306857,0.4306857,0.766,0.0379377,0.0,0.4611039,0.4611039,0.606,0.01597011,1.0638298,0.45285413,0.45285413,0.834,0.05478224,0.0,0.4328602,0.4328602,0.626,0.021440089,0.43180627,0.43180627,0.738,0.03338343,0.3564474,0.3564474,0.222,-0.04820171,0.43500954,0.43500954,0.434,-0.018432915,0.38292453,0.38292453,0.562,0.005390346,0.43744895,0.43744895,0.586,0.013564676,0.4297835,0.4297835,0.494,-0.0011793673,democracy_institutions,0.036000013,0.4312997,0.01042845,0.0005193048,0.87357926,0.957715,0.994225,0.9922294,0.0002606808,0.0007194324,0.116411984,0.87976795,0.00044945235,0.98670053,0.96249723,0.99968743,social_solidarity
macron2022_c023,macron2022,macron,en,2022-12-31,new_year_address,23,27,0.885,161,124,0.45748228,0.45748228,0.79,0.05159703,0.8064516,0.40852782,0.40852782,0.382,-0.015574783,0.0,0.43463212,0.43463212,0.762,0.035467356,1.6129032,0.46076095,0.46076095,0.89,0.06684595,2.419355,0.38102585,0.38102585,0.558,0.0025105774,1.6129032,0.40811476,0.40811476,0.61,0.015366763,1.6129032,0.46546787,0.46546787,0.654,0.020334095,0.0,0.4619725,0.4619725,0.874,0.06390062,0.0,0.4242134,0.4242134,0.57,0.012793303,0.44310436,0.44310436,0.814,0.04468152,0.4042948,0.4042948,0.478,-0.0003543198,0.4935508,0.4935508,0.726,0.040108353,0.401635,0.401635,0.674,0.02410081,0.38172698,0.38172698,0.254,-0.042157292,0.44044864,0.44044864,0.562,0.009485781,foreign_policy,0.015999973,0.955444,0.010870826,0.08785687,0.9510968,0.007403014,0.78654087,0.034651488,0.24350749,0.0005305765,0.41902375,0.2505459,0.99784267,0.9840783,0.9186902,0.9980506,national_identity
macron2022_c024,macron2022,macron,en,2022-12-31,new_year_address,24,27,0.923,154,134,0.37914705,0.37914705,0.35,-0.026738197,1.4925373,0.41309425,0.41309425,0.422,-0.011008352,1.4925373,0.35697258,0.35697258,0.23,-0.04219219,0.74626863,0.38639033,0.38639033,0.45,-0.007524669,1.4925373,0.30640838,0.30640838,0.062,-0.0721069,0.0,0.35549232,0.35549232,0.262,-0.037255675,0.74626863,0.4437759,0.4437759,0.482,-0.0013578832,0.0,0.33270222,0.33270222,0.118,-0.065369666,0.0,0.42554167,0.42554167,0.582,0.014121562,0.38690445,0.38690445,0.438,-0.011518389,0.34096295,0.34096295,0.17,-0.06368616,0.3864504,0.3864504,0.15,-0.066992044,0.35321885,0.35321885,0.382,-0.024315327,0.41792837,0.41792837,0.454,-0.0059559047,0.36227068,0.36227068,0.07,-0.06869218,crisis_resilience,0.032000005,0.9430861,0.5371628,0.22742376,0.9993307,0.23083307,0.9836441,0.75858885,0.04845097,0.17688477,0.9828562,0.62096286,0.9395816,0.96841115,0.9972477,0.99810684,foreign_policy
macron2022_c025,macron2022,macron,en,2022-12-31,new_year_address,25,27,0.962,111,87,0.40407628,0.40407628,0.51,-0.0018089712,0.0,0.3621207,0.3621207,0.134,-0.061981916,0.0,0.38864106,0.38864106,0.446,-0.010523707,0.0,0.37117916,0.37117916,0.37,-0.022735834,1.1494253,0.36459142,0.36459142,0.402,-0.013923854,0.0,0.38776675,0.38776675,0.49,-0.0049812496,1.1494253,0.43144763,0.43144763,0.394,-0.01368615,0.0,0.49604416,0.49604416,0.934,0.097972274,0.0,0.36251208,0.36251208,0.186,-0.048908025,0.40708995,0.40708995,0.55,0.008667111,0.39856797,0.39856797,0.438,-0.006081134,0.5352282,0.5352282,0.886,0.08178574,0.34265333,0.34265333,0.29,-0.034880847,0.39698234,0.39698234,0.322,-0.02690193,0.46602714,0.46602714,0.798,0.03506428,future_reform_technology,0.42400002,0.9977765,0.0014508126,0.009633654,0.9854685,0.028939435,0.99541277,0.015776979,0.99894947,0.001351121,0.16172528,0.2338266,0.9988098,0.043629892,0.73923415,0.99849147,future_reform_technology
macron2022_c026,macron2022,macron,en,2022-12-31,new_year_address,26,27,1.0,177,156,0.41177684,0.41177684,0.562,0.0058915913,1.2820513,0.39295226,0.39295226,0.294,-0.031150341,0.0,0.41534108,0.41534108,0.658,0.016176313,0.0,0.37364498,0.37364498,0.386,-0.02027002,0.64102566,0.3355775,0.3355775,0.21,-0.042937785,0.0,0.4052853,0.4052853,0.594,0.012537301,1.2820513,0.4775734,0.4775734,0.754,0.03243962,0.64102566,0.49869916,0.49869916,0.942,0.10062727,0.64102566,0.38808894,0.38808894,0.338,-0.023331165,0.4201256,0.4201256,0.638,0.021702766,0.42700768,0.42700768,0.602,0.022358567,0.5338682,0.5338682,0.874,0.08042574,0.33848697,0.33848697,0.258,-0.03904721,0.44520682,0.44520682,0.638,0.021322548,0.4652373,0.4652373,0.79,0.03427443,future_reform_technology,0.18799996,0.9831984,0.005641909,0.07284254,0.97426397,0.027324531,0.99680877,0.7601767,0.0098123,0.0020587535,0.5338228,0.9876401,0.8195325,0.018941708,0.9938399,0.9993663,social_solidarity
macron2023_c000,macron2023,macron,en,2023-12-31,new_year_address,0,19,0.0,117,103,0.44821355,0.44821355,0.746,0.042328298,1.9417475,0.4503427,0.4503427,0.67,0.02624011,0.0,0.37305325,0.37305325,0.346,-0.026111513,0.0,0.39878726,0.39878726,0.53,0.0048722625,0.0,0.34104788,0.34104788,0.234,-0.03746739,0.0,0.47709835,0.47709835,0.914,0.08435035,1.9417475,0.48221737,0.48221737,0.786,0.037083596,0.0,0.39470056,0.39470056,0.498,-0.003371328,0.0,0.41291112,0.41291112,0.494,0.0014910102,0.4245835,0.4245835,0.69,0.026160657,0.4379353,0.4379353,0.698,0.033286184,0.4452028,0.4452028,0.486,-0.008239657,0.37763244,0.37763244,0.538,9.825826e-05,0.5460715,0.5460715,0.974,0.12218726,0.41439974,0.41439974,0.366,-0.016563118,social_solidarity,0.12799996,0.8737814,0.05791809,0.00028517868,0.48316064,0.15443976,0.99963945,0.23274586,9.4243806e-05,0.00077784655,0.34507766,0.02143024,0.00025266255,0.0003535028,0.9998063,0.09903368,social_solidarity
macron2023_c001,macron2023,macron,en,2023-12-31,new_year_address,1,19,0.056,84,68,0.38481033,0.38481033,0.398,-0.02107492,1.4705882,0.5183264,0.5183264,0.958,0.0942238,4.4117646,0.3635547,0.3635547,0.278,-0.03561008,0.0,0.43246427,0.43246427,0.786,0.038549274,0.0,0.36747462,0.36747462,0.446,-0.011040658,0.0,0.38296604,0.38296604,0.442,-0.009781957,2.9411764,0.464409,0.464409,0.646,0.019275218,0.0,0.37778014,0.37778014,0.374,-0.020291746,0.0,0.49274874,0.49274874,0.922,0.08132863,0.39105624,0.39105624,0.462,-0.0073665977,0.4559766,0.4559766,0.802,0.051327497,0.4223654,0.4223654,0.354,-0.031077057,0.36454278,0.36454278,0.45,-0.012991399,0.4414224,0.4414224,0.61,0.01753813,0.39701355,0.39701355,0.242,-0.033949316,security_military,0.17199999,0.805168,0.83264524,6.2293344e-05,0.99056923,0.0019080462,0.9725975,0.93546456,0.00018378459,0.9996178,0.00036757952,0.9995932,0.9534053,0.035177976,0.9969246,0.013795365,foreign_policy
macron2023_c002,macron2023,macron,en,2023-12-31,new_year_address,2,19,0.111,110,89,0.4622625,0.4622625,0.814,0.056377262,1.1235955,0.48371935,0.48371935,0.814,0.059616745,2.247191,0.44088882,0.44088882,0.798,0.041724056,1.1235955,0.41336757,0.41336757,0.646,0.019452572,0.0,0.37598413,0.37598413,0.514,-0.002531141,0.0,0.42775533,0.42775533,0.742,0.035007328,0.0,0.53740716,0.53740716,0.962,0.092273384,0.0,0.41683388,0.41683388,0.646,0.018761992,1.1235955,0.50306964,0.50306964,0.954,0.09164953,0.3982892,0.3982892,0.514,-0.00013363361,0.50184286,0.50184286,0.95,0.09719375,0.43386877,0.43386877,0.422,-0.019573689,0.41664708,0.41664708,0.742,0.039112896,0.44789982,0.44789982,0.662,0.024015546,0.39200148,0.39200148,0.214,-0.03896138,crisis_resilience,0.148,0.36977014,0.01029825,0.013064487,0.9513686,0.0028476815,0.0013147246,0.2883937,0.000104521256,0.9381524,0.00023968685,0.9947799,0.00023643298,0.9992635,0.0005976693,0.0013670258,foreign_policy
macron2023_c003,macron2023,macron,en,2023-12-31,new_year_address,3,19,0.167,105,84,0.3800335,0.3800335,0.37,-0.025851756,0.0,0.40259904,0.40259904,0.35,-0.021503568,0.0,0.41214004,0.41214004,0.626,0.0129752755,0.0,0.3852328,0.3852328,0.446,-0.008682191,0.0,0.3651221,0.3651221,0.414,-0.013393164,0.0,0.37931573,0.37931573,0.41,-0.013432264,0.0,0.48534966,0.48534966,0.806,0.04021588,0.0,0.43629438,0.43629438,0.766,0.03822249,0.0,0.39586037,0.39586037,0.398,-0.015559733,0.39326996,0.39326996,0.474,-0.005152881,0.4354329,0.4354329,0.67,0.030783802,0.49096155,0.49096155,0.698,0.037519097,0.3424763,0.3424763,0.286,-0.035057873,0.39444774,0.39444774,0.302,-0.029436529,0.47302902,0.47302902,0.854,0.042066157,crisis_resilience,0.04000002,0.97901577,0.55784535,0.17002514,0.9915544,0.661267,0.96440536,0.9975177,0.0045032725,0.0019418171,0.3001042,0.6866853,0.999623,0.4088372,0.4689122,0.99966794,crisis_resilience
macron2023_c004,macron2023,macron,en,2023-12-31,new_year_address,4,19,0.222,114,96,0.3602008,0.3602008,0.234,-0.045684457,0.0,0.40081853,0.40081853,0.334,-0.023284078,0.0,0.43077856,0.43077856,0.738,0.031613797,1.0416666,0.41265038,0.41265038,0.626,0.018735379,1.0416666,0.393696,0.393696,0.65,0.015180737,0.0,0.3776493,0.3776493,0.406,-0.015098691,0.0,0.4516024,0.4516024,0.514,0.006468624,0.0,0.46221542,0.46221542,0.878,0.06414354,2.0833333,0.36803275,0.36803275,0.206,-0.043387353,0.36697334,0.36697334,0.27,-0.031449497,0.4571638,0.4571638,0.806,0.052514702,0.44518006,0.44518006,0.482,-0.008262396,0.3282702,0.3282702,0.198,-0.049263984,0.44975513,0.44975513,0.666,0.02587086,0.4659825,0.4659825,0.794,0.035019636,future_reform_technology,0.14000005,0.99762183,0.118232295,0.02025469,0.9753314,0.7710256,0.9609333,0.7860896,0.0049629416,0.0007978335,0.014378491,0.99306935,0.9926542,0.48608568,0.9995859,0.9996769,national_identity
macron2023_c005,macron2023,macron,en,2023-12-31,new_year_address,5,19,0.278,104,76,0.34330928,0.34330928,0.142,-0.062575966,0.0,0.36918676,0.36918676,0.17,-0.054915845,0.0,0.5288846,0.5288846,0.97,0.12971982,2.631579,0.37074333,0.37074333,0.358,-0.023171663,1.3157895,0.3793546,0.3793546,0.542,0.0008393228,1.3157895,0.35778266,0.35778266,0.278,-0.034965336,1.3157895,0.41493374,0.41493374,0.278,-0.030200034,0.0,0.5262608,0.5262608,0.966,0.12818891,5.263158,0.3345955,0.3345955,0.11,-0.076824605,0.36688632,0.36688632,0.266,-0.03153652,0.46981177,0.46981177,0.846,0.06516266,0.5018963,0.5018963,0.766,0.048453867,0.30070442,0.30070442,0.086,-0.07682976,0.3934658,0.3934658,0.294,-0.030418485,0.47215724,0.47215724,0.838,0.04119438,economy_welfare,0.004000008,0.03314852,7.100179e-05,0.99713844,0.82891715,0.20354918,0.80734676,0.013286685,0.99372226,0.000103102124,0.0016072204,0.80486643,0.99973106,0.060751904,0.46004635,0.9997393,economy_welfare
macron2023_c006,macron2023,macron,en,2023-12-31,new_year_address,6,19,0.333,80,71,0.31987894,0.31987894,0.082,-0.08600631,0.0,0.36344942,0.36344942,0.146,-0.06065318,0.0,0.5471516,0.5471516,0.99,0.14798686,4.2253523,0.33886257,0.33886257,0.138,-0.05505243,0.0,0.32207847,0.32207847,0.114,-0.056436807,0.0,0.3909366,0.3909366,0.498,-0.0018113852,0.0,0.45631814,0.45631814,0.562,0.011184365,1.4084507,0.4149394,0.4149394,0.618,0.016867518,0.0,0.3363699,0.3363699,0.114,-0.075050205,0.3644923,0.3644923,0.238,-0.03393054,0.37965816,0.37965816,0.358,-0.024990946,0.41664034,0.41664034,0.298,-0.036802113,0.28556192,0.28556192,0.046,-0.09197226,0.42623803,0.42623803,0.522,0.0023537576,0.4583084,0.4583084,0.738,0.027345538,economy_welfare,0.37200004,0.9771646,0.0002199534,0.9921841,0.08061042,0.9743617,0.96134377,0.99703634,0.014392337,0.00029595708,0.14511536,0.31615812,0.992452,0.2096719,0.98793465,0.99974185,crisis_resilience
macron2023_c007,macron2023,macron,en,2023-12-31,new_year_address,7,19,0.389,156,133,0.36479676,0.36479676,0.262,-0.04108849,0.7518797,0.4947122,0.4947122,0.874,0.0706096,1.5037594,0.43014598,0.43014598,0.734,0.030981213,0.0,0.34796017,0.34796017,0.186,-0.045954823,0.0,0.41384315,0.41384315,0.754,0.03532788,3.0075188,0.37377745,0.37377745,0.358,-0.01897055,1.5037594,0.44431072,0.44431072,0.486,-0.00082305074,0.0,0.4671412,0.4671412,0.894,0.069069326,0.7518797,0.39470032,0.39470032,0.39,-0.016719788,0.34730393,0.34730393,0.162,-0.05111891,0.42694032,0.42694032,0.598,0.022291213,0.48568168,0.48568168,0.69,0.03223923,0.32023802,0.32023802,0.15,-0.057296157,0.42828766,0.42828766,0.538,0.0044033825,0.49986482,0.49986482,0.918,0.068901956,future_reform_technology,0.01999998,0.9952632,0.9982522,0.06387539,0.9090223,0.99880975,0.9981324,0.94224656,0.04475909,0.006438102,0.19280517,0.99847525,0.9944478,0.30497235,0.996016,0.9992099,democracy_institutions
macron2023_c008,macron2023,macron,en,2023-12-31,new_year_address,8,19,0.444,154,124,0.4049957,0.4049957,0.518,-0.0008895397,0.8064516,0.4113627,0.4113627,0.41,-0.012739897,0.0,0.3853436,0.3853436,0.418,-0.013821155,0.0,0.38140082,0.38140082,0.422,-0.012514174,0.8064516,0.41503865,0.41503865,0.77,0.036523372,0.8064516,0.37723172,0.37723172,0.398,-0.015516281,0.8064516,0.40381843,0.40381843,0.21,-0.041315347,0.0,0.45052496,0.45052496,0.826,0.05245307,0.0,0.39804333,0.39804333,0.418,-0.013376772,0.37222084,0.37222084,0.306,-0.026201993,0.39965,0.39965,0.446,-0.004999101,0.49123812,0.49123812,0.702,0.037795663,0.3510078,0.3510078,0.35,-0.026526392,0.3690384,0.3690384,0.17,-0.05484587,0.4753998,0.4753998,0.866,0.04443693,future_reform_technology,0.055999994,0.98883116,0.00035557942,0.0002627248,0.7440989,0.98806196,0.97505975,0.792183,0.026937887,0.0042812545,0.22114035,0.25742656,0.99928194,0.73573655,0.8418582,0.9993358,national_identity
macron2023_c009,macron2023,macron,en,2023-12-31,new_year_address,9,19,0.5,90,77,0.42617065,0.42617065,0.638,0.020285398,2.5974026,0.3797897,0.3797897,0.222,-0.044312894,0.0,0.37803304,0.37803304,0.366,-0.021131724,1.2987013,0.3555596,0.3555596,0.258,-0.03835541,0.0,0.4023586,0.4023586,0.69,0.023843318,0.0,0.41775325,0.41775325,0.686,0.025005251,1.2987013,0.40812647,0.40812647,0.242,-0.037007302,0.0,0.46058565,0.46058565,0.858,0.06251377,3.8961039,0.3784756,0.3784756,0.258,-0.0329445,0.37572077,0.37572077,0.338,-0.022702068,0.35104153,0.35104153,0.206,-0.053607583,0.4167646,0.4167646,0.302,-0.036677867,0.34039634,0.34039634,0.27,-0.037137836,0.37770516,0.37770516,0.222,-0.046179116,0.42600387,0.42600387,0.446,-0.0049589872,future_reform_technology,0.16799998,0.9758546,0.0002874147,0.81294155,0.15699139,0.035762645,0.8330871,0.07372961,0.00016668822,0.00035143827,0.027066175,0.9171544,0.17426969,0.98721576,0.9493944,0.9998239,national_identity
macron2023_c010,macron2023,macron,en,2023-12-31,new_year_address,10,19,0.556,145,118,0.2931223,0.2931223,0.038,-0.11276296,0.84745765,0.33714157,0.33714157,0.066,-0.08696103,0.0,0.4049091,0.4049091,0.594,0.005744338,0.84745765,0.30086535,0.30086535,0.038,-0.093049645,0.0,0.32341582,0.32341582,0.122,-0.055099458,0.0,0.26862705,0.26862705,0.022,-0.12412095,0.0,0.35878876,0.35878876,0.038,-0.08634502,0.0,0.45909798,0.45909798,0.854,0.061026096,0.0,0.32787818,0.32787818,0.09,-0.08354193,0.28819406,0.28819406,0.026,-0.11022878,0.28629923,0.28629923,0.022,-0.11834988,0.47270468,0.47270468,0.63,0.019262224,0.2778517,0.2778517,0.038,-0.09968248,0.29814982,0.29814982,0.014,-0.12573445,0.43727326,0.43727326,0.546,0.0063104033,future_reform_technology,0.26,0.99573535,0.010683432,0.9255671,0.98486924,0.714628,0.9986955,0.6568234,0.9988259,0.0011138391,0.4743877,0.008985429,0.999813,0.829492,0.95523566,0.9997796,future_reform_technology
macron2023_c011,macron2023,macron,en,2023-12-31,new_year_address,11,19,0.611,149,111,0.29337454,0.29337454,0.042,-0.11251071,0.0,0.29739708,0.29739708,0.014,-0.12670553,0.0,0.38807678,0.38807678,0.442,-0.011087984,0.0,0.33632708,0.33632708,0.13,-0.05758792,1.8018018,0.31184846,0.31184846,0.078,-0.06666681,0.0,0.28927565,0.28927565,0.03,-0.10347235,0.0,0.3581565,0.3581565,0.034,-0.08697727,0.0,0.48596692,0.48596692,0.918,0.087895036,0.0,0.32515705,0.32515705,0.078,-0.08626306,0.32897246,0.32897246,0.078,-0.06945038,0.3142811,0.3142811,0.094,-0.090368,0.4840222,0.4840222,0.666,0.030579746,0.27780044,0.27780044,0.034,-0.09973374,0.3044067,0.3044067,0.022,-0.11947757,0.4571008,0.4571008,0.706,0.026137948,future_reform_technology,0.47599998,0.9522643,0.00021909605,0.099062964,0.99799275,0.09223707,0.67453307,0.70463353,0.9982826,0.0015700475,0.18496986,0.06365676,0.99978346,0.883588,0.43692234,0.999723,future_reform_technology
macron2023_c012,macron2023,macron,en,2023-12-31,new_year_address,12,19,0.667,160,135,0.3785276,0.3785276,0.342,-0.027357638,1.4814814,0.3979962,0.3979962,0.314,-0.026106417,0.0,0.35196298,0.35196298,0.21,-0.047201782,0.0,0.36295646,0.36295646,0.298,-0.030958533,0.7407407,0.357099,0.357099,0.326,-0.021416277,0.0,0.3573621,0.3573621,0.27,-0.035385907,0.0,0.45162007,0.45162007,0.518,0.0064862967,0.7407407,0.42882487,0.42882487,0.722,0.030752987,0.7407407,0.40636677,0.40636677,0.462,-0.0050533414,0.35833052,0.35833052,0.214,-0.04009232,0.38742,0.38742,0.406,-0.01722911,0.52202344,0.52202344,0.846,0.068580985,0.34881085,0.34881085,0.318,-0.02872333,0.38662043,0.38662043,0.262,-0.03726384,0.4745717,0.4745717,0.862,0.043608844,future_reform_technology,0.204,0.9897316,0.5855752,0.010631947,0.93405765,0.9283763,0.99874294,0.99042207,0.0068239546,0.003586616,0.5482654,0.5580862,0.997409,0.9892545,0.9126888,0.99918485,social_solidarity
macron2023_c013,macron2023,macron,en,2023-12-31,new_year_address,13,19,0.722,145,127,0.35326523,0.35326523,0.194,-0.052620023,0.0,0.39432755,0.39432755,0.298,-0.029775053,0.78740156,0.3499848,0.3499848,0.198,-0.04917997,0.0,0.41691732,0.41691732,0.67,0.023002326,3.1496062,0.40674025,0.40674025,0.714,0.028224975,0.78740156,0.34987193,0.34987193,0.218,-0.042876065,2.3622048,0.42283323,0.42283323,0.326,-0.022300541,0.0,0.3933501,0.3933501,0.49,-0.0047217906,0.0,0.41433156,0.41433156,0.51,0.0029114485,0.39664087,0.39664087,0.502,-0.0017819703,0.29823107,0.29823107,0.046,-0.10641804,0.37445775,0.37445775,0.102,-0.07898471,0.3543911,0.3543911,0.394,-0.023143083,0.32250032,0.32250032,0.058,-0.101383954,0.36235845,0.36235845,0.074,-0.06860441,democracy_institutions,0.04399997,0.98769957,0.03753801,0.00097164605,0.99729556,0.7923839,0.6691506,0.99891406,0.0001760562,0.0071352534,0.98941934,0.8243206,0.10748432,0.9877114,0.99356186,0.9919067,crisis_resilience
macron2023_c014,macron2023,macron,en,2023-12-31,new_year_address,14,19,0.778,120,94,0.41703618,0.41703618,0.586,0.011150926,3.1914895,0.32757968,0.32757968,0.054,-0.09652293,0.0,0.34788403,0.34788403,0.186,-0.051280737,0.0,0.3080303,0.3080303,0.05,-0.08588469,0.0,0.33055773,0.33055773,0.174,-0.04795754,0.0,0.37059766,0.37059766,0.342,-0.022150338,0.0,0.42505464,0.42505464,0.346,-0.020079136,1.0638298,0.41468495,0.41468495,0.614,0.016613066,0.0,0.31552187,0.31552187,0.054,-0.09589824,0.35208014,0.35208014,0.174,-0.0463427,0.4217927,0.4217927,0.554,0.017143577,0.4936905,0.4936905,0.73,0.040248036,0.31631288,0.31631288,0.146,-0.0612213,0.394206,0.394206,0.298,-0.029678285,0.41275245,0.41275245,0.354,-0.018210411,future_reform_technology,0.027999997,0.9996856,0.0013096058,0.02368947,0.31742626,0.025468083,0.99903774,0.46411213,0.051869474,0.0032319087,0.8087101,0.6335804,0.9989638,0.0144896265,0.99896073,0.99952614,national_identity
macron2023_c015,macron2023,macron,en,2023-12-31,new_year_address,15,19,0.833,89,71,0.44755003,0.44755003,0.734,0.04166478,2.8169014,0.41109496,0.41109496,0.406,-0.013007641,1.4084507,0.31528506,0.31528506,0.058,-0.08387971,0.0,0.33378035,0.33378035,0.102,-0.06013465,1.4084507,0.35090232,0.35090232,0.298,-0.027612954,0.0,0.39085758,0.39085758,0.494,-0.0018904209,1.4084507,0.4092774,0.4092774,0.25,-0.035856366,0.0,0.37115368,0.37115368,0.33,-0.026918203,0.0,0.35072583,0.35072583,0.154,-0.060694277,0.35771954,0.35771954,0.21,-0.040703297,0.48383316,0.48383316,0.922,0.079184055,0.41453117,0.41453117,0.278,-0.038911283,0.3408808,0.3408808,0.278,-0.03665337,0.4715324,0.4715324,0.782,0.04764813,0.35524413,0.35524413,0.05,-0.07571873,national_identity,0.24000004,0.9527942,0.583856,0.00011591935,0.77581716,0.0007793661,0.991977,0.1113378,0.00020582441,0.09231887,0.011093567,0.99374664,0.0006238938,0.6007887,0.999433,0.53266823,social_solidarity
macron2023_c016,macron2023,macron,en,2023-12-31,new_year_address,16,19,0.889,110,80,0.434699,0.434699,0.662,0.02881375,0.0,0.3920696,0.3920696,0.286,-0.032032996,0.0,0.36769426,0.36769426,0.322,-0.031470507,0.0,0.38956687,0.38956687,0.474,-0.004348129,2.5,0.37436402,0.37436402,0.498,-0.004151255,0.0,0.3846169,0.3846169,0.466,-0.008131087,0.0,0.40726882,0.40726882,0.234,-0.037864953,0.0,0.4393199,0.4393199,0.782,0.041248024,0.0,0.38908333,0.38908333,0.35,-0.022336781,0.39948618,0.39948618,0.522,0.0010633469,0.4467593,0.4467593,0.762,0.042110205,0.5198887,0.5198887,0.83,0.066446245,0.35136825,0.35136825,0.354,-0.026165932,0.40731627,0.40731627,0.414,-0.016568005,0.45068437,0.45068437,0.658,0.019721508,future_reform_technology,0.120000005,0.99849886,0.00026221233,0.00053369283,0.10734387,0.015739111,0.23475732,0.010580707,0.011755133,0.0011740822,0.025540898,0.32090113,0.99934363,0.17953055,0.95930225,0.9986515,national_identity
macron2023_c017,macron2023,macron,en,2023-12-31,new_year_address,17,19,0.944,143,119,0.37840948,0.37840948,0.338,-0.027475774,0.84033614,0.30151284,0.30151284,0.022,-0.12258977,0.0,0.28483176,0.28483176,0.006,-0.114333004,0.0,0.27407396,0.27407396,0.014,-0.11984104,0.0,0.32701507,0.32701507,0.154,-0.0515002,0.0,0.3526836,0.3526836,0.25,-0.040064394,0.84033614,0.36479643,0.36479643,0.062,-0.080337346,0.84033614,0.37461087,0.37461087,0.35,-0.023461014,0.0,0.2877196,0.2877196,0.022,-0.1237005,0.32934356,0.32934356,0.086,-0.06907928,0.40013435,0.40013435,0.454,-0.004514754,0.4328488,0.4328488,0.406,-0.020593643,0.29168218,0.29168218,0.062,-0.085852,0.37648118,0.37648118,0.206,-0.047403097,0.37990052,0.37990052,0.146,-0.051062346,future_reform_technology,0.0119999945,0.9935369,0.00023413582,0.0003867204,0.009055265,0.01539492,0.7694703,0.0046185427,0.006009427,0.0010024585,0.016075421,0.9787126,0.8084739,0.04142348,0.9984269,0.99931616,national_identity
macron2023_c018,macron2023,macron,en,2023-12-31,new_year_address,18,19,1.0,202,157,0.45241994,0.45241994,0.778,0.046534687,1.2738854,0.3861283,0.3861283,0.258,-0.037974298,0.0,0.37640557,0.37640557,0.354,-0.0227592,0.0,0.36831874,0.36831874,0.33,-0.025596261,0.0,0.37351882,0.37351882,0.486,-0.0049964488,0.0,0.40661418,0.40661418,0.606,0.013866186,1.2738854,0.44183964,0.44183964,0.462,-0.00329414,0.6369427,0.4700064,0.4700064,0.902,0.07193452,0.6369427,0.39428216,0.39428216,0.386,-0.017137945,0.4109972,0.4109972,0.562,0.012574375,0.4633602,0.4633602,0.818,0.05871108,0.56481194,0.56481194,0.962,0.11136949,0.37026763,0.37026763,0.486,-0.0072665513,0.43015134,0.43015134,0.55,0.006267071,0.45794466,0.45794466,0.722,0.0269818,future_reform_technology,0.12400001,0.9937284,0.010130412,0.0017073675,0.9495292,0.012407695,0.9939906,0.052037816,0.0008710656,0.0016842226,0.098079324,0.8533637,0.94168097,0.4499968,0.9807612,0.99598104,social_solidarity
macron2024_c000,macron2024,macron,en,2024-12-31,new_year_address,0,16,0.0,105,88,0.4478027,0.4478027,0.738,0.041917443,1.1363636,0.4281034,0.4281034,0.55,0.004000783,0.0,0.41770953,0.41770953,0.686,0.018544763,0.0,0.39738286,0.39738286,0.522,0.0034678578,0.0,0.4363821,0.4363821,0.862,0.05786684,1.1363636,0.42414784,0.42414784,0.722,0.031399846,1.1363636,0.47432137,0.47432137,0.718,0.02918759,0.0,0.45907003,0.45907003,0.85,0.06099814,2.2727273,0.4199574,0.4199574,0.546,0.0085372925,0.4346175,0.4346175,0.762,0.036194652,0.4847247,0.4847247,0.926,0.08007559,0.47359312,0.47359312,0.634,0.020150661,0.38293988,0.38293988,0.566,0.0054056942,0.49245527,0.49245527,0.882,0.068571,0.4734711,0.4734711,0.858,0.042508245,democracy_institutions,0.011999965,0.9998623,0.0003459916,0.20882358,0.917386,0.99021614,0.9996133,0.9897811,0.9226568,0.00022782183,0.9928648,0.15527052,0.99592984,0.009869395,0.9990034,0.9995794,national_identity
macron2024_c001,macron2024,macron,en,2024-12-31,new_year_address,1,16,0.067,135,104,0.47112742,0.47112742,0.846,0.06524217,2.8846154,0.4296293,0.4296293,0.558,0.0055266917,0.0,0.35972774,0.35972774,0.246,-0.039437026,0.0,0.37704775,0.37704775,0.406,-0.01686725,0.96153843,0.36462444,0.36462444,0.406,-0.013890833,0.96153843,0.40590826,0.40590826,0.598,0.0131602585,0.0,0.46084052,0.46084052,0.602,0.015706748,0.0,0.37931716,0.37931716,0.39,-0.01875472,0.0,0.37465093,0.37465093,0.238,-0.03676918,0.3802326,0.3802326,0.382,-0.018190235,0.5181819,0.5181819,0.966,0.11353281,0.42242232,0.42242232,0.358,-0.031020135,0.35451078,0.35451078,0.398,-0.023023397,0.4974383,0.4974383,0.898,0.07355404,0.41648513,0.41648513,0.378,-0.01447773,national_identity,0.24400002,0.9998416,0.0012843081,0.00020988306,0.9895715,0.0009164002,0.5173271,0.016513688,0.00017400544,0.0019955386,0.47079745,0.99930274,0.000361177,0.110855594,0.9992889,0.9976033,national_identity
macron2024_c002,macron2024,macron,en,2024-12-31,new_year_address,2,16,0.133,109,82,0.40952238,0.40952238,0.542,0.003637135,1.2195122,0.35116002,0.35116002,0.102,-0.072942585,0.0,0.3469291,0.3469291,0.178,-0.052235663,0.0,0.33621925,0.33621925,0.118,-0.057695746,0.0,0.36515373,0.36515373,0.422,-0.013361543,0.0,0.38376158,0.38376158,0.454,-0.0089864135,0.0,0.41752264,0.41752264,0.294,-0.027611136,0.0,0.41376597,0.41376597,0.602,0.015694082,0.0,0.32162482,0.32162482,0.07,-0.08979529,0.36055052,0.36055052,0.226,-0.037872314,0.46435013,0.46435013,0.83,0.059701025,0.45368132,0.45368132,0.534,0.00023886561,0.30113193,0.30113193,0.09,-0.07640225,0.41823196,0.41823196,0.462,-0.0056523085,0.40832752,0.40832752,0.322,-0.02263534,future_reform_technology,0.060000002,0.9892855,0.001104103,0.0020467504,0.17406671,0.007345826,0.5107405,0.04580928,0.005263408,0.00075246283,0.06254542,0.99743664,0.9981105,0.041201085,0.716417,0.9997532,national_identity
macron2024_c003,macron2024,macron,en,2024-12-31,new_year_address,3,16,0.2,97,79,0.3895663,0.3895663,0.434,-0.016318947,1.2658228,0.33802876,0.33802876,0.074,-0.086073846,0.0,0.34276825,0.34276825,0.158,-0.056396514,0.0,0.295636,0.295636,0.03,-0.098279,1.2658228,0.32369092,0.32369092,0.126,-0.054824352,0.0,0.4095825,0.4095825,0.618,0.016834497,2.5316455,0.4770188,0.4770188,0.75,0.031885028,0.0,0.38923323,0.38923323,0.466,-0.008838654,0.0,0.3310229,0.3310229,0.098,-0.08039722,0.41131997,0.41131997,0.566,0.012897134,0.44450837,0.44450837,0.738,0.039859265,0.45944786,0.45944786,0.562,0.0060054064,0.33341593,0.33341593,0.226,-0.044118255,0.45495623,0.45495623,0.71,0.03107196,0.37546173,0.37546173,0.126,-0.055501133,crisis_resilience,0.13200003,0.9591256,0.013597484,0.27965632,0.48121002,0.14934519,0.998399,0.9973709,0.25782347,0.0012918458,0.86413854,0.89377385,0.9994653,0.08692227,0.99735034,0.9994705,social_solidarity
macron2024_c004,macron2024,macron,en,2024-12-31,new_year_address,4,16,0.267,118,94,0.4489681,0.4489681,0.75,0.043082863,1.0638298,0.4460281,0.4460281,0.646,0.021925509,0.0,0.4087152,0.4087152,0.61,0.009550422,1.0638298,0.434155,0.434155,0.798,0.04023999,0.0,0.33895868,0.33895868,0.226,-0.039556593,0.0,0.46913466,0.46913466,0.886,0.07638666,5.319149,0.5587852,0.5587852,0.986,0.113651425,2.1276596,0.3951131,0.3951131,0.502,-0.0029587746,1.0638298,0.4388451,0.4388451,0.666,0.027424991,0.47461334,0.47461334,0.922,0.0761905,0.4326321,0.4326321,0.654,0.02798298,0.43551648,0.43551648,0.438,-0.017925978,0.39968997,0.39968997,0.658,0.022155792,0.4669334,0.4669334,0.754,0.043049127,0.42784935,0.42784935,0.474,-0.0031135082,crisis_resilience,0.100000024,0.9996324,0.0096429745,0.026180504,0.9833749,0.023825368,0.99756086,0.9977305,0.00028741476,0.0007672924,0.9930288,0.79795074,0.99667233,0.04561757,0.99565166,0.9994505,national_identity
macron2024_c005,macron2024,macron,en,2024-12-31,new_year_address,5,16,0.333,129,113,0.42565262,0.42565262,0.634,0.019767374,0.88495576,0.4158827,0.4158827,0.45,-0.008219898,0.0,0.3989709,0.3989709,0.546,-0.0001938641,0.0,0.4184053,0.4184053,0.686,0.024490297,0.0,0.47125408,0.47125408,0.962,0.09273881,0.88495576,0.39641517,0.39641517,0.546,0.0036671758,0.0,0.4785488,0.4785488,0.766,0.03341502,0.88495576,0.4175601,0.4175601,0.654,0.019488215,0.0,0.4528278,0.4528278,0.762,0.041407704,0.4440964,0.4440964,0.826,0.04567355,0.41631138,0.41631138,0.53,0.011662275,0.40788606,0.40788606,0.222,-0.045556396,0.43115887,0.43115887,0.822,0.05362469,0.42185712,0.42185712,0.482,-0.002027154,0.4599476,0.4599476,0.758,0.028984725,democracy_institutions,0.19600004,0.012734982,0.00031627133,9.666712e-05,0.7790698,0.97631055,0.11511247,0.61427826,0.0001491294,0.00026478487,0.0029121782,0.12241827,0.00016832374,0.98457545,0.55880857,0.027091904,democracy_institutions
macron2024_c006,macron2024,macron,en,2024-12-31,new_year_address,6,16,0.4,111,90,0.3565712,0.3565712,0.206,-0.049314052,0.0,0.32757992,0.32757992,0.058,-0.09652269,0.0,0.31870925,0.31870925,0.07,-0.08045551,0.0,0.37686366,0.37686366,0.402,-0.01705134,0.0,0.45904493,0.45904493,0.93,0.08052966,2.2222223,0.35757658,0.35757658,0.274,-0.03517142,0.0,0.36111322,0.36111322,0.05,-0.084020555,0.0,0.38743287,0.38743287,0.45,-0.010639012,0.0,0.3213123,0.3213123,0.066,-0.0901078,0.39131808,0.39131808,0.466,-0.0071047544,0.32523248,0.32523248,0.13,-0.07941663,0.36204463,0.36204463,0.062,-0.09139782,0.338163,0.338163,0.254,-0.039371192,0.39455652,0.39455652,0.306,-0.02932775,0.40678877,0.40678877,0.314,-0.024174094,democracy_institutions,0.48000002,0.04497357,0.008299687,0.0021447653,0.9597903,0.9972424,0.5268601,0.07097703,0.00073075376,0.00062633416,0.0045472644,0.11460598,0.026430631,0.9251286,0.9994996,0.9981792,democracy_institutions
macron2024_c007,macron2024,macron,en,2024-12-31,new_year_address,7,16,0.467,105,88,0.3866258,0.3866258,0.41,-0.019259453,0.0,0.41329747,0.41329747,0.434,-0.01080513,1.1363636,0.46692026,0.46692026,0.874,0.06775549,1.1363636,0.3865559,0.3865559,0.454,-0.0073590875,0.0,0.40416655,0.40416655,0.702,0.025651276,0.0,0.42188773,0.42188773,0.71,0.029139727,1.1363636,0.4640994,0.4640994,0.638,0.018965632,1.1363636,0.5097853,0.5097853,0.954,0.11171341,0.0,0.397338,0.397338,0.41,-0.014082104,0.42438114,0.42438114,0.682,0.0259583,0.49208423,0.49208423,0.938,0.08743513,0.62680656,0.62680656,0.998,0.1733641,0.34707665,0.34707665,0.31,-0.030457526,0.42502588,0.42502588,0.506,0.0011416078,0.53696716,0.53696716,0.978,0.1060043,future_reform_technology,0.07999998,0.9469902,0.0049533057,0.8104133,0.92982376,0.99741405,0.99769485,0.1351322,0.0018530595,0.0002627248,0.04123003,0.017526364,0.99862224,0.91184926,0.9799382,0.9986541,social_solidarity
macron2024_c008,macron2024,macron,en,2024-12-31,new_year_address,8,16,0.533,180,154,0.41057467,0.41057467,0.558,0.004689425,1.2987013,0.4728708,0.4728708,0.782,0.048768193,3.2467532,0.42028868,0.42028868,0.69,0.021123916,0.64935064,0.43318945,0.43318945,0.79,0.039274454,1.2987013,0.40922475,0.40922475,0.734,0.030709475,0.64935064,0.44029588,0.44029588,0.822,0.047547877,0.64935064,0.47508034,0.47508034,0.726,0.029946566,0.64935064,0.4703471,0.4703471,0.906,0.07227522,0.64935064,0.47306314,0.47306314,0.846,0.061643034,0.43271342,0.43271342,0.746,0.034290582,0.3701902,0.3701902,0.302,-0.034458905,0.5009983,0.5009983,0.754,0.047555864,0.3847605,0.3847605,0.582,0.007226318,0.3974295,0.3974295,0.33,-0.026454777,0.4635858,0.4635858,0.778,0.032622933,future_reform_technology,0.08399999,0.9963429,0.035846926,0.0025960314,0.99962956,0.9923193,0.80147004,0.99016875,0.0026991668,0.5832034,0.5125706,0.9846051,0.9229003,0.9965436,0.9956304,0.99896777,foreign_policy
macron2024_c009,macron2024,macron,en,2024-12-31,new_year_address,9,16,0.6,108,90,0.35963273,0.35963273,0.226,-0.04625252,1.1111112,0.5578176,0.5578176,0.994,0.13371497,6.6666665,0.36329997,0.36329997,0.274,-0.0358648,0.0,0.47083902,0.47083902,0.926,0.076924026,4.4444447,0.34870824,0.34870824,0.286,-0.029807031,0.0,0.32852548,0.32852548,0.118,-0.064222515,0.0,0.42897975,0.42897975,0.37,-0.016154021,0.0,0.41391838,0.41391838,0.606,0.01584649,0.0,0.4643245,0.4643245,0.806,0.052904397,0.35858503,0.35858503,0.218,-0.039837807,0.31275702,0.31275702,0.086,-0.09189209,0.4211439,0.4211439,0.346,-0.032298565,0.36440277,0.36440277,0.446,-0.01313141,0.33194757,0.33194757,0.09,-0.09193671,0.39798397,0.39798397,0.25,-0.032978892,security_military,0.06800002,0.61901075,0.99709344,0.00013605112,0.99509454,0.3649473,0.08525124,0.88084835,0.3106944,0.18443675,0.17999855,0.7340361,0.9969485,0.67904574,0.7097237,0.9980882,security_military
macron2024_c010,macron2024,macron,en,2024-12-31,new_year_address,10,16,0.667,121,106,0.3818,0.3818,0.382,-0.024085253,0.0,0.4812339,0.4812339,0.81,0.05713129,1.8867924,0.4746434,0.4746434,0.906,0.07547864,1.8867924,0.49097398,0.49097398,0.962,0.09705898,2.8301888,0.37826163,0.37826163,0.534,-0.00025364757,0.0,0.38118142,0.38118142,0.426,-0.011566579,0.0,0.46622112,0.46622112,0.658,0.021087348,0.0,0.55947435,0.55947435,0.998,0.16140246,0.9433962,0.46844888,0.46844888,0.818,0.05702877,0.39838412,0.39838412,0.518,-3.8713217e-05,0.34651756,0.34651756,0.19,-0.058131546,0.4855637,0.4855637,0.682,0.03212124,0.3758448,0.3758448,0.534,-0.0016893744,0.37494823,0.37494823,0.194,-0.04893604,0.443052,0.443052,0.586,0.012089133,future_reform_technology,0.036000013,0.8053262,0.9952724,0.2066738,0.9958175,0.039527465,0.85173714,0.13831806,0.989409,0.00033015272,0.028060738,0.9390807,0.69523466,0.9960776,0.96664745,0.99869037,foreign_policy
macron2024_c011,macron2024,macron,en,2024-12-31,new_year_address,11,16,0.733,125,106,0.35872918,0.35872918,0.218,-0.047156066,0.9433962,0.35646248,0.35646248,0.118,-0.067640126,0.0,0.4171123,0.4171123,0.674,0.017947525,0.9433962,0.4324445,0.4324445,0.782,0.038529515,2.8301888,0.3651529,0.3651529,0.418,-0.013362378,0.0,0.33562902,0.33562902,0.15,-0.057118982,0.0,0.4219296,0.4219296,0.322,-0.023204178,0.0,0.43818486,0.43818486,0.774,0.040112972,0.9433962,0.4042232,0.4042232,0.446,-0.007196903,0.37994725,0.37994725,0.378,-0.018475592,0.32161942,0.32161942,0.118,-0.08302969,0.40438974,0.40438974,0.202,-0.049052715,0.3729782,0.3729782,0.514,-0.0045559704,0.3198758,0.3198758,0.046,-0.104008466,0.3889652,0.3889652,0.194,-0.04199767,foreign_policy,0.008000016,0.9913055,0.0003640087,0.7235292,0.86921585,0.82828003,0.99752736,0.38977876,0.17024916,0.00073218124,0.6564105,0.03547437,0.00161665,0.9261703,0.2918631,0.9992848,social_solidarity
macron2024_c012,macron2024,macron,en,2024-12-31,new_year_address,12,16,0.8,144,122,0.37436408,0.37436408,0.306,-0.03152117,0.0,0.4093823,0.4093823,0.39,-0.014720291,0.0,0.51099443,0.51099443,0.962,0.11182967,1.6393442,0.4193701,0.4193701,0.694,0.025455117,1.6393442,0.36226973,0.36226973,0.366,-0.016245544,0.0,0.3502326,0.3502326,0.222,-0.042515397,0.0,0.46883148,0.46883148,0.678,0.023697704,0.0,0.48790497,0.48790497,0.922,0.08983308,1.6393442,0.38788992,0.38788992,0.334,-0.023530185,0.37228346,0.37228346,0.31,-0.026139379,0.3652988,0.3652988,0.274,-0.0393503,0.47708493,0.47708493,0.65,0.02364248,0.32471055,0.32471055,0.166,-0.052823633,0.36726683,0.36726683,0.158,-0.05661744,0.45000005,0.45000005,0.642,0.019037187,economy_welfare,0.04000002,0.99921304,0.0039995015,0.9809308,0.99860334,0.5651487,0.9421086,0.99846625,0.99687636,0.0014076105,0.03919513,0.082253955,0.9727532,0.7670579,0.9166195,0.9992267,national_identity
macron2024_c013,macron2024,macron,en,2024-12-31,new_year_address,13,16,0.867,95,69,0.44467068,0.44467068,0.706,0.038785428,1.4492754,0.4221139,0.4221139,0.506,-0.001988709,0.0,0.41342723,0.41342723,0.642,0.014262468,0.0,0.43411878,0.43411878,0.794,0.04020378,0.0,0.38626298,0.38626298,0.598,0.0077477098,0.0,0.41349286,0.41349286,0.654,0.02074486,0.0,0.51387155,0.51387155,0.894,0.068737775,1.4492754,0.53573763,0.53573763,0.978,0.13766575,1.4492754,0.44166267,0.44166267,0.682,0.030242562,0.4206306,0.4206306,0.642,0.022207767,0.438336,0.438336,0.706,0.033686906,0.60155976,0.60155976,0.986,0.1481173,0.4073516,0.4073516,0.706,0.029817432,0.42270553,0.42270553,0.494,-0.0011787415,0.514686,0.514686,0.942,0.08372313,future_reform_technology,0.08399999,0.99920684,0.53849787,0.1328517,0.96403056,0.62543815,0.9994736,0.99686414,0.00068785116,0.00040133507,0.7768769,0.00012436224,0.14799814,0.6690965,0.9169948,0.99955666,social_solidarity
macron2024_c014,macron2024,macron,en,2024-12-31,new_year_address,14,16,0.933,108,84,0.35739845,0.35739845,0.214,-0.0484868,0.0,0.4131818,0.4131818,0.43,-0.010920793,1.1904762,0.45745087,0.45745087,0.85,0.0582861,2.3809524,0.3914319,0.3914319,0.494,-0.0024830997,0.0,0.41611165,0.41611165,0.774,0.037596375,1.1904762,0.36043757,0.36043757,0.29,-0.032310426,0.0,0.45651576,0.45651576,0.57,0.011381984,0.0,0.54181767,0.54181767,0.99,0.14374578,0.0,0.41185355,0.41185355,0.49,0.00043344498,0.38260096,0.38260096,0.398,-0.015821874,0.43113142,0.43113142,0.638,0.026482314,0.60914844,0.60914844,0.99,0.15570599,0.34685335,0.34685335,0.306,-0.030680835,0.35860288,0.35860288,0.138,-0.06528139,0.5093343,0.5093343,0.938,0.078371465,future_reform_technology,0.13999999,0.4488792,0.00029023443,0.4166631,0.6810908,0.10079008,0.99620515,0.61978775,0.014899642,9.799768e-05,0.1777395,0.9630919,0.99783003,0.69414717,0.86804575,0.99908715,social_solidarity
macron2024_c015,macron2024,macron,en,2024-12-31,new_year_address,15,16,1.0,169,137,0.402474,0.402474,0.498,-0.0034112632,2.189781,0.3704779,0.3704779,0.182,-0.05362469,0.0,0.3411302,0.3411302,0.146,-0.05803457,0.0,0.35236174,0.35236174,0.234,-0.04155326,0.0,0.3233252,0.3233252,0.118,-0.055190086,0.0,0.37052062,0.37052062,0.338,-0.022227377,0.729927,0.3925255,0.3925255,0.17,-0.05260828,0.0,0.4527266,0.4527266,0.83,0.054654717,0.0,0.35530242,0.35530242,0.174,-0.056117684,0.37421748,0.37421748,0.322,-0.024205357,0.44481218,0.44481218,0.746,0.04016307,0.5481274,0.5481274,0.922,0.09468496,0.32684427,0.32684427,0.19,-0.050689906,0.40361154,0.40361154,0.374,-0.020272732,0.44754046,0.44754046,0.618,0.016577601,future_reform_technology,0.332,0.9813464,0.011485952,0.0015218158,0.9050919,0.06193269,0.99300855,0.2424746,0.0017546145,0.0036642205,0.4144692,0.9841547,0.9990692,0.7333385,0.99210805,0.99893916,social_solidarity
macron2025_c000,macron2025,macron,en,2025-12-31,new_year_address,0,13,0.0,154,122,0.49158078,0.49158078,0.902,0.085695535,2.4590163,0.5011976,0.5011976,0.906,0.07709497,0.8196721,0.41714832,0.41714832,0.678,0.017983556,0.0,0.4083343,0.4083343,0.578,0.014419317,0.0,0.3798036,0.3798036,0.55,0.0012883246,0.0,0.5139712,0.5139712,0.982,0.12122321,2.4590163,0.54544586,0.54544586,0.974,0.100312084,2.4590163,0.40985262,0.40985262,0.578,0.011780739,0.0,0.46128702,0.46128702,0.79,0.049866915,0.47157866,0.47157866,0.91,0.07315582,0.4749828,0.4749828,0.866,0.07033369,0.4627887,0.4627887,0.598,0.009346247,0.4198067,0.4198067,0.75,0.04227251,0.5716048,0.5716048,0.982,0.14772052,0.44959235,0.44959235,0.63,0.018629491,social_solidarity,0.008000016,0.9982488,0.9720721,0.0002622123,0.41158378,0.102664016,0.99956435,0.99724233,8.1403115e-05,0.00047009322,0.15771978,0.26990253,0.00035419362,0.0011491555,0.999566,0.9988121,social_solidarity
macron2025_c001,macron2025,macron,en,2025-12-31,new_year_address,1,13,0.083,117,97,0.41973948,0.41973948,0.61,0.013854235,0.0,0.4893065,0.4893065,0.834,0.065203905,2.0618556,0.50059474,0.50059474,0.954,0.10142997,3.0927835,0.44008845,0.44008845,0.838,0.046173453,1.0309278,0.40388685,0.40388685,0.698,0.025371581,1.0309278,0.43594164,0.43594164,0.802,0.04319364,0.0,0.5074055,0.5074055,0.882,0.062271744,0.0,0.38767403,0.38767403,0.454,-0.0103978515,1.0309278,0.41554016,0.41554016,0.518,0.004120052,0.42253613,0.42253613,0.654,0.024113297,0.36970353,0.36970353,0.294,-0.034945577,0.39143875,0.39143875,0.166,-0.062003702,0.35811612,0.35811612,0.402,-0.01941806,0.51225126,0.51225126,0.938,0.088366985,0.45219457,0.45219457,0.682,0.02123171,economy_welfare,0.07199997,0.99943525,0.9963465,0.9350506,0.9957519,0.96713203,0.2844269,0.85262895,0.0018243825,0.001126954,0.7857199,0.9075583,0.8940286,0.04449367,0.9996479,0.99982464,national_identity
macron2025_c002,macron2025,macron,en,2025-12-31,new_year_address,2,13,0.167,142,120,0.39499262,0.39499262,0.466,-0.01089263,0.0,0.49051145,0.49051145,0.85,0.06640884,2.5,0.4465869,0.4465869,0.818,0.04742214,0.8333333,0.4698982,0.4698982,0.918,0.0759832,4.1666665,0.3761483,0.3761483,0.522,-0.00236696,0.0,0.41640055,0.41640055,0.682,0.023652554,0.0,0.5243928,0.5243928,0.946,0.07925901,0.0,0.4233366,0.4233366,0.682,0.02526471,0.0,0.5343497,0.5343497,0.986,0.12292957,0.41563845,0.41563845,0.61,0.01721561,0.38210607,0.38210607,0.366,-0.022543043,0.4242555,0.4242555,0.362,-0.029186964,0.43752134,0.43752134,0.846,0.059987158,0.40112627,0.40112627,0.358,-0.022758007,0.3712576,0.3712576,0.102,-0.059705257,crisis_resilience,0.027999997,0.025011599,0.32431564,0.0026496775,0.9988441,0.00059302105,0.0007110568,0.070064865,0.00020263404,0.99741405,0.0004068575,0.9967649,0.00061662967,0.9995253,0.0015070488,0.00044162435,foreign_policy
macron2025_c003,macron2025,macron,en,2025-12-31,new_year_address,3,13,0.25,160,136,0.34655073,0.34655073,0.174,-0.059334517,0.7352941,0.43361247,0.43361247,0.574,0.0095098615,0.7352941,0.43320417,0.43320417,0.754,0.034039408,0.7352941,0.37201273,0.37201273,0.374,-0.021902263,0.0,0.37388462,0.37388462,0.494,-0.004630655,0.7352941,0.3590256,0.3590256,0.286,-0.0337224,0.7352941,0.45464817,0.45464817,0.554,0.009514391,0.7352941,0.43194225,0.43194225,0.738,0.03387037,0.0,0.4315446,0.4315446,0.614,0.020124495,0.37112996,0.37112996,0.302,-0.027292877,0.34161514,0.34161514,0.178,-0.06303397,0.505666,0.505666,0.786,0.052223563,0.33365273,0.33365273,0.23,-0.043881446,0.36602944,0.36602944,0.154,-0.05785483,0.53026175,0.53026175,0.97,0.099298894,economy_welfare,0.016000032,0.95838225,0.00046010586,0.7490872,0.07257095,0.9897909,0.99753934,0.9801483,0.5350984,0.0007236573,0.009965281,0.02008101,0.9991374,0.029215133,0.93683624,0.9988051,social_solidarity
macron2025_c004,macron2025,macron,en,2025-12-31,new_year_address,4,13,0.333,173,155,0.31485718,0.31485718,0.058,-0.091028064,0.0,0.3611781,0.3611781,0.13,-0.062924504,0.0,0.33603495,0.33603495,0.126,-0.06312981,0.0,0.34756613,0.34756613,0.174,-0.04634887,0.6451613,0.3309123,0.3309123,0.186,-0.04760298,0.6451613,0.30312154,0.30312154,0.054,-0.08962646,1.9354838,0.36679453,0.36679453,0.066,-0.07833925,0.0,0.3991844,0.3991844,0.526,0.0011125207,0.6451613,0.31946665,0.31946665,0.062,-0.09195346,0.31422183,0.31422183,0.046,-0.08420101,0.2806807,0.2806807,0.014,-0.12396842,0.40744627,0.40744627,0.218,-0.04599619,0.29444402,0.29444402,0.07,-0.08309016,0.368808,0.368808,0.166,-0.05507627,0.43726403,0.43726403,0.542,0.0063011646,future_reform_technology,0.34000003,0.96759444,0.0005506248,0.12863456,0.9844115,0.97541356,0.89747083,0.19686481,0.0002551414,0.000513258,0.50884914,0.5510906,0.9963287,0.02772972,0.9997159,0.9993576,foreign_policy
macron2025_c005,macron2025,macron,en,2025-12-31,new_year_address,5,13,0.417,85,72,0.37929815,0.37929815,0.362,-0.026587099,0.0,0.3744101,0.3744101,0.206,-0.04969251,0.0,0.354324,0.354324,0.214,-0.044840753,0.0,0.34687594,0.34687594,0.17,-0.04703906,0.0,0.4060354,0.4060354,0.71,0.02752012,1.3888888,0.4219207,0.4219207,0.714,0.029172689,0.0,0.44644898,0.44644898,0.49,0.0013152063,1.3888888,0.38332057,0.38332057,0.406,-0.014751315,0.0,0.37174794,0.37174794,0.226,-0.039672166,0.40625954,0.40625954,0.546,0.0078366995,0.4447205,0.4447205,0.742,0.040071398,0.5085871,0.5085871,0.794,0.055144668,0.34964246,0.34964246,0.326,-0.027891725,0.50670695,0.50670695,0.926,0.08282268,0.46955147,0.46955147,0.822,0.038588613,social_solidarity,0.004000008,0.7009972,0.00283385,0.039713256,0.0062655327,0.9971717,0.9990728,0.9481545,0.0008492456,0.0013250223,0.3450225,0.8740235,0.9858277,0.9719659,0.9994494,0.99868524,social_solidarity
macron2025_c006,macron2025,macron,en,2025-12-31,new_year_address,6,13,0.5,99,88,0.32788557,0.32788557,0.098,-0.07799968,2.2727273,0.43301427,0.43301427,0.57,0.008911669,1.1363636,0.3636316,0.3636316,0.282,-0.03553316,0.0,0.32486615,0.32486615,0.082,-0.06904885,0.0,0.36434603,0.36434603,0.394,-0.014169246,0.0,0.3811913,0.3811913,0.43,-0.011556685,0.0,0.38500178,0.38500178,0.13,-0.060131997,0.0,0.44412422,0.44412422,0.798,0.046052337,1.1363636,0.36427236,0.36427236,0.198,-0.04714775,0.33781755,0.33781755,0.106,-0.060605288,0.36824095,0.36824095,0.286,-0.036408156,0.49405998,0.49405998,0.734,0.040617526,0.29621154,0.29621154,0.074,-0.08132264,0.39982098,0.39982098,0.346,-0.02406329,0.54853153,0.54853153,0.994,0.11756867,future_reform_technology,0.22799999,0.9962783,0.9986276,0.00018199887,0.25659907,0.995488,0.9953725,0.27279875,0.6750153,0.0014579035,0.33366606,0.0033050787,0.9995506,0.22191927,0.95836425,0.99969995,security_military
macron2025_c007,macron2025,macron,en,2025-12-31,new_year_address,7,13,0.583,98,84,0.34755942,0.34755942,0.19,-0.058325827,0.0,0.42621288,0.42621288,0.526,0.0021102726,0.0,0.36976022,0.36976022,0.334,-0.02940455,0.0,0.4207023,0.4207023,0.698,0.02678731,1.1904762,0.4477883,0.4477883,0.894,0.069273025,3.5714285,0.33905244,0.33905244,0.166,-0.05369556,0.0,0.42011258,0.42011258,0.31,-0.025021195,0.0,0.4236464,0.4236464,0.694,0.025574505,0.0,0.4260707,0.4260707,0.586,0.014650583,0.38190988,0.38190988,0.39,-0.01651296,0.4200233,0.4200233,0.542,0.015374184,0.5115526,0.5115526,0.806,0.058110118,0.36212328,0.36212328,0.438,-0.0154109,0.37708884,0.37708884,0.218,-0.046795428,0.4795733,0.4795733,0.874,0.04861045,democracy_institutions,0.19599998,0.99250674,0.07084834,0.013229195,0.5175709,0.97505975,0.97560596,0.6071974,0.015291644,0.002688672,0.80032164,0.01717671,0.9998413,0.4771887,0.534491,0.9998051,national_identity
macron2025_c008,macron2025,macron,en,2025-12-31,new_year_address,8,13,0.667,169,146,0.5143881,0.5143881,0.942,0.108502835,4.109589,0.40542084,0.40542084,0.37,-0.018681765,0.0,0.40100875,0.40100875,0.558,0.0018439889,0.0,0.3690599,0.3690599,0.342,-0.024855107,0.0,0.36077148,0.36077148,0.354,-0.017743796,0.0,0.4589934,0.4589934,0.858,0.06624541,0.6849315,0.45913404,0.45913404,0.586,0.014000267,1.369863,0.40053242,0.40053242,0.538,0.0024605393,0.0,0.40047884,0.40047884,0.43,-0.010941267,0.4580447,0.4580447,0.886,0.05962187,0.36410224,0.36410224,0.258,-0.040546864,0.4492131,0.4492131,0.514,-0.004229367,0.4044867,0.4044867,0.69,0.026952505,0.45494622,0.45494622,0.706,0.031061947,0.4259283,0.4259283,0.442,-0.005034566,national_identity,0.08399999,0.9971799,0.002078915,0.00082313846,0.37186345,0.05781161,0.9987696,0.8993315,0.00034330005,0.0026112478,0.93795377,0.94303364,0.03599912,0.1524734,0.580352,0.97609496,social_solidarity
macron2025_c009,macron2025,macron,en,2025-12-31,new_year_address,9,13,0.75,47,44,0.4478134,0.4478134,0.742,0.041928142,0.0,0.48669714,0.48669714,0.822,0.06259453,0.0,0.45286453,0.45286453,0.834,0.05369976,0.0,0.4967534,0.4967534,0.97,0.1028384,4.5454545,0.47561777,0.47561777,0.97,0.09710249,4.5454545,0.4494011,0.4494011,0.838,0.056653112,0.0,0.5096461,0.5096461,0.886,0.06451234,0.0,0.42759922,0.42759922,0.714,0.029527336,0.0,0.48219937,0.48219937,0.878,0.070779264,0.48701128,0.48701128,0.942,0.08858845,0.41252667,0.41252667,0.51,0.0078775585,0.48561275,0.48561275,0.686,0.032170296,0.44269106,0.44269106,0.87,0.06515688,0.42076248,0.42076248,0.474,-0.0031217933,0.44441605,0.44441605,0.594,0.013453186,foreign_policy,0.0,0.16954334,0.03387598,0.00021654407,0.9701269,0.8735523,0.6863701,0.99755615,0.00045563653,0.09488717,0.0012594985,0.18374005,0.9316493,0.9931495,0.9059898,0.979919,crisis_resilience
macron2025_c010,macron2025,macron,en,2025-12-31,new_year_address,10,13,0.833,172,150,0.3901262,0.3901262,0.442,-0.01575905,0.0,0.48830608,0.48830608,0.826,0.06420347,2.0,0.44270724,0.44270724,0.806,0.043542475,2.0,0.46077865,0.46077865,0.894,0.066863656,5.3333335,0.3631413,0.3631413,0.374,-0.015373975,0.0,0.35227463,0.35227463,0.242,-0.04047337,0.0,0.45023048,0.45023048,0.502,0.005096704,0.0,0.41224998,0.41224998,0.59,0.014178097,0.0,0.4484211,0.4484211,0.742,0.037000984,0.39758676,0.39758676,0.51,-0.00083607435,0.34041214,0.34041214,0.166,-0.06423697,0.44500223,0.44500223,0.478,-0.008440226,0.36491963,0.36491963,0.454,-0.012614548,0.36957258,0.36957258,0.174,-0.054311693,0.43406582,0.43406582,0.506,0.0031029582,foreign_policy,0.06800002,0.9931162,0.97409815,0.010453676,0.9993857,0.7265227,0.44046926,0.9410341,0.0053954097,0.055939063,0.9338543,0.5970206,0.9883353,0.73578405,0.9924227,0.99961853,foreign_policy
macron2025_c011,macron2025,macron,en,2025-12-31,new_year_address,11,13,0.917,104,88,0.37355298,0.37355298,0.302,-0.03233227,0.0,0.38227198,0.38227198,0.238,-0.04183063,0.0,0.4337606,0.4337606,0.758,0.034595847,2.2727273,0.40013677,0.40013677,0.538,0.0062217712,2.2727273,0.34710145,0.34710145,0.266,-0.031413823,0.0,0.3772958,0.3772958,0.402,-0.015452206,0.0,0.4313132,0.4313132,0.39,-0.013820589,0.0,0.51537055,0.51537055,0.958,0.11729866,0.0,0.38929367,0.38929367,0.354,-0.022126436,0.41193032,0.41193032,0.57,0.013507485,0.39544785,0.39544785,0.43,-0.009201258,0.5189984,0.5189984,0.822,0.06555593,0.34951043,0.34951043,0.322,-0.02802375,0.37659967,0.37659967,0.21,-0.047284603,0.42752525,0.42752525,0.466,-0.0034376085,future_reform_technology,0.19999999,0.8773455,0.0011203774,0.38771933,0.96246195,0.012419668,0.99799275,0.16930284,0.9898989,0.0019418169,0.076856844,0.16072658,0.9929882,0.01275956,0.9572678,0.99906373,social_solidarity
macron2025_c012,macron2025,macron,en,2025-12-31,new_year_address,12,13,1.0,188,149,0.44406164,0.44406164,0.702,0.038176388,2.0134227,0.37882107,0.37882107,0.218,-0.04528153,0.0,0.37040997,0.37040997,0.338,-0.0287548,1.3422819,0.38247046,0.38247046,0.43,-0.011444539,0.0,0.32995817,0.32995817,0.166,-0.048557103,0.67114097,0.4018745,0.4018745,0.57,0.009126514,1.3422819,0.45153654,0.45153654,0.51,0.0064027607,0.0,0.48868817,0.48868817,0.926,0.090616286,2.0134227,0.3918188,0.3918188,0.366,-0.019601315,0.4057206,0.4057206,0.538,0.0072977543,0.42639893,0.42639893,0.586,0.021749824,0.52354693,0.52354693,0.854,0.07010448,0.3538838,0.3538838,0.39,-0.023650378,0.40668577,0.40668577,0.406,-0.017198503,0.41136783,0.41136783,0.342,-0.019595027,future_reform_technology,0.22399998,0.94391894,0.00019716943,0.018475594,0.24791911,0.007018599,0.9448423,0.24481405,0.013402404,0.0006641048,0.6913541,0.27091402,0.2691815,0.09687655,0.99469805,0.99916226,social_solidarity
merkel1_c000,merkel1,merkel,en,2016-12-31,new_year_address,0,10,0.0,130,105,0.38822508,0.38822508,0.426,-0.01766017,0.95238096,0.4774655,0.4774655,0.794,0.053362906,0.95238096,0.34258345,0.34258345,0.154,-0.05658132,0.0,0.37024307,0.37024307,0.354,-0.023671925,0.0,0.36435002,0.36435002,0.398,-0.014165252,0.0,0.3529184,0.3529184,0.254,-0.03982961,0.0,0.4693973,0.4693973,0.686,0.024263531,0.95238096,0.34463695,0.34463695,0.178,-0.05343494,0.0,0.47131562,0.47131562,0.838,0.059895515,0.37010372,0.37010372,0.29,-0.02831912,0.42673528,0.42673528,0.59,0.022086173,0.4046926,0.4046926,0.206,-0.048749864,0.38524795,0.38524795,0.59,0.007713765,0.4012317,0.4012317,0.362,-0.022652566,0.38936383,0.38936383,0.198,-0.041599035,security_military,0.10800004,0.998914,0.32519904,0.0006399274,0.9825909,0.0027764852,0.49194404,0.9993575,0.00032886604,0.062703066,0.0014062385,0.99418,0.0056969593,0.9968211,0.300335,0.99846923,crisis_resilience
merkel1_c001,merkel1,merkel,en,2016-12-31,new_year_address,1,10,0.111,84,74,0.37581444,0.37581444,0.318,-0.030070812,0.0,0.5101813,0.5101813,0.942,0.0860787,1.3513514,0.32250443,0.32250443,0.078,-0.076660335,0.0,0.35982472,0.35982472,0.278,-0.03409028,0.0,0.33887404,0.33887404,0.222,-0.03964123,0.0,0.37550652,0.37550652,0.378,-0.017241478,0.0,0.45493612,0.45493612,0.558,0.009802341,0.0,0.27362436,0.27362436,0.022,-0.124447525,0.0,0.50553054,0.50553054,0.966,0.09411043,0.36361247,0.36361247,0.23,-0.034810364,0.31712368,0.31712368,0.102,-0.08752543,0.31896952,0.31896952,0.022,-0.13447294,0.45496,0.45496,0.882,0.07742581,0.38952422,0.38952422,0.27,-0.03436005,0.38396925,0.38396925,0.166,-0.046993613,security_military,0.38399994,0.9981828,0.9829465,0.0027629982,0.89246887,0.93406516,0.96570605,0.9945941,0.012612781,0.8822758,0.2532141,0.7164171,0.03799938,0.9912378,0.15776843,0.9978552,national_identity
merkel1_c002,merkel1,merkel,en,2016-12-31,new_year_address,2,10,0.222,114,100,0.3821956,0.3821956,0.386,-0.023689657,0.0,0.45543766,0.45543766,0.694,0.031335056,2.0,0.32732376,0.32732376,0.094,-0.071841,0.0,0.34546554,0.34546554,0.158,-0.048449457,1.0,0.34774888,0.34774888,0.278,-0.030766398,0.0,0.41563076,0.41563076,0.674,0.02288276,1.0,0.48278576,0.48278576,0.794,0.037651986,0.0,0.3095407,0.3095407,0.062,-0.088531196,0.0,0.44340205,0.44340205,0.714,0.031981945,0.42224625,0.42224625,0.65,0.02382341,0.36339223,0.36339223,0.25,-0.041256875,0.35179055,0.35179055,0.046,-0.10165191,0.3834756,0.3834756,0.574,0.005941421,0.42900354,0.42900354,0.542,0.005119264,0.3717184,0.3717184,0.106,-0.059244454,crisis_resilience,0.100000024,0.57075006,0.001348488,0.0002516777,0.0053588487,0.011255424,0.9980468,0.9956937,0.00013631707,0.056861553,0.25098163,0.8786921,0.0006719278,0.9994947,0.8487843,0.9990601,social_solidarity
merkel1_c003,merkel1,merkel,en,2016-12-31,new_year_address,3,10,0.333,105,90,0.45808524,0.45808524,0.794,0.05219999,0.0,0.51249504,0.51249504,0.95,0.08839244,2.2222223,0.36001426,0.36001426,0.258,-0.039150506,0.0,0.42464784,0.42464784,0.718,0.03073284,1.1111112,0.4436126,0.4436126,0.89,0.06509733,2.2222223,0.45711064,0.45711064,0.85,0.064362645,2.2222223,0.48471552,0.48471552,0.798,0.039581746,0.0,0.35370648,0.35370648,0.222,-0.044365406,0.0,0.48440245,0.48440245,0.886,0.07298234,0.44823533,0.44823533,0.846,0.049812496,0.4274473,0.4274473,0.61,0.02279818,0.42093647,0.42093647,0.342,-0.03250599,0.43396977,0.43396977,0.826,0.056435585,0.44530806,0.44530806,0.642,0.021423787,0.3953355,0.3953355,0.234,-0.035627365,security_military,0.060000002,0.9996724,0.9953814,0.00010391069,0.6486889,0.8040984,0.6550878,0.7854539,0.00011774458,0.11910043,0.9964099,0.9987082,0.27705714,0.9222375,0.9988686,0.9971991,national_identity
merkel1_c004,merkel1,merkel,en,2016-12-31,new_year_address,4,10,0.444,148,125,0.39787185,0.39787185,0.478,-0.008013397,1.6,0.4801997,0.4801997,0.798,0.05609709,1.6,0.4095521,0.4095521,0.614,0.010387331,0.0,0.41235375,0.41235375,0.618,0.018438756,1.6,0.49163938,0.49163938,0.978,0.1131241,2.4,0.40395772,0.40395772,0.582,0.011209726,1.6,0.4485513,0.4485513,0.494,0.0034175217,0.0,0.40745276,0.40745276,0.562,0.009380877,0.0,0.4508437,0.4508437,0.754,0.039423585,0.4107794,0.4107794,0.558,0.0123565495,0.42916518,0.42916518,0.626,0.024516076,0.44827092,0.44827092,0.502,-0.0051715374,0.41238913,0.41238913,0.73,0.03485495,0.43112653,0.43112653,0.554,0.0072422624,0.4513276,0.4513276,0.67,0.020364732,democracy_institutions,0.18,0.011408596,0.5985469,0.0012768145,0.98135537,0.99849004,0.77919585,0.91909957,0.00040765258,0.0023413408,0.15915205,0.98668766,0.041152887,0.99203116,0.11638373,0.99812514,democracy_institutions
merkel1_c005,merkel1,merkel,en,2016-12-31,new_year_address,5,10,0.556,140,124,0.3866194,0.3866194,0.406,-0.01926586,1.6129032,0.33991203,0.33991203,0.09,-0.08419058,0.0,0.34231555,0.34231555,0.15,-0.05684921,0.0,0.42865905,0.42865905,0.746,0.034744054,2.419355,0.320618,0.320618,0.11,-0.05789727,0.0,0.32162175,0.32162175,0.098,-0.07112625,0.0,0.3943486,0.3943486,0.186,-0.050785184,0.8064516,0.37726533,0.37726533,0.37,-0.020806551,0.8064516,0.3688528,0.3688528,0.218,-0.042567313,0.38026354,0.38026354,0.386,-0.0181593,0.31446618,0.31446618,0.098,-0.09018293,0.34935212,0.34935212,0.042,-0.10409033,0.384617,0.384617,0.578,0.00708282,0.30410326,0.30410326,0.018,-0.11978102,0.32781994,0.32781994,0.022,-0.10314292,foreign_policy,0.34,0.98730177,0.771198,0.007853846,0.9983547,0.569284,0.9597243,0.98615146,0.00025915823,0.0014076105,0.43746302,0.6437773,0.011687259,0.9945836,0.5565201,0.99142253,foreign_policy
merkel1_c006,merkel1,merkel,en,2016-12-31,new_year_address,6,10,0.667,124,105,0.38336146,0.38336146,0.394,-0.02252379,0.0,0.36743933,0.36743933,0.166,-0.056663275,0.0,0.3407611,0.3407611,0.142,-0.05840367,0.0,0.35359198,0.35359198,0.246,-0.04032302,0.0,0.56334233,0.56334233,0.998,0.18482706,3.8095238,0.3855158,0.3855158,0.474,-0.007232189,0.0,0.3904599,0.3904599,0.162,-0.05467388,0.0,0.38119176,0.38119176,0.398,-0.016880125,0.0,0.40805864,0.40805864,0.474,-0.0033614635,0.42694682,0.42694682,0.71,0.028523982,0.37667322,0.37667322,0.334,-0.027975887,0.432966,0.432966,0.414,-0.02047646,0.43537724,0.43537724,0.838,0.05784306,0.40459457,0.40459457,0.382,-0.019289702,0.40296358,0.40296358,0.282,-0.027999282,democracy_institutions,0.52400005,0.34290153,0.00044945232,0.0001344663,0.32525256,0.9832467,0.9849129,0.041715283,0.0004305571,0.0002879765,0.42030215,0.01756003,0.056548133,0.9484896,0.22042634,0.9981215,social_solidarity
merkel1_c007,merkel1,merkel,en,2016-12-31,new_year_address,7,10,0.778,100,91,0.36060464,0.36060464,0.238,-0.045280606,0.0,0.36547345,0.36547345,0.162,-0.058629155,0.0,0.54555976,0.54555976,0.986,0.146395,4.3956046,0.36606196,0.36606196,0.314,-0.027853042,1.0989012,0.36611953,0.36611953,0.438,-0.01239574,0.0,0.43139863,0.43139863,0.77,0.038650632,1.0989012,0.46203768,0.46203768,0.622,0.016903907,0.0,0.42316568,0.42316568,0.678,0.025093794,0.0,0.34860647,0.34860647,0.15,-0.06281364,0.39685965,0.39685965,0.506,-0.0015631914,0.3426901,0.3426901,0.186,-0.061959,0.4152732,0.4152732,0.29,-0.038169265,0.3229455,0.3229455,0.162,-0.054588675,0.41524982,0.41524982,0.442,-0.008634448,0.4134388,0.4134388,0.362,-0.017524064,economy_welfare,0.21600002,0.40380195,0.00029944474,0.9996208,0.10634207,0.032176647,0.996643,0.8480897,0.03365297,0.00082958915,0.13134025,0.590425,0.9752726,0.025871078,0.075295314,0.9488225,economy_welfare
merkel1_c008,merkel1,merkel,en,2016-12-31,new_year_address,8,10,0.889,84,77,0.4030165,0.4030165,0.502,-0.0028687418,0.0,0.37853822,0.37853822,0.214,-0.045564383,0.0,0.46058577,0.46058577,0.854,0.061421007,0.0,0.42626163,0.42626163,0.73,0.032346636,1.2987013,0.37442404,0.37442404,0.502,-0.004091233,0.0,0.37704486,0.37704486,0.394,-0.015703142,0.0,0.46797615,0.46797615,0.67,0.022842377,0.0,0.54026705,0.54026705,0.986,0.14219517,2.5974026,0.40430945,0.40430945,0.45,-0.0071106553,0.42275414,0.42275414,0.666,0.024331301,0.37007523,0.37007523,0.298,-0.034573883,0.50495446,0.50495446,0.778,0.051512003,0.38239568,0.38239568,0.558,0.004861504,0.40106657,0.40106657,0.354,-0.022817701,0.42683727,0.42683727,0.454,-0.004125595,future_reform_technology,0.13200003,0.45423007,0.00073791953,0.0077932025,0.76812494,0.063540444,0.75428206,0.037856843,0.8172283,0.0009888597,0.17126901,0.00046190585,0.8438951,0.26812616,0.9557135,0.91425246,future_reform_technology
merkel1_c009,merkel1,merkel,en,2016-12-31,new_year_address,9,10,1.0,120,96,0.43338248,0.43338248,0.654,0.027497232,0.0,0.44010565,0.44010565,0.61,0.016003042,0.0,0.47195593,0.47195593,0.894,0.07279116,1.0416666,0.4178852,0.4178852,0.682,0.023970217,0.0,0.42251563,0.42251563,0.81,0.044000357,1.0416666,0.5055518,0.5055518,0.962,0.11280382,4.1666665,0.49532935,0.49532935,0.838,0.050195575,0.0,0.44938904,0.44938904,0.814,0.051317155,1.0416666,0.425018,0.425018,0.578,0.013597906,0.4918831,0.4918831,0.958,0.09346026,0.48095953,0.48095953,0.902,0.076310426,0.5504539,0.5504539,0.926,0.09701145,0.38639376,0.38639376,0.602,0.008859575,0.48482698,0.48482698,0.854,0.06094271,0.46993947,0.46993947,0.83,0.03897661,social_solidarity,0.06800002,0.9455253,0.00047749255,0.9174322,0.35818467,0.008511303,0.9922595,0.2008196,0.00029308183,0.00059186463,0.49325597,0.021206122,0.59822416,0.37164962,0.9921954,0.99858135,social_solidarity
merkel2_c000,merkel2,merkel,en,2017-12-31,new_year_address,0,10,0.0,104,94,0.4937294,0.4937294,0.906,0.08784416,1.0638298,0.4161259,0.4161259,0.454,-0.007976711,1.0638298,0.38718298,0.38718298,0.434,-0.011981785,0.0,0.41661304,0.41661304,0.662,0.022698045,0.0,0.39487183,0.39487183,0.658,0.016356558,0.0,0.5132389,0.5132389,0.974,0.12049091,0.0,0.44301543,0.44301543,0.474,-0.002118349,0.0,0.41039947,0.41039947,0.586,0.012327582,0.0,0.45472908,0.45472908,0.774,0.043308973,0.5006275,0.5006275,0.97,0.10220468,0.45062733,0.45062733,0.786,0.04597822,0.45848823,0.45848823,0.55,0.0050457716,0.47769183,0.47769183,0.93,0.10015765,0.4473737,0.4473737,0.654,0.023489416,0.4067083,0.4067083,0.31,-0.02425456,social_solidarity,0.06799996,0.9890024,0.00027318776,0.00019373452,0.78281814,0.08173938,0.8825291,0.014461765,0.00014147001,0.00010658252,0.10127791,0.50993216,0.018281797,0.73249614,0.94224155,0.007651031,national_identity
merkel2_c001,merkel2,merkel,en,2017-12-31,new_year_address,1,10,0.111,88,77,0.46159124,0.46159124,0.81,0.055705994,0.0,0.38494846,0.38494846,0.254,-0.039154142,0.0,0.43208027,0.43208027,0.742,0.032915503,2.5974026,0.41282758,0.41282758,0.634,0.018912584,0.0,0.4521814,0.4521814,0.91,0.073666126,1.2987013,0.501671,0.501671,0.958,0.10892302,3.8961039,0.42103475,0.42103475,0.314,-0.024099022,0.0,0.3657794,0.3657794,0.298,-0.032292485,0.0,0.36957902,0.36957902,0.222,-0.04184109,0.43909532,0.43909532,0.786,0.04067248,0.3568317,0.3568317,0.226,-0.04781741,0.37901694,0.37901694,0.126,-0.07442552,0.37467194,0.37467194,0.526,-0.0028622448,0.45382714,0.45382714,0.698,0.02994287,0.38484994,0.38484994,0.17,-0.046112925,social_solidarity,0.047999978,0.996016,0.00025613973,0.9995979,0.9512555,0.99916226,0.99974734,0.0027683855,0.003383191,0.00012856025,0.99922067,0.9840016,0.44480592,0.07214488,0.99926776,0.99931616,social_solidarity
merkel2_c002,merkel2,merkel,en,2017-12-31,new_year_address,2,10,0.222,88,80,0.3645898,0.3645898,0.254,-0.04129544,0.0,0.34290105,0.34290105,0.094,-0.08120155,0.0,0.40346718,0.40346718,0.582,0.0043024123,0.0,0.3340886,0.3340886,0.106,-0.059826404,0.0,0.3302223,0.3302223,0.17,-0.048292965,0.0,0.40400255,0.40400255,0.586,0.011254549,0.0,0.39711165,0.39711165,0.198,-0.04802212,0.0,0.36908197,0.36908197,0.322,-0.028989911,0.0,0.38058648,0.38058648,0.274,-0.030833632,0.35233822,0.35233822,0.178,-0.046084613,0.33990282,0.33990282,0.162,-0.06474629,0.3836106,0.3836106,0.138,-0.06983185,0.40961614,0.40961614,0.718,0.03208196,0.3695845,0.3695845,0.178,-0.05429977,0.3497247,0.3497247,0.034,-0.08123815,social_solidarity,0.004000008,0.96219647,0.31200305,0.012030544,0.06727043,0.24798745,0.9701552,0.99038494,0.00027265478,0.00022826715,0.000990791,0.072374016,0.0032603457,0.9837225,0.87423164,0.19960037,crisis_resilience
merkel2_c003,merkel2,merkel,en,2017-12-31,new_year_address,3,10,0.333,81,70,0.43755743,0.43755743,0.682,0.03167218,2.857143,0.42716724,0.42716724,0.546,0.0030646324,0.0,0.44205803,0.44205803,0.802,0.04289326,0.0,0.4368766,0.4368766,0.822,0.042961597,0.0,0.45461088,0.45461088,0.922,0.07609561,0.0,0.42843384,0.42843384,0.75,0.035685837,0.0,0.47259188,0.47259188,0.706,0.027458102,1.4285715,0.47369212,0.47369212,0.91,0.075620234,1.4285715,0.4416042,0.4416042,0.674,0.03018409,0.4568006,0.4568006,0.878,0.058377773,0.42319643,0.42319643,0.566,0.018547326,0.5197666,0.5197666,0.826,0.066324174,0.42910457,0.42910457,0.806,0.051570386,0.47231025,0.47231025,0.79,0.048425972,0.529789,0.529789,0.966,0.09882611,democracy_institutions,0.011999965,0.07978201,0.0004520923,0.0002976958,0.7342624,0.06650855,0.961098,0.0016974097,0.0002173914,0.00014539114,0.00060471025,0.00027372167,0.007584589,0.62623847,0.6934729,0.99930406,social_solidarity
merkel2_c004,merkel2,merkel,en,2017-12-31,new_year_address,4,10,0.444,91,78,0.3151142,0.3151142,0.062,-0.09077105,0.0,0.30155092,0.30155092,0.026,-0.12255168,0.0,0.48539922,0.48539922,0.926,0.08623445,2.5641026,0.3641216,0.3641216,0.302,-0.029793411,1.2820513,0.33479166,0.33479166,0.206,-0.043723613,0.0,0.39536425,0.39536425,0.538,0.0026162565,0.0,0.3807011,0.3807011,0.114,-0.06443268,0.0,0.46341094,0.46341094,0.882,0.06533906,1.2820513,0.3110302,0.3110302,0.046,-0.1003899,0.38469452,0.38469452,0.414,-0.013728321,0.31922364,0.31922364,0.106,-0.08542547,0.4339158,0.4339158,0.426,-0.01952666,0.30122626,0.30122626,0.094,-0.07630792,0.32953796,0.32953796,0.086,-0.094346315,0.3907961,0.3907961,0.206,-0.040166765,economy_welfare,0.04399997,0.25229192,0.0005484793,0.85128176,0.27757087,0.017644463,0.9951703,0.06785488,0.9896118,0.0005953407,0.14694206,0.65500504,0.9933201,0.5648787,0.161866,0.99849,social_solidarity
merkel2_c005,merkel2,merkel,en,2017-12-31,new_year_address,5,10,0.556,80,64,0.28325906,0.28325906,0.026,-0.122626185,0.0,0.3541727,0.3541727,0.11,-0.0699299,0.0,0.48987204,0.48987204,0.934,0.09070727,3.125,0.3435529,0.3435529,0.15,-0.05036211,0.0,0.35125208,0.35125208,0.31,-0.027263194,0.0,0.31055218,0.31055218,0.066,-0.08219582,1.5625,0.35607788,0.35607788,0.03,-0.089055896,0.0,0.5465801,0.5465801,0.994,0.14850819,6.25,0.33352888,0.33352888,0.102,-0.07789123,0.33755523,0.33755523,0.102,-0.060867608,0.29387942,0.29387942,0.03,-0.11076969,0.46124142,0.46124142,0.582,0.0077989697,0.29044348,0.29044348,0.058,-0.0870907,0.3195464,0.3195464,0.042,-0.10433787,0.44536602,0.44536602,0.61,0.014403164,future_reform_technology,0.060000002,0.0034496887,0.65290564,0.12874064,0.42667988,0.22659104,0.9865588,0.4125893,0.96538115,0.00012053648,0.0022040892,0.00032630764,0.91634387,0.00041487874,0.1765296,0.9967587,social_solidarity
merkel2_c006,merkel2,merkel,en,2017-12-31,new_year_address,6,10,0.667,110,93,0.36383837,0.36383837,0.246,-0.042046875,0.0,0.38480166,0.38480166,0.25,-0.03930095,2.1505377,0.46132535,0.46132535,0.858,0.06216058,0.0,0.3650475,0.3650475,0.31,-0.028867483,0.0,0.35098022,0.35098022,0.302,-0.027535051,0.0,0.4786684,0.4786684,0.918,0.08592039,6.451613,0.38997266,0.38997266,0.154,-0.05516112,0.0,0.38370997,0.38370997,0.414,-0.014361918,0.0,0.33737734,0.33737734,0.118,-0.07404277,0.37302428,0.37302428,0.314,-0.025398552,0.26179197,0.26179197,0.01,-0.14285713,0.40093207,0.40093207,0.194,-0.05251038,0.3123784,0.3123784,0.13,-0.065155774,0.37267077,0.37267077,0.182,-0.051213503,0.4496827,0.4496827,0.634,0.018719852,social_solidarity,0.060000002,0.9938906,0.0017961491,0.8949273,0.48145384,0.8758401,0.9923786,0.020488555,0.0017274587,0.00020582444,0.045352582,0.040077962,0.9658674,0.06354045,0.7748391,0.99951786,national_identity
merkel2_c007,merkel2,merkel,en,2017-12-31,new_year_address,7,10,0.778,113,95,0.42410213,0.42410213,0.63,0.018216878,0.0,0.4712636,0.4712636,0.77,0.047160983,1.0526316,0.3693344,0.3693344,0.33,-0.029830366,0.0,0.44865996,0.44865996,0.874,0.05474496,2.1052632,0.36277032,0.36277032,0.37,-0.015744954,0.0,0.41020292,0.41020292,0.622,0.017454922,2.1052632,0.42506924,0.42506924,0.35,-0.020064533,0.0,0.42894417,0.42894417,0.726,0.030872285,2.1052632,0.4136682,0.4136682,0.502,0.0022480786,0.42640048,0.42640048,0.706,0.027977645,0.41198772,0.41198772,0.502,0.0073386133,0.48149535,0.48149535,0.658,0.028052896,0.3738568,0.3738568,0.518,-0.0036773682,0.47366822,0.47366822,0.81,0.049783945,0.41490993,0.41490993,0.37,-0.016052932,foreign_policy,0.10400003,0.99459934,0.9988236,0.0010484693,0.9995299,0.47202936,0.99458355,0.465266,0.002157342,0.006576997,0.9293763,0.6638324,0.9910407,0.55892897,0.99978936,0.99824536,foreign_policy
merkel2_c008,merkel2,merkel,en,2017-12-31,new_year_address,8,10,0.889,91,84,0.35954636,0.35954636,0.222,-0.046338886,1.1904762,0.4006719,0.4006719,0.326,-0.023430705,1.1904762,0.3823873,0.3823873,0.406,-0.016777456,1.1904762,0.4801568,0.4801568,0.942,0.08624181,4.7619047,0.3439517,0.3439517,0.25,-0.03456357,0.0,0.4000499,0.4000499,0.558,0.007301897,3.5714285,0.40551567,0.40551567,0.222,-0.039618105,0.0,0.42782247,0.42782247,0.718,0.029750586,2.3809524,0.3924701,0.3924701,0.378,-0.018950015,0.4495551,0.4495551,0.858,0.05113226,0.28616711,0.28616711,0.018,-0.11848199,0.40265283,0.40265283,0.198,-0.050789624,0.37116382,0.37116382,0.49,-0.0063703656,0.33670953,0.33670953,0.094,-0.08717474,0.37651718,0.37651718,0.13,-0.054445684,foreign_policy,0.22399998,0.9987107,0.011755131,0.23300754,0.9995197,0.20537588,0.9291517,0.8386137,0.1683778,0.0003466678,0.9169687,0.0027900378,0.13075642,0.98046875,0.7817475,0.99696034,foreign_policy
merkel2_c009,merkel2,merkel,en,2017-12-31,new_year_address,9,10,1.0,165,133,0.44958824,0.44958824,0.758,0.04370299,1.5037594,0.41913766,0.41913766,0.474,-0.0049649477,0.0,0.39628667,0.39628667,0.51,-0.0028780997,0.0,0.4056722,0.4056722,0.558,0.011757195,0.0,0.46560323,0.46560323,0.938,0.08708796,2.255639,0.4890114,0.4890114,0.942,0.09626341,2.255639,0.45351994,0.45351994,0.534,0.008386165,0.0,0.41902113,0.41902113,0.658,0.020949244,0.0,0.4273458,0.4273458,0.594,0.015925705,0.46855438,0.46855438,0.906,0.07013154,0.43817163,0.43817163,0.702,0.033522516,0.4945286,0.4945286,0.742,0.041086137,0.40005878,0.40005878,0.662,0.022524595,0.45735514,0.45735514,0.722,0.03347087,0.4347589,0.4347589,0.518,0.003796041,social_solidarity,0.0039999485,0.9897117,0.00013109554,9.915273e-05,0.004977431,0.90995705,0.99978805,0.022032265,9.761566e-05,0.00018271108,0.57275265,0.0035831276,0.0069711157,0.9573377,0.9972208,0.98551035,social_solidarity
merkel2020_c000,merkel2020,merkel,en,2019-12-31,new_year_address,0,9,0.0,93,77,0.48940352,0.48940352,0.894,0.08351827,1.2987013,0.4346168,0.4346168,0.578,0.0105142,0.0,0.455059,0.455059,0.846,0.055894226,0.0,0.42732456,0.42732456,0.738,0.033409566,0.0,0.41359496,0.41359496,0.746,0.035079688,0.0,0.46549386,0.46549386,0.866,0.07274586,1.2987013,0.49909177,0.49909177,0.854,0.053958,0.0,0.4993054,0.4993054,0.946,0.10123351,0.0,0.44161278,0.44161278,0.678,0.030192673,0.472067,0.472067,0.914,0.07364416,0.53783137,0.53783137,0.986,0.13318226,0.61014855,0.61014855,0.994,0.1567061,0.42122406,0.42122406,0.782,0.043689877,0.47940755,0.47940755,0.834,0.055523276,0.5010828,0.5010828,0.922,0.07011992,future_reform_technology,0.051999986,0.947926,0.29279745,0.2379299,0.49169996,0.39256966,0.99695444,0.48145384,0.3911733,0.00015118202,0.7846493,0.03574581,0.9938728,0.27914634,0.9843213,0.99854493,social_solidarity
merkel2020_c001,merkel2020,merkel,en,2019-12-31,new_year_address,1,9,0.125,146,122,0.33123016,0.33123016,0.114,-0.074655086,0.0,0.32161468,0.32161468,0.046,-0.10248792,0.0,0.46902925,0.46902925,0.886,0.06986448,2.4590163,0.31521598,0.31521598,0.062,-0.07869902,0.0,0.33287036,0.33287036,0.198,-0.04564491,0.8196721,0.3323816,0.3323816,0.138,-0.060366392,0.0,0.36780062,0.36780062,0.074,-0.07733315,0.0,0.50950027,0.50950027,0.95,0.11142838,3.2786884,0.29822457,0.29822457,0.034,-0.11319554,0.36577362,0.36577362,0.258,-0.03264922,0.37673086,0.37673086,0.338,-0.02791825,0.4675452,0.4675452,0.61,0.014102757,0.27575105,0.27575105,0.026,-0.10178313,0.34957755,0.34957755,0.118,-0.07430673,0.39193228,0.39193228,0.21,-0.03903058,future_reform_technology,0.06400001,0.99777436,0.0009678616,0.1336412,0.82158154,0.06935242,0.99924016,0.06047389,0.99452007,0.00087447185,0.7958961,0.8224299,0.99881446,0.05023736,0.99243015,0.994303,social_solidarity
merkel2020_c002,merkel2020,merkel,en,2019-12-31,new_year_address,2,9,0.25,122,104,0.32175773,0.32175773,0.086,-0.084127516,0.0,0.3622505,0.3622505,0.138,-0.061852098,1.9230769,0.35009575,0.35009575,0.202,-0.049069017,0.0,0.34309164,0.34309164,0.146,-0.05082336,0.0,0.3079016,0.3079016,0.066,-0.07061368,0.0,0.3369122,0.3369122,0.154,-0.055835783,0.0,0.4639085,0.4639085,0.634,0.018774718,1.9230769,0.46843934,0.46843934,0.898,0.070367455,0.96153843,0.42608505,0.42608505,0.59,0.014664948,0.38640648,0.38640648,0.434,-0.012016356,0.31992438,0.31992438,0.114,-0.084724724,0.43357736,0.43357736,0.418,-0.019865096,0.3408474,0.3408474,0.274,-0.036686778,0.34655294,0.34655294,0.106,-0.077331334,0.4092106,0.4092106,0.326,-0.021752268,future_reform_technology,0.264,0.091098696,0.09971104,0.085479975,0.9266778,0.113334045,0.99635005,0.99982077,0.10141133,0.008038597,0.5754986,0.34482944,0.23890516,0.97223073,0.14596547,0.99885976,crisis_resilience
merkel2020_c003,merkel2020,merkel,en,2019-12-31,new_year_address,3,9,0.375,179,157,0.2595816,0.2595816,0.018,-0.14630365,0.0,0.32309014,0.32309014,0.05,-0.10101247,0.0,0.3343658,0.3343658,0.118,-0.06479898,0.6369427,0.30174688,0.30174688,0.046,-0.09216812,0.0,0.354984,0.354984,0.318,-0.023531288,0.6369427,0.3091729,0.3091729,0.058,-0.0835751,0.0,0.36702663,0.36702663,0.07,-0.07810715,0.0,0.43414208,0.43414208,0.75,0.036070198,1.910828,0.33085787,0.33085787,0.094,-0.080562234,0.31371877,0.31371877,0.042,-0.08470407,0.29726398,0.29726398,0.042,-0.10738513,0.37230775,0.37230775,0.09,-0.08113471,0.2509023,0.2509023,0.014,-0.12663189,0.30662626,0.30662626,0.026,-0.11725801,0.4276517,0.4276517,0.47,-0.0033111572,future_reform_technology,0.432,0.5042724,0.0004339326,0.051023602,0.7799091,0.9675945,0.96455586,0.8779223,0.00042305797,0.00036117696,0.026430637,0.97482115,0.1945399,0.019069158,0.8440719,0.9885694,democracy_institutions
merkel2020_c004,merkel2020,merkel,en,2019-12-31,new_year_address,4,9,0.5,152,126,0.36765796,0.36765796,0.278,-0.03822729,0.0,0.31460005,0.31460005,0.034,-0.109502554,0.0,0.4018373,0.4018373,0.562,0.0026725233,0.7936508,0.3125216,0.3125216,0.058,-0.08139339,0.0,0.39026922,0.39026922,0.63,0.011753947,1.5873016,0.46577734,0.46577734,0.874,0.07302934,3.9682539,0.3822325,0.3822325,0.122,-0.06290129,0.0,0.4414237,0.4414237,0.786,0.04335183,1.5873016,0.29393637,0.29393637,0.026,-0.117483735,0.35985422,0.35985422,0.222,-0.038568616,0.29627216,0.29627216,0.038,-0.10837695,0.39996958,0.39996958,0.19,-0.053472877,0.30474246,0.30474246,0.106,-0.072791725,0.37297744,0.37297744,0.186,-0.050906837,0.373246,0.373246,0.118,-0.057716846,social_solidarity,0.088,0.086419806,0.00020382457,0.01794314,0.003021945,0.7331654,0.9675332,0.013571314,0.9662197,0.00021444012,0.6595834,0.9473323,0.97848773,0.0016500911,0.961296,0.99785733,social_solidarity
merkel2020_c005,merkel2020,merkel,en,2019-12-31,new_year_address,5,9,0.625,82,68,0.403844,0.403844,0.506,-0.0020412505,0.0,0.44205773,0.44205773,0.622,0.017955124,0.0,0.3562856,0.3562856,0.218,-0.042879164,0.0,0.3752822,0.3752822,0.39,-0.0186328,0.0,0.5318128,0.5318128,0.99,0.15329751,1.4705882,0.43542916,0.43542916,0.79,0.042681158,0.0,0.41585958,0.41585958,0.286,-0.029274195,0.0,0.34781742,0.34781742,0.202,-0.050254464,0.0,0.43519026,0.43519026,0.642,0.023770154,0.40614876,0.40614876,0.542,0.0077259243,0.31947124,0.31947124,0.11,-0.08517787,0.35947123,0.35947123,0.054,-0.09397122,0.40814757,0.40814757,0.714,0.030613393,0.45073074,0.45073074,0.674,0.026846468,0.4450485,0.4450485,0.606,0.01408565,democracy_institutions,0.19999999,0.9913055,0.009840806,8.22019e-05,0.0058653387,0.9883127,0.999636,0.78837955,0.00019411319,0.02319763,0.01189205,0.33491564,0.043123376,0.0028118584,0.9997636,0.9995381,social_solidarity
merkel2020_c006,merkel2020,merkel,en,2019-12-31,new_year_address,6,9,0.75,99,88,0.44973415,0.44973415,0.762,0.043848902,1.1363636,0.44043386,0.44043386,0.614,0.016331255,0.0,0.43228516,0.43228516,0.746,0.033120394,1.1363636,0.44197065,0.44197065,0.846,0.04805565,2.2727273,0.45237535,0.45237535,0.914,0.07386008,2.2727273,0.51337165,0.51337165,0.978,0.12062365,4.5454545,0.4629243,0.4629243,0.63,0.017790526,0.0,0.39123094,0.39123094,0.478,-0.0068409443,0.0,0.41933006,0.41933006,0.538,0.007909954,0.48759845,0.48759845,0.946,0.08917561,0.37445793,0.37445793,0.326,-0.030191183,0.4244923,0.4244923,0.366,-0.028950155,0.40961915,0.40961915,0.722,0.03208497,0.530197,0.530197,0.962,0.10631275,0.4202789,0.4202789,0.394,-0.010683954,social_solidarity,0.06400001,0.87526816,0.02514291,0.07100922,0.6764062,0.64951605,0.9973581,0.06196107,0.00014912942,0.0002747927,0.9954704,0.7098243,0.0006106409,0.0019304941,0.99985576,0.93952614,social_solidarity
merkel2020_c007,merkel2020,merkel,en,2019-12-31,new_year_address,7,9,0.875,98,91,0.3467307,0.3467307,0.178,-0.05915454,0.0,0.4087522,0.4087522,0.386,-0.015350401,2.1978023,0.36548942,0.36548942,0.294,-0.033675343,0.0,0.5278802,0.5278802,0.986,0.1339652,4.3956046,0.34765017,0.34765017,0.274,-0.030865103,0.0,0.338565,0.338565,0.158,-0.054183006,0.0,0.3903383,0.3903383,0.158,-0.054795474,0.0,0.3873483,0.3873483,0.442,-0.010723591,0.0,0.4217494,0.4217494,0.554,0.010329306,0.44753855,0.44753855,0.838,0.049115717,0.3133859,0.3133859,0.09,-0.091263205,0.41985387,0.41985387,0.334,-0.03358859,0.3501526,0.3501526,0.33,-0.02738157,0.32293004,0.32293004,0.062,-0.100954235,0.39821813,0.39821813,0.258,-0.032744735,foreign_policy,0.544,0.12517227,0.044847902,0.00091283076,0.9998222,0.2678149,0.29938674,0.0571766,0.00043990326,0.21302909,0.92533123,0.043609522,0.86036915,0.5854567,0.06319268,0.9990169,foreign_policy
merkel2020_c008,merkel2020,merkel,en,2019-12-31,new_year_address,8,9,1.0,123,103,0.36464375,0.36464375,0.258,-0.041241497,0.0,0.4954493,0.4954493,0.882,0.0713467,2.9126213,0.4065997,0.4065997,0.602,0.0074349344,1.9417475,0.4001938,0.4001938,0.542,0.006278813,0.0,0.32622233,0.32622233,0.142,-0.052292943,0.0,0.39792603,0.39792603,0.55,0.0051780343,0.9708738,0.459741,0.459741,0.594,0.014607221,0.0,0.42406946,0.42406946,0.702,0.02599758,0.0,0.42764562,0.42764562,0.598,0.016225517,0.39546135,0.39546135,0.482,-0.0029614866,0.43605766,0.43605766,0.682,0.03140855,0.5419061,0.5419061,0.902,0.088463664,0.33939567,0.33939567,0.262,-0.03813851,0.4646291,0.4646291,0.738,0.04074484,0.42922935,0.42922935,0.486,-0.0017335117,security_military,0.18,0.06754668,0.9773492,0.65654814,0.004924511,0.15642679,0.99312955,0.027454607,0.003203718,0.0006538156,0.4785593,0.0009473091,0.6545636,0.041423477,0.99970865,0.9969956,social_solidarity
merkel3_c000,merkel3,merkel,en,2018-12-31,new_year_address,0,9,0.0,104,91,0.4146517,0.4146517,0.574,0.008766443,1.0989012,0.40176985,0.40176985,0.342,-0.022332758,0.0,0.39627188,0.39627188,0.506,-0.0028928816,0.0,0.41019952,0.41019952,0.594,0.016284525,0.0,0.42325145,0.42325145,0.814,0.044736177,0.0,0.41579682,0.41579682,0.678,0.023048818,0.0,0.46697167,0.46697167,0.666,0.02183789,0.0,0.4169941,0.4169941,0.65,0.01892221,0.0,0.43408945,0.43408945,0.63,0.022669345,0.43076342,0.43076342,0.722,0.032340586,0.5574776,0.5574776,0.994,0.15282848,0.49761507,0.49761507,0.746,0.044172615,0.43608743,0.43608743,0.842,0.05855325,0.47356397,0.47356397,0.802,0.049679697,0.46190396,0.46190396,0.766,0.030941099,democracy_institutions,0.13600004,0.02691231,0.0003360055,0.00018850983,0.40333182,0.22371608,0.75105524,0.19102566,0.000113234375,0.00014174657,0.00026634047,0.89670455,0.0039454065,0.7720584,0.576542,0.35761657,social_solidarity
merkel3_c001,merkel3,merkel,en,2018-12-31,new_year_address,1,9,0.125,98,87,0.34644493,0.34644493,0.17,-0.059440315,0.0,0.3822593,0.3822593,0.234,-0.041843295,0.0,0.3663656,0.3663656,0.314,-0.032799155,0.0,0.37271667,0.37271667,0.378,-0.021198332,0.0,0.42925063,0.42925063,0.838,0.050735354,1.1494253,0.36097142,0.36097142,0.294,-0.031776577,0.0,0.40724847,0.40724847,0.23,-0.03788531,0.0,0.36487246,0.36487246,0.294,-0.03319943,0.0,0.36352775,0.36352775,0.19,-0.047892362,0.38691783,0.38691783,0.442,-0.011505008,0.4393692,0.4393692,0.714,0.034720093,0.41500357,0.41500357,0.286,-0.038438886,0.33161655,0.33161655,0.218,-0.04591763,0.4091733,0.4091733,0.422,-0.014710963,0.42465276,0.42465276,0.422,-0.0063101053,democracy_institutions,0.46,0.99613065,0.26291278,0.008813166,0.7685595,0.99505633,0.97038054,0.39424467,0.00013420395,0.00031627135,0.99377084,0.9137535,0.0010242064,0.15071502,0.89054435,0.9991928,national_identity
merkel3_c002,merkel3,merkel,en,2018-12-31,new_year_address,2,9,0.25,104,93,0.4073105,0.4073105,0.526,0.0014252365,0.0,0.41925478,0.41925478,0.478,-0.0048478246,0.0,0.41626924,0.41626924,0.666,0.017104477,0.0,0.47616762,0.47616762,0.938,0.08225262,0.0,0.5064919,0.5064919,0.986,0.12797663,1.0752689,0.43728533,0.43728533,0.806,0.044537336,1.0752689,0.48083776,0.48083776,0.782,0.035703987,1.0752689,0.52715135,0.52715135,0.97,0.12907946,0.0,0.44065815,0.44065815,0.67,0.029238045,0.49784225,0.49784225,0.962,0.099419415,0.47150016,0.47150016,0.854,0.06685105,0.5370508,0.5370508,0.894,0.08360833,0.4205641,0.4205641,0.77,0.043029904,0.44178718,0.44178718,0.614,0.01790291,0.5048677,0.5048677,0.934,0.07390481,democracy_institutions,0.015999973,0.9335521,0.00498227,0.0057358136,0.60626537,0.96692866,0.9991991,0.93020505,0.00013685055,0.00038899208,0.9758776,0.99014014,0.00081993215,0.18565173,0.78353333,0.99927205,social_solidarity
merkel3_c003,merkel3,merkel,en,2018-12-31,new_year_address,3,9,0.375,101,89,0.3251709,0.3251709,0.09,-0.080714345,0.0,0.3352539,0.3352539,0.062,-0.08884871,0.0,0.30633393,0.30633393,0.03,-0.09283084,0.0,0.35484463,0.35484463,0.254,-0.039070368,2.247191,0.30297264,0.30297264,0.046,-0.07554263,0.0,0.31190896,0.31190896,0.074,-0.08083904,0.0,0.37900013,0.37900013,0.11,-0.06613365,0.0,0.3835041,0.3835041,0.41,-0.014567792,0.0,0.33927262,0.33927262,0.126,-0.07214749,0.34678394,0.34678394,0.158,-0.0516389,0.35637754,0.35637754,0.218,-0.048271567,0.38479128,0.38479128,0.146,-0.06865117,0.3075282,0.3075282,0.114,-0.07000598,0.32314983,0.32314983,0.066,-0.10073444,0.3272148,0.3272148,0.018,-0.10374805,future_reform_technology,0.15599999,0.78645885,0.14666685,8.156224e-05,0.53096616,0.00012267377,0.0032413602,0.014871001,0.10961042,5.9440885e-05,0.0042315875,0.9128643,0.24427286,0.6339345,0.57128835,0.72003007,national_identity
merkel3_c004,merkel3,merkel,en,2018-12-31,new_year_address,4,9,0.5,160,138,0.4103458,0.4103458,0.554,0.0044605434,0.0,0.46220332,0.46220332,0.726,0.03810072,1.4492754,0.39736995,0.39736995,0.526,-0.0017948151,0.0,0.51970613,0.51970613,0.978,0.12579113,2.173913,0.4084826,0.4084826,0.726,0.029967338,0.0,0.44465762,0.44465762,0.834,0.051909626,0.0,0.51463604,0.51463604,0.906,0.069502264,1.4492754,0.4233861,0.4233861,0.686,0.025314212,0.7246377,0.505008,0.505008,0.962,0.093587875,0.48569083,0.48569083,0.938,0.087267995,0.36177891,0.36177891,0.238,-0.042870194,0.40974447,0.40974447,0.234,-0.043697983,0.44089976,0.44089976,0.862,0.06336558,0.39804244,0.39804244,0.334,-0.025841832,0.40057778,0.40057778,0.262,-0.030385077,foreign_policy,0.07199997,0.289673,0.008429287,0.00047101182,0.9606205,0.3573152,0.105809614,0.9959259,0.0002178163,0.0379637,0.35329047,0.9931628,0.0040701376,0.7683097,0.010468839,0.95890486,crisis_resilience
merkel3_c005,merkel3,merkel,en,2018-12-31,new_year_address,5,9,0.625,87,79,0.35687822,0.35687822,0.21,-0.04900703,3.7974684,0.46616888,0.46616888,0.75,0.042066276,2.5316455,0.39500993,0.39500993,0.49,-0.004154831,0.0,0.5349749,0.5349749,0.994,0.14105988,5.063291,0.37558162,0.37558162,0.506,-0.0029336512,0.0,0.36857012,0.36857012,0.318,-0.02417788,1.2658228,0.42413142,0.42413142,0.342,-0.021002352,0.0,0.416316,0.416316,0.634,0.018244117,0.0,0.4130395,0.4130395,0.498,0.0016193986,0.43550473,0.43550473,0.77,0.037081897,0.33445618,0.33445618,0.142,-0.07019293,0.44877034,0.44877034,0.506,-0.00467211,0.35253802,0.35253802,0.37,-0.024996161,0.36458883,0.36458883,0.146,-0.059295446,0.45452738,0.45452738,0.698,0.023564517,foreign_policy,0.24400002,0.030516496,0.82976806,0.00021111623,0.9985335,0.033526164,0.00070828665,0.031232351,0.00013289992,0.0011626856,0.9180404,0.035611417,0.37153557,0.13925366,0.95300794,0.9978469,foreign_policy
merkel3_c006,merkel3,merkel,en,2018-12-31,new_year_address,6,9,0.75,122,103,0.41533387,0.41533387,0.582,0.009448618,0.9708738,0.4695896,0.4695896,0.758,0.045486987,2.9126213,0.44421676,0.44421676,0.81,0.045051992,1.9417475,0.39855006,0.39855006,0.526,0.004635066,1.9417475,0.43320155,0.43320155,0.854,0.054686278,0.9708738,0.48031762,0.48031762,0.922,0.087569624,1.9417475,0.4615837,0.4615837,0.618,0.016449928,0.9708738,0.41401163,0.41401163,0.61,0.015939742,0.9708738,0.42327964,0.42327964,0.566,0.011859536,0.45796466,0.45796466,0.882,0.05954182,0.4007371,0.4007371,0.458,-0.003912002,0.4652568,0.4652568,0.606,0.011814356,0.39212146,0.39212146,0.618,0.014587283,0.5269554,0.5269554,0.958,0.10307115,0.4406553,0.4406553,0.566,0.0096924305,social_solidarity,0.06800002,0.005307047,0.992718,0.2817019,0.73890465,0.50906277,0.99961627,0.050307296,0.00019910398,0.0013617033,0.44552952,0.011766483,0.18557791,0.005291605,0.999758,0.99937975,social_solidarity
merkel3_c007,merkel3,merkel,en,2018-12-31,new_year_address,7,9,0.875,136,119,0.41820988,0.41820988,0.59,0.012324631,0.0,0.42109022,0.42109022,0.502,-0.003012389,0.0,0.48251474,0.48251474,0.922,0.08334997,1.6806723,0.41507167,0.41507167,0.65,0.021156669,0.0,0.417426,0.417426,0.786,0.038910717,0.0,0.48214406,0.48214406,0.934,0.08939606,2.5210085,0.4757267,0.4757267,0.738,0.030592918,0.0,0.51619536,0.51619536,0.962,0.11812347,1.6806723,0.4341916,0.4341916,0.634,0.022771508,0.44387215,0.44387215,0.818,0.045449317,0.34219414,0.34219414,0.182,-0.06245497,0.46000957,0.46000957,0.574,0.0065671206,0.40667117,0.40667117,0.702,0.029136986,0.41811657,0.41811657,0.458,-0.005767703,0.45832026,0.45832026,0.742,0.0273574,future_reform_technology,0.027999997,0.99970865,0.0007643034,0.1305173,0.780955,0.7472011,0.9995635,0.9960315,0.39443418,9.87662e-05,0.4521353,0.0312915,0.8981875,0.99513257,0.7700327,0.9982488,national_identity
merkel3_c008,merkel3,merkel,en,2018-12-31,new_year_address,8,9,1.0,92,82,0.40763387,0.40763387,0.538,0.0017486215,0.0,0.4409737,0.4409737,0.618,0.016871095,0.0,0.41054174,0.41054174,0.622,0.011376977,0.0,0.40878862,0.40878862,0.586,0.014873624,0.0,0.38392174,0.38392174,0.574,0.005406469,0.0,0.47184274,0.47184274,0.894,0.07909474,3.6585367,0.4952556,0.4952556,0.834,0.050121814,0.0,0.46173972,0.46173972,0.866,0.063667834,1.2195122,0.44248015,0.44248015,0.698,0.03106004,0.48911238,0.48911238,0.954,0.09068954,0.4739421,0.4739421,0.862,0.06929299,0.5911989,0.5911989,0.982,0.13775647,0.37452924,0.37452924,0.522,-0.0030049384,0.4520076,0.4520076,0.686,0.02812332,0.46935946,0.46935946,0.818,0.038396597,social_solidarity,0.027999997,0.0044945255,0.00075246283,0.0069306716,0.0019006215,0.06465349,0.94251007,0.07942427,0.00040369257,0.000865981,0.17047347,0.0005930211,0.21485612,0.062645696,0.98664916,0.99934745,social_solidarity
putin2022_c000,putin2022,putin,en,2022-12-31,new_year_address,0,11,0.0,115,91,0.44722104,0.44722104,0.73,0.04133579,2.1978023,0.46605447,0.46605447,0.746,0.041951865,0.0,0.36713472,0.36713472,0.318,-0.032030046,0.0,0.42190278,0.42190278,0.706,0.027987778,0.0,0.38651988,0.38651988,0.602,0.008004606,0.0,0.46168548,0.46168548,0.862,0.06893748,1.0989012,0.50010824,0.50010824,0.862,0.054974467,0.0,0.37945342,0.37945342,0.394,-0.018618464,0.0,0.44784385,0.44784385,0.734,0.036423743,0.43936384,0.43936384,0.79,0.040941,0.53287566,0.53287566,0.978,0.12822655,0.47700286,0.47700286,0.646,0.023560405,0.40624067,0.40624067,0.698,0.028706491,0.5031779,0.5031779,0.91,0.07929361,0.43254697,0.43254697,0.502,0.0015841126,social_solidarity,0.0,0.98926485,0.08820969,0.00011412239,0.86949307,0.0019006215,0.99510413,0.14862551,0.00023005705,0.0003366622,0.0024060886,0.5678468,0.998377,0.7956085,0.9956853,0.9868534,social_solidarity
putin2022_c001,putin2022,putin,en,2022-12-31,new_year_address,1,11,0.1,100,85,0.48571253,0.48571253,0.882,0.07982728,2.3529413,0.5051802,0.5051802,0.926,0.081077576,0.0,0.35985756,0.35985756,0.254,-0.039307207,0.0,0.43167245,0.43167245,0.766,0.037757456,0.0,0.39423937,0.39423937,0.654,0.015724093,0.0,0.4112822,0.4112822,0.634,0.018534213,1.1764706,0.47979414,0.47979414,0.77,0.03466037,0.0,0.3962737,0.3962737,0.51,-0.0017981827,2.3529413,0.47745967,0.47745967,0.866,0.06603956,0.41564304,0.41564304,0.614,0.0172202,0.48023468,0.48023468,0.898,0.075585574,0.49425095,0.49425095,0.738,0.0408085,0.41296896,0.41296896,0.734,0.035434783,0.45472312,0.45472312,0.702,0.030838847,0.424219,0.424219,0.414,-0.0067438483,security_military,0.04399997,0.99903595,0.08445499,0.00031688946,0.6674729,0.06766981,0.9838316,0.99586606,0.00040924744,0.014615669,0.94394475,0.9819966,0.8829083,0.6965779,0.97831225,0.998914,national_identity
putin2022_c002,putin2022,putin,en,2022-12-31,new_year_address,2,11,0.2,112,96,0.45838934,0.45838934,0.798,0.052504092,3.125,0.500564,0.500564,0.898,0.076461375,2.0833333,0.38520658,0.38520658,0.414,-0.013958186,0.0,0.4259517,0.4259517,0.726,0.032036692,1.0416666,0.39090815,0.39090815,0.638,0.0123928785,0.0,0.44007596,0.44007596,0.818,0.047327965,1.0416666,0.514915,0.514915,0.91,0.069781214,0.0,0.40264374,0.40264374,0.546,0.004571855,1.0416666,0.45460245,0.45460245,0.77,0.043182343,0.42341313,0.42341313,0.674,0.02499029,0.5550518,0.5550518,0.99,0.1504027,0.505409,0.505409,0.782,0.051966548,0.39933154,0.39933154,0.654,0.021797359,0.51358545,0.51358545,0.942,0.089701176,0.4250639,0.4250639,0.426,-0.0058989525,crisis_resilience,0.012000024,0.99501777,0.9993601,9.704542e-05,0.7809132,0.0049436893,0.04457678,0.9084962,0.00017400546,0.0038244834,0.0035243414,0.9958012,0.8997838,0.9443824,0.9955706,0.9987232,security_military
putin2022_c003,putin2022,putin,en,2022-12-31,new_year_address,3,11,0.3,124,101,0.34593862,0.34593862,0.166,-0.059946626,0.0,0.44496316,0.44496316,0.634,0.020860553,1.980198,0.2964979,0.2964979,0.014,-0.102666855,0.0,0.38381112,0.38381112,0.434,-0.010103881,0.0,0.33328903,0.33328903,0.202,-0.045226246,0.0,0.30013716,0.30013716,0.042,-0.092610836,0.0,0.40447927,0.40447927,0.214,-0.04065451,0.0,0.26047683,0.26047683,0.01,-0.13759506,0.0,0.48761004,0.48761004,0.902,0.076189935,0.37614655,0.37614655,0.342,-0.022276282,0.30663472,0.30663472,0.07,-0.098014385,0.30924845,0.30924845,0.014,-0.144194,0.4427693,0.4427693,0.874,0.06523511,0.34987956,0.34987956,0.122,-0.07400471,0.32327157,0.32327157,0.01,-0.10769129,security_military,0.20000002,0.1582719,0.9113771,0.00012291357,0.97830194,0.31261915,0.043793183,0.91873574,0.00032567108,0.71463424,0.041133627,0.94146615,0.053849384,0.9993538,0.19046037,0.5816002,foreign_policy
putin2022_c004,putin2022,putin,en,2022-12-31,new_year_address,4,11,0.4,132,112,0.3936929,0.3936929,0.462,-0.012192339,0.89285713,0.5391973,0.5391973,0.99,0.11509472,2.6785715,0.32353836,0.32353836,0.082,-0.0756264,0.0,0.36107588,0.36107588,0.286,-0.03283912,0.0,0.33084413,0.33084413,0.182,-0.04767114,0.0,0.38708097,0.38708097,0.486,-0.005667031,0.89285713,0.4307381,0.4307381,0.382,-0.014395684,0.0,0.31356198,0.31356198,0.066,-0.08450991,0.0,0.44253045,0.44253045,0.702,0.031110346,0.3946914,0.3946914,0.478,-0.0037314296,0.38644153,0.38644153,0.398,-0.01820758,0.40965208,0.40965208,0.23,-0.04379037,0.36850238,0.36850238,0.478,-0.009031802,0.51475924,0.51475924,0.946,0.09087497,0.38531274,0.38531274,0.174,-0.045650125,security_military,0.504,0.86281466,0.99923575,0.0005747862,0.26521388,0.14361507,0.95659363,0.12847047,0.00026634047,0.01685008,0.29688355,0.24698712,0.0057749297,0.11726851,0.9986646,0.9992416,security_military
putin2022_c005,putin2022,putin,en,2022-12-31,new_year_address,5,11,0.5,147,119,0.3785297,0.3785297,0.346,-0.027355552,0.0,0.45941108,0.45941108,0.706,0.03530848,2.5210085,0.3265943,0.3265943,0.09,-0.07257047,0.0,0.31730992,0.31730992,0.07,-0.07660508,0.0,0.29105437,0.29105437,0.034,-0.087460905,0.0,0.41118306,0.41118306,0.63,0.018435061,0.84033614,0.44054753,0.44054753,0.446,-0.0045862496,0.0,0.26300305,0.26300305,0.014,-0.13506883,0.0,0.38214406,0.38214406,0.286,-0.029276043,0.38710177,0.38710177,0.446,-0.011321068,0.3627308,0.3627308,0.242,-0.041918308,0.34792596,0.34792596,0.038,-0.10551649,0.33685,0.33685,0.246,-0.040684193,0.5977732,0.5977732,0.99,0.17388892,0.3532409,0.3532409,0.042,-0.07772195,security_military,0.075999975,0.5280467,0.99481523,0.0006641049,0.53125495,0.0046365354,0.95228654,0.17137733,0.72831374,0.09764824,0.07110591,0.23462582,0.0029810325,0.08032139,0.9997012,0.9920003,security_military
putin2022_c006,putin2022,putin,en,2022-12-31,new_year_address,6,11,0.6,123,103,0.38024175,0.38024175,0.374,-0.025643498,0.0,0.46156216,0.46156216,0.718,0.037459552,0.9708738,0.4507054,0.4507054,0.826,0.051540643,1.9417475,0.48600113,0.48600113,0.95,0.09208614,0.9708738,0.38237092,0.38237092,0.566,0.0038556457,0.0,0.38023478,0.38023478,0.418,-0.01251322,0.9708738,0.5212971,0.5212971,0.93,0.07616332,0.9708738,0.36265546,0.36265546,0.282,-0.035416424,0.9708738,0.4725903,0.4725903,0.842,0.06117019,0.42272425,0.42272425,0.662,0.02430141,0.41142675,0.41142675,0.494,0.006777644,0.411353,0.411353,0.254,-0.042089462,0.39420757,0.39420757,0.634,0.016673386,0.412435,0.412435,0.434,-0.011449277,0.39600217,0.39600217,0.238,-0.034960687,foreign_policy,0.01999998,0.99901116,0.34411275,0.030879725,0.99216896,0.024145423,0.056913942,0.9346938,0.0012497095,0.042344384,0.65035623,0.9635062,0.1890715,0.9334308,0.9808209,0.9948153,national_identity
putin2022_c007,putin2022,putin,en,2022-12-31,new_year_address,7,11,0.7,118,106,0.41475385,0.41475385,0.578,0.008868605,0.0,0.41083497,0.41083497,0.398,-0.013267636,0.9433962,0.35707995,0.35707995,0.234,-0.042084813,0.0,0.36710417,0.36710417,0.318,-0.026810825,0.0,0.3577386,0.3577386,0.338,-0.02077666,0.0,0.53287184,0.53287184,0.998,0.14012384,1.8867924,0.4693261,0.4693261,0.682,0.024192333,0.0,0.3308705,0.3308705,0.106,-0.067201376,0.0,0.38532954,0.38532954,0.314,-0.026090562,0.44217357,0.44217357,0.802,0.043750733,0.4294805,0.4294805,0.63,0.024831384,0.41371983,0.41371983,0.27,-0.03972262,0.35097986,0.35097986,0.346,-0.026554316,0.54582804,0.54582804,0.97,0.12194377,0.39007685,0.39007685,0.202,-0.040886015,social_solidarity,0.31600004,0.9780518,0.050144248,0.018770076,0.8011494,0.025202826,0.9988028,0.0073743653,0.001140223,0.013597485,0.9421085,0.04020025,0.020527786,0.46648103,0.9995884,0.9950515,social_solidarity
putin2022_c008,putin2022,putin,en,2022-12-31,new_year_address,8,11,0.8,93,79,0.37778392,0.37778392,0.334,-0.028101325,0.0,0.5070089,0.5070089,0.93,0.082906306,0.0,0.3450757,0.3450757,0.17,-0.05408907,0.0,0.34768647,0.34768647,0.178,-0.046228528,0.0,0.31823817,0.31823817,0.102,-0.060277104,0.0,0.45152742,0.45152742,0.842,0.05877942,3.7974684,0.45215097,0.45215097,0.522,0.007017195,0.0,0.31894988,0.31894988,0.07,-0.07912201,1.2658228,0.43666378,0.43666378,0.654,0.02524367,0.41362095,0.41362095,0.582,0.0151981115,0.43229187,0.43229187,0.646,0.027642757,0.4085958,0.4085958,0.226,-0.044846654,0.3610999,0.3610999,0.426,-0.016434282,0.5048345,0.5048345,0.918,0.0809502,0.409367,0.409367,0.33,-0.021595865,security_military,0.088,0.027795624,0.00689046,0.00024015535,0.005099818,0.0151307285,0.999675,0.89552265,0.00016636302,0.123656355,0.22093019,0.96771675,0.0006094502,0.0072397795,0.9991144,0.9948704,social_solidarity
putin2022_c009,putin2022,putin,en,2022-12-31,new_year_address,9,11,0.9,80,68,0.45380634,0.45380634,0.782,0.04792109,0.0,0.43696606,0.43696606,0.59,0.012863457,0.0,0.3818614,0.3818614,0.394,-0.017303377,0.0,0.39470056,0.39470056,0.51,0.0007855594,0.0,0.35124022,0.35124022,0.306,-0.027275056,0.0,0.51125276,0.51125276,0.97,0.11850476,4.4117646,0.4995321,0.4995321,0.858,0.054398328,0.0,0.3478061,0.3478061,0.198,-0.05026579,0.0,0.43858927,0.43858927,0.662,0.027169168,0.47556472,0.47556472,0.93,0.07714188,0.46834755,0.46834755,0.842,0.06369844,0.4577964,0.4577964,0.546,0.0043539405,0.38322037,0.38322037,0.57,0.0056861937,0.4901502,0.4901502,0.878,0.06626594,0.40449524,0.40449524,0.294,-0.026467621,social_solidarity,0.11200005,0.96982116,0.0001855878,0.00025764457,0.0018494504,0.0025409926,0.7765806,0.0021891065,0.00010150383,0.0001788282,0.013197362,0.20339091,0.0020072418,0.0459268,0.2507293,0.0056638652,national_identity
putin2022_c010,putin2022,putin,en,2022-12-31,new_year_address,10,11,1.0,188,158,0.38730073,0.38730073,0.414,-0.01858452,0.6329114,0.4118061,0.4118061,0.414,-0.012296498,0.6329114,0.3091569,0.3091569,0.038,-0.09000787,0.0,0.33625734,0.33625734,0.126,-0.05765766,0.0,0.28117168,0.28117168,0.026,-0.097343594,0.0,0.38700944,0.38700944,0.482,-0.0057385564,3.164557,0.38975984,0.38975984,0.15,-0.055373937,0.6329114,0.33159024,0.33159024,0.11,-0.06648165,0.6329114,0.38549188,0.38549188,0.318,-0.02592823,0.37385726,0.37385726,0.318,-0.024565578,0.42282656,0.42282656,0.562,0.01817745,0.45394507,0.45394507,0.538,0.00050261617,0.32915848,0.32915848,0.206,-0.048375696,0.4260132,0.4260132,0.514,0.002128929,0.36240745,0.36240745,0.078,-0.068555415,social_solidarity,0.06799999,0.6775807,0.0038468714,0.00032822453,0.10199123,0.002657431,0.48645353,0.020274078,0.00052337564,0.00033209226,0.016324438,0.0027791907,0.3504214,0.001153648,0.99390835,0.97986126,national_identity
putin2023_c000,putin2023,putin,en,2023-12-31,new_year_address,0,6,0.0,93,75,0.46541265,0.46541265,0.83,0.059527397,4.0,0.47212797,0.47212797,0.774,0.04802537,1.3333334,0.40459222,0.40459222,0.59,0.00542745,0.0,0.42911148,0.42911148,0.75,0.035196483,0.0,0.3906771,0.3906771,0.634,0.012161821,1.3333334,0.4385692,0.4385692,0.814,0.04582119,1.3333334,0.47800314,0.47800314,0.758,0.03286937,0.0,0.42401,0.42401,0.698,0.025938123,1.3333334,0.43627644,0.43627644,0.65,0.024856329,0.4145493,0.4145493,0.594,0.016126454,0.5733844,0.5733844,0.998,0.1687353,0.536456,0.536456,0.89,0.083013535,0.3852256,0.3852256,0.586,0.007691413,0.48401973,0.48401973,0.846,0.060135454,0.45002043,0.45002043,0.646,0.019057572,national_identity,0.015999973,0.9265035,0.116437085,0.00017332716,0.6622506,0.14601111,0.9746287,0.4195142,0.00060471025,0.0018932259,0.7155358,0.9627257,0.85369945,0.047958106,0.9971133,0.99945474,social_solidarity
putin2023_c001,putin2023,putin,en,2023-12-31,new_year_address,1,6,0.2,91,82,0.5333003,0.5333003,0.97,0.12741503,3.6585367,0.39251292,0.39251292,0.29,-0.031589687,0.0,0.34350294,0.34350294,0.162,-0.055661827,0.0,0.41144112,0.41144112,0.602,0.01752612,0.0,0.35992914,0.35992914,0.346,-0.018586129,0.0,0.4702189,0.4702189,0.89,0.0774709,1.2195122,0.45458215,0.45458215,0.55,0.009448379,0.0,0.33513278,0.33513278,0.134,-0.06293911,0.0,0.4058806,0.4058806,0.458,-0.0055395067,0.4580587,0.4580587,0.89,0.059635878,0.3725218,0.3725218,0.306,-0.03212732,0.39125076,0.39125076,0.162,-0.062191695,0.43429416,0.43429416,0.83,0.056759983,0.45148164,0.45148164,0.682,0.027597368,0.3654649,0.3654649,0.086,-0.065497965,national_identity,0.08000004,0.99924016,0.0033930838,0.00041326188,0.98067343,0.010209054,0.99955404,0.891764,0.00018164382,0.0011225652,0.89327455,0.99957526,0.93257624,0.04213697,0.978333,0.9942307,social_solidarity
putin2023_c002,putin2023,putin,en,2023-12-31,new_year_address,2,6,0.4,91,78,0.52307796,0.52307796,0.958,0.117192715,2.5641026,0.49537855,0.49537855,0.878,0.07127595,1.2820513,0.3838576,0.3838576,0.41,-0.015307158,0.0,0.3840427,0.3840427,0.438,-0.0098722875,0.0,0.36575127,0.36575127,0.43,-0.012764007,0.0,0.52355766,0.52355766,0.99,0.13080966,1.2820513,0.49608272,0.49608272,0.846,0.050948948,0.0,0.30005842,0.30005842,0.046,-0.09801346,0.0,0.4597906,0.4597906,0.786,0.04837048,0.5006772,0.5006772,0.974,0.10225439,0.3733226,0.3733226,0.318,-0.031326503,0.37478852,0.37478852,0.106,-0.07865393,0.45529348,0.45529348,0.89,0.077759296,0.58905786,0.58905786,0.986,0.16517359,0.38672692,0.38672692,0.178,-0.044235945,social_solidarity,0.032000005,0.9997813,0.9462749,0.00063867954,0.267456,0.012600628,0.9994611,0.07912133,0.00016964368,0.014828144,0.99004436,0.3643251,0.00039666123,0.3287247,0.9986801,0.9359492,national_identity
putin2023_c003,putin2023,putin,en,2023-12-31,new_year_address,3,6,0.6,84,77,0.5167621,0.5167621,0.95,0.11087683,1.2987013,0.5086124,0.5086124,0.938,0.08450979,0.0,0.39890826,0.39890826,0.542,-0.0002565086,0.0,0.4306231,0.4306231,0.762,0.036708117,0.0,0.41078347,0.41078347,0.738,0.032268196,0.0,0.48367384,0.48367384,0.938,0.09092584,5.194805,0.544155,0.544155,0.97,0.099021226,0.0,0.37324837,0.37324837,0.342,-0.024823517,0.0,0.49431205,0.49431205,0.93,0.08289194,0.48376548,0.48376548,0.934,0.085342646,0.42508063,0.42508063,0.57,0.020431519,0.43719506,0.43719506,0.442,-0.016247392,0.46860525,0.46860525,0.902,0.09107107,0.53586245,0.53586245,0.966,0.11197817,0.45366102,0.45366102,0.69,0.022698164,crisis_resilience,0.02000004,0.9992342,0.09534946,0.0090115545,0.703142,0.14872593,0.9994996,0.11182183,0.00075836,0.0022961593,0.99494946,0.98877716,0.06717858,0.00079317606,0.99886644,0.99953544,social_solidarity
putin2023_c004,putin2023,putin,en,2023-12-31,new_year_address,4,6,0.8,86,72,0.40676153,0.40676153,0.522,0.0008762777,0.0,0.3571148,0.3571148,0.126,-0.06698781,1.3888888,0.3620855,0.3620855,0.27,-0.037079275,0.0,0.35157183,0.35157183,0.214,-0.04234317,0.0,0.3326016,0.3326016,0.194,-0.045913666,0.0,0.46849847,0.46849847,0.878,0.07575047,9.722222,0.36174923,0.36174923,0.058,-0.08338454,0.0,0.3856926,0.3856926,0.43,-0.012379289,0.0,0.3530106,0.3530106,0.162,-0.058409512,0.385384,0.385384,0.43,-0.013038844,0.45526737,0.45526737,0.794,0.05061826,0.5235505,0.5235505,0.858,0.070108056,0.32089388,0.32089388,0.154,-0.056640297,0.40511954,0.40511954,0.386,-0.018764734,0.40634108,0.40634108,0.306,-0.024621785,social_solidarity,0.356,0.9545628,0.00080565666,0.0007408055,0.015116182,0.20191158,0.9978966,0.00083609036,0.0028560127,0.00041894842,0.0026010936,0.0015487612,0.99908006,0.0014214043,0.9006391,0.98879874,social_solidarity
putin2023_c005,putin2023,putin,en,2023-12-31,new_year_address,5,6,1.0,139,107,0.4467188,0.4467188,0.718,0.040833563,5.6074767,0.35016215,0.35016215,0.098,-0.073940456,0.0,0.30584246,0.30584246,0.026,-0.09332231,0.0,0.3462156,0.3462156,0.166,-0.04769939,0.0,0.2886116,0.2886116,0.03,-0.08990368,0.0,0.3927887,0.3927887,0.518,4.0709972e-05,4.6728973,0.353459,0.353459,0.022,-0.091674775,0.0,0.3538246,0.3538246,0.226,-0.0442473,1.8691589,0.3406967,0.3406967,0.134,-0.070723414,0.3531828,0.3531828,0.182,-0.045240045,0.3834703,0.3834703,0.37,-0.021178812,0.45239794,0.45239794,0.526,-0.0010445118,0.3067452,0.3067452,0.11,-0.07078898,0.36866015,0.36866015,0.162,-0.05522412,0.35271955,0.35271955,0.038,-0.078243315,national_identity,0.19999999,0.46238205,0.00424808,0.00051325787,0.014517546,0.0012136716,0.1654582,0.0050899186,0.0005203197,0.0004583129,0.034848027,0.013689478,0.058830608,0.025613917,0.5452857,0.8104789,national_identity
putin2024_c000,putin2024,putin,en,2024-12-31,new_year_address,0,4,0.0,137,108,0.47238165,0.47238165,0.85,0.0664964,2.7777777,0.41313833,0.41313833,0.426,-0.010964274,0.0,0.39642677,0.39642677,0.518,-0.002737999,0.0,0.41304994,0.41304994,0.642,0.019134939,0.0,0.37987685,0.37987685,0.554,0.0013615787,0.0,0.40047014,0.40047014,0.562,0.0077221394,0.0,0.45863867,0.45863867,0.574,0.013504893,0.9259259,0.4460991,0.4460991,0.802,0.048027217,0.9259259,0.39867014,0.39867014,0.422,-0.01274997,0.41514856,0.41514856,0.598,0.016725719,0.5173117,0.5173117,0.962,0.11266258,0.53404415,0.53404415,0.878,0.08060169,0.36917925,0.36917925,0.482,-0.008354932,0.4651059,0.4651059,0.742,0.04122162,0.45095623,0.45095623,0.666,0.019993365,national_identity,0.048000038,0.99962074,0.04618423,0.08651622,0.8586593,0.26492852,0.99807703,0.06644793,0.22354653,0.0002913701,0.9078855,0.89858866,0.98418504,0.001627721,0.98068726,0.9989077,national_identity
putin2024_c001,putin2024,putin,en,2024-12-31,new_year_address,1,4,0.333,123,105,0.5071802,0.5071802,0.922,0.101294965,1.9047619,0.46017808,0.46017808,0.71,0.036075473,0.95238096,0.36587882,0.36587882,0.302,-0.033285946,0.0,0.39247885,0.39247885,0.498,-0.0014361441,0.0,0.37271923,0.37271923,0.482,-0.005796045,0.95238096,0.42071003,0.42071003,0.698,0.027962029,0.95238096,0.4749084,0.4749084,0.722,0.029774636,0.95238096,0.37472802,0.37472802,0.354,-0.023343861,0.95238096,0.42818686,0.42818686,0.602,0.016766757,0.38368014,0.38368014,0.406,-0.014742702,0.4040237,0.4040237,0.474,-0.00062540174,0.48261836,0.48261836,0.662,0.029175907,0.38942948,0.38942948,0.614,0.011895299,0.44768074,0.44768074,0.658,0.023796469,0.41277012,0.41277012,0.358,-0.018192738,national_identity,0.19999999,0.977132,0.1613863,0.0018315101,0.9801293,0.2153095,0.43338183,0.95561,0.0008642928,0.0024582131,0.10725032,0.014785408,0.9958418,0.8914336,0.99671733,0.99968433,foreign_policy
putin2024_c002,putin2024,putin,en,2024-12-31,new_year_address,2,4,0.667,158,132,0.418745,0.418745,0.598,0.012859762,2.2727273,0.4918098,0.4918098,0.866,0.06770718,2.2727273,0.30153894,0.30153894,0.018,-0.09762582,0.0,0.32941794,0.32941794,0.094,-0.06449705,0.0,0.312105,0.312105,0.082,-0.06641027,0.0,0.37610495,0.37610495,0.39,-0.016643047,0.75757575,0.418525,0.418525,0.298,-0.026608765,0.0,0.31953472,0.31953472,0.074,-0.078537166,0.0,0.39597857,0.39597857,0.402,-0.015441537,0.32013935,0.32013935,0.062,-0.07828349,0.4463141,0.4463141,0.758,0.041664988,0.43799564,0.43799564,0.454,-0.015446812,0.32132852,0.32132852,0.158,-0.05620566,0.47576013,0.47576013,0.818,0.05187586,0.37484843,0.37484843,0.122,-0.056114435,security_military,0.268,0.90418625,0.99880046,0.0005132578,0.7131321,0.0057581333,0.8916225,0.29589075,0.0012207953,0.030357992,0.12560067,0.93195957,0.9887337,0.0036677874,0.99776125,0.9976881,security_military
putin2024_c003,putin2024,putin,en,2024-12-31,new_year_address,3,4,1.0,113,85,0.38812867,0.38812867,0.422,-0.017756581,0.0,0.41084933,0.41084933,0.402,-0.013253272,1.1764706,0.3308946,0.3308946,0.11,-0.06827018,1.1764706,0.3708592,0.3708592,0.362,-0.023055792,0.0,0.3088409,0.3088409,0.07,-0.06967437,0.0,0.38223663,0.38223663,0.438,-0.0105113685,3.5294118,0.38338307,0.38338307,0.126,-0.06175071,0.0,0.3783676,0.3783676,0.382,-0.019704282,0.0,0.38508585,0.38508585,0.31,-0.026334256,0.37943757,0.37943757,0.374,-0.018985271,0.4415226,0.4415226,0.726,0.03687349,0.5094552,0.5094552,0.798,0.05601275,0.3347677,0.3347677,0.238,-0.04276648,0.40646106,0.40646106,0.394,-0.017423213,0.40184048,0.40184048,0.27,-0.029122382,social_solidarity,0.016000003,0.3557224,0.015247592,0.003370046,0.04818154,0.0036216856,0.9462997,0.0017649074,0.0010649626,0.00069867563,0.104294725,0.00096409186,0.55278116,0.0027044297,0.9963748,0.7052778,social_solidarity
putin2025_c000,putin2025,putin,en,2025-12-31,new_year_address,0,5,0.0,101,89,0.47806406,0.47806406,0.862,0.07217881,1.1235955,0.44796574,0.44796574,0.658,0.023863137,0.0,0.39656642,0.39656642,0.522,-0.0025983453,0.0,0.44768056,0.44768056,0.866,0.053765565,0.0,0.38571006,0.38571006,0.59,0.0071947873,0.0,0.48039833,0.48039833,0.926,0.08765033,1.1235955,0.48619407,0.48619407,0.814,0.0410603,0.0,0.461747,0.461747,0.87,0.063675106,1.1235955,0.4518155,0.4518155,0.758,0.04039538,0.47535074,0.47535074,0.926,0.0769279,0.48742768,0.48742768,0.934,0.08277857,0.58206356,0.58206356,0.974,0.1286211,0.4307741,0.4307741,0.818,0.05323991,0.49580628,0.49580628,0.89,0.071922004,0.48371154,0.48371154,0.894,0.05274868,social_solidarity,0.055999994,0.75976056,0.00034802413,0.0007824141,0.793186,0.015203663,0.99852496,0.113088906,0.00040055224,0.00022960827,0.6259313,0.00034062937,0.93732566,0.00073648075,0.99706215,0.9960507,social_solidarity
putin2025_c001,putin2025,putin,en,2025-12-31,new_year_address,1,5,0.25,96,79,0.55967325,0.55967325,0.982,0.153788,6.329114,0.4193318,0.4193318,0.482,-0.0047708154,1.2658228,0.35631523,0.35631523,0.222,-0.04284954,0.0,0.39082572,0.39082572,0.486,-0.003089279,0.0,0.36850536,0.36850536,0.45,-0.010009915,0.0,0.4349222,0.4349222,0.778,0.04217419,0.0,0.4231911,0.4231911,0.33,-0.021942675,0.0,0.35249934,0.35249934,0.218,-0.04557255,1.2658228,0.3862881,0.3862881,0.33,-0.025132,0.4357673,0.4357673,0.774,0.037344456,0.37328172,0.37328172,0.314,-0.03136739,0.42990115,0.42990115,0.39,-0.023541301,0.4200747,0.4200747,0.766,0.04254052,0.4458012,0.4458012,0.646,0.021916926,0.37265307,0.37265307,0.114,-0.058309793,national_identity,0.204,0.9997994,0.029284459,0.04177877,0.61462533,0.006205023,0.9658755,0.00042305805,0.00037924337,0.00026895347,0.9681487,0.966537,0.4746312,0.04646466,0.96196496,0.9184253,national_identity
putin2025_c002,putin2025,putin,en,2025-12-31,new_year_address,2,5,0.5,90,78,0.40440816,0.40440816,0.514,-0.0014770925,0.0,0.44993696,0.44993696,0.666,0.025834352,2.5641026,0.32929724,0.32929724,0.102,-0.06986752,0.0,0.34774324,0.34774324,0.182,-0.046171755,0.0,0.3148343,0.3148343,0.09,-0.06368098,0.0,0.4815883,0.4815883,0.93,0.088840306,5.1282053,0.41523263,0.41523263,0.282,-0.029901147,0.0,0.33407766,0.33407766,0.122,-0.06399423,0.0,0.38575545,0.38575545,0.326,-0.025664657,0.43279636,0.43279636,0.75,0.03437352,0.4273445,0.4273445,0.606,0.022695392,0.46164843,0.46164843,0.594,0.00820598,0.35231104,0.35231104,0.366,-0.025223136,0.49453086,0.49453086,0.886,0.070646584,0.39285216,0.39285216,0.222,-0.038110703,social_solidarity,0.264,0.1399244,0.7168137,0.0027362208,0.007930308,0.0097461045,0.9555686,0.00039588762,0.00020582441,0.00032376903,0.025226826,0.00030061632,0.5418331,0.003469891,0.9977194,0.99801606,social_solidarity
putin2025_c003,putin2025,putin,en,2025-12-31,new_year_address,3,5,0.75,94,78,0.41850758,0.41850758,0.594,0.012622327,1.2820513,0.4923665,0.4923665,0.87,0.06826389,1.2820513,0.30530685,0.30530685,0.022,-0.093857914,0.0,0.35348532,0.35348532,0.242,-0.04042968,0.0,0.31628072,0.31628072,0.094,-0.06223455,0.0,0.38645,0.38645,0.478,-0.0062980056,1.2820513,0.41039988,0.41039988,0.254,-0.03473389,0.0,0.305513,0.305513,0.05,-0.09255889,0.0,0.41865253,0.41865253,0.526,0.0072324276,0.38484913,0.38484913,0.422,-0.013573706,0.3988118,0.3988118,0.442,-0.0058373213,0.4184823,0.4184823,0.326,-0.03496015,0.3649648,0.3649648,0.458,-0.012569368,0.4858678,0.4858678,0.858,0.061983526,0.3777625,0.3777625,0.138,-0.053200364,security_military,0.27600002,0.99909776,0.9928371,0.00024109505,0.91611433,0.07323098,0.9986276,0.228221,0.00019563531,0.22297497,0.18613204,0.39443418,0.0013617033,0.44190633,0.9989536,0.99971086,national_identity
putin2025_c004,putin2025,putin,en,2025-12-31,new_year_address,4,5,1.0,172,134,0.37268525,0.37268525,0.294,-0.033199996,0.74626863,0.38268667,0.38268667,0.242,-0.04141593,0.0,0.31317663,0.31317663,0.05,-0.085988134,0.74626863,0.3504312,0.3504312,0.194,-0.043483794,0.0,0.2928002,0.2928002,0.042,-0.085715085,0.0,0.3543238,0.3543238,0.258,-0.038424194,4.477612,0.3714968,0.3714968,0.09,-0.07363698,0.0,0.38178438,0.38178438,0.402,-0.016287506,0.0,0.37992764,0.37992764,0.266,-0.03149247,0.366696,0.366696,0.262,-0.031726837,0.42037544,0.42037544,0.546,0.015726328,0.4928102,0.4928102,0.722,0.039367735,0.33290187,0.33290187,0.222,-0.044632316,0.37959749,0.37959749,0.238,-0.044286788,0.3880241,0.3880241,0.186,-0.04293877,future_reform_technology,0.10800001,0.44568032,0.08303132,0.0141587285,0.022650806,0.006168995,0.6321622,0.032930125,0.0006011796,0.00094546244,0.05561762,0.016450366,0.9330963,0.0018932258,0.98269093,0.9605281,social_solidarity
trump1_c000,trump1,trump,en,2021-01-19,farewell_address,0,28,0.0,98,85,0.4461501,0.4461501,0.714,0.040264845,3.5294118,0.41456786,0.41456786,0.442,-0.009534746,0.0,0.39064932,0.39064932,0.462,-0.008515447,0.0,0.3813669,0.3813669,0.418,-0.012548089,0.0,0.36364764,0.36364764,0.378,-0.014867634,0.0,0.37584978,0.37584978,0.382,-0.016898215,1.1764706,0.4337206,0.4337206,0.414,-0.011413187,1.1764706,0.36814338,0.36814338,0.314,-0.029928505,0.0,0.3999166,0.3999166,0.426,-0.011503518,0.38274956,0.38274956,0.402,-0.01567328,0.4798916,0.4798916,0.894,0.07524249,0.4593923,0.4593923,0.558,0.005949855,0.41116506,0.41116506,0.726,0.033630878,0.47316784,0.47316784,0.798,0.049283564,0.48366326,0.48366326,0.89,0.0527004,national_identity,0.25199997,0.9991655,0.039713256,0.0007138379,0.8949273,0.11752149,0.9903196,0.11742025,0.00016799536,0.0004821762,0.64439297,0.99713284,0.013045614,0.028436035,0.9978469,0.9997126,national_identity
trump1_c001,trump1,trump,en,2021-01-19,farewell_address,1,28,0.037,125,104,0.37036824,0.37036824,0.282,-0.035517007,0.0,0.38703942,0.38703942,0.266,-0.03706318,0.0,0.34384644,0.34384644,0.166,-0.055318326,0.0,0.33449876,0.33449876,0.11,-0.059416234,0.96153843,0.32872185,0.32872185,0.158,-0.049793422,0.96153843,0.39592957,0.39592957,0.542,0.0031815767,1.9230769,0.39214548,0.39214548,0.166,-0.05298829,0.0,0.32325834,0.32325834,0.082,-0.074813545,0.0,0.36868685,0.36868685,0.214,-0.042733252,0.3683002,0.3683002,0.278,-0.030122638,0.3676374,0.3676374,0.282,-0.037011713,0.41743422,0.41743422,0.31,-0.03600824,0.36574432,0.36574432,0.466,-0.011789858,0.47698417,0.47698417,0.822,0.0530999,0.4201476,0.4201476,0.39,-0.010815263,social_solidarity,0.26,0.70443976,0.03170859,0.019966034,0.6728693,0.22785568,0.8484707,0.014077174,0.0010083434,0.0008882305,0.13637818,0.23445046,0.6702846,0.008804641,0.9998051,0.23383754,social_solidarity
trump1_c002,trump1,trump,en,2021-01-19,farewell_address,2,28,0.074,141,127,0.31623894,0.31623894,0.07,-0.08964631,0.78740156,0.40789795,0.40789795,0.378,-0.016204655,1.5748031,0.2899462,0.2899462,0.01,-0.10921857,0.0,0.29870817,0.29870817,0.034,-0.09520683,0.0,0.27401793,0.27401793,0.022,-0.10449734,0.78740156,0.36512738,0.36512738,0.302,-0.027620614,1.5748031,0.36905274,0.36905274,0.082,-0.07608104,0.0,0.24402815,0.24402815,0.002,-0.15404373,0.0,0.33427942,0.33427942,0.106,-0.07714069,0.30661303,0.30661303,0.038,-0.09180981,0.34126264,0.34126264,0.174,-0.06338647,0.31755883,0.31755883,0.018,-0.13588363,0.32613665,0.32613665,0.174,-0.051397532,0.52141106,0.52141106,0.95,0.09752679,0.36121082,0.36121082,0.066,-0.06975204,security_military,0.076000005,0.6743722,0.98457545,0.00017366598,0.52658623,0.9913391,0.4377484,0.15134111,0.0127472645,0.021206118,0.053009775,0.17582092,0.012383785,0.064506,0.99974436,0.9948804,democracy_institutions
trump1_c003,trump1,trump,en,2021-01-19,farewell_address,3,28,0.111,99,85,0.5183741,0.5183741,0.954,0.112488836,3.5294118,0.46996826,0.46996826,0.762,0.045865655,0.0,0.41432875,0.41432875,0.65,0.015163988,0.0,0.41693598,0.41693598,0.674,0.023020983,0.0,0.41844055,0.41844055,0.794,0.039925277,0.0,0.47482762,0.47482762,0.906,0.08207962,1.1764706,0.48474315,0.48474315,0.802,0.039609373,0.0,0.36227793,0.36227793,0.278,-0.03579396,0.0,0.44805735,0.44805735,0.738,0.036637247,0.44898146,0.44898146,0.85,0.050558627,0.47265297,0.47265297,0.858,0.06800386,0.44927424,0.44927424,0.518,-0.0041682124,0.45599526,0.45599526,0.894,0.07846108,0.61480796,0.61480796,0.994,0.19092369,0.46410763,0.46410763,0.782,0.033144772,national_identity,0.047999978,0.988188,0.032191858,0.024338884,0.67125505,0.5855752,0.9987132,0.0045032725,0.0015854307,0.0010754024,0.8528743,0.3038351,0.14089678,0.95048,0.99903405,0.9988259,social_solidarity
trump1_c004,trump1,trump,en,2021-01-19,farewell_address,4,28,0.148,139,121,0.44052696,0.44052696,0.69,0.034641713,0.8264463,0.4504978,0.4504978,0.674,0.026395202,0.0,0.35867184,0.35867184,0.238,-0.040492922,0.0,0.38770458,0.38770458,0.466,-0.0062104166,0.0,0.37865874,0.37865874,0.538,0.00014346838,0.0,0.38429305,0.38429305,0.462,-0.008454949,1.6528926,0.46145862,0.46145862,0.614,0.016324848,0.0,0.35429823,0.35429823,0.23,-0.04377365,0.0,0.46961686,0.46961686,0.826,0.058196753,0.41778928,0.41778928,0.626,0.019366443,0.41421765,0.41421765,0.522,0.009568542,0.459896,0.459896,0.57,0.006453544,0.47405922,0.47405922,0.922,0.09652504,0.42615616,0.42615616,0.518,0.0022718906,0.43062204,0.43062204,0.498,-0.00034081936,national_identity,0.015999973,0.99979895,0.014090735,0.00034129506,0.8255898,0.9404898,0.97093683,0.9316182,0.009205455,0.020119479,0.9933975,0.4351813,0.98771137,0.98482555,0.89452493,0.99916714,national_identity
trump1_c005,trump1,trump,en,2021-01-19,farewell_address,5,28,0.185,144,125,0.4491189,0.4491189,0.754,0.043233663,4.8,0.40316433,0.40316433,0.354,-0.020938277,0.0,0.42322624,0.42322624,0.706,0.024061471,0.8,0.39073712,0.39073712,0.482,-0.0031778812,0.8,0.3737588,0.3737588,0.49,-0.0047564805,0.0,0.4061764,0.4061764,0.602,0.01342839,0.8,0.43867874,0.43867874,0.43,-0.006455034,0.0,0.36780295,0.36780295,0.306,-0.030268937,0.0,0.41137797,0.41137797,0.486,-4.2140484e-05,0.40405443,0.40405443,0.53,0.005631596,0.44939882,0.44939882,0.778,0.044749707,0.43768698,0.43768698,0.45,-0.015755475,0.4513787,0.4513787,0.878,0.07384452,0.46241838,0.46241838,0.734,0.038534105,0.42511344,0.42511344,0.43,-0.005849421,national_identity,0.048000038,0.99939054,0.00038596612,0.035394058,0.8968853,0.0018932257,0.9937648,0.11774956,0.0010628869,0.00024441312,0.37673777,0.99931353,0.06143811,0.11924139,0.9835733,0.99968684,national_identity
trump1_c006,trump1,trump,en,2021-01-19,farewell_address,6,28,0.222,113,94,0.3561299,0.3561299,0.202,-0.049755335,1.0638298,0.40764788,0.40764788,0.374,-0.016454726,0.0,0.44080973,0.44080973,0.794,0.04164496,1.0638298,0.41183415,0.41183415,0.614,0.017919153,1.0638298,0.33082813,0.33082813,0.178,-0.047687143,0.0,0.35171497,0.35171497,0.23,-0.04103303,1.0638298,0.42767462,0.42767462,0.358,-0.017459154,0.0,0.376456,0.376456,0.366,-0.021615893,2.1276596,0.38494116,0.38494116,0.306,-0.026478946,0.37759933,0.37759933,0.358,-0.020823509,0.46436965,0.46436965,0.834,0.059720546,0.41822135,0.41822135,0.322,-0.0352211,0.3716496,0.3716496,0.502,-0.0058845878,0.43144226,0.43144226,0.558,0.007557988,0.4641428,0.4641428,0.786,0.03317994,economy_welfare,0.18,0.947914,0.0013617033,0.0125037925,0.9979572,0.5722149,0.032774985,0.052110128,0.0018785204,0.00010637459,0.060863443,0.99899167,0.49926755,0.40042692,0.9979908,0.99835795,foreign_policy
trump1_c007,trump1,trump,en,2021-01-19,farewell_address,7,28,0.259,129,108,0.23071036,0.23071036,0.01,-0.17517489,0.0,0.3193857,0.3193857,0.042,-0.1047169,0.0,0.39611238,0.39611238,0.502,-0.0030523837,3.7037036,0.37533838,0.37533838,0.394,-0.018576622,2.7777777,0.20560016,0.20560016,0.002,-0.17291512,0.0,0.24307923,0.24307923,0.01,-0.14966877,0.0,0.4216215,0.4216215,0.318,-0.023512274,0.0,0.25186595,0.25186595,0.006,-0.14620593,0.0,0.34448004,0.34448004,0.142,-0.06694007,0.2686453,0.2686453,0.014,-0.12977755,0.29915324,0.29915324,0.05,-0.10549587,0.28967476,0.28967476,0.002,-0.1637677,0.29750302,0.29750302,0.082,-0.08003116,0.3117572,0.3117572,0.03,-0.112127066,0.2912532,0.2912532,0.002,-0.13970965,economy_welfare,0.10799998,0.6057699,0.020508166,0.19352812,0.97590053,0.1258153,0.014971481,0.8449655,0.00082313863,0.0009869323,0.032405514,0.9893166,0.018404892,0.92960036,0.5200088,0.9966234,foreign_policy
trump1_c008,trump1,trump,en,2021-01-19,farewell_address,8,28,0.296,176,137,0.26733553,0.26733553,0.022,-0.13854972,2.189781,0.2710691,0.2710691,0.006,-0.1530335,0.0,0.47291762,0.47291762,0.898,0.07375285,2.189781,0.2591369,0.2591369,0.006,-0.13477811,1.459854,0.25202292,0.25202292,0.01,-0.12649235,0.0,0.24862877,0.24862877,0.014,-0.14411923,0.0,0.37123102,0.37123102,0.086,-0.073902756,1.459854,0.2687121,0.2687121,0.018,-0.12935978,0.0,0.25865996,0.25865996,0.006,-0.15276015,0.24503914,0.24503914,0.006,-0.1533837,0.33343723,0.33343723,0.138,-0.071211874,0.3074426,0.3074426,0.01,-0.14599985,0.2617337,0.2617337,0.018,-0.11580047,0.32591283,0.32591283,0.078,-0.09797144,0.30587837,0.30587837,0.006,-0.12508449,economy_welfare,0.812,0.9975177,0.00023551141,0.99917364,0.23083307,0.3996945,0.99776566,0.056463532,0.54794794,0.000406064,0.023286305,0.9787228,0.99622726,0.004318886,0.986809,0.99908715,economy_welfare
trump1_c009,trump1,trump,en,2021-01-19,farewell_address,9,28,0.333,144,119,0.332942,0.332942,0.122,-0.07294324,0.84033614,0.37407097,0.37407097,0.202,-0.050031632,0.0,0.47168282,0.47168282,0.89,0.07251805,0.84033614,0.3159037,0.3159037,0.066,-0.078011304,0.0,0.30376452,0.30376452,0.054,-0.07475075,0.0,0.34343404,0.34343404,0.202,-0.049313962,0.84033614,0.4416929,0.4416929,0.458,-0.0034408867,0.84033614,0.35934293,0.35934293,0.262,-0.038728952,0.0,0.3525382,0.3525382,0.158,-0.05888191,0.34031796,0.34031796,0.126,-0.058104873,0.38600332,0.38600332,0.39,-0.018645793,0.40977645,0.40977645,0.238,-0.043666005,0.33097798,0.33097798,0.21,-0.046556205,0.43680817,0.43680817,0.582,0.012923896,0.45734864,0.45734864,0.718,0.026385784,economy_welfare,0.43199998,0.9398582,0.0005023539,0.98209983,0.122838534,0.32071495,0.9877823,0.24862538,0.9941687,0.000461005,0.06503841,0.4235176,0.9950611,0.13324594,0.9410408,0.9996252,future_reform_technology
trump1_c010,trump1,trump,en,2021-01-19,farewell_address,10,28,0.37,122,99,0.3307882,0.3307882,0.106,-0.075097054,0.0,0.41742754,0.41742754,0.462,-0.0066750646,0.0,0.4745494,0.4745494,0.902,0.07538465,4.040404,0.33622336,0.33622336,0.122,-0.057691634,1.010101,0.31799006,0.31799006,0.098,-0.06052521,0.0,0.35266227,0.35266227,0.246,-0.040085733,1.010101,0.5273253,0.5273253,0.954,0.0821915,2.020202,0.35237274,0.35237274,0.214,-0.04569915,0.0,0.38078895,0.38078895,0.278,-0.030631155,0.34063637,0.34063637,0.13,-0.057786465,0.43520385,0.43520385,0.666,0.030554742,0.41126975,0.41126975,0.25,-0.0421727,0.33367082,0.33367082,0.234,-0.043863356,0.46960428,0.46960428,0.766,0.04572001,0.45827067,0.45827067,0.734,0.027307808,crisis_resilience,0.051999986,0.9974689,0.0022783307,0.9995744,0.8278978,0.10539455,0.99690664,0.99141425,0.47633606,0.005348449,0.07296631,0.99911,0.9868534,0.07703024,0.9949001,0.99972945,economy_welfare
trump1_c011,trump1,trump,en,2021-01-19,farewell_address,11,28,0.407,92,76,0.28777504,0.28777504,0.034,-0.11811021,2.631579,0.38162485,0.38162485,0.23,-0.042477757,0.0,0.39266112,0.39266112,0.47,-0.0065036416,1.3157895,0.34564942,0.34564942,0.162,-0.048265576,1.3157895,0.41501668,0.41501668,0.766,0.036501408,2.631579,0.32520103,0.32520103,0.106,-0.06754696,0.0,0.36812705,0.36812705,0.078,-0.07700673,0.0,0.3519252,0.3519252,0.21,-0.04614669,1.3157895,0.34435862,0.34435862,0.138,-0.067061484,0.31979692,0.31979692,0.058,-0.07862592,0.37326312,0.37326312,0.31,-0.031385988,0.3896988,0.3896988,0.158,-0.06374365,0.32813025,0.32813025,0.194,-0.049403936,0.39227214,0.39227214,0.29,-0.031612128,0.45309198,0.45309198,0.686,0.022129118,democracy_institutions,0.29599997,0.09326427,0.00010411381,0.00036973887,0.0017274583,0.9987056,0.042048372,0.0024296436,0.0021552406,0.00012291355,0.0015070488,0.07585818,0.94810647,0.022392828,0.7806625,0.99429196,democracy_institutions
trump1_c012,trump1,trump,en,2021-01-19,farewell_address,12,28,0.444,124,107,0.347071,0.347071,0.186,-0.058814257,1.8691589,0.48076314,0.48076314,0.802,0.056660533,0.93457943,0.33080992,0.33080992,0.106,-0.068354845,0.93457943,0.3823058,0.3823058,0.426,-0.011609197,0.0,0.3094836,0.3094836,0.074,-0.069031686,0.93457943,0.31727278,0.31727278,0.094,-0.075475216,0.0,0.3857004,0.3857004,0.138,-0.05943337,0.0,0.2897625,0.2897625,0.03,-0.10830939,0.0,0.39005846,0.39005846,0.362,-0.021361649,0.32149836,0.32149836,0.066,-0.07692447,0.38487047,0.38487047,0.378,-0.01977864,0.37859067,0.37859067,0.118,-0.07485178,0.34639096,0.34639096,0.298,-0.031143218,0.3770697,0.3770697,0.214,-0.04681456,0.42966318,0.42966318,0.49,-0.0012996793,security_military,0.376,0.90286684,0.99910307,0.00013954927,0.9945625,0.99474937,0.033652965,0.60665876,0.045543224,0.000712446,0.56436855,0.9996547,0.0030396497,0.05261896,0.9975962,0.99962735,security_military
trump1_c013,trump1,trump,en,2021-01-19,farewell_address,13,28,0.481,94,84,0.4194544,0.4194544,0.602,0.013569146,2.3809524,0.49151927,0.49151927,0.858,0.06741667,0.0,0.40762493,0.40762493,0.606,0.008460164,0.0,0.53483176,0.53483176,0.99,0.14091676,7.142857,0.3563571,0.3563571,0.322,-0.022158176,0.0,0.38084447,0.38084447,0.422,-0.011903524,0.0,0.4644715,0.4644715,0.65,0.019337714,0.0,0.34130192,0.34130192,0.17,-0.056769967,0.0,0.46275795,0.46275795,0.798,0.05133784,0.4124316,0.4124316,0.574,0.01400876,0.41183656,0.41183656,0.498,0.007187456,0.39254892,0.39254892,0.174,-0.060893536,0.43838567,0.43838567,0.854,0.060851485,0.42378947,0.42378947,0.502,-9.480119e-05,0.42718393,0.42718393,0.462,-0.0037789345,foreign_policy,0.13200003,0.96462256,0.9775965,0.027967667,0.9959219,0.64097303,0.41114044,0.8482194,0.02002344,0.003976228,0.4057872,0.8482115,0.5281684,0.84840786,0.98651344,0.9990782,foreign_policy
trump1_c014,trump1,trump,en,2021-01-19,farewell_address,14,28,0.519,81,70,0.31777224,0.31777224,0.074,-0.08811301,1.4285715,0.50192845,0.50192845,0.91,0.077825844,2.857143,0.3510867,0.3510867,0.206,-0.04807806,0.0,0.35098678,0.35098678,0.206,-0.04292822,0.0,0.30554223,0.30554223,0.058,-0.07297304,0.0,0.29956585,0.29956585,0.038,-0.09318215,0.0,0.386716,0.386716,0.142,-0.058417767,0.0,0.3402623,0.3402623,0.158,-0.05780959,0.0,0.372936,0.372936,0.234,-0.038484097,0.30091473,0.30091473,0.03,-0.0975081,0.3639543,0.3639543,0.254,-0.040694803,0.36967587,0.36967587,0.078,-0.08376658,0.33482128,0.33482128,0.242,-0.042712897,0.37540457,0.37540457,0.198,-0.048479706,0.3703233,0.3703233,0.098,-0.06063956,security_military,0.704,0.9988531,0.98964185,0.000965975,0.89379704,0.15271018,0.5869003,0.10861369,0.986992,0.026305282,0.08166611,0.99926496,0.9927532,0.06307716,0.98253244,0.99962735,national_identity
trump1_c015,trump1,trump,en,2021-01-19,farewell_address,15,28,0.556,88,70,0.38995576,0.38995576,0.438,-0.01592949,1.4285715,0.5262593,0.5262593,0.974,0.1021567,1.4285715,0.37272894,0.37272894,0.342,-0.026435822,0.0,0.5068871,0.5068871,0.974,0.11297208,4.285714,0.37077582,0.37077582,0.474,-0.0077394545,0.0,0.364973,0.364973,0.298,-0.02777499,0.0,0.45424503,0.45424503,0.542,0.009111255,0.0,0.33904254,0.33904254,0.146,-0.05902934,0.0,0.49062,0.49062,0.91,0.07919988,0.4019851,0.4019851,0.526,0.0035622716,0.43556193,0.43556193,0.674,0.030912817,0.40529752,0.40529752,0.21,-0.048144937,0.43917865,0.43917865,0.858,0.061644465,0.43833515,0.43833515,0.59,0.014450878,0.43853247,0.43853247,0.55,0.007569611,security_military,0.0,0.99799085,0.9996072,0.0001874087,0.999854,0.0019136339,0.02208493,0.9977172,0.00031381086,0.984017,0.96247077,0.9974039,0.007417379,0.9962819,0.9981068,0.9995995,foreign_policy
trump1_c016,trump1,trump,en,2021-01-19,farewell_address,16,28,0.593,88,77,0.37704188,0.37704188,0.326,-0.028843373,0.0,0.5006482,0.5006482,0.902,0.076545596,2.5974026,0.39566624,0.39566624,0.498,-0.0034985244,0.0,0.4712597,0.4712597,0.93,0.077344716,1.2987013,0.34347558,0.34347558,0.246,-0.035039693,0.0,0.34891322,0.34891322,0.214,-0.043834776,0.0,0.43237916,0.43237916,0.402,-0.012754619,0.0,0.36105427,0.36105427,0.274,-0.037017614,1.2987013,0.47577843,0.47577843,0.854,0.064358324,0.43549523,0.43549523,0.766,0.03707239,0.44144726,0.44144726,0.722,0.03679815,0.44248432,0.44248432,0.466,-0.010958135,0.40402094,0.40402094,0.686,0.026486754,0.4274634,0.4274634,0.53,0.0035791397,0.45078877,0.45078877,0.662,0.019825906,foreign_policy,0.027999997,0.041345995,0.9737946,0.0001892475,0.9496694,0.048159145,0.039029974,0.07203007,0.0005142608,0.0012007196,0.9898989,0.9995408,0.19713756,0.08997298,0.9934006,0.99885756,security_military
trump1_c017,trump1,trump,en,2021-01-19,farewell_address,17,28,0.63,81,63,0.47849566,0.47849566,0.866,0.07261041,4.7619047,0.46317935,0.46317935,0.734,0.039076746,0.0,0.41294354,0.41294354,0.634,0.013778776,0.0,0.44941705,0.44941705,0.878,0.055502057,0.0,0.46595252,0.46595252,0.942,0.08743724,0.0,0.45516962,0.45516962,0.846,0.06242162,0.0,0.46270066,0.46270066,0.626,0.01756689,0.0,0.3602487,0.3602487,0.27,-0.03782317,0.0,0.463409,0.463409,0.802,0.0519889,0.4314684,0.4314684,0.734,0.03304556,0.38446283,0.38446283,0.374,-0.020186275,0.44399703,0.44399703,0.474,-0.009445429,0.50078994,0.50078994,0.974,0.12325576,0.5028417,0.5028417,0.906,0.07895744,0.49088502,0.49088502,0.906,0.05992216,democracy_institutions,0.06399995,0.9985047,0.12678516,0.47268352,0.119074814,0.99110544,0.99986917,0.7860896,0.017143767,0.0005410356,0.7947038,0.804713,0.011721147,0.58058983,0.9273633,0.9998543,social_solidarity
trump1_c018,trump1,trump,en,2021-01-19,farewell_address,18,28,0.667,92,77,0.34370148,0.34370148,0.146,-0.062183768,0.0,0.41487753,0.41487753,0.446,-0.0092250705,0.0,0.45494035,0.45494035,0.842,0.055775583,0.0,0.35775626,0.35775626,0.266,-0.03615874,0.0,0.34415978,0.34415978,0.254,-0.03435549,0.0,0.36813134,0.36813134,0.314,-0.024616659,1.2987013,0.45345688,0.45345688,0.53,0.008323103,0.0,0.3263809,0.3263809,0.094,-0.07169098,0.0,0.4290911,0.4290911,0.61,0.017670989,0.37092128,0.37092128,0.298,-0.027501553,0.37354976,0.37354976,0.322,-0.03109935,0.41464674,0.41464674,0.282,-0.03879571,0.38632256,0.38632256,0.598,0.008788377,0.4330767,0.4330767,0.562,0.009192437,0.4498275,0.4498275,0.638,0.018864632,economy_welfare,0.31200004,0.7672106,0.0005826939,0.27943507,0.6903504,0.2993356,0.98651993,0.75004965,0.0006178345,0.011266298,0.11162799,0.7735587,0.7325918,0.90209335,0.9143051,0.99956524,social_solidarity
trump1_c019,trump1,trump,en,2021-01-19,farewell_address,19,28,0.704,118,101,0.46984178,0.46984178,0.838,0.06395653,0.0,0.40992153,0.40992153,0.394,-0.0141810775,0.0,0.3869425,0.3869425,0.43,-0.01222226,0.0,0.36448148,0.36448148,0.306,-0.029433519,0.0,0.45422345,0.45422345,0.918,0.07570818,0.990099,0.42542115,0.42542115,0.73,0.03267315,0.990099,0.42396304,0.42396304,0.338,-0.021170735,0.0,0.32198688,0.32198688,0.078,-0.076085,0.0,0.38862407,0.38862407,0.346,-0.022796035,0.38507384,0.38507384,0.426,-0.013348997,0.40322432,0.40322432,0.47,-0.0014247894,0.38825268,0.38825268,0.154,-0.06518978,0.4419495,0.4419495,0.866,0.064415306,0.48305067,0.48305067,0.842,0.0591664,0.44858354,0.44858354,0.622,0.017620683,democracy_institutions,0.07999998,0.9994877,0.018978037,0.024421636,0.73392886,0.8250618,0.9991817,0.05783822,0.0007451558,0.00057703455,0.8522297,0.9481725,0.0048485333,0.31237,0.9847597,0.9994173,national_identity
trump1_c020,trump1,trump,en,2021-01-19,farewell_address,20,28,0.741,87,76,0.46395144,0.46395144,0.818,0.05806619,2.631579,0.45091054,0.45091054,0.682,0.026807934,0.0,0.4271158,0.4271158,0.726,0.027951032,0.0,0.34457883,0.34457883,0.154,-0.049336165,0.0,0.38816476,0.38816476,0.614,0.009649485,2.631579,0.4438113,0.4438113,0.83,0.0510633,3.9473684,0.43051976,0.43051976,0.378,-0.014614016,0.0,0.331626,0.331626,0.114,-0.06644589,1.3157895,0.40123284,0.40123284,0.434,-0.010187268,0.38218367,0.38218367,0.394,-0.016239166,0.4205186,0.4205186,0.55,0.015869498,0.4124874,0.4124874,0.262,-0.040955067,0.3925752,0.3925752,0.626,0.0150410235,0.5057118,0.5057118,0.922,0.08182752,0.424505,0.424505,0.418,-0.0064578652,social_solidarity,0.011999965,0.97038054,0.0013070537,0.016497837,0.7343101,0.98892784,0.9996898,0.023802662,0.00014257942,0.00039666123,0.8830344,0.9850429,0.5799358,0.026632411,0.99864227,0.9989877,social_solidarity
trump1_c021,trump1,trump,en,2021-01-19,farewell_address,21,28,0.778,101,90,0.51112336,0.51112336,0.93,0.10523811,4.4444447,0.50784856,0.50784856,0.934,0.08374596,0.0,0.41765165,0.41765165,0.682,0.018486887,0.0,0.4437191,0.4437191,0.858,0.04980409,1.1111112,0.39887267,0.39887267,0.67,0.0203574,0.0,0.41812673,0.41812673,0.69,0.025378734,1.1111112,0.56417084,0.56417084,0.99,0.11903706,3.3333333,0.37136698,0.37136698,0.334,-0.026704907,0.0,0.5566634,0.5566634,0.998,0.14524329,0.4142481,0.4142481,0.586,0.015825272,0.42544755,0.42544755,0.574,0.020798445,0.43264598,0.43264598,0.402,-0.020796478,0.49193633,0.49193633,0.954,0.114402145,0.4449367,0.4449367,0.634,0.02105242,0.4364484,0.4364484,0.534,0.0054855347,crisis_resilience,0.055999994,0.8660759,0.74945414,0.00022081408,0.9301416,0.31896225,0.9201463,0.9929061,0.00022693386,0.008933403,0.03044435,0.6535693,0.008179984,0.9968642,0.007289078,0.7399395,crisis_resilience
trump1_c022,trump1,trump,en,2021-01-19,farewell_address,22,28,0.815,89,76,0.5874827,0.5874827,0.998,0.18159744,5.263158,0.50283444,0.50283444,0.918,0.078731835,0.0,0.43307045,0.43307045,0.75,0.033905685,0.0,0.43511862,0.43511862,0.806,0.041203618,0.0,0.43820596,0.43820596,0.866,0.059690684,0.0,0.49821344,0.49821344,0.954,0.10546544,2.631579,0.5489032,0.5489032,0.982,0.10376945,1.3157895,0.36816472,0.36816472,0.318,-0.029907167,0.0,0.49856097,0.49856097,0.95,0.08714086,0.44814488,0.44814488,0.842,0.049722046,0.48312628,0.48312628,0.91,0.078477174,0.44168788,0.44168788,0.462,-0.011754572,0.5044968,0.5044968,0.978,0.12696263,0.48677635,0.48677635,0.862,0.06289208,0.43650767,0.43650767,0.538,0.0055448115,national_identity,0.016000032,0.9998063,0.18914637,0.00014036924,0.5195213,0.03030055,0.97161114,0.73573655,0.000141194,0.0035866161,0.68594944,0.92478114,0.00022782186,0.25704175,0.9666946,0.98439646,national_identity
trump1_c023,trump1,trump,en,2021-01-19,farewell_address,23,28,0.852,173,146,0.5396764,0.5396764,0.978,0.13379118,3.4246576,0.4268102,0.4268102,0.542,0.0027076006,0.0,0.36911613,0.36911613,0.326,-0.030048639,0.0,0.36895788,0.36895788,0.338,-0.02495712,0.0,0.4259745,0.4259745,0.822,0.047459215,0.0,0.43540353,0.43540353,0.786,0.042655528,0.6849315,0.4408622,0.4408622,0.45,-0.004271567,0.0,0.3405189,0.3405189,0.162,-0.057552993,0.0,0.46777382,0.46777382,0.814,0.056353718,0.41795588,0.41795588,0.63,0.019533038,0.3664297,0.3664297,0.278,-0.038219422,0.36793143,0.36793143,0.066,-0.08551103,0.49811667,0.49811667,0.97,0.12058249,0.39734682,0.39734682,0.326,-0.026537448,0.38252777,0.38252777,0.158,-0.048435092,national_identity,0.15599996,0.9397753,0.0023504829,0.0003521251,0.22738355,0.4139509,0.65013415,0.32362056,0.00019716943,0.0018422531,0.56363314,0.98189265,0.00018450373,0.05241244,0.84887826,0.9148439,national_identity
trump1_c024,trump1,trump,en,2021-01-19,farewell_address,24,28,0.889,84,71,0.477404,0.477404,0.858,0.07151875,1.4084507,0.46300492,0.46300492,0.73,0.038902313,1.4084507,0.3857505,0.3857505,0.422,-0.013414264,0.0,0.3680586,0.3680586,0.322,-0.025856405,0.0,0.39570025,0.39570025,0.662,0.017184973,1.4084507,0.435251,0.435251,0.782,0.042503,1.4084507,0.5234046,0.5234046,0.938,0.07827082,1.4084507,0.34603435,0.34603435,0.19,-0.052037537,0.0,0.443906,0.443906,0.718,0.032485902,0.3957404,0.3957404,0.486,-0.0026824474,0.43351692,0.43351692,0.658,0.028867811,0.4173588,0.4173588,0.306,-0.03608367,0.45515102,0.45515102,0.886,0.07761684,0.4655887,0.4655887,0.746,0.041704416,0.39219964,0.39219964,0.218,-0.038763225,crisis_resilience,0.08000004,0.41825128,0.6198021,0.0010083435,0.70150864,0.0037727475,0.42765066,0.8796904,0.001483719,0.2557733,0.0024871177,0.997977,0.0006667024,0.99023503,0.94550014,0.99316275,crisis_resilience
trump1_c025,trump1,trump,en,2021-01-19,farewell_address,25,28,0.926,99,89,0.45105132,0.45105132,0.77,0.045166075,0.0,0.44551653,0.44551653,0.642,0.021413922,0.0,0.34586364,0.34586364,0.174,-0.053301126,0.0,0.36848724,0.36848724,0.334,-0.025427759,0.0,0.34851342,0.34851342,0.282,-0.030001849,0.0,0.4147594,0.4147594,0.67,0.0220114,4.494382,0.41464475,0.41464475,0.274,-0.030489028,0.0,0.34467566,0.34467566,0.182,-0.053396225,0.0,0.40125725,0.40125725,0.438,-0.01016286,0.378601,0.378601,0.366,-0.019821823,0.4603876,0.4603876,0.814,0.05573848,0.44119182,0.44119182,0.458,-0.012250632,0.41994217,0.41994217,0.758,0.04240799,0.47505504,0.47505504,0.814,0.051170766,0.40986246,0.40986246,0.334,-0.021100402,national_identity,0.099999964,0.99959236,0.19672975,0.0027900378,0.54673815,0.32459995,0.9998201,0.98879886,0.002688672,0.0016711375,0.8967045,0.9976678,0.000522355,0.020904193,0.9986955,0.9991785,social_solidarity
trump1_c026,trump1,trump,en,2021-01-19,farewell_address,26,28,0.963,170,149,0.5262708,0.5262708,0.966,0.12038556,4.0268455,0.4808408,0.4808408,0.806,0.056738198,0.67114097,0.37911704,0.37911704,0.374,-0.020047724,0.0,0.43761456,0.43761456,0.826,0.043699563,1.3422819,0.4022651,0.4022651,0.686,0.023749828,0.0,0.41316336,0.41316336,0.65,0.020415366,0.67114097,0.47534811,0.47534811,0.73,0.03021434,0.0,0.34772295,0.34772295,0.194,-0.050348938,0.0,0.47622335,0.47622335,0.858,0.06480324,0.41555113,0.41555113,0.606,0.017128289,0.44200915,0.44200915,0.73,0.037360042,0.43285766,0.43285766,0.41,-0.020584792,0.46941277,0.46941277,0.91,0.09187859,0.482603,0.482603,0.838,0.05871874,0.4399732,0.4399732,0.554,0.009010345,national_identity,0.14000005,0.9993013,0.15578356,0.0010754025,0.9695412,0.4315243,0.99226695,0.95618635,0.0008393599,0.064771704,0.75730115,0.9995197,0.0045827655,0.9849563,0.9955403,0.9994579,national_identity
trump1_c027,trump1,trump,en,2021-01-19,farewell_address,27,28,1.0,178,156,0.43607283,0.43607283,0.67,0.030187577,3.2051282,0.40194494,0.40194494,0.346,-0.022157669,0.0,0.3744863,0.3744863,0.35,-0.024678469,0.0,0.35233784,0.35233784,0.23,-0.04157716,0.0,0.35751313,0.35751313,0.33,-0.021002144,0.0,0.40116692,0.40116692,0.566,0.008418918,1.2820513,0.42003828,0.42003828,0.306,-0.025095493,0.0,0.39269507,0.39269507,0.486,-0.005376816,0.64102566,0.3831495,0.3831495,0.294,-0.028270602,0.37659377,0.37659377,0.346,-0.021829069,0.43241745,0.43241745,0.65,0.027768344,0.49208912,0.49208912,0.706,0.03864667,0.37862533,0.37862533,0.546,0.0010911524,0.46562192,0.46562192,0.75,0.041737646,0.47158974,0.47158974,0.834,0.040626884,national_identity,0.10400003,0.21862766,0.0053536464,0.0031603526,0.008627457,0.014559517,0.803858,0.025613913,0.0005747862,0.0012668908,0.027716564,0.0023096213,0.012540018,0.012661521,0.8593395,0.9660601,social_solidarity
trump2_c000,trump2,trump,en,,composite_excerpts,0,3,0.0,138,111,0.3429826,0.3429826,0.138,-0.06290266,0.0,0.40362003,0.40362003,0.358,-0.02048257,0.0,0.30756664,0.30756664,0.034,-0.09159812,0.0,0.32102132,0.32102132,0.074,-0.07289368,0.9009009,0.34467155,0.34467155,0.258,-0.033843726,0.0,0.34277323,0.34277323,0.198,-0.04997477,3.6036036,0.36017537,0.36017537,0.042,-0.084958404,0.0,0.28923735,0.28923735,0.026,-0.108834535,0.0,0.37961793,0.37961793,0.262,-0.031802177,0.34255576,0.34255576,0.142,-0.055867076,0.30409852,0.30409852,0.062,-0.10055059,0.36802533,0.36802533,0.07,-0.08541712,0.36174405,0.36174405,0.434,-0.015790135,0.37582457,0.37582457,0.202,-0.048059702,0.43566835,0.43566835,0.53,0.0047054887,security_military,0.100000024,0.94721043,0.04253786,0.00033732018,0.014364656,0.99521697,0.9977394,0.01733403,0.00044508648,0.0016166499,0.96718633,0.960915,0.031858854,0.9309934,0.99882597,0.9996215,social_solidarity
trump2_c001,trump2,trump,en,,composite_excerpts,1,3,0.5,143,115,0.37736884,0.37736884,0.33,-0.028516412,1.7391304,0.45397198,0.45397198,0.69,0.029869378,0.8695652,0.46536237,0.46536237,0.866,0.066197604,0.8695652,0.37625176,0.37625176,0.398,-0.01766324,0.8695652,0.37573293,0.37573293,0.51,-0.0027823448,1.7391304,0.3689629,0.3689629,0.326,-0.023785084,0.8695652,0.44132623,0.44132623,0.454,-0.0038075447,0.0,0.3678209,0.3678209,0.31,-0.030250996,0.0,0.45058754,0.45058754,0.75,0.039167434,0.37059873,0.37059873,0.294,-0.027824104,0.4281175,0.4281175,0.618,0.023468405,0.4455062,0.4455062,0.49,-0.007936269,0.4147709,0.4147709,0.738,0.03723672,0.4066496,0.4066496,0.402,-0.017234683,0.4678563,0.4678563,0.81,0.036893427,economy_welfare,0.176,0.9993551,0.022286188,0.7864589,0.98573184,0.99387276,0.99921453,0.6500231,0.0034698907,0.004953306,0.34786934,0.9990836,0.9988553,0.074837625,0.98557645,0.9997658,national_identity
trump2_c002,trump2,trump,en,,composite_excerpts,2,3,1.0,128,97,0.3263548,0.3263548,0.094,-0.07953045,2.0618556,0.35404438,0.35404438,0.106,-0.07005823,0.0,0.4034626,0.4034626,0.578,0.0042978227,0.0,0.30114526,0.30114526,0.042,-0.09276974,2.0618556,0.26135314,0.26135314,0.018,-0.11716214,0.0,0.33963895,0.33963895,0.17,-0.05310905,2.0618556,0.35211393,0.35211393,0.018,-0.09301984,0.0,0.34319788,0.34319788,0.174,-0.054874003,0.0,0.30780798,0.30780798,0.042,-0.103612125,0.2772174,0.2772174,0.022,-0.12120545,0.33482698,0.33482698,0.146,-0.06982213,0.373447,0.373447,0.094,-0.07999545,0.30337763,0.30337763,0.102,-0.07415655,0.3584522,0.3584522,0.134,-0.06543207,0.36609018,0.36609018,0.09,-0.06487268,economy_welfare,0.404,0.99913734,0.0070254076,0.31195068,0.9147487,0.03945338,0.99920684,0.26262906,0.7826417,0.001036267,0.100436606,0.9984633,0.9992342,0.051725585,0.9994,0.99868274,social_solidarity
trump3_c000,trump3,trump,en,2017-01-20,inaugural_address,0,17,0.0,95,78,0.45933086,0.45933086,0.806,0.053445607,3.8461537,0.42636746,0.42636746,0.53,0.0022648573,0.0,0.39970967,0.39970967,0.55,0.00054490566,0.0,0.39941728,0.39941728,0.534,0.0055022836,2.5641026,0.40306014,0.40306014,0.694,0.024544865,0.0,0.41195107,0.41195107,0.642,0.019203067,1.2820513,0.5008739,0.5008739,0.866,0.055740148,3.8461537,0.40506628,0.40506628,0.55,0.0069943964,0.0,0.43488234,0.43488234,0.638,0.023462236,0.44611996,0.44611996,0.834,0.047697127,0.4013144,0.4013144,0.462,-0.003334701,0.47435525,0.47435525,0.638,0.020912796,0.42392498,0.42392498,0.79,0.0463908,0.4970489,0.4970489,0.894,0.07316464,0.49947435,0.49947435,0.914,0.068511486,crisis_resilience,0.060000002,0.99942744,0.049566016,0.09657791,0.8929365,0.94061273,0.9989577,0.78274554,0.009831294,0.0011051808,0.98031855,0.9607128,0.9007046,0.49584973,0.9997946,0.9998479,national_identity
trump3_c001,trump3,trump,en,2017-01-20,inaugural_address,1,17,0.062,100,85,0.39753878,0.39753878,0.474,-0.008346468,0.0,0.39145592,0.39145592,0.278,-0.032646686,0.0,0.34767646,0.34767646,0.182,-0.05148831,0.0,0.368146,0.368146,0.326,-0.025768995,0.0,0.3985899,0.3985899,0.666,0.020074636,0.0,0.3919354,0.3919354,0.51,-0.0008125901,0.0,0.38926893,0.38926893,0.146,-0.05586484,0.0,0.35829383,0.35829383,0.25,-0.039778054,0.0,0.37707746,0.37707746,0.254,-0.034342647,0.38893345,0.38893345,0.458,-0.009489387,0.42768902,0.42768902,0.614,0.023039907,0.4280104,0.4280104,0.378,-0.02543205,0.3962432,0.3962432,0.638,0.018709034,0.48819444,0.48819444,0.866,0.06431016,0.44262576,0.44262576,0.582,0.0116629,democracy_institutions,0.15600002,0.24382243,0.13114539,0.02590802,0.7291342,0.920218,0.78945696,0.0041019297,0.0016678822,0.00038147115,0.95630896,0.8333076,0.23567966,0.02482179,0.98144454,0.9966234,democracy_institutions
trump3_c002,trump3,trump,en,2017-01-20,inaugural_address,2,17,0.125,109,89,0.4144938,0.4144938,0.57,0.00860855,3.3707864,0.4013472,0.4013472,0.338,-0.022755414,0.0,0.4899085,0.4899085,0.938,0.09074372,1.1235955,0.3629461,0.3629461,0.294,-0.030968904,0.0,0.39330995,0.39330995,0.646,0.0147946775,0.0,0.39395398,0.39395398,0.53,0.0012059808,1.1235955,0.44912502,0.44912502,0.498,0.003991246,0.0,0.3448406,0.3448406,0.186,-0.0532313,0.0,0.41940182,0.41940182,0.542,0.007981718,0.37502974,0.37502974,0.326,-0.023393095,0.4259537,0.4259537,0.582,0.021304578,0.42797667,0.42797667,0.374,-0.025465786,0.4813608,0.4813608,0.934,0.10382661,0.46238503,0.46238503,0.73,0.038500756,0.43434337,0.43434337,0.51,0.0033805072,economy_welfare,0.292,0.22588587,0.119126044,0.110279374,0.31011954,0.94468933,0.9422947,0.1802509,0.00042554308,0.00034464322,0.0025608707,0.9983354,0.0006130294,0.79206246,0.0024582131,0.18072036,democracy_institutions
trump3_c003,trump3,trump,en,2017-01-20,inaugural_address,3,17,0.188,80,69,0.48965696,0.48965696,0.898,0.083771706,1.4492754,0.4007824,0.4007824,0.33,-0.023320198,0.0,0.38762563,0.38762563,0.438,-0.011539131,0.0,0.388834,0.388834,0.47,-0.005080998,0.0,0.4513348,0.4513348,0.906,0.07281953,0.0,0.4114683,0.4114683,0.638,0.018720299,0.0,0.41294292,0.41294292,0.266,-0.03219086,0.0,0.39784265,0.39784265,0.518,-0.00022923946,0.0,0.4181753,0.4181753,0.522,0.006755203,0.4169132,0.4169132,0.622,0.018490374,0.42579773,0.42579773,0.578,0.021148622,0.44723785,0.44723785,0.494,-0.006204605,0.4662868,0.4662868,0.898,0.08875263,0.47243118,0.47243118,0.794,0.04854691,0.45725146,0.45725146,0.714,0.026288599,democracy_institutions,0.008000016,0.96435505,0.0008344602,0.009807557,0.50598115,0.865757,0.93569994,0.0026265522,0.00014482441,0.00045652696,0.04352814,0.00013552076,0.000105959916,0.052279215,0.47925994,0.33623567,national_identity
trump3_c004,trump3,trump,en,2017-01-20,inaugural_address,4,17,0.25,94,79,0.52548325,0.52548325,0.962,0.119598,3.7974684,0.44311988,0.44311988,0.626,0.01901728,0.0,0.41642725,0.41642725,0.67,0.017262489,0.0,0.39715868,0.39715868,0.518,0.0032436848,1.2658228,0.45121676,0.45121676,0.902,0.072701484,0.0,0.42504767,0.42504767,0.726,0.032299668,0.0,0.45637372,0.45637372,0.566,0.011239946,0.0,0.38815945,0.38815945,0.462,-0.009912431,0.0,0.44329816,0.44329816,0.706,0.031878054,0.42290664,0.42290664,0.67,0.0244838,0.4589014,0.4589014,0.81,0.054252297,0.46768618,0.46768618,0.614,0.014243722,0.4938608,0.4938608,0.958,0.11632663,0.5069516,0.5069516,0.93,0.0830673,0.48624232,0.48624232,0.902,0.055279464,national_identity,0.060000002,0.99458355,0.07703025,0.0053277086,0.9206248,0.8606915,0.9992282,0.8015477,0.0010024584,0.0023504826,0.386777,0.99949175,0.15222117,0.55817086,0.99135584,0.99780023,social_solidarity
trump3_c005,trump3,trump,en,2017-01-20,inaugural_address,5,17,0.312,118,104,0.38777202,0.38777202,0.418,-0.018113226,1.9230769,0.42671543,0.42671543,0.538,0.0026128292,0.0,0.4649219,0.4649219,0.862,0.065757126,0.96153843,0.32544187,0.32544187,0.086,-0.06847313,0.0,0.38513017,0.38513017,0.586,0.0066148937,0.0,0.41309875,0.41309875,0.646,0.020350754,0.96153843,0.43985957,0.43985957,0.442,-0.0052742064,0.0,0.38806772,0.38806772,0.458,-0.010004163,2.8846154,0.45369735,0.45369735,0.766,0.042277247,0.36956123,0.36956123,0.286,-0.028861612,0.33711007,0.33711007,0.15,-0.067539036,0.43497306,0.43497306,0.43,-0.018469393,0.43482262,0.43482262,0.834,0.057288438,0.3908829,0.3908829,0.282,-0.033001363,0.45190147,0.45190147,0.678,0.020938605,economy_welfare,0.21599996,0.045268092,0.00018128945,0.004886375,0.002443887,0.017560028,0.8536842,0.06008665,0.0001390053,0.00029365462,0.0007138379,0.8964328,0.00016124539,0.91383046,0.011743792,0.065604836,social_solidarity
trump3_c006,trump3,trump,en,2017-01-20,inaugural_address,6,17,0.375,136,114,0.48400402,0.48400402,0.874,0.07811877,1.754386,0.5139843,0.5139843,0.954,0.08988172,0.877193,0.4465733,0.4465733,0.814,0.04740852,1.754386,0.428052,0.428052,0.742,0.03413701,1.754386,0.36530787,0.36530787,0.426,-0.013207406,0.0,0.40347847,0.40347847,0.578,0.010730475,0.0,0.49591023,0.49591023,0.842,0.05077645,0.0,0.35718387,0.35718387,0.242,-0.04088801,0.0,0.5098661,0.5098661,0.97,0.09844601,0.43246248,0.43246248,0.742,0.034039646,0.40984425,0.40984425,0.49,0.005195141,0.45709455,0.45709455,0.542,0.0036520958,0.4981042,0.4981042,0.966,0.120570034,0.4535147,0.4535147,0.694,0.029630423,0.50293744,0.50293744,0.93,0.071974576,security_military,0.07999998,0.99834186,0.9760151,0.035644963,0.9825909,0.07786754,0.59431577,0.06542547,0.00017298902,0.895842,0.035931405,0.9991688,0.00025613976,0.9976632,0.8219034,0.9976009,national_identity
trump3_c007,trump3,trump,en,2017-01-20,inaugural_address,7,17,0.438,91,79,0.42246374,0.42246374,0.626,0.016578496,0.0,0.42649072,0.42649072,0.534,0.0023881197,0.0,0.5386324,0.5386324,0.978,0.13946763,0.0,0.43658924,0.43658924,0.81,0.042674243,2.5316455,0.3491271,0.3491271,0.29,-0.02938816,0.0,0.38366586,0.38366586,0.45,-0.009082139,0.0,0.46411568,0.46411568,0.642,0.018981904,0.0,0.4063138,0.4063138,0.558,0.008241922,1.2658228,0.44336778,0.44336778,0.71,0.031947672,0.38722456,0.38722456,0.45,-0.011198282,0.44566393,0.44566393,0.75,0.04101482,0.47102547,0.47102547,0.626,0.017583013,0.46903157,0.46903157,0.906,0.09149739,0.39637053,0.39637053,0.318,-0.027513742,0.42710692,0.42710692,0.458,-0.0038559437,economy_welfare,0.16799998,0.8363542,0.12147715,0.99496907,0.7694269,0.01102947,0.86671174,0.090534255,0.0013993984,0.00023322323,0.007073256,0.9886024,0.00039511538,0.27279878,0.02904941,0.7958169,economy_welfare
trump3_c008,trump3,trump,en,2017-01-20,inaugural_address,8,17,0.5,83,70,0.44691327,0.44691327,0.726,0.041028023,0.0,0.4677176,0.4677176,0.754,0.043614984,0.0,0.4532276,0.4532276,0.838,0.054062843,2.857143,0.47020888,0.47020888,0.922,0.076293886,2.857143,0.3871098,0.3871098,0.61,0.008594513,0.0,0.3724079,0.3724079,0.35,-0.020340085,1.4285715,0.43923175,0.43923175,0.438,-0.005902022,0.0,0.4136449,0.4136449,0.598,0.015573025,0.0,0.49849892,0.49849892,0.946,0.08707881,0.42601818,0.42601818,0.698,0.027595341,0.39307123,0.39307123,0.426,-0.011577874,0.5106921,0.5106921,0.802,0.057249665,0.4953103,0.4953103,0.962,0.117776126,0.4204623,0.4204623,0.47,-0.0034219623,0.52340543,0.52340543,0.954,0.09244257,foreign_policy,0.08399999,0.99926203,0.009831295,0.7386691,0.8732756,0.96628344,0.92046857,0.019087436,0.0009773505,0.00036117694,0.11303997,0.001375048,0.9983928,0.12776141,0.81242126,0.9992312,national_identity
trump3_c009,trump3,trump,en,2017-01-20,inaugural_address,9,17,0.562,96,82,0.44551533,0.44551533,0.71,0.039630085,0.0,0.48577768,0.48577768,0.818,0.06167507,0.0,0.4654854,0.4654854,0.87,0.06632063,3.6585367,0.4124003,0.4124003,0.622,0.018485308,1.2195122,0.37709177,0.37709177,0.526,-0.0014235079,0.0,0.37518364,0.37518364,0.37,-0.017564356,0.0,0.45908552,0.45908552,0.582,0.013951749,0.0,0.36435938,0.36435938,0.286,-0.033712506,0.0,0.51827484,0.51827484,0.978,0.10685474,0.419649,0.419649,0.634,0.021226168,0.3652195,0.3652195,0.27,-0.039429605,0.4588042,0.4588042,0.554,0.005361736,0.52042425,0.52042425,0.99,0.14289007,0.4107694,0.4107694,0.426,-0.01311487,0.5197014,0.5197014,0.95,0.08873856,economy_welfare,0.051999986,0.99807703,0.9949837,0.8456877,0.9964688,0.9613165,0.9984053,0.9864025,0.31489265,0.6898282,0.032821454,0.57343954,0.9744104,0.9970015,0.9913139,0.99969995,social_solidarity
trump3_c010,trump3,trump,en,2017-01-20,inaugural_address,10,17,0.625,92,85,0.4649883,0.4649883,0.826,0.059103042,4.7058825,0.460957,0.460957,0.714,0.036854386,0.0,0.5097997,0.5097997,0.958,0.11063495,0.0,0.4864927,0.4864927,0.954,0.092577696,1.1764706,0.4304279,0.4304279,0.846,0.051912636,0.0,0.42835,0.42835,0.746,0.035602003,0.0,0.453522,0.453522,0.538,0.008388221,1.1764706,0.44951046,0.44951046,0.818,0.05143857,0.0,0.48391944,0.48391944,0.882,0.072499335,0.47349948,0.47349948,0.918,0.07507664,0.4000234,0.4000234,0.45,-0.004625708,0.5520952,0.5520952,0.93,0.09865272,0.5123981,0.5123981,0.982,0.13486394,0.4431548,0.4431548,0.63,0.01927054,0.58961725,0.58961725,0.998,0.15865439,economy_welfare,0.004000008,0.8661325,0.004272937,0.039787807,0.85993683,0.6591035,0.9969426,0.036908068,0.29308826,0.0005295418,0.5090322,0.108135976,0.997851,0.015891112,0.4697635,0.9995299,social_solidarity
trump3_c011,trump3,trump,en,2017-01-20,inaugural_address,11,17,0.688,99,89,0.4875546,0.4875546,0.886,0.08166936,1.1235955,0.5299191,0.5299191,0.982,0.10581648,1.1235955,0.41051123,0.41051123,0.618,0.011346459,0.0,0.49616432,0.49616432,0.966,0.102249324,2.247191,0.4298753,0.4298753,0.842,0.05136004,0.0,0.465525,0.465525,0.87,0.072777,0.0,0.47231328,0.47231328,0.702,0.02717951,0.0,0.41536593,0.41536593,0.622,0.01729405,0.0,0.5555588,0.5555588,0.994,0.1441387,0.49870628,0.49870628,0.966,0.100283444,0.38836277,0.38836277,0.41,-0.016286343,0.49255067,0.49255067,0.71,0.039108217,0.5739044,0.5739044,0.998,0.19637021,0.44180495,0.44180495,0.618,0.017920673,0.53810775,0.53810775,0.986,0.10714489,security_military,0.015999973,0.999758,0.8126781,0.00081993215,0.9666159,0.7210685,0.9984603,0.95091486,0.00045297577,0.16066068,0.99755615,0.8978745,0.7465088,0.7961043,0.49389678,0.99965537,national_identity
trump3_c012,trump3,trump,en,2017-01-20,inaugural_address,12,17,0.75,106,91,0.5614451,0.5614451,0.986,0.15555987,2.1978023,0.5213826,0.5213826,0.966,0.097279966,1.0989012,0.38234618,0.38234618,0.402,-0.016818583,0.0,0.41172302,0.41172302,0.606,0.01780802,0.0,0.42089796,0.42089796,0.806,0.042382687,1.0989012,0.5207921,0.5207921,0.986,0.12804413,2.1978023,0.48903108,0.48903108,0.826,0.0438973,0.0,0.33411458,0.33411458,0.126,-0.063957304,0.0,0.51533943,0.51533943,0.974,0.10391933,0.530045,0.530045,0.998,0.13162214,0.378537,0.378537,0.35,-0.02611211,0.41887474,0.41887474,0.33,-0.034567714,0.5279334,0.5279334,0.994,0.15039924,0.48419845,0.48419845,0.85,0.06031418,0.4516631,0.4516631,0.674,0.020700246,national_identity,0.0,0.9994472,0.9967333,0.00012533754,0.6194713,0.13437784,0.9978843,0.056652423,8.7502995e-05,0.0006732405,0.9986462,0.809276,0.0007687913,0.055043377,0.43974736,0.99743664,national_identity
trump3_c013,trump3,trump,en,2017-01-20,inaugural_address,13,17,0.812,80,71,0.4574084,0.4574084,0.786,0.05152315,1.4084507,0.43945682,0.43945682,0.606,0.015354216,0.0,0.4379942,0.4379942,0.782,0.038829446,0.0,0.40720046,0.40720046,0.57,0.013285458,0.0,0.41358042,0.41358042,0.742,0.035065144,0.0,0.3921462,0.3921462,0.514,-0.0006017983,0.0,0.47821844,0.47821844,0.762,0.03308466,0.0,0.46077442,0.46077442,0.862,0.06270254,0.0,0.48490703,0.48490703,0.89,0.073486924,0.44053262,0.44053262,0.794,0.042109787,0.4223321,0.4223321,0.558,0.017683,0.54208827,0.54208827,0.906,0.088645816,0.49103457,0.49103457,0.946,0.11350039,0.44117805,0.44117805,0.602,0.017293781,0.5350071,0.5350071,0.974,0.10404426,future_reform_technology,0.075999975,0.99525404,0.74129957,0.4368623,0.9209676,0.9962235,0.9993014,0.85615206,0.028301446,0.00037263765,0.21011727,0.93126744,0.24068537,0.99110115,0.06858817,0.9928301,social_solidarity
trump3_c014,trump3,trump,en,2017-01-20,inaugural_address,14,17,0.875,86,73,0.50733113,0.50733113,0.926,0.10144588,1.369863,0.48990145,0.48990145,0.842,0.06579885,0.0,0.4797833,0.4797833,0.914,0.08061853,0.0,0.43507907,0.43507907,0.802,0.04116407,0.0,0.40199006,0.40199006,0.678,0.023474783,0.0,0.4266231,0.4266231,0.738,0.033875108,0.0,0.5655673,0.5655673,0.994,0.12043354,1.369863,0.4895154,0.4895154,0.93,0.09144351,0.0,0.51875377,0.51875377,0.982,0.10733366,0.46411145,0.46411145,0.902,0.06568861,0.4433757,0.4433757,0.734,0.038726598,0.55283964,0.55283964,0.934,0.09939718,0.47704214,0.47704214,0.926,0.09950796,0.47016686,0.47016686,0.77,0.04628259,0.523458,0.523458,0.958,0.09249514,crisis_resilience,0.06400001,0.21573259,0.3881831,0.050121,0.9773492,0.0049245106,0.7648038,0.80931365,0.7001778,0.026581828,0.0054586614,0.0010142631,0.9997316,0.9947238,0.2829881,0.99968684,foreign_policy
trump3_c015,trump3,trump,en,2017-01-20,inaugural_address,15,17,0.938,108,94,0.5383658,0.5383658,0.974,0.13248053,0.0,0.5265322,0.5265322,0.978,0.10242957,1.0638298,0.3947876,0.3947876,0.478,-0.0043771565,0.0,0.37979776,0.37979776,0.414,-0.014117241,0.0,0.40846962,0.40846962,0.722,0.029954344,1.0638298,0.4763321,0.4763321,0.91,0.0835841,0.0,0.47685963,0.47685963,0.742,0.031725854,0.0,0.35755408,0.35755408,0.246,-0.040517807,0.0,0.49642688,0.49642688,0.938,0.08500677,0.45350727,0.45350727,0.87,0.055084437,0.4497602,0.4497602,0.782,0.04511109,0.42847553,0.42847553,0.382,-0.024966925,0.5147619,0.5147619,0.986,0.13722774,0.5078094,0.5078094,0.934,0.08392513,0.44111872,0.44111872,0.578,0.010155857,security_military,0.004000008,0.99697214,0.9590609,0.00017847933,0.2232077,0.0033634924,0.9990053,0.5537768,0.00013873412,0.0056528766,0.07814849,0.97914577,0.00094177976,0.559055,0.3205022,0.9973785,social_solidarity
trump3_c016,trump3,trump,en,2017-01-20,inaugural_address,16,17,1.0,129,105,0.44339687,0.44339687,0.698,0.037511617,0.0,0.39937216,0.39937216,0.318,-0.024730444,0.0,0.35964498,0.35964498,0.242,-0.039519787,0.0,0.3428609,0.3428609,0.142,-0.05105409,0.0,0.33942324,0.33942324,0.23,-0.039092034,0.0,0.37473387,0.37473387,0.366,-0.018014133,2.857143,0.4121139,0.4121139,0.262,-0.03301987,0.0,0.338003,0.338003,0.138,-0.060068876,0.0,0.4075672,0.4075672,0.47,-0.0038529038,0.3789499,0.3789499,0.37,-0.019472927,0.364231,0.364231,0.262,-0.04041812,0.44316852,0.44316852,0.47,-0.010273933,0.42325568,0.42325568,0.786,0.0457215,0.43515384,0.43515384,0.57,0.011269569,0.46185482,0.46185482,0.762,0.030891955,national_identity,0.33200002,0.99976027,0.76664317,0.5537164,0.93314576,0.06930517,0.9991083,0.640411,0.00042804275,0.0012279607,0.98367554,0.8555497,0.99796915,0.34428844,0.99947155,0.99909604,national_identity
