chunk_id,speech_id,leader,language,speech_date,speech_type,chunk_index,n_chunks_in_speech,relative_position,token_count,word_count,national_identity_cos,national_identity_cos_en,national_identity_pct,national_identity_rel,national_identity_kw,security_military_cos,security_military_cos_en,security_military_pct,security_military_rel,security_military_kw,economy_welfare_cos,economy_welfare_cos_en,economy_welfare_pct,economy_welfare_rel,economy_welfare_kw,foreign_policy_cos,foreign_policy_cos_en,foreign_policy_pct,foreign_policy_rel,foreign_policy_kw,democracy_institutions_cos,democracy_institutions_cos_en,democracy_institutions_pct,democracy_institutions_rel,democracy_institutions_kw,social_solidarity_cos,social_solidarity_cos_en,social_solidarity_pct,social_solidarity_rel,social_solidarity_kw,crisis_resilience_cos,crisis_resilience_cos_en,crisis_resilience_pct,crisis_resilience_rel,crisis_resilience_kw,future_reform_technology_cos,future_reform_technology_cos_en,future_reform_technology_pct,future_reform_technology_rel,future_reform_technology_kw,conflict_threat_framing_cos,conflict_threat_framing_cos_en,conflict_threat_framing_pct,conflict_threat_framing_rel,cooperation_solidarity_framing_cos,cooperation_solidarity_framing_cos_en,cooperation_solidarity_framing_pct,cooperation_solidarity_framing_rel,past_orientation_cos,past_orientation_cos_en,past_orientation_pct,past_orientation_rel,future_orientation_cos,future_orientation_cos_en,future_orientation_pct,future_orientation_rel,us_vs_them_cos,us_vs_them_cos_en,us_vs_them_pct,us_vs_them_rel,gratitude_recognition_cos,gratitude_recognition_cos_en,gratitude_recognition_pct,gratitude_recognition_rel,promises_commitments_cos,promises_commitments_cos_en,promises_commitments_pct,promises_commitments_rel,top_theme_emb,top_theme_margin,national_identity_nli,security_military_nli,economy_welfare_nli,foreign_policy_nli,democracy_institutions_nli,social_solidarity_nli,crisis_resilience_nli,future_reform_technology_nli,conflict_threat_framing_nli,cooperation_solidarity_framing_nli,past_orientation_nli,future_orientation_nli,us_vs_them_nli,gratitude_recognition_nli,promises_commitments_nli,top_theme_nli
erdogan1_c000,erdogan1,erdogan,en,,symposium_speech,0,9,0.0,104,87,0.34050032,0.34050032,0.7458678,0.054967016,0.0,0.25226206,0.25226206,0.4235537,-0.020553052,2.2988505,0.1588223,0.1588223,0.07644628,-0.09851882,1.1494253,0.24154362,0.24154362,0.39876032,-0.020907491,0.0,0.23190686,0.23190686,0.51033056,-0.013705254,0.0,0.20387283,0.20387283,0.12603305,-0.098003715,0.0,0.3770991,0.3770991,0.82438016,0.055641294,0.0,0.20444685,0.20444685,0.1301653,-0.08758178,0.0,0.23867817,0.23867817,0.3822314,-0.026102558,0.25765258,0.25765258,0.1590909,-0.07640135,0.38419226,0.38419226,0.8904959,0.085400224,0.21757624,0.21757624,0.08057851,-0.11590862,0.23028502,0.23028502,0.29545453,-0.041366994,0.27240413,0.27240413,0.37396693,-0.047608465,0.22660902,0.22660902,0.09297521,-0.10088557,crisis_resilience,0.07851237,0.9054478,0.009268015,0.00096975197,0.34303218,0.0021699923,0.4790162,0.4797474,0.00019871553,0.89022267,0.05155819,0.9980563,0.00084758986,0.9383504,0.98548245,0.05242457,national_identity
erdogan1_c001,erdogan1,erdogan,en,,symposium_speech,1,9,0.125,93,73,0.20550534,0.20550534,0.18801653,-0.08002797,0.0,0.18247716,0.18247716,0.08471075,-0.09033795,1.369863,0.11682295,0.11682295,0.010330578,-0.14051816,0.0,0.23848559,0.23848559,0.36157024,-0.023965523,2.739726,0.38477692,0.38477692,0.9483471,0.1391648,2.739726,0.13610695,0.13610695,0.022727273,-0.16576959,0.0,0.2257945,0.2257945,0.051652893,-0.09566331,0.0,0.26353446,0.26353446,0.39876032,-0.02849418,0.0,0.15816167,0.15816167,0.055785123,-0.10661906,0.20755637,0.20755637,0.030991735,-0.12649757,0.27261636,0.27261636,0.36570248,-0.026175678,0.22547159,0.22547159,0.10123967,-0.10801327,0.2003919,0.2003919,0.16322315,-0.07126011,0.1928529,0.1928529,0.07231405,-0.1271597,0.24329594,0.24329594,0.1301653,-0.08419865,democracy_institutions,0.5495868,0.54737335,0.03767939,8.36595e-05,0.8129416,0.9953273,0.047958102,0.26137805,9.780648e-05,0.00061542727,0.0008492456,0.99864364,0.00035075273,0.7367796,0.050564542,0.88378876,democracy_institutions
erdogan1_c002,erdogan1,erdogan,en,,symposium_speech,2,9,0.25,102,91,0.20925263,0.20925263,0.20454545,-0.07628068,1.0989012,0.23774163,0.23774163,0.3533058,-0.035073474,0.0,0.27777886,0.27777886,0.67561984,0.020437747,1.0989012,0.241014,0.241014,0.39049587,-0.021437109,0.0,0.36969298,0.36969298,0.927686,0.12408087,0.0,0.25065154,0.25065154,0.30785123,-0.051225007,0.0,0.33599696,0.33599696,0.6053719,0.014539152,1.0989012,0.28509986,0.28509986,0.53099173,-0.0069287717,0.0,0.28898266,0.28898266,0.6219008,0.02420193,0.2724833,0.2724833,0.2376033,-0.061570644,0.2519244,0.2519244,0.27066115,-0.04686764,0.29966098,0.29966098,0.37396693,-0.033823878,0.24453054,0.24453054,0.38636363,-0.02712147,0.20639205,0.20639205,0.12603305,-0.11362055,0.36213255,0.36213255,0.67561984,0.034637958,democracy_institutions,0.25206614,0.70793504,0.004792317,0.0042028804,0.8452412,0.8495036,0.40774608,0.9687381,0.00019373451,0.00045209238,0.005911069,0.8025168,0.99788016,0.98854727,0.06375871,0.9498092,crisis_resilience
erdogan1_c003,erdogan1,erdogan,en,,symposium_speech,3,9,0.375,152,128,0.30012134,0.30012134,0.588843,0.014588028,1.5625,0.24870026,0.24870026,0.411157,-0.024114847,0.0,0.1899246,0.1899246,0.20041323,-0.06741652,0.0,0.27165413,0.27165413,0.6012397,0.009203017,0.0,0.3827751,0.3827751,0.94008267,0.13716298,0.78125,0.22363937,0.22363937,0.21280992,-0.078237176,0.78125,0.3245206,0.3245206,0.5516529,0.0030627847,0.0,0.32900473,0.32900473,0.7128099,0.0369761,0.0,0.29311186,0.29311186,0.6301653,0.02833113,0.27717817,0.27717817,0.25,-0.056875765,0.3402985,0.3402985,0.7582645,0.04150647,0.3091343,0.3091343,0.4070248,-0.024350554,0.28037792,0.28037792,0.5764463,0.008725911,0.22882172,0.22882172,0.17975207,-0.091190875,0.30587423,0.30587423,0.39049587,-0.021620363,democracy_institutions,0.22727275,0.8945594,0.021044564,0.0011786722,0.6265241,0.5480689,0.4764579,0.6477704,0.0013723688,0.0010505168,0.49346963,0.97754294,0.007922628,0.12543988,0.6778473,0.037082024,national_identity
erdogan1_c004,erdogan1,erdogan,en,,symposium_speech,4,9,0.5,96,88,0.2414775,0.2414775,0.36157024,-0.044055805,2.2727273,0.26852083,0.26852083,0.5268595,-0.0042942762,0.0,0.24939719,0.24939719,0.5268595,-0.007943928,0.0,0.23348415,0.23348415,0.32438016,-0.028966963,0.0,0.50471836,0.50471836,0.99793386,0.25910625,1.1363636,0.28707278,0.28707278,0.44421488,-0.014803767,1.1363636,0.35840818,0.35840818,0.7376033,0.03695038,0.0,0.28322577,0.28322577,0.51859504,-0.008802861,0.0,0.2388024,0.2388024,0.38636363,-0.025978327,0.2872165,0.2872165,0.30785123,-0.04683742,0.27687883,0.27687883,0.40289256,-0.0219132,0.29396856,0.29396856,0.33677685,-0.0395163,0.26789933,0.26789933,0.51033056,-0.0037526786,0.2736271,0.2736271,0.37809917,-0.046385497,0.36030626,0.36030626,0.6714876,0.03281167,democracy_institutions,0.26033056,0.97764987,0.0012448432,0.0003150387,0.93987197,0.9945519,0.9911868,0.4829168,0.0002617008,0.0006667022,0.06681232,0.34834027,0.984276,0.87525487,0.26090702,0.99937123,democracy_institutions
erdogan1_c005,erdogan1,erdogan,en,,symposium_speech,5,9,0.625,96,78,0.19547963,0.19547963,0.1590909,-0.09005368,1.2820513,0.1996617,0.1996617,0.1590909,-0.07315341,0.0,0.17826766,0.17826766,0.13429752,-0.07907346,0.0,0.2642043,0.2642043,0.55991733,0.0017531812,0.0,0.39441466,0.39441466,0.9607438,0.14880255,2.5641026,0.18671635,0.18671635,0.08057851,-0.1151602,0.0,0.24500018,0.24500018,0.10123967,-0.07645762,0.0,0.3444807,0.3444807,0.7458678,0.052452058,0.0,0.27377814,0.27377814,0.5805785,0.008997411,0.22731748,0.22731748,0.07231405,-0.10673645,0.27831775,0.27831775,0.42768595,-0.020474285,0.33899337,0.33899337,0.54752064,0.0055085123,0.24809563,0.24809563,0.3946281,-0.023556381,0.20185123,0.20185123,0.1053719,-0.118161365,0.3191958,0.3191958,0.44834712,-0.0082987845,democracy_institutions,0.214876,0.077762425,0.18297236,0.0009290033,0.9379822,0.9692224,0.012722707,0.40822467,9.685608e-05,0.00074953143,0.00042140938,0.99882597,0.004690933,0.9928509,0.0011890647,0.9325762,democracy_institutions
erdogan1_c006,erdogan1,erdogan,en,,symposium_speech,6,9,0.75,106,88,0.27495107,0.27495107,0.5144628,-0.010582238,1.1363636,0.22461872,0.22461872,0.26652893,-0.04819639,0.0,0.18236388,0.18236388,0.16735537,-0.074977234,0.0,0.19483492,0.19483492,0.16322315,-0.067616194,0.0,0.38425922,0.38425922,0.9442149,0.13864711,1.1363636,0.2994457,0.2994457,0.4896694,-0.0024308562,0.0,0.249634,0.249634,0.1301653,-0.071823806,0.0,0.32077342,0.32077342,0.696281,0.028744787,0.0,0.2695372,0.2695372,0.53512394,0.0047564805,0.29798156,0.29798156,0.3409091,-0.036072373,0.24897505,0.24897505,0.25826445,-0.04981698,0.32959378,0.32959378,0.51859504,-0.0038910806,0.28148803,0.28148803,0.5929752,0.009836018,0.26347253,0.26347253,0.32024795,-0.056540072,0.37995595,0.37995595,0.7582645,0.052461356,democracy_institutions,0.24793386,0.78282857,0.07863355,0.00049264234,0.5239075,0.91000706,0.9301416,0.23185325,0.00012053648,0.00035976942,0.046464663,0.047602657,0.0005647764,0.760584,0.16221407,0.25902826,social_solidarity
erdogan1_c007,erdogan1,erdogan,en,,symposium_speech,7,9,0.875,84,74,0.31475508,0.31475508,0.65495867,0.029221773,5.4054055,0.23996046,0.23996046,0.37396693,-0.032854646,0.0,0.21128613,0.21128613,0.29545453,-0.04605499,0.0,0.26573431,0.26573431,0.572314,0.0032832026,0.0,0.4294183,0.4294183,0.97727275,0.18380618,0.0,0.28243554,0.28243554,0.40289256,-0.019441009,0.0,0.29504868,0.29504868,0.3285124,-0.02640912,0.0,0.2471259,0.2471259,0.31198347,-0.044902742,0.0,0.23385786,0.23385786,0.36157024,-0.030922875,0.25291055,0.25291055,0.15082644,-0.08114338,0.22216743,0.22216743,0.13429752,-0.0766246,0.27234972,0.27234972,0.25,-0.061135143,0.3218756,0.3218756,0.7582645,0.05022359,0.31561017,0.31561017,0.5392562,-0.004402429,0.37421298,0.37421298,0.7252066,0.04671839,democracy_institutions,0.32231408,0.9576556,0.640411,0.050424073,0.7801604,0.9967713,0.86861795,0.09773432,0.08472911,0.0033050785,0.5210446,0.5004883,0.87321484,0.25321415,0.00043990323,0.99880046,democracy_institutions
erdogan1_c008,erdogan1,erdogan,en,,symposium_speech,8,9,1.0,144,118,0.264956,0.264956,0.46487603,-0.020577312,3.3898306,0.2432153,0.2432153,0.3946281,-0.029599816,0.0,0.17248166,0.17248166,0.11363637,-0.08485946,0.0,0.28530902,0.28530902,0.67561984,0.022857904,0.0,0.37921017,0.37921017,0.9359504,0.13359806,0.0,0.21483682,0.21483682,0.17975207,-0.087039724,0.0,0.2519211,0.2519211,0.14256199,-0.069536716,0.0,0.27666363,0.27666363,0.49380165,-0.015365005,0.0,0.22937627,0.22937627,0.33677685,-0.03540446,0.24561651,0.24561651,0.12190083,-0.08843742,0.21812315,0.21812315,0.12190083,-0.08066888,0.30228266,0.30228266,0.38636363,-0.031202197,0.28204906,0.28204906,0.6053719,0.010397047,0.24447954,0.24447954,0.23347108,-0.07553306,0.38249654,0.38249654,0.7747934,0.055001944,democracy_institutions,0.26033056,0.99941504,0.3369853,0.055624023,0.95756644,0.99925923,0.96864927,0.09640763,0.2726051,0.002662613,0.72674084,0.3559987,0.97969675,0.48096627,0.78711414,0.9984299,national_identity
erdogan2022_c000,erdogan2022,erdogan,en,2022-12-31,new_year_message,0,13,0.0,83,68,0.31712264,0.31712264,0.6714876,0.03158933,1.4705882,0.20973144,0.20973144,0.20454545,-0.06308366,1.4705882,0.13446344,0.13446344,0.030991735,-0.12287767,0.0,0.23456842,0.23456842,0.33264464,-0.027882695,0.0,0.18412843,0.18412843,0.19214876,-0.06148368,0.0,0.20187536,0.20187536,0.11363637,-0.100001186,0.0,0.2554453,0.2554453,0.15495868,-0.0660125,0.0,0.24436462,0.24436462,0.29545453,-0.047664016,0.0,0.20919354,0.20919354,0.21280992,-0.055587187,0.24197224,0.24197224,0.11363637,-0.092081696,0.44226718,0.44226718,0.97727275,0.14347515,0.31871098,0.31871098,0.4731405,-0.0147738755,0.20377159,0.20377159,0.1838843,-0.06788042,0.3066734,0.3066734,0.51033056,-0.013339192,0.26885062,0.26885062,0.22520661,-0.058643967,national_identity,0.338843,0.9689491,0.063221596,0.00090750254,0.5144003,0.2697342,0.9812928,0.18531974,0.005119677,0.05432402,0.07091265,0.9807289,0.028007522,0.28608197,0.6737286,0.9877351,social_solidarity
erdogan2022_c001,erdogan2022,erdogan,en,2022-12-31,new_year_message,1,13,0.083,111,91,0.23164243,0.23164243,0.29958677,-0.053890884,1.0989012,0.14425163,0.14425163,0.010330578,-0.12856348,0.0,0.12715234,0.12715234,0.022727273,-0.13018878,0.0,0.15984032,0.15984032,0.051652893,-0.1026108,0.0,0.17335626,0.17335626,0.13429752,-0.07225585,0.0,0.17651471,0.17651471,0.06404959,-0.12536183,1.0989012,0.3038793,0.3038793,0.39049587,-0.017578512,1.0989012,0.21541902,0.21541902,0.16735537,-0.07660961,0.0,0.14583787,0.14583787,0.030991735,-0.11894286,0.22303559,0.22303559,0.055785123,-0.111018345,0.41398555,0.41398555,0.9566116,0.115193516,0.26814863,0.26814863,0.22933884,-0.06533623,0.14174384,0.14174384,0.026859503,-0.12990817,0.31903207,0.31903207,0.54752064,-0.0009805262,0.26631606,0.26631606,0.21280992,-0.061178535,crisis_resilience,0.09090909,0.99375266,0.031011503,0.006705849,0.01664105,0.88696,0.9475026,0.3385417,0.00048406248,0.00022871331,0.45950055,0.9988328,0.5471919,0.010944577,0.86422455,0.95540243,national_identity
erdogan2022_c002,erdogan2022,erdogan,en,2022-12-31,new_year_message,2,13,0.167,84,59,0.29829568,0.29829568,0.5764463,0.012762368,1.6949153,0.18311663,0.18311663,0.09297521,-0.08969848,0.0,0.18817803,0.18817803,0.18801653,-0.069163084,0.0,0.19613044,0.19613044,0.16735537,-0.06632067,0.0,0.19927332,0.19927332,0.28719008,-0.046338797,0.0,0.21130171,0.21130171,0.14669421,-0.09057483,0.0,0.24614087,0.24614087,0.1053719,-0.075316936,0.0,0.2630306,0.2630306,0.39049587,-0.028998047,0.0,0.15526824,0.15526824,0.04752066,-0.10951249,0.26157033,0.26157033,0.1714876,-0.0724836,0.42781907,0.42781907,0.9607438,0.12902704,0.35646632,0.35646632,0.6219008,0.022981465,0.16311023,0.16311023,0.07644628,-0.10854179,0.302099,0.302099,0.4896694,-0.01791361,0.3526452,0.3526452,0.642562,0.025150597,national_identity,0.18595043,0.95921534,0.0883079,0.003685674,0.54262096,0.0068372046,0.91851217,0.26203844,0.0018494503,0.0010024585,0.12727249,0.99619776,0.9994897,0.21833587,0.9944397,0.99924463,national_identity
erdogan2022_c003,erdogan2022,erdogan,en,2022-12-31,new_year_message,3,13,0.25,97,76,0.2537682,0.2537682,0.42768595,-0.031765103,1.3157895,0.2035878,0.2035878,0.16735537,-0.06922731,0.0,0.2450872,0.2450872,0.50206614,-0.01225391,0.0,0.28340924,0.28340924,0.65909094,0.020958126,0.0,0.34474432,0.34474432,0.8863636,0.09913221,2.631579,0.22842655,0.22842655,0.23347108,-0.07345,0.0,0.26942384,0.26942384,0.21694215,-0.05203396,0.0,0.35438573,0.35438573,0.7789256,0.062357098,0.0,0.24951003,0.24951003,0.44421488,-0.015270695,0.28672206,0.28672206,0.29545453,-0.04733187,0.3380211,0.3380211,0.7458678,0.039229065,0.47219658,0.47219658,0.9318182,0.13871172,0.28039932,0.28039932,0.5805785,0.008747309,0.25291604,0.25291604,0.2747934,-0.06709656,0.42587447,0.42587447,0.9028926,0.09837988,democracy_institutions,0.10743803,0.43494123,0.28666824,0.00016603847,0.97195256,0.08218025,0.08636199,0.50494367,0.00021485926,0.00048500838,0.005220126,0.96802044,0.9992191,0.97999567,0.4045074,0.9996266,foreign_policy
erdogan2022_c004,erdogan2022,erdogan,en,2022-12-31,new_year_message,4,13,0.333,116,76,0.15292028,0.15292028,0.035123967,-0.13261303,0.0,0.28367054,0.28367054,0.6012397,0.010855436,0.0,0.16728376,0.16728376,0.08884297,-0.09005736,1.3157895,0.25212175,0.25212175,0.4731405,-0.010329366,1.3157895,0.16195609,0.16195609,0.1053719,-0.08365603,0.0,0.13312252,0.13312252,0.018595042,-0.16875403,0.0,0.3412797,0.3412797,0.64669424,0.019821882,0.0,0.18819812,0.18819812,0.08057851,-0.10383052,0.0,0.3266409,0.3266409,0.7913223,0.061860174,0.22121535,0.22121535,0.04752066,-0.11283858,0.3305583,0.3305583,0.70454544,0.031766266,0.2575304,0.2575304,0.20454545,-0.07595447,0.2497094,0.2497094,0.4070248,-0.021942616,0.1996037,0.1996037,0.09710744,-0.12040889,0.22917025,0.22917025,0.10123967,-0.09832434,crisis_resilience,0.04545456,0.5051878,0.9796871,0.0004442183,0.9502496,0.1987048,0.14596547,0.99941504,0.0003225072,0.9878059,0.00038147112,0.997851,0.99972254,0.9994653,0.6235488,0.9992834,crisis_resilience
erdogan2022_c005,erdogan2022,erdogan,en,2022-12-31,new_year_message,5,13,0.417,106,85,0.36520585,0.36520585,0.79545456,0.079672545,2.3529413,0.4272857,0.4272857,0.9855372,0.1544706,1.1764706,0.2648258,0.2648258,0.6219008,0.0074846745,1.1764706,0.34898877,0.34898877,0.8987603,0.08653766,0.0,0.21022978,0.21022978,0.37809917,-0.03538233,0.0,0.33034128,0.33034128,0.63429755,0.028464735,2.3529413,0.45523995,0.45523995,0.97727275,0.13378215,1.1764706,0.31144866,0.31144866,0.642562,0.019420028,0.0,0.42629522,0.42629522,0.98966944,0.16151449,0.43483704,0.43483704,0.9359504,0.10078311,0.32469225,0.32469225,0.65082645,0.025900215,0.42574644,0.42574644,0.83264464,0.09226158,0.37841702,0.37841702,0.911157,0.106765,0.29021513,0.29021513,0.44008264,-0.029797465,0.35499856,0.35499856,0.65909094,0.027503967,security_military,0.008264422,0.9948103,0.9768134,0.5648787,0.98532796,0.5986055,0.92046857,0.99439085,0.067978516,0.03564497,0.8850739,0.10859007,0.99985373,0.9535353,0.7614054,0.99913234,national_identity
erdogan2022_c006,erdogan2022,erdogan,en,2022-12-31,new_year_message,6,13,0.5,107,86,0.09665345,0.09665345,0.0020661156,-0.18887986,0.0,0.193035,0.193035,0.1301653,-0.0797801,1.1627907,0.32603878,0.32603878,0.82024795,0.06869766,4.6511626,0.20086671,0.20086671,0.17975207,-0.0615844,3.488372,0.08899115,0.08899115,0.006198347,-0.15662096,0.0,0.12325187,0.12325187,0.0020661156,-0.17862467,0.0,0.32348156,0.32348156,0.5392562,0.0020237565,1.1627907,0.13794771,0.13794771,0.010330578,-0.15408093,0.0,0.20797855,0.20797855,0.20454545,-0.056802183,0.19549286,0.19549286,0.01446281,-0.13856107,0.19767754,0.19767754,0.06404959,-0.1011145,0.11807816,0.11807816,0.006198347,-0.2154067,0.1822758,0.1822758,0.11776859,-0.08937621,0.17378646,0.17378646,0.026859503,-0.14622614,0.10763654,0.10763654,0.0020661156,-0.21985805,economy_welfare,0.28099173,0.8250265,0.0012743262,0.9547952,0.9811849,0.005691431,0.04709609,0.9986223,0.024798159,0.037221756,0.007853845,0.41649997,0.9960005,0.99683344,0.2866682,0.81687254,crisis_resilience
erdogan2022_c007,erdogan2022,erdogan,en,2022-12-31,new_year_message,7,13,0.583,82,72,0.22451496,0.22451496,0.2623967,-0.061018348,4.1666665,0.22758964,0.22758964,0.30785123,-0.04522547,0.0,0.5099523,0.5099523,0.99793386,0.2526112,1.3888888,0.1791566,0.1791566,0.09297521,-0.08329451,0.0,0.15037721,0.15037721,0.07644628,-0.0952349,0.0,0.24376446,0.24376446,0.28305784,-0.058112085,0.0,0.3126731,0.3126731,0.45661157,-0.008784711,0.0,0.16549498,0.16549498,0.04338843,-0.12653366,0.0,0.20455678,0.20455678,0.18801653,-0.060223952,0.23726475,0.23726475,0.10123967,-0.09678918,0.23912337,0.23912337,0.20867768,-0.05966866,0.19843891,0.19843891,0.030991735,-0.13504595,0.19615553,0.19615553,0.14669421,-0.07549648,0.2940921,0.2940921,0.45661157,-0.02592051,0.23835087,0.23835087,0.11363637,-0.08914372,economy_welfare,0.5413223,0.99686414,0.010159832,0.99897975,0.9171544,0.9677701,0.996597,0.8192074,0.13069749,0.0006785173,0.9689739,0.9994428,0.23868327,0.10127792,0.98184043,0.9994877,economy_welfare
erdogan2022_c008,erdogan2022,erdogan,en,2022-12-31,new_year_message,8,13,0.667,93,87,0.19058655,0.19058655,0.14669421,-0.09494676,0.0,0.2737717,0.2737717,0.5557851,0.00095659494,0.0,0.48013514,0.48013514,0.98966944,0.22279403,4.597701,0.21498722,0.21498722,0.22520661,-0.047463894,1.1494253,0.18471825,0.18471825,0.20041323,-0.060893863,0.0,0.24438116,0.24438116,0.28719008,-0.057495385,1.1494253,0.3657872,0.3657872,0.7747934,0.044329405,0.0,0.22080119,0.22080119,0.1714876,-0.071227446,0.0,0.23577675,0.23577675,0.36983472,-0.029003978,0.27966654,0.27966654,0.26652893,-0.05438739,0.2658226,0.2658226,0.3161157,-0.032969445,0.21441066,0.21441066,0.06404959,-0.119074196,0.21340457,0.21340457,0.21280992,-0.058247447,0.28503972,0.28503972,0.41528925,-0.034972876,0.26218224,0.26218224,0.19628099,-0.065312356,economy_welfare,0.21487606,0.9912548,0.0701763,0.9996574,0.99783003,0.49102882,0.98808503,0.9986698,0.012624949,0.042762153,0.028247785,0.9995479,0.96771675,0.9670387,0.95325327,0.9987056,economy_welfare
erdogan2022_c009,erdogan2022,erdogan,en,2022-12-31,new_year_message,9,13,0.75,123,109,0.11185886,0.11185886,0.006198347,-0.17367445,0.0,0.3065323,0.3065323,0.696281,0.033717185,0.9174312,0.14437577,0.14437577,0.059917357,-0.112965345,0.9174312,0.41469827,0.41469827,0.9855372,0.15224716,2.7522936,0.11133951,0.11133951,0.01446281,-0.1342726,0.0,0.13228819,0.13228819,0.01446281,-0.16958836,0.0,0.3741001,0.3741001,0.81198347,0.052642286,0.9174312,0.15645328,0.15645328,0.030991735,-0.13557535,0.0,0.34965587,0.34965587,0.8822314,0.08487514,0.24336074,0.24336074,0.11776859,-0.09069319,0.19065103,0.19065103,0.04752066,-0.108141005,0.14554611,0.14554611,0.010330578,-0.18793875,0.25492898,0.25492898,0.4318182,-0.016723037,0.16866879,0.16866879,0.022727273,-0.15134381,0.13192627,0.13192627,0.006198347,-0.19556832,foreign_policy,0.1735537,0.9920157,0.81616837,0.00013819334,0.9296323,0.008994129,0.19140323,0.84917164,0.001974259,0.0014131118,0.29421496,0.99937737,0.005291605,0.9853421,0.93667716,0.98282325,national_identity
erdogan2022_c010,erdogan2022,erdogan,en,2022-12-31,new_year_message,10,13,0.833,111,90,0.15625398,0.15625398,0.051652893,-0.12927933,1.1111112,0.17202312,0.17202312,0.055785123,-0.10079199,0.0,0.3316908,0.3316908,0.83264464,0.07434967,0.0,0.17287055,0.17287055,0.06818182,-0.089580566,0.0,0.12750427,0.12750427,0.026859503,-0.11810784,0.0,0.13700722,0.13700722,0.026859503,-0.16486932,0.0,0.29033598,0.29033598,0.30785123,-0.03112182,0.0,0.17117673,0.17117673,0.04752066,-0.120851904,0.0,0.13276607,0.13276607,0.018595042,-0.13201466,0.18761343,0.18761343,0.006198347,-0.1464405,0.32297498,0.32297498,0.64669424,0.024182945,0.26698443,0.26698443,0.22107439,-0.066500425,0.11134224,0.11134224,0.006198347,-0.16030978,0.20846704,0.20846704,0.13429752,-0.11154556,0.20045614,0.20045614,0.04338843,-0.12703845,economy_welfare,0.5247934,0.96235603,0.00027106237,0.30097666,0.15629797,0.073297285,0.48990005,0.020196635,0.35342816,0.00020906502,0.07751766,0.79953647,0.99824196,0.11777493,0.89116746,0.99576837,national_identity
erdogan2022_c011,erdogan2022,erdogan,en,2022-12-31,new_year_message,11,13,0.917,81,70,0.22520696,0.22520696,0.27066115,-0.060326353,0.0,0.18820305,0.18820305,0.11776859,-0.08461206,0.0,0.25658387,0.25658387,0.5681818,-0.0007572472,2.857143,0.37578735,0.37578735,0.9318182,0.113336235,0.0,0.21720758,0.21720758,0.41528925,-0.028404534,0.0,0.16950263,0.16950263,0.0392562,-0.13237391,0.0,0.21385051,0.21385051,0.022727273,-0.10760729,0.0,0.39661312,0.39661312,0.8822314,0.104584485,0.0,0.2269128,0.2269128,0.32438016,-0.037867934,0.25472954,0.25472954,0.15495868,-0.079324394,0.23912293,0.23912293,0.20454545,-0.059669107,0.49466857,0.49466857,0.9731405,0.16118371,0.24019033,0.24019033,0.34504133,-0.031461686,0.18282662,0.18282662,0.051652893,-0.13718598,0.34868175,0.34868175,0.6095041,0.021187156,foreign_policy,0.049586773,0.94652253,0.30486885,0.79462415,0.98613805,0.4531409,0.73284286,0.42399457,0.17773949,0.0013966715,0.2730895,0.25664562,0.99978596,0.9166335,0.16854344,0.9997357,foreign_policy
erdogan2022_c012,erdogan2022,erdogan,en,2022-12-31,new_year_message,12,13,1.0,149,116,0.3374748,0.3374748,0.7293388,0.051941484,1.7241379,0.23830242,0.23830242,0.36157024,-0.034512684,0.0,0.2947435,0.2947435,0.7417355,0.03740239,0.86206895,0.28528112,0.28528112,0.6714876,0.02283001,0.0,0.3537091,0.3537091,0.9070248,0.10809699,0.86206895,0.31859323,0.31859323,0.5681818,0.016716689,0.0,0.2755062,0.2755062,0.25413224,-0.045951605,0.0,0.47628075,0.47628075,0.9731405,0.18425211,0.86206895,0.22637787,0.22637787,0.32024795,-0.038402855,0.3512504,0.3512504,0.55991733,0.017196476,0.4097092,0.4097092,0.9359504,0.11091715,0.5474749,0.5474749,0.99380165,0.21399006,0.21837398,0.21837398,0.25,-0.05327803,0.31322384,0.31322384,0.5268595,-0.0067887604,0.39747763,0.39747763,0.8161157,0.069983035,future_reform_technology,0.06611568,0.9697854,0.0021912407,0.08703861,0.8279325,0.15681376,0.9946723,0.0023254273,0.0012743262,0.00040527197,0.60766315,0.7336248,0.99856466,0.04947408,0.86356425,0.9995169,social_solidarity
erdogan2023_c000,erdogan2023,erdogan,en,2023-12-31,new_year_message,0,13,0.0,82,64,0.3194455,0.3194455,0.6838843,0.03391218,1.5625,0.23209059,0.23209059,0.3285124,-0.040724516,0.0,0.23666427,0.23666427,0.45247933,-0.020676851,0.0,0.23444983,0.23444983,0.3285124,-0.028001279,0.0,0.22126342,0.22126342,0.44008264,-0.024348691,0.0,0.31273744,0.31273744,0.53512394,0.01086089,0.0,0.27608067,0.27608067,0.25826445,-0.045377135,0.0,0.3069105,0.3069105,0.6177686,0.014881879,0.0,0.22356977,0.22356977,0.29958677,-0.041210964,0.35683137,0.35683137,0.6053719,0.022777438,0.4072225,0.4072225,0.927686,0.108430475,0.44261807,0.44261807,0.86157024,0.109133214,0.22085613,0.22085613,0.26652893,-0.050795883,0.38859892,0.38859892,0.7665289,0.06858632,0.34737194,0.34737194,0.588843,0.019877344,national_identity,0.06611574,0.76471597,0.003510649,0.006139131,0.4843801,0.051701643,0.9960699,0.0021869743,0.012995414,0.00048976555,0.16372937,0.0033700457,0.9995955,0.055926178,0.9293763,0.95779395,social_solidarity
erdogan2023_c001,erdogan2023,erdogan,en,2023-12-31,new_year_message,1,13,0.083,98,84,0.19770148,0.19770148,0.16735537,-0.087831825,0.0,0.27928227,0.27928227,0.5805785,0.0064671636,1.1904762,0.15506268,0.15506268,0.07231405,-0.10227844,0.0,0.22394615,0.22394615,0.26652893,-0.03850496,2.3809524,0.19141768,0.19141768,0.24173553,-0.054194435,2.3809524,0.2929422,0.2929422,0.46487603,-0.008934349,1.1904762,0.26880243,0.26880243,0.20867768,-0.05265537,0.0,0.23355877,0.23355877,0.2376033,-0.05846986,1.1904762,0.31395483,0.31395483,0.7417355,0.0491741,0.3905115,0.3905115,0.7582645,0.05645758,0.2834062,0.2834062,0.45661157,-0.015385836,0.30542228,0.30542228,0.3946281,-0.028062582,0.24939549,0.24939549,0.40289256,-0.022256523,0.2528001,0.2528001,0.27066115,-0.06721249,0.21351185,0.21351185,0.06818182,-0.11398274,security_military,0.11570248,0.6924763,0.059510153,0.0007222463,0.7124323,0.14984211,0.9575962,0.9857043,0.00012681478,0.010408315,0.14761661,0.18672453,0.0010859442,0.99569374,0.009029014,0.9501803,crisis_resilience
erdogan2023_c002,erdogan2023,erdogan,en,2023-12-31,new_year_message,2,13,0.167,121,104,0.22505014,0.22505014,0.26652893,-0.060483173,0.0,0.28235447,0.28235447,0.5971074,0.009539366,1.9230769,0.24511757,0.24511757,0.50619835,-0.012223542,0.96153843,0.2390239,0.2390239,0.36983472,-0.023427218,1.9230769,0.17661428,0.17661428,0.15082644,-0.06899783,0.96153843,0.3108853,0.3108853,0.53099173,0.009008765,0.0,0.31203797,0.31203797,0.45247933,-0.009419829,0.0,0.2633971,0.2633971,0.3946281,-0.028631538,0.96153843,0.350513,0.350513,0.8863636,0.08573228,0.4025335,0.4025335,0.81198347,0.06847957,0.24818833,0.24818833,0.25,-0.050603703,0.27148962,0.27148962,0.24173553,-0.061995238,0.25478896,0.25478896,0.42768595,-0.016863048,0.26615298,0.26615298,0.33264464,-0.05385962,0.21987285,0.21987285,0.08057851,-0.107621744,security_military,0.06611568,0.8173286,0.18798834,0.01709447,0.99905825,0.40497065,0.99806005,0.80177456,0.000105340936,0.9976632,0.02480997,0.99921453,0.051319942,0.99855196,0.010601172,0.993831,foreign_policy
erdogan2023_c003,erdogan2023,erdogan,en,2023-12-31,new_year_message,3,13,0.25,80,69,0.33945122,0.33945122,0.7376033,0.053917915,1.4492754,0.26727945,0.26727945,0.52272725,-0.005535662,1.4492754,0.21530302,0.21530302,0.31198347,-0.042038098,1.4492754,0.41210186,0.41210186,0.97727275,0.14965075,2.8985507,0.23982671,0.23982671,0.54752064,-0.0057854056,1.4492754,0.3935022,0.3935022,0.85330576,0.09162566,1.4492754,0.31636763,0.31636763,0.46900827,-0.005090177,0.0,0.30999112,0.30999112,0.63429755,0.017962486,0.0,0.29707143,0.29707143,0.642562,0.032290697,0.46122152,0.46122152,0.96487606,0.12716758,0.23190098,0.23190098,0.1838843,-0.06689106,0.36111724,0.36111724,0.65495867,0.027632385,0.30113736,0.30113736,0.68801653,0.029485345,0.26498795,0.26498795,0.32438016,-0.055024654,0.28613615,0.28613615,0.28719008,-0.04135844,foreign_policy,0.12396699,0.99931884,0.15765491,0.0532262,0.9804594,0.71243227,0.9509376,0.31718826,0.00020582443,0.0012255675,0.59854686,0.020864258,0.9686789,0.98784107,0.31986448,0.9996547,national_identity
erdogan2023_c004,erdogan2023,erdogan,en,2023-12-31,new_year_message,4,13,0.333,94,83,0.28653106,0.28653106,0.5557851,0.000997752,0.0,0.2746726,0.2746726,0.5640496,0.0018574893,0.0,0.29232955,0.29232955,0.7293388,0.034988433,0.0,0.4124481,0.4124481,0.98140496,0.149997,2.4096386,0.24122153,0.24122153,0.5557851,-0.0043905824,0.0,0.40089405,0.40089405,0.87396693,0.0990175,1.2048193,0.30012235,0.30012235,0.36157024,-0.021335453,0.0,0.28657275,0.28657275,0.54752064,-0.0054558814,1.2048193,0.32316923,0.32316923,0.7747934,0.0583885,0.5507853,0.5507853,0.99793386,0.21673137,0.2770903,0.2770903,0.4070248,-0.021701723,0.37631547,0.37631547,0.71694213,0.042830616,0.299595,0.299595,0.6838843,0.027942985,0.32003695,0.32003695,0.5516529,2.4348497e-05,0.32623512,0.32623512,0.4855372,-0.001259476,foreign_policy,0.10743803,0.5042113,0.0005013742,0.041414995,0.9587989,0.14009343,0.99963313,0.018959861,0.00029308183,0.0003406293,0.9984238,0.0014381353,0.007246802,0.0054216753,0.9985562,0.9990434,social_solidarity
erdogan2023_c005,erdogan2023,erdogan,en,2023-12-31,new_year_message,5,13,0.417,108,99,0.27828872,0.27828872,0.5268595,-0.007244587,0.0,0.2220871,0.2220871,0.2623967,-0.05072801,0.0,0.21629174,0.21629174,0.3161157,-0.041049376,0.0,0.32396778,0.32396778,0.82438016,0.061516672,1.010101,0.32973623,0.32973623,0.84504133,0.08412412,0.0,0.2746833,0.2746833,0.3822314,-0.027193248,0.0,0.32755935,0.32755935,0.55991733,0.0061015487,0.0,0.34990543,0.34990543,0.7706612,0.057876796,0.0,0.28419507,0.28419507,0.6012397,0.019414335,0.35513014,0.35513014,0.5764463,0.021076202,0.3227789,0.3227789,0.642562,0.023986876,0.39399183,0.39399183,0.7623967,0.06050697,0.28634214,0.28634214,0.63842976,0.014690131,0.29174423,0.29174423,0.44834712,-0.028268367,0.33532155,0.33532155,0.52272725,0.007826954,democracy_institutions,0.020661175,0.9827407,0.020449392,0.00028021098,0.996746,0.13449147,0.998862,0.99812144,0.00057929166,0.011755133,0.017078074,0.9970822,0.99855626,0.9983834,0.96403897,0.9997831,social_solidarity
erdogan2023_c006,erdogan2023,erdogan,en,2023-12-31,new_year_message,6,13,0.5,100,81,0.27899125,0.27899125,0.53099173,-0.006542057,2.4691358,0.3483578,0.3483578,0.82024795,0.07554269,1.2345679,0.2724428,0.2724428,0.65082645,0.015101671,1.2345679,0.3181075,0.3181075,0.80785125,0.055656374,0.0,0.17499132,0.17499132,0.13842975,-0.07062079,0.0,0.27829272,0.27829272,0.39049587,-0.02358383,0.0,0.4067548,0.4067548,0.9194215,0.08529699,0.0,0.23342389,0.23342389,0.23347108,-0.058604747,0.0,0.41545817,0.41545817,0.98140496,0.15067744,0.3630494,0.3630494,0.6301653,0.028995454,0.24377057,0.24377057,0.22520661,-0.055021465,0.29131162,0.29131162,0.31198347,-0.042173237,0.35569,0.35569,0.86570245,0.08403799,0.2482314,0.2482314,0.2623967,-0.0717812,0.24962161,0.24962161,0.15495868,-0.07787298,crisis_resilience,0.099173546,0.9810764,0.003531207,0.01477119,0.7447956,0.001257044,0.9837694,0.94524795,9.351046e-05,0.0014750635,0.050330628,0.009994227,0.12142506,0.12028372,0.9717254,0.99612314,social_solidarity
erdogan2023_c007,erdogan2023,erdogan,en,2023-12-31,new_year_message,7,13,0.583,85,74,0.20526809,0.20526809,0.1838843,-0.080265224,0.0,0.23440424,0.23440424,0.3409091,-0.038410872,1.3513514,0.239228,0.239228,0.4731405,-0.018113121,2.7027028,0.30867052,0.30867052,0.78305787,0.04621941,0.0,0.20433527,0.20433527,0.32024795,-0.041276842,0.0,0.21088547,0.21088547,0.14256199,-0.09099108,0.0,0.31694567,0.31694567,0.47727272,-0.004512131,0.0,0.23462135,0.23462135,0.24586777,-0.05740729,0.0,0.3432217,0.3432217,0.8780992,0.078440964,0.26783866,0.26783866,0.20454545,-0.06621528,0.22151124,0.22151124,0.12603305,-0.07728079,0.23816657,0.23816657,0.15082644,-0.09531829,0.31692672,0.31692672,0.7417355,0.045274705,0.17802101,0.17802101,0.035123967,-0.14199159,0.17839915,0.17839915,0.026859503,-0.14909545,foreign_policy,0.30578515,0.73045814,0.67571115,0.07999736,0.95027274,0.09645018,0.9143672,0.96329963,0.00072648755,0.0245397,0.0017477858,0.99529994,0.25855994,0.9990637,0.0073958416,0.88368845,crisis_resilience
erdogan2023_c008,erdogan2023,erdogan,en,2023-12-31,new_year_message,8,13,0.667,86,75,0.39497983,0.39497983,0.86570245,0.109446526,4.0,0.3320439,0.3320439,0.7913223,0.059228778,0.0,0.26136714,0.26136714,0.5971074,0.0040260255,0.0,0.35039455,0.35039455,0.9028926,0.087943435,1.3333334,0.33906585,0.33906585,0.8780992,0.093453735,2.6666667,0.35654652,0.35654652,0.7252066,0.054669976,0.0,0.44955146,0.44955146,0.9731405,0.12809366,1.3333334,0.31216806,0.31216806,0.65495867,0.020139426,0.0,0.34200385,0.34200385,0.8698347,0.07722312,0.40967953,0.40967953,0.84504133,0.0756256,0.40534657,0.40534657,0.9152893,0.10655454,0.38681078,0.38681078,0.7376033,0.05332592,0.337345,0.337345,0.80785125,0.06569299,0.37358135,0.37358135,0.70454544,0.05356875,0.38787174,0.38787174,0.79545456,0.06037715,crisis_resilience,0.07024789,0.97722995,0.0006499983,0.00027053358,0.51464427,0.59207714,0.8534859,0.99596924,0.00017882818,0.0033179715,0.031618763,0.9989738,0.09534947,0.68801004,0.939276,0.93164927,crisis_resilience
erdogan2023_c009,erdogan2023,erdogan,en,2023-12-31,new_year_message,9,13,0.75,82,61,0.4591568,0.4591568,0.9607438,0.1736235,3.2786884,0.29975125,0.29975125,0.6714876,0.026936144,0.0,0.22289091,0.22289091,0.34917355,-0.034450203,0.0,0.3050954,0.3050954,0.7665289,0.042644292,0.0,0.21296224,0.21296224,0.39049587,-0.032649875,0.0,0.36081883,0.36081883,0.75,0.05894229,1.6393442,0.31878656,0.31878656,0.50206614,-0.0026712418,0.0,0.31634212,0.31634212,0.67561984,0.02431348,0.0,0.30113992,0.30113992,0.6714876,0.03635919,0.43414983,0.43414983,0.9318182,0.1000959,0.30236632,0.30236632,0.53099173,0.003574282,0.44116497,0.44116497,0.857438,0.10768011,0.30621266,0.30621266,0.7128099,0.03456065,0.27186978,0.27186978,0.36983472,-0.04814282,0.31980884,0.31980884,0.45247933,-0.0076857507,national_identity,0.19421488,0.9997589,0.38549033,0.00051125785,0.7550956,0.5274382,0.9922068,0.012747263,0.0002596648,0.00020542288,0.85978156,0.43698242,0.9998529,0.0013302015,0.88976854,0.99926066,national_identity
erdogan2023_c010,erdogan2023,erdogan,en,2023-12-31,new_year_message,10,13,0.833,114,92,0.25118494,0.25118494,0.4235537,-0.03434837,0.0,0.31130233,0.31130233,0.7210744,0.038487226,2.173913,0.16848326,0.16848326,0.09710744,-0.08885786,1.0869565,0.33274758,0.33274758,0.84917355,0.07029647,0.0,0.22460906,0.22460906,0.4607438,-0.021003053,0.0,0.21210201,0.21210201,0.15495868,-0.089774534,0.0,0.35827577,0.35827577,0.7334711,0.036817968,0.0,0.27090484,0.27090484,0.46900827,-0.021123797,1.0869565,0.3898629,0.3898629,0.96487606,0.12508217,0.3041553,0.3041553,0.3822314,-0.029898643,0.33120424,0.33120424,0.71694213,0.0324122,0.32790852,0.32790852,0.51033056,-0.0055763423,0.3768044,0.3768044,0.9070248,0.1051524,0.23834756,0.23834756,0.20867768,-0.08166504,0.28442746,0.28442746,0.28305784,-0.043067127,foreign_policy,0.11570245,0.9558373,0.88810545,0.0021074724,0.45241493,0.0021955154,0.11486404,0.9719126,0.00021696732,0.13034075,0.01798621,0.99886423,0.027233833,0.9986853,0.8389108,0.9994286,crisis_resilience
erdogan2023_c011,erdogan2023,erdogan,en,2023-12-31,new_year_message,11,13,0.917,82,69,0.4559046,0.4559046,0.9566116,0.1703713,2.8985507,0.25612292,0.25612292,0.44834712,-0.016692191,0.0,0.2048744,0.2048744,0.2623967,-0.05246672,1.4492754,0.27210072,0.27210072,0.6053719,0.009649605,0.0,0.20244154,0.20244154,0.303719,-0.04317057,0.0,0.2681811,0.2681811,0.3533058,-0.03369546,0.0,0.31061023,0.31061023,0.42768595,-0.0108475685,0.0,0.24402246,0.24402246,0.29132232,-0.048006177,0.0,0.31181312,0.31181312,0.7293388,0.047032386,0.35654467,0.35654467,0.5971074,0.02249074,0.37311345,0.37311345,0.857438,0.07432142,0.31891757,0.31891757,0.47727272,-0.014567286,0.37172478,0.37172478,0.8904959,0.10007277,0.24823926,0.24823926,0.26652893,-0.071773335,0.28299242,0.28299242,0.2747934,-0.04450217,national_identity,0.35123968,0.9971771,0.4870634,0.014186016,0.80224586,0.5992506,0.9736321,0.6362401,0.00012291355,0.01800347,0.20979327,0.7262315,0.01858215,0.8458788,0.008660932,0.9819447,national_identity
erdogan2023_c012,erdogan2023,erdogan,en,2023-12-31,new_year_message,12,13,1.0,167,132,0.24208054,0.24208054,0.36983472,-0.04345277,0.75757575,0.25382316,0.25382316,0.4359504,-0.018991947,0.0,0.28916234,0.28916234,0.7128099,0.03182122,0.75757575,0.29006565,0.29006565,0.696281,0.027614534,0.0,0.18013273,0.18013273,0.1714876,-0.06547938,0.0,0.22917658,0.22917658,0.24173553,-0.072699964,0.75757575,0.39660087,0.39660087,0.8946281,0.07514307,0.75757575,0.35111058,0.35111058,0.7747934,0.05908194,0.0,0.2707332,0.2707332,0.54752064,0.0059524775,0.32475248,0.32475248,0.46487603,-0.009301454,0.36884737,0.36884737,0.84090906,0.070055336,0.4792468,0.4792468,0.9483471,0.14576194,0.21484762,0.21484762,0.22520661,-0.05680439,0.2716812,0.2716812,0.36570248,-0.04833141,0.3393065,0.3393065,0.5516529,0.011811912,crisis_resilience,0.11983472,0.9393595,0.14318769,0.023939194,0.94253314,0.1101836,0.9386604,0.43812397,0.0030515105,0.0032986512,0.1925014,0.32874492,0.99858963,0.8484393,0.9822962,0.9977438,foreign_policy
erdogan2024_c000,erdogan2024,erdogan,en,2024-12-31,new_year_message,0,12,0.0,82,64,0.31956112,0.31956112,0.68801653,0.034027815,1.5625,0.21902081,0.21902081,0.24173553,-0.053794295,0.0,0.22742096,0.22742096,0.37396693,-0.02992016,0.0,0.25372067,0.25372067,0.48140496,-0.008730441,0.0,0.20498525,0.20498525,0.33264464,-0.04062687,0.0,0.33124262,0.33124262,0.642562,0.029366076,0.0,0.2626365,0.2626365,0.18801653,-0.05882129,0.0,0.29970217,0.29970217,0.5847107,0.007673532,0.0,0.19027004,0.19027004,0.15082644,-0.07451069,0.35633904,0.35633904,0.5929752,0.022285104,0.40535066,0.40535066,0.9194215,0.10655862,0.45391184,0.45391184,0.8946281,0.12042698,0.2023037,0.2023037,0.1714876,-0.06934832,0.382479,0.382479,0.7458678,0.062466413,0.34806895,0.34806895,0.5971074,0.020574361,national_identity,0.04545456,0.9883466,0.00026895347,0.0006023541,0.45277786,0.0060739345,0.9573576,0.0012231788,0.0013831174,0.0004044815,0.13150747,0.0034970103,0.9965604,0.0016646332,0.99163175,0.38041362,national_identity
erdogan2024_c001,erdogan2024,erdogan,en,2024-12-31,new_year_message,1,12,0.091,94,72,0.43634757,0.43634757,0.927686,0.15081427,2.7777777,0.39985657,0.39985657,0.9442149,0.12704146,1.3888888,0.23009485,0.23009485,0.4070248,-0.027246267,0.0,0.26416013,0.26416013,0.5557851,0.0017090142,0.0,0.20855099,0.20855099,0.3533058,-0.037061125,0.0,0.40161735,0.40161735,0.8822314,0.0997408,4.1666665,0.38843995,0.38843995,0.87396693,0.06698215,0.0,0.28614035,0.28614035,0.5392562,-0.0058882833,1.3888888,0.28896308,0.28896308,0.6177686,0.02418235,0.41332376,0.41332376,0.86157024,0.07926983,0.5344661,0.5344661,0.99380165,0.23567405,0.40799606,0.40799606,0.78305787,0.0745112,0.28329358,0.28329358,0.6177686,0.011641562,0.5013848,0.5013848,0.95247936,0.1813722,0.34832057,0.34832057,0.6053719,0.020825982,security_military,0.016528904,0.99925196,0.044472914,0.00044857574,0.37001196,0.013996082,0.98350215,0.05845324,0.00026738262,0.0006654023,0.28969187,0.9091436,0.797872,0.0032603461,0.99952716,0.9976564,national_identity
erdogan2024_c002,erdogan2024,erdogan,en,2024-12-31,new_year_message,2,12,0.182,90,80,0.26288813,0.26288813,0.45661157,-0.022645175,3.75,0.18701965,0.18701965,0.10950413,-0.08579546,0.0,0.17870668,0.17870668,0.13842975,-0.07863444,0.0,0.18574774,0.18574774,0.1301653,-0.07670337,1.25,0.44072694,0.44072694,0.9855372,0.19511482,5.0,0.26563984,0.26563984,0.34504133,-0.036236703,0.0,0.23726422,0.23726422,0.07644628,-0.08419359,0.0,0.20199254,0.20199254,0.11363637,-0.090036094,0.0,0.15914102,0.15914102,0.059917357,-0.10563971,0.24680465,0.24680465,0.1301653,-0.08724928,0.2690366,0.2690366,0.33264464,-0.029755443,0.19991931,0.19991931,0.0392562,-0.13356555,0.25405827,0.25405827,0.4235537,-0.017593741,0.3622433,0.3622433,0.67561984,0.042230695,0.26231343,0.26231343,0.20041323,-0.065181166,democracy_institutions,0.5289256,0.9776712,0.001294368,0.00031319872,0.87658155,0.5936093,0.99611557,0.00705271,0.0018137437,0.0010628869,0.596793,0.7400804,0.20327225,0.007395841,0.9998133,0.99930406,social_solidarity
erdogan2024_c003,erdogan2024,erdogan,en,2024-12-31,new_year_message,3,12,0.273,83,71,0.15408742,0.15408742,0.04338843,-0.13144588,0.0,0.22575068,0.22575068,0.28305784,-0.047064424,1.4084507,0.423831,0.423831,0.9566116,0.16648987,4.2253523,0.19127806,0.19127806,0.14669421,-0.07117306,0.0,0.18239763,0.18239763,0.17975207,-0.06321448,1.4084507,0.19228712,0.19228712,0.09297521,-0.10958943,0.0,0.30966365,0.30966365,0.4194215,-0.01179415,1.4084507,0.24230704,0.24230704,0.27892563,-0.0497216,0.0,0.15711603,0.15711603,0.051652893,-0.107664704,0.23300885,0.23300885,0.08471075,-0.10104509,0.2841769,0.2841769,0.46900827,-0.014615148,0.2952065,0.2952065,0.34917355,-0.03827837,0.13571641,0.13571641,0.01446281,-0.1359356,0.24534623,0.24534623,0.24586777,-0.074666366,0.30159903,0.30159903,0.36157024,-0.025895566,economy_welfare,0.5371901,0.4421547,0.056178067,0.56748724,0.0008778914,0.013222821,0.0017891591,0.8695485,0.00027372164,0.00018164382,0.0043738224,0.011050794,0.9701269,0.03346293,0.8980088,0.9995281,crisis_resilience
erdogan2024_c004,erdogan2024,erdogan,en,2024-12-31,new_year_message,4,12,0.364,107,85,0.15949614,0.15949614,0.059917357,-0.12603717,2.3529413,0.15798539,0.15798539,0.035123967,-0.11482972,0.0,0.47680157,0.47680157,0.9855372,0.21946046,2.3529413,0.11186814,0.11186814,0.006198347,-0.15058297,0.0,0.14325848,0.14325848,0.06818182,-0.10235363,0.0,0.23339099,0.23339099,0.25413224,-0.06848556,0.0,0.19433662,0.19433662,0.006198347,-0.12712118,0.0,0.2604535,0.2604535,0.37396693,-0.031575143,0.0,0.15968461,0.15968461,0.06404959,-0.10509612,0.1883303,0.1883303,0.010330578,-0.14572364,0.21160401,0.21160401,0.09710744,-0.08718802,0.35177243,0.35177243,0.5971074,0.01828757,0.16363904,0.16363904,0.08057851,-0.108012974,0.23901922,0.23901922,0.22107439,-0.080993384,0.33104807,0.33104807,0.50619835,0.00355348,economy_welfare,0.61157024,0.95741737,0.014714448,0.99929035,0.68458045,0.8773192,0.9988486,0.97708833,0.0028671587,0.00395309,0.12231338,0.07978201,0.9997575,0.99873805,0.1594136,0.9996339,economy_welfare
erdogan2024_c005,erdogan2024,erdogan,en,2024-12-31,new_year_message,5,12,0.455,95,81,0.2858216,0.2858216,0.5516529,0.00028827786,2.4691358,0.22554515,0.22554515,0.27892563,-0.047269955,0.0,0.349192,0.349192,0.8698347,0.09185088,1.2345679,0.18698493,0.18698493,0.13429752,-0.075466186,0.0,0.18984737,0.18984737,0.22933884,-0.05576475,0.0,0.28576553,0.28576553,0.44008264,-0.016111016,0.0,0.39107013,0.39107013,0.8863636,0.069612324,1.2345679,0.26942086,0.26942086,0.45661157,-0.022607774,0.0,0.2927158,0.2927158,0.62603307,0.027935058,0.34116024,0.34116024,0.50619835,0.007106304,0.31316873,0.31316873,0.5847107,0.0143767,0.31636322,0.31636322,0.44834712,-0.017121643,0.27785596,0.27785596,0.5557851,0.0062039495,0.283572,0.283572,0.4070248,-0.03644061,0.3510595,0.3510595,0.6301653,0.023564905,crisis_resilience,0.016528904,0.6500231,0.013454154,0.11308892,0.7589798,0.3165805,0.99389654,0.14451067,0.00016898241,0.003298651,0.21042132,0.9989013,0.6278371,0.8911971,0.6712551,0.9894601,social_solidarity
erdogan2024_c006,erdogan2024,erdogan,en,2024-12-31,new_year_message,6,12,0.545,108,85,0.26331085,0.26331085,0.4607438,-0.02222246,2.3529413,0.2523057,0.2523057,0.42768595,-0.020509422,0.0,0.21376763,0.21376763,0.303719,-0.043573484,2.3529413,0.27791744,0.27791744,0.64669424,0.015466332,0.0,0.13975713,0.13975713,0.051652893,-0.10585499,0.0,0.28418618,0.28418618,0.4235537,-0.01769036,1.1764706,0.24836928,0.24836928,0.12190083,-0.07308853,0.0,0.2611776,0.2611776,0.37809917,-0.030851036,0.0,0.24610701,0.24610701,0.42768595,-0.018673718,0.35476714,0.35476714,0.572314,0.02071321,0.2628272,0.2628272,0.30785123,-0.035964847,0.3286081,0.3286081,0.5144628,-0.0048767626,0.19202197,0.19202197,0.13429752,-0.07963005,0.20282394,0.20282394,0.11363637,-0.11718866,0.26443768,0.26443768,0.20867768,-0.063056916,foreign_policy,0.18595043,0.41952905,0.0013804223,0.023120303,0.21518579,0.0053797094,0.11294208,0.00095473154,0.00033996493,0.00037409557,0.85842955,0.21942113,0.7986976,0.0001816438,0.9973913,0.99647564,national_identity
erdogan2024_c007,erdogan2024,erdogan,en,2024-12-31,new_year_message,7,12,0.636,114,98,0.30580053,0.30580053,0.6219008,0.020267218,3.0612245,0.32456315,0.32456315,0.7706612,0.051748037,0.0,0.19876418,0.19876418,0.23347108,-0.05857694,0.0,0.25108892,0.25108892,0.46487603,-0.011362195,0.0,0.1921983,0.1921983,0.24586777,-0.05341381,0.0,0.36096704,0.36096704,0.7541322,0.059090495,1.0204082,0.35998183,0.35998183,0.7417355,0.03852403,0.0,0.1500682,0.1500682,0.022727273,-0.14196044,0.0,0.31785205,0.31785205,0.7582645,0.05307132,0.41504318,0.41504318,0.8698347,0.08098924,0.30572763,0.30572763,0.5433884,0.0069355965,0.23737429,0.23737429,0.14256199,-0.09611057,0.28301135,0.28301135,0.6136364,0.011359334,0.39941508,0.39941508,0.81198347,0.07940248,0.28319967,0.28319967,0.27892563,-0.044294924,security_military,0.016528964,0.9992022,0.014871003,0.00016156059,0.942968,0.4405746,0.999381,0.970854,0.00011147904,0.003572683,0.9381807,0.9984603,0.004239825,0.009134472,0.9991777,0.9996223,social_solidarity
erdogan2024_c008,erdogan2024,erdogan,en,2024-12-31,new_year_message,8,12,0.727,82,64,0.24238074,0.24238074,0.37396693,-0.04315257,0.0,0.2716717,0.2716717,0.54752064,-0.0011433959,1.5625,0.20812191,0.20812191,0.27892563,-0.049219206,0.0,0.37683514,0.37683514,0.9359504,0.114384025,0.0,0.20480344,0.20480344,0.3285124,-0.040808678,0.0,0.21874332,0.21874332,0.19214876,-0.08313322,0.0,0.23905867,0.23905867,0.08057851,-0.08239913,0.0,0.30153975,0.30153975,0.5929752,0.009511113,0.0,0.3287897,0.3287897,0.81198347,0.06400898,0.3631047,0.3631047,0.63429755,0.029050767,0.27765128,0.27765128,0.411157,-0.021140754,0.39982843,0.39982843,0.7706612,0.066343576,0.26245737,0.26245737,0.46900827,-0.009194642,0.1801019,0.1801019,0.0392562,-0.1399107,0.3134346,0.3134346,0.42768595,-0.014059991,foreign_policy,0.3429752,0.9992282,0.88012904,0.00044508654,0.99955404,0.64282495,0.34936622,0.99833214,0.0045561134,0.971537,0.9353465,0.36043274,0.9997502,0.99850756,0.98538435,0.9997488,foreign_policy
erdogan2024_c009,erdogan2024,erdogan,en,2024-12-31,new_year_message,9,12,0.818,101,76,0.29166812,0.29166812,0.55991733,0.006134808,0.0,0.3666498,0.3666498,0.87396693,0.0938347,2.631579,0.22863573,0.22863573,0.39049587,-0.028705388,0.0,0.39039505,0.39039505,0.9483471,0.12794393,0.0,0.19732746,0.19732746,0.28305784,-0.04828465,0.0,0.29511613,0.29511613,0.47727272,-0.0067604184,0.0,0.29809472,0.29809472,0.34504133,-0.023363084,0.0,0.39255542,0.39255542,0.8698347,0.10052678,0.0,0.35414225,0.35414225,0.8987603,0.08936152,0.3664855,0.3664855,0.66322315,0.032431573,0.29517376,0.29517376,0.50619835,-0.0036182702,0.5257503,0.5257503,0.98140496,0.19226542,0.29752222,0.29752222,0.67561984,0.025870204,0.22161004,0.22161004,0.15082644,-0.09840256,0.37670094,0.37670094,0.7376033,0.049206346,foreign_policy,0.07438016,0.99491996,0.012845958,0.00018777506,0.87773734,0.085099034,0.9829874,0.50668293,0.0011672309,0.0018208297,0.5232757,0.117724195,0.9938847,0.08528932,0.93039507,0.9993687,national_identity
erdogan2024_c010,erdogan2024,erdogan,en,2024-12-31,new_year_message,10,12,0.909,80,66,0.22004932,0.22004932,0.24586777,-0.06548399,1.5151515,0.23600751,0.23600751,0.34917355,-0.036807597,0.0,0.22604388,0.22604388,0.36570248,-0.031297237,0.0,0.33051568,0.33051568,0.84090906,0.06806457,0.0,0.30244392,0.30244392,0.78305787,0.056831807,0.0,0.25634438,0.25634438,0.3161157,-0.045532167,0.0,0.33447927,0.33447927,0.5971074,0.013021469,0.0,0.3715326,0.3715326,0.8285124,0.07950395,0.0,0.2967527,0.2967527,0.63842976,0.03197196,0.35285962,0.35285962,0.5640496,0.018805683,0.31856543,0.31856543,0.6136364,0.019773394,0.45024124,0.45024124,0.8822314,0.11675638,0.27723467,0.27723467,0.5433884,0.0055826604,0.2533218,0.2533218,0.27892563,-0.0666908,0.44405288,0.44405288,0.9359504,0.11655828,foreign_policy,0.012396693,0.99287856,0.7505528,0.12116486,0.7346909,0.71153116,0.9935054,0.20906569,0.10026854,0.0010944522,0.9114166,0.011147262,0.9990527,0.17181545,0.9944343,0.9981827,social_solidarity
erdogan2024_c011,erdogan2024,erdogan,en,2024-12-31,new_year_message,11,12,1.0,83,74,0.34684104,0.34684104,0.7623967,0.06130773,2.7027028,0.31806123,0.31806123,0.75,0.045246124,0.0,0.23695478,0.23695478,0.45661157,-0.020386338,0.0,0.27451104,0.27451104,0.6177686,0.012059927,0.0,0.22009268,0.22009268,0.4318182,-0.02551943,0.0,0.37768495,0.37768495,0.80785125,0.075808406,0.0,0.31818652,0.31818652,0.49380165,-0.0032712817,0.0,0.23945037,0.23945037,0.26652893,-0.05257827,0.0,0.25399995,0.25399995,0.48140496,-0.0107807815,0.39269787,0.39269787,0.7623967,0.058643937,0.33094963,0.33094963,0.7086777,0.0321576,0.35209858,0.35209858,0.6095041,0.018613726,0.2655092,0.2655092,0.49380165,-0.006142825,0.48360133,0.48360133,0.9442149,0.16358873,0.33700135,0.33700135,0.53099173,0.009506762,social_solidarity,0.04545456,0.6777407,0.0012918456,0.0037000459,0.67077005,0.025540898,0.9909272,0.04165677,0.00032694533,0.001133569,0.07723879,0.7130321,0.62660986,0.0018279431,0.99789864,0.99845725,social_solidarity
erdogan2025_c000,erdogan2025,erdogan,en,2025-12-31,new_year_message,0,14,0.0,86,66,0.3108043,0.3108043,0.642562,0.025270998,1.5151515,0.21287784,0.21287784,0.22107439,-0.05993727,0.0,0.21691507,0.21691507,0.32438016,-0.040426046,0.0,0.24154046,0.24154046,0.3946281,-0.02091065,0.0,0.19365203,0.19365203,0.25413224,-0.05196008,0.0,0.32498667,0.32498667,0.5929752,0.023110121,0.0,0.25580367,0.25580367,0.16322315,-0.06565413,0.0,0.31052783,0.31052783,0.63842976,0.018499196,0.0,0.18459249,0.18459249,0.13842975,-0.080188245,0.33455178,0.33455178,0.4896694,0.0004978478,0.3996333,0.3996333,0.911157,0.100841254,0.45741165,0.45741165,0.911157,0.12392679,0.19816607,0.19816607,0.1590909,-0.07348594,0.3945709,0.3945709,0.7995868,0.07455829,0.3492418,0.3492418,0.6136364,0.021747202,national_identity,0.004132211,0.9498441,0.004551687,0.0019877742,0.2361637,0.16545822,0.9868407,0.0011008768,0.0017580388,0.0007055274,0.5813031,0.111652195,0.9775858,0.0071491026,0.99867624,0.9771756,social_solidarity
erdogan2025_c001,erdogan2025,erdogan,en,2025-12-31,new_year_message,1,14,0.077,81,68,0.33126855,0.33126855,0.71694213,0.04573524,2.9411764,0.51649964,0.51649964,0.99793386,0.24368453,5.882353,0.23813263,0.23813263,0.46900827,-0.01920849,0.0,0.18924306,0.18924306,0.14256199,-0.07320805,0.0,0.20475018,0.20475018,0.32438016,-0.040861934,0.0,0.37205896,0.37205896,0.7871901,0.07018241,0.0,0.37966776,0.37966776,0.83677685,0.058209956,1.4705882,0.18277442,0.18277442,0.06818182,-0.10925421,0.0,0.30879444,0.30879444,0.7086777,0.04401371,0.3041801,0.3041801,0.38636363,-0.029873848,0.34103766,0.34103766,0.7665289,0.042245626,0.2240291,0.2240291,0.09710744,-0.109455764,0.28455162,0.28455162,0.6219008,0.012899607,0.634165,0.634165,0.99380165,0.3141524,0.30012006,0.30012006,0.3409091,-0.027374536,security_military,0.16115701,0.9912039,0.99390244,0.00011279297,0.24472384,0.051082734,0.97553027,0.90934503,6.7883055e-05,0.4353013,0.075943805,0.9964412,0.00012681476,0.8269216,0.9998222,0.057652242,security_military
erdogan2025_c002,erdogan2025,erdogan,en,2025-12-31,new_year_message,2,14,0.154,109,93,0.1384755,0.1384755,0.030991735,-0.14705782,0.0,0.25671837,0.25671837,0.45247933,-0.016096741,1.0752689,0.38504934,0.38504934,0.9070248,0.12770823,2.1505377,0.26594472,0.26594472,0.5764463,0.003493607,1.0752689,0.123925366,0.123925366,0.022727273,-0.12168675,0.0,0.15003136,0.15003136,0.030991735,-0.15184519,0.0,0.2891704,0.2891704,0.29545453,-0.03228739,0.0,0.23023418,0.23023418,0.22107439,-0.06179446,0.0,0.24003701,0.24003701,0.3946281,-0.02474372,0.2225109,0.2225109,0.051652893,-0.11154303,0.27777433,0.27777433,0.41528925,-0.0210177,0.2698158,0.2698158,0.2376033,-0.063669056,0.16238648,0.16238648,0.06404959,-0.109265536,0.19522999,0.19522999,0.08471075,-0.12478261,0.24690199,0.24690199,0.14256199,-0.0805926,economy_welfare,0.3305785,0.6211388,0.056841914,0.42739668,0.98892784,0.01583014,0.004194714,0.9269842,0.00025814815,0.008796121,0.008660931,0.9986515,0.988842,0.7651988,0.9560891,0.999654,foreign_policy
erdogan2025_c003,erdogan2025,erdogan,en,2025-12-31,new_year_message,3,14,0.231,94,78,0.21763606,0.21763606,0.22933884,-0.067897245,1.2820513,0.24955039,0.24955039,0.41528925,-0.023264721,1.2820513,0.39250076,0.39250076,0.927686,0.13515964,3.8461537,0.15730968,0.15730968,0.04752066,-0.10514143,0.0,0.16375384,0.16375384,0.11776859,-0.08185828,0.0,0.26552993,0.26552993,0.3409091,-0.036346614,0.0,0.21425903,0.21425903,0.026859503,-0.107198775,0.0,0.28274125,0.28274125,0.5144628,-0.009287387,1.2820513,0.17878723,0.17878723,0.10950413,-0.0859935,0.21612081,0.21612081,0.04338843,-0.117933124,0.2090717,0.2090717,0.08884297,-0.08972034,0.34055167,0.34055167,0.55991733,0.007066816,0.16139567,0.16139567,0.059917357,-0.110256344,0.2610937,0.2610937,0.31198347,-0.058918893,0.32266772,0.32266772,0.46900827,-0.0048268735,economy_welfare,0.41322315,0.85179883,0.7495458,0.9995262,0.12720472,0.44866782,0.9990996,0.81493807,0.007190813,0.0007451558,0.16598141,0.9725975,0.99975175,0.2728472,0.9966168,0.9997063,economy_welfare
erdogan2025_c004,erdogan2025,erdogan,en,2025-12-31,new_year_message,4,14,0.308,99,81,0.24252665,0.24252665,0.37809917,-0.04300666,1.2345679,0.2081781,0.2081781,0.17975207,-0.064637005,0.0,0.24973176,0.24973176,0.53099173,-0.0076093525,0.0,0.18501462,0.18501462,0.12190083,-0.07743649,0.0,0.21789789,0.21789789,0.4235537,-0.027714223,1.2345679,0.2462297,0.2462297,0.29132232,-0.05564685,1.2345679,0.35519856,0.35519856,0.70454544,0.03374076,2.4691358,0.39317065,0.39317065,0.87396693,0.10114202,1.2345679,0.16465718,0.16465718,0.07644628,-0.100123554,0.26208007,0.26208007,0.17975207,-0.07197386,0.3191067,0.3191067,0.6177686,0.020314664,0.43254524,0.43254524,0.84090906,0.09906039,0.13070431,0.13070431,0.010330578,-0.1409477,0.27160227,0.27160227,0.36157024,-0.048410326,0.3866657,0.3866657,0.78305787,0.05917111,future_reform_technology,0.1694215,0.5369807,0.00027106237,0.0012207953,0.21411571,0.68605465,0.9703525,0.04725521,0.0151307285,0.00028130738,0.006641112,0.9928439,0.9997,0.017968966,0.93199056,0.9994673,social_solidarity
erdogan2025_c005,erdogan2025,erdogan,en,2025-12-31,new_year_message,5,14,0.385,136,104,0.19600096,0.19600096,0.16322315,-0.089532346,0.0,0.18330517,0.18330517,0.09710744,-0.089509934,0.0,0.18699719,0.18699719,0.17975207,-0.07034393,0.0,0.10325468,0.10325468,0.0020661156,-0.15919644,0.0,0.14992267,0.14992267,0.07231405,-0.095689446,0.96153843,0.2573944,0.2573944,0.32438016,-0.04448214,0.0,0.2476877,0.2476877,0.11776859,-0.073770106,0.0,0.14462423,0.14462423,0.018595042,-0.1474044,0.0,0.08347733,0.08347733,0.0020661156,-0.1813034,0.22837,0.22837,0.07644628,-0.10568394,0.24988545,0.24988545,0.2623967,-0.04890658,0.21703987,0.21703987,0.07231405,-0.11644499,0.107580304,0.107580304,0.0020661156,-0.16407171,0.40216398,0.40216398,0.82438016,0.08215138,0.24642774,0.24642774,0.13842975,-0.08106685,social_solidarity,0.1446281,0.4542301,0.0029349518,0.0580381,0.0429424,0.11486402,0.99914575,0.18580864,0.0005442133,0.0044079763,0.4244381,0.9545204,0.109372385,0.0010965896,0.99976176,0.9996982,social_solidarity
erdogan2025_c006,erdogan2025,erdogan,en,2025-12-31,new_year_message,6,14,0.462,99,86,0.2736448,0.2736448,0.50206614,-0.011888504,1.1627907,0.24057351,0.24057351,0.37809917,-0.032241598,0.0,0.23790869,0.23790869,0.46487603,-0.019432425,0.0,0.25671917,0.25671917,0.4896694,-0.0057319403,1.1627907,0.20193148,0.20193148,0.29545453,-0.043680638,0.0,0.3275375,0.3275375,0.6177686,0.025660962,2.3255813,0.3968407,0.3968407,0.8987603,0.07538289,1.1627907,0.25722376,0.25722376,0.34504133,-0.03480488,0.0,0.25225607,0.25225607,0.46900827,-0.012524664,0.39703566,0.39703566,0.78305787,0.062981725,0.27987713,0.27987713,0.4359504,-0.018914908,0.34121162,0.34121162,0.5640496,0.0077267587,0.27846417,0.27846417,0.5681818,0.0068121552,0.3451121,0.3451121,0.62603307,0.025099486,0.471709,0.471709,0.9607438,0.14421442,crisis_resilience,0.28099173,0.99968123,0.9224824,0.0013070536,0.95818704,0.9380106,0.9995899,0.9959927,0.00023875263,0.06394842,0.990235,0.91531825,0.55799586,0.0044857943,0.9974292,0.99982256,national_identity
erdogan2025_c007,erdogan2025,erdogan,en,2025-12-31,new_year_message,7,14,0.538,108,88,0.18643495,0.18643495,0.1301653,-0.099098355,1.1363636,0.20958734,0.20958734,0.20041323,-0.06322777,0.0,0.14619645,0.14619645,0.06404959,-0.11114466,0.0,0.21167108,0.21167108,0.20867768,-0.050780028,0.0,0.2247621,0.2247621,0.47727272,-0.020850018,2.2727273,0.22824717,0.22824717,0.22933884,-0.07362938,0.0,0.22053954,0.22053954,0.035123967,-0.10091826,1.1363636,0.16216001,0.16216001,0.035123967,-0.12986863,0.0,0.21096152,0.21096152,0.22933884,-0.05381921,0.25242326,0.25242326,0.14669421,-0.08163068,0.2923293,0.2923293,0.4896694,-0.006462723,0.19959714,0.19959714,0.035123967,-0.13388772,0.2044704,0.2044704,0.19628099,-0.06718162,0.18140659,0.18140659,0.04338843,-0.13860601,0.20646521,0.20646521,0.051652893,-0.12102938,democracy_institutions,0.24793388,0.9210741,0.00091283076,0.00017952797,0.5820457,0.23482311,0.6242658,0.001036267,0.00017298902,0.00036829786,0.9879811,0.9855382,0.009670993,0.00027425666,0.9921157,0.6002854,national_identity
erdogan2025_c008,erdogan2025,erdogan,en,2025-12-31,new_year_message,8,14,0.615,102,84,0.23246981,0.23246981,0.303719,-0.053063497,1.1904762,0.31308588,0.31308588,0.7334711,0.040270776,1.1904762,0.16487181,0.16487181,0.08057851,-0.092469305,0.0,0.30582,0.30582,0.7706612,0.043368876,1.1904762,0.15878749,0.15878749,0.10123967,-0.086824626,0.0,0.28431863,0.28431863,0.42768595,-0.017557919,1.1904762,0.23221879,0.23221879,0.059917357,-0.089239016,0.0,0.17704439,0.17704439,0.059917357,-0.114984244,0.0,0.2986338,0.2986338,0.65909094,0.033853084,0.41636145,0.41636145,0.8780992,0.08230752,0.19363639,0.19363639,0.051652893,-0.10515565,0.22352642,0.22352642,0.08884297,-0.10995844,0.23923764,0.23923764,0.33677685,-0.032414377,0.22520304,0.22520304,0.1590909,-0.09480956,0.25580895,0.25580895,0.16735537,-0.07168564,foreign_policy,0.03719008,0.9935743,0.5506074,0.00014510752,0.9934103,0.07609814,0.043977574,0.034913782,0.00018164379,0.0032476767,0.9922369,0.8222248,0.05237608,0.25673878,0.9996451,0.9993333,national_identity
erdogan2025_c009,erdogan2025,erdogan,en,2025-12-31,new_year_message,9,14,0.692,86,70,0.22259903,0.22259903,0.25826445,-0.06293428,0.0,0.2572232,0.2572232,0.4607438,-0.015591919,0.0,0.20783049,0.20783049,0.2747934,-0.049510628,0.0,0.15649104,0.15649104,0.04338843,-0.10596007,0.0,0.19710365,0.19710365,0.27892563,-0.048508465,0.0,0.27298158,0.27298158,0.37396693,-0.02889496,0.0,0.27308178,0.27308178,0.23347108,-0.048376024,0.0,0.22883567,0.22883567,0.21280992,-0.06319296,0.0,0.25287175,0.25287175,0.47727272,-0.011908978,0.3224918,0.3224918,0.45247933,-0.011562139,0.2705886,0.2705886,0.3409091,-0.028203428,0.29181516,0.29181516,0.32024795,-0.041669697,0.18733141,0.18733141,0.12603305,-0.084320605,0.28729534,0.28729534,0.4359504,-0.032717258,0.30530417,0.30530417,0.37809917,-0.022190422,security_military,0.08677688,0.99953175,0.99896574,0.00031197804,0.9992563,0.97800976,0.9991944,0.9994493,0.0003521251,0.9961381,0.5657786,0.9955576,0.85184497,0.883236,0.9996064,0.99982005,national_identity
erdogan2025_c010,erdogan2025,erdogan,en,2025-12-31,new_year_message,10,14,0.769,96,79,0.18776698,0.18776698,0.13842975,-0.097766325,1.2658228,0.2915292,0.2915292,0.63842976,0.0187141,1.2658228,0.14282683,0.14282683,0.055785123,-0.11451429,0.0,0.32433033,0.32433033,0.8285124,0.061879218,0.0,0.13051924,0.13051924,0.035123967,-0.11509287,0.0,0.12991479,0.12991479,0.010330578,-0.17196175,0.0,0.2346868,0.2346868,0.06818182,-0.086771,1.2658228,0.20260634,0.20260634,0.11776859,-0.0894223,0.0,0.39787316,0.39787316,0.9731405,0.13309243,0.26591378,0.26591378,0.19214876,-0.06814015,0.25662163,0.25662163,0.27892563,-0.042170405,0.25023612,0.25023612,0.17975207,-0.083248734,0.26585624,0.26585624,0.4979339,-0.005795777,0.1288952,0.1288952,0.0020661156,-0.1911174,0.20762081,0.20762081,0.055785123,-0.11987378,foreign_policy,0.19008261,0.9994986,0.9949886,0.00020784384,0.9995995,0.82900804,0.9582261,0.99666905,0.000204223,0.9917084,0.92751116,0.9763331,0.9805807,0.99963737,0.995592,0.99889266,foreign_policy
erdogan2025_c011,erdogan2025,erdogan,en,2025-12-31,new_year_message,11,14,0.846,114,95,0.2943919,0.2943919,0.572314,0.008858591,2.1052632,0.32191408,0.32191408,0.7623967,0.04909897,1.0526316,0.20020157,0.20020157,0.24173553,-0.057139546,0.0,0.32537472,0.32537472,0.83264464,0.06292361,1.0526316,0.27851048,0.27851048,0.70454544,0.032898366,1.0526316,0.3160035,0.3160035,0.5557851,0.014126956,2.1052632,0.3462535,0.3462535,0.6714876,0.024795711,0.0,0.26587546,0.26587546,0.42768595,-0.026153177,0.0,0.3126672,0.3126672,0.7334711,0.04788646,0.40611452,0.40611452,0.83264464,0.072060585,0.33221197,0.33221197,0.7252066,0.033419937,0.32325685,0.32325685,0.50206614,-0.010228008,0.27794224,0.27794224,0.55991733,0.006290227,0.29907024,0.29907024,0.4731405,-0.02094236,0.33679944,0.33679944,0.5268595,0.009304851,foreign_policy,0.07024795,0.91818726,0.047117997,0.00012148177,0.96853036,0.22533135,0.98189265,0.06437353,0.00015506915,0.0018712103,0.493073,0.007176882,0.45737907,0.032805953,0.9941913,0.9995381,social_solidarity
erdogan2025_c012,erdogan2025,erdogan,en,2025-12-31,new_year_message,12,14,0.923,82,71,0.2666062,0.2666062,0.4731405,-0.018927097,0.0,0.19747731,0.19747731,0.15082644,-0.0753378,0.0,0.23029692,0.23029692,0.411157,-0.027044192,0.0,0.26219127,0.26219127,0.54752064,-0.00025984645,0.0,0.28315878,0.28315878,0.7252066,0.037546664,0.0,0.27268332,0.27268332,0.36983472,-0.029193223,0.0,0.32769775,0.32769775,0.5640496,0.0062399507,1.4084507,0.33759513,0.33759513,0.7334711,0.0455665,0.0,0.23439248,0.23439248,0.36570248,-0.030388251,0.37911028,0.37911028,0.7086777,0.045056343,0.34624082,0.34624082,0.7871901,0.047448784,0.41912073,0.41912073,0.81198347,0.08563587,0.23705383,0.23705383,0.32024795,-0.034598187,0.26677936,0.26677936,0.3409091,-0.053233236,0.40153214,0.40153214,0.83677685,0.07403755,future_reform_technology,0.008264482,0.9990673,0.5131805,0.09392703,0.96658444,0.99104494,0.99654365,0.99632865,0.00971787,0.005980329,0.9334915,0.99710476,0.9834387,0.95405185,0.98127484,0.999764,national_identity
erdogan2025_c013,erdogan2025,erdogan,en,2025-12-31,new_year_message,13,14,1.0,159,125,0.3419547,0.3419547,0.75,0.0564214,3.2,0.28064585,0.28064585,0.5929752,0.007830739,0.0,0.30366588,0.30366588,0.7665289,0.04632476,0.8,0.27216747,0.27216747,0.6095041,0.009716362,0.0,0.23876336,0.23876336,0.5433884,-0.0068487525,0.0,0.32928866,0.32928866,0.6219008,0.027412117,1.6,0.27209163,0.27209163,0.22933884,-0.049366176,0.0,0.38676846,0.38676846,0.857438,0.094739825,0.0,0.22122288,0.22122288,0.27892563,-0.043557853,0.3424431,0.3424431,0.5144628,0.008389175,0.34606948,0.34606948,0.78305787,0.04727745,0.53679615,0.53679615,0.98966944,0.2033113,0.22717825,0.22717825,0.28719008,-0.044473767,0.41238576,0.41238576,0.85330576,0.09237316,0.43490022,0.43490022,0.9194215,0.10740563,future_reform_technology,0.09090912,0.8742921,0.0063021216,0.9093451,0.06705628,0.21027936,0.9972073,0.008594112,0.0019117694,0.0012968953,0.22194034,0.9599502,0.9993027,0.010489091,0.9994058,0.9985661,social_solidarity
macron2022_c000,macron2022,macron,en,2022-12-31,new_year_address,0,27,0.0,157,130,0.30516982,0.30516982,0.6177686,0.019636512,1.5384616,0.3618303,0.3618303,0.84917355,0.089015186,2.3076923,0.28518125,0.28518125,0.7004132,0.027840137,0.0,0.2294441,0.2294441,0.29132232,-0.03300701,0.0,0.22783655,0.22783655,0.4979339,-0.017775565,0.0,0.3842569,0.3842569,0.83264464,0.082380354,0.7692308,0.3493912,0.3493912,0.696281,0.027933389,0.7692308,0.23928064,0.23928064,0.2623967,-0.052747995,0.0,0.2427307,0.2427307,0.411157,-0.022050023,0.36627746,0.36627746,0.65909094,0.032223523,0.3277349,0.3277349,0.67561984,0.028942853,0.31522667,0.31522667,0.44008264,-0.018258184,0.3057093,0.3057093,0.7086777,0.03405729,0.55806047,0.55806047,0.9731405,0.23804787,0.33386052,0.33386052,0.5144628,0.006365925,security_military,0.016528904,0.9728566,0.9972718,0.009187659,0.110135734,0.9769128,0.9997757,0.5723195,0.00031875106,0.00027857436,0.89270294,0.007388676,0.17161582,0.0019916527,0.99882597,0.9841394,social_solidarity
macron2022_c001,macron2022,macron,en,2022-12-31,new_year_address,1,27,0.038,81,71,0.49949148,0.49949148,0.9855372,0.21395817,4.2253523,0.30614156,0.30614156,0.69214875,0.033326447,0.0,0.24029079,0.24029079,0.48140496,-0.017050326,0.0,0.3221268,0.3221268,0.8161157,0.059675694,0.0,0.2560905,0.2560905,0.6177686,0.010478377,0.0,0.38787675,0.38787675,0.84090906,0.086000204,1.4084507,0.431657,0.431657,0.9566116,0.11019918,0.0,0.3710289,0.3710289,0.82438016,0.079000264,1.4084507,0.33856076,0.33856076,0.85330576,0.07378003,0.47298437,0.47298437,0.97727275,0.13893044,0.41289294,0.41289294,0.9483471,0.1141009,0.48204723,0.48204723,0.9607438,0.14856237,0.36982778,0.36982778,0.8863636,0.098175764,0.3698169,0.3698169,0.7004132,0.0498043,0.46034223,0.46034223,0.95247936,0.13284764,national_identity,0.028925598,0.99982697,0.0712835,0.048710495,0.6723317,0.16364582,0.9944935,0.54601204,0.084304094,0.00013982209,0.73753643,9.314593e-05,0.6675812,0.48724642,0.06666028,0.99971646,national_identity
macron2022_c002,macron2022,macron,en,2022-12-31,new_year_address,2,27,0.077,81,69,0.40233988,0.40233988,0.8822314,0.11680657,1.4492754,0.2685303,0.2685303,0.53099173,-0.004284799,0.0,0.256428,0.256428,0.5640496,-0.00091311336,0.0,0.2948175,0.2948175,0.7334711,0.032366395,1.4492754,0.22463627,0.22463627,0.46487603,-0.020975843,0.0,0.41772258,0.41772258,0.911157,0.11584604,1.4492754,0.4192779,0.4192779,0.94008267,0.0978201,1.4492754,0.30538446,0.30538446,0.6095041,0.013355821,0.0,0.3399947,0.3399947,0.86157024,0.07521397,0.5314483,0.5314483,0.98966944,0.19739437,0.35604176,0.35604176,0.82438016,0.057249725,0.3794986,0.3794986,0.7210744,0.046013743,0.38152874,0.38152874,0.9235537,0.10987672,0.35041034,0.35041034,0.63842976,0.030397743,0.3199948,0.3199948,0.45661157,-0.007499784,crisis_resilience,0.028925657,0.1265691,0.061607264,0.14235109,0.880232,0.37204877,0.9259027,0.9932419,0.008267597,0.0039454065,0.009125637,0.46198753,0.9982488,0.9985897,0.18553181,0.98456055,crisis_resilience
macron2022_c003,macron2022,macron,en,2022-12-31,new_year_address,3,27,0.115,137,116,0.20867182,0.20867182,0.19628099,-0.076861486,0.0,0.26387483,0.26387483,0.51033056,-0.0089402795,0.86206895,0.25109118,0.25109118,0.54752064,-0.0062499344,0.86206895,0.2454109,0.2454109,0.4194215,-0.017040208,0.86206895,0.16379192,0.16379192,0.12190083,-0.08182019,0.86206895,0.19159156,0.19159156,0.08884297,-0.110284984,0.0,0.42723972,0.42723972,0.95247936,0.10578191,5.172414,0.2626491,0.2626491,0.38636363,-0.029379547,0.86206895,0.32255882,0.32255882,0.7706612,0.05777809,0.26734608,0.26734608,0.20041323,-0.06670785,0.31964922,0.31964922,0.6219008,0.020857185,0.27499938,0.27499938,0.25826445,-0.05848548,0.22036919,0.22036919,0.2623967,-0.051282823,0.23814821,0.23814821,0.20454545,-0.08186439,0.22868317,0.22868317,0.09710744,-0.09881142,crisis_resilience,0.40495872,0.99384296,0.813683,0.012241275,0.9987863,0.057229258,0.9782396,0.99574363,0.0028091217,0.9970015,0.0016776675,0.9967333,0.98387814,0.99672055,0.9984811,0.91042596,foreign_policy
macron2022_c004,macron2022,macron,en,2022-12-31,new_year_address,4,27,0.154,160,137,0.3173592,0.3173592,0.67561984,0.0318259,0.729927,0.23904115,0.23904115,0.36983472,-0.03377396,0.0,0.33920166,0.33920166,0.84917355,0.08186054,3.649635,0.23152068,0.23152068,0.303719,-0.03093043,0.729927,0.20932324,0.20932324,0.36157024,-0.036288872,1.459854,0.37812507,0.37812507,0.81198347,0.07624853,4.379562,0.3852032,0.3852032,0.86157024,0.06374541,0.729927,0.19952622,0.19952622,0.1053719,-0.092502415,0.0,0.2563151,0.2563151,0.49380165,-0.008465618,0.42821157,0.42821157,0.9152893,0.094157636,0.27294415,0.27294415,0.36983472,-0.025847882,0.1961785,0.1961785,0.026859503,-0.13730636,0.26390845,0.26390845,0.48140496,-0.007743567,0.3305003,0.3305003,0.572314,0.0104877055,0.2368907,0.2368907,0.10950413,-0.09060389,crisis_resilience,0.012396693,0.9995169,0.007107631,0.9967237,0.99199253,0.8506238,0.986967,0.9915789,0.002568365,0.00456498,0.974869,0.8565425,0.9675332,0.043315187,0.99717444,0.9989034,national_identity
macron2022_c005,macron2022,macron,en,2022-12-31,new_year_address,5,27,0.192,147,126,0.21048081,0.21048081,0.21280992,-0.0750525,0.7936508,0.17548254,0.17548254,0.06404959,-0.09733257,0.0,0.25868648,0.25868648,0.5805785,0.0013453662,0.0,0.33516306,0.33516306,0.86157024,0.072711945,1.5873016,0.22535586,0.22535586,0.48140496,-0.020256251,0.0,0.22155353,0.22155353,0.20867768,-0.08032301,1.5873016,0.3038022,0.3038022,0.38636363,-0.017655611,1.5873016,0.3171834,0.3171834,0.68801653,0.02515477,0.7936508,0.22549367,0.22549367,0.30785123,-0.03928706,0.3411916,0.3411916,0.51033056,0.007137656,0.2714095,0.2714095,0.34917355,-0.027382523,0.2929654,0.2929654,0.33264464,-0.040519446,0.21500075,0.21500075,0.22933884,-0.056651264,0.20666921,0.20666921,0.1301653,-0.11334339,0.32522494,0.32522494,0.47727272,-0.0022696555,foreign_policy,0.1735537,0.9992592,0.004133968,0.4596313,0.999723,0.61543465,0.5472675,0.98150665,0.9939496,0.00044770088,0.980034,0.7401626,0.9994673,0.3600389,0.9653158,0.99973935,foreign_policy
macron2022_c006,macron2022,macron,en,2022-12-31,new_year_address,6,27,0.231,138,112,0.29375687,0.29375687,0.5681818,0.008223563,1.7857143,0.22611867,0.22611867,0.29132232,-0.04669644,0.0,0.25913736,0.25913736,0.588843,0.0017962456,0.0,0.25178275,0.25178275,0.46900827,-0.010668367,0.0,0.33751702,0.33751702,0.87396693,0.09190491,1.7857143,0.26879522,0.26879522,0.35743803,-0.033081323,0.89285713,0.34753126,0.34753126,0.67975205,0.026073456,0.89285713,0.3137099,0.3137099,0.65909094,0.021681279,0.0,0.1961507,0.1961507,0.16322315,-0.068630025,0.29348373,0.29348373,0.32024795,-0.0405702,0.41339934,0.41339934,0.95247936,0.114607304,0.3584038,0.3584038,0.6301653,0.024918944,0.20414853,0.20414853,0.19214876,-0.06750348,0.38917285,0.38917285,0.7789256,0.06916025,0.3753155,0.3753155,0.7293388,0.047820896,democracy_institutions,0.19421488,0.9981031,0.00020825012,0.000799392,0.0065515256,0.887009,0.4985352,0.3156239,0.00042720794,0.00031627135,0.016850078,0.4120569,0.998897,0.14769343,0.9957622,0.9989798,national_identity
macron2022_c007,macron2022,macron,en,2022-12-31,new_year_address,7,27,0.269,118,103,0.16249591,0.16249591,0.06404959,-0.1230374,0.0,0.22016308,0.22016308,0.25,-0.05265203,0.0,0.23981343,0.23981343,0.47727272,-0.017527685,0.0,0.14699675,0.14699675,0.026859503,-0.11545436,0.0,0.19481039,0.19481039,0.26652893,-0.050801724,0.0,0.18199863,0.18199863,0.07231405,-0.11987792,0.0,0.3517166,0.3517166,0.7004132,0.030258805,0.0,0.27840987,0.27840987,0.4979339,-0.013618767,0.0,0.27138495,0.27138495,0.5557851,0.0066042244,0.2255007,0.2255007,0.06818182,-0.10855323,0.28811222,0.28811222,0.47727272,-0.010679811,0.36642236,0.36642236,0.67561984,0.032937497,0.17397633,0.17397633,0.10950413,-0.09767568,0.21838562,0.21838562,0.14256199,-0.10162698,0.34998828,0.34998828,0.6219008,0.02249369,crisis_resilience,0.20247933,0.9834227,0.8884688,0.08449275,0.6163831,0.14645307,0.9964203,0.9984391,0.99953985,0.0010423501,0.010839368,0.10927729,0.9997478,0.8852352,0.66931266,0.99963385,future_reform_technology
macron2022_c008,macron2022,macron,en,2022-12-31,new_year_address,8,27,0.308,152,131,0.1310801,0.1310801,0.022727273,-0.1544532,0.0,0.22101837,0.22101837,0.25413224,-0.051796734,0.0,0.34233248,0.34233248,0.86157024,0.084991366,3.053435,0.17349839,0.17349839,0.07231405,-0.08895272,0.0,0.19308083,0.19308083,0.25,-0.052531287,0.0,0.1847656,0.1847656,0.07644628,-0.11711094,0.7633588,0.26900676,0.26900676,0.21280992,-0.052451044,0.0,0.23165281,0.23165281,0.22520661,-0.060375825,0.0,0.20128568,0.20128568,0.1838843,-0.063495055,0.20738669,0.20738669,0.026859503,-0.12666725,0.16951981,0.16951981,0.006198347,-0.12927222,0.28058207,0.28058207,0.28305784,-0.052902788,0.14671737,0.14671737,0.0392562,-0.12493464,0.23374823,0.23374823,0.18801653,-0.08626437,0.3391155,0.3391155,0.54752064,0.011620909,economy_welfare,0.60743797,0.9487276,0.00020703374,0.98664916,0.17141633,0.9053223,0.9800148,0.95671517,0.1474017,0.00024874634,0.12797922,0.9071479,0.31662673,0.04575595,0.744842,0.99777865,economy_welfare
macron2022_c009,macron2022,macron,en,2022-12-31,new_year_address,9,27,0.346,106,90,0.18428984,0.18428984,0.12603305,-0.101243466,1.1111112,0.22541583,0.22541583,0.2747934,-0.047399282,0.0,0.1902673,0.1902673,0.20867768,-0.06707382,0.0,0.13358982,0.13358982,0.018595042,-0.1288613,0.0,0.19021076,0.19021076,0.23347108,-0.055401355,0.0,0.20840923,0.20840923,0.13842975,-0.09346731,0.0,0.31062973,0.31062973,0.4318182,-0.010828078,0.0,0.24723834,0.24723834,0.3161157,-0.044790298,0.0,0.14193097,0.14193097,0.022727273,-0.12284976,0.2033889,0.2033889,0.022727273,-0.13066503,0.22497025,0.22497025,0.14256199,-0.07382178,0.2378313,0.2378313,0.14669421,-0.095653564,0.15521508,0.15521508,0.055785123,-0.11643693,0.2962742,0.2962742,0.4607438,-0.023738414,0.2641353,0.2641353,0.20454545,-0.06335929,crisis_resilience,0.11570248,0.8289388,0.49365267,0.0006399274,0.13150747,0.5776145,0.9994976,0.9991255,0.0074896244,0.00063247676,0.46769646,0.06301948,0.6167339,0.3654284,0.9103463,0.99465156,social_solidarity
macron2022_c010,macron2022,macron,en,2022-12-31,new_year_address,10,27,0.385,154,136,0.12788236,0.12788236,0.018595042,-0.15765095,0.0,0.20669308,0.20669308,0.17561984,-0.066122025,0.0,0.27833712,0.27833712,0.67975205,0.020996004,0.7352941,0.19171183,0.19171183,0.15082644,-0.070739284,0.7352941,0.16994691,0.16994691,0.1301653,-0.075665206,0.7352941,0.15498844,0.15498844,0.035123967,-0.1468881,0.0,0.26789713,0.26789713,0.19628099,-0.053560674,0.0,0.31524217,0.31524217,0.6714876,0.023213536,2.2058823,0.17745097,0.17745097,0.1053719,-0.08732976,0.20117483,0.20117483,0.018595042,-0.13287911,0.1880084,0.1880084,0.04338843,-0.11078364,0.31974772,0.31974772,0.4855372,-0.013737142,0.13890225,0.13890225,0.022727273,-0.13274977,0.25803286,0.25803286,0.303719,-0.06197974,0.34509304,0.34509304,0.5805785,0.01759845,economy_welfare,0.008264422,0.17651184,0.00019601775,0.98968184,0.70904434,0.8465142,0.9970479,0.84061295,0.6022955,0.00040448149,0.50836104,0.06590479,0.9990359,0.43482128,0.0969246,0.9994847,social_solidarity
macron2022_c011,macron2022,macron,en,2022-12-31,new_year_address,11,27,0.423,152,134,0.16507944,0.16507944,0.07231405,-0.120453864,0.0,0.22866482,0.22866482,0.32024795,-0.044150293,0.0,0.34597218,0.34597218,0.86570245,0.08863106,2.238806,0.18532065,0.18532065,0.12603305,-0.07713047,0.0,0.21026528,0.21026528,0.3822314,-0.035346836,0.0,0.25701612,0.25701612,0.32024795,-0.044860423,1.4925373,0.25688156,0.25688156,0.1714876,-0.06457624,0.74626863,0.30671963,0.30671963,0.6136364,0.014690995,0.0,0.18354386,0.18354386,0.1301653,-0.08123687,0.2682773,0.2682773,0.20867768,-0.065776646,0.20745422,0.20745422,0.08057851,-0.091337815,0.3477707,0.3477707,0.5764463,0.014285833,0.16380627,0.16380627,0.08471075,-0.10784574,0.2791937,0.2791937,0.39049587,-0.0408189,0.33367708,0.33367708,0.51033056,0.006182492,economy_welfare,0.25206608,0.9809855,0.0007702933,0.98796946,0.119768016,0.97453195,0.9964134,0.41043133,0.00076430326,0.0003852133,0.2793122,0.9078038,0.9986196,0.114492215,0.8132037,0.99278826,social_solidarity
macron2022_c012,macron2022,macron,en,2022-12-31,new_year_address,12,27,0.462,108,93,0.3881961,0.3881961,0.857438,0.1026628,3.2258065,0.3109272,0.3109272,0.71694213,0.038112104,0.0,0.32516593,0.32516593,0.8161157,0.06782481,1.0752689,0.28854597,0.28854597,0.68801653,0.026094854,0.0,0.30040634,0.30040634,0.7706612,0.054794222,0.0,0.3406151,0.3406151,0.66322315,0.03873855,0.0,0.5541075,0.5541075,0.99793386,0.23264968,2.1505377,0.4269778,0.4269778,0.9359504,0.13494918,1.0752689,0.30268872,0.30268872,0.6838843,0.037907988,0.37508142,0.37508142,0.68801653,0.041027486,0.385783,0.385783,0.8987603,0.08699095,0.4212049,0.4212049,0.82438016,0.08772004,0.28176224,0.28176224,0.5971074,0.010110229,0.396231,0.396231,0.803719,0.0762184,0.37955448,0.37955448,0.7541322,0.05205989,crisis_resilience,0.061983466,0.9922294,0.0010691264,0.9982827,0.41442478,0.9575863,0.9981827,0.9995592,0.09691927,0.0001072088,0.013096007,0.99963385,0.8929365,0.99204665,0.99038494,0.99981517,crisis_resilience
macron2022_c013,macron2022,macron,en,2022-12-31,new_year_address,13,27,0.5,117,101,0.36622345,0.36622345,0.7995868,0.080690145,0.990099,0.22776058,0.22776058,0.31198347,-0.045054525,0.0,0.24282575,0.24282575,0.49380165,-0.01451537,0.0,0.23041353,0.23041353,0.29958677,-0.032037586,0.0,0.21766195,0.21766195,0.4194215,-0.027950168,0.0,0.31930196,0.31930196,0.572314,0.017425418,0.0,0.32794136,0.32794136,0.5681818,0.006483555,0.0,0.4901428,0.4901428,0.9855372,0.19811416,1.980198,0.26477242,0.26477242,0.51859504,-8.314848e-06,0.3839141,0.3839141,0.7210744,0.04986018,0.3310558,0.3310558,0.7128099,0.032263756,0.4571277,0.4571277,0.9070248,0.12364283,0.27416492,0.27416492,0.53512394,0.002512902,0.29976416,0.29976416,0.47727272,-0.020248443,0.3427366,0.3427366,0.5681818,0.01524201,future_reform_technology,0.1859504,0.99972624,0.074088894,0.004958122,0.70007527,0.11114469,0.99968314,0.9791756,0.000108896915,0.0026626128,0.18579942,0.9985278,0.8270613,0.9742884,0.3047654,0.9996506,national_identity
macron2022_c014,macron2022,macron,en,2022-12-31,new_year_address,14,27,0.538,110,95,0.26958442,0.26958442,0.4855372,-0.015948892,0.0,0.40098676,0.40098676,0.9483471,0.12817165,2.1052632,0.24846737,0.24846737,0.52272725,-0.008873746,0.0,0.35756516,0.35756516,0.9152893,0.09511405,0.0,0.262025,0.262025,0.65082645,0.016412884,0.0,0.2999529,0.2999529,0.4979339,-0.0019236505,0.0,0.38278472,0.38278472,0.857438,0.06132692,2.1052632,0.41394874,0.41394874,0.9028926,0.12192011,0.0,0.37386888,0.37386888,0.9483471,0.10908815,0.34969503,0.34969503,0.5433884,0.015641093,0.27390146,0.27390146,0.38636363,-0.024890572,0.4362008,0.4362008,0.84504133,0.10271594,0.26373473,0.26373473,0.47727272,-0.007917285,0.25401163,0.25401163,0.28305784,-0.06600097,0.36264008,0.36264008,0.67975205,0.03514549,security_military,0.03305781,0.96422046,0.9994907,0.00068250176,0.99698395,0.9398582,0.882984,0.99063283,0.008652551,0.90764016,0.0147427935,0.055515114,0.99973935,0.9694112,0.99408895,0.999249,security_military
macron2022_c015,macron2022,macron,en,2022-12-31,new_year_address,15,27,0.577,88,81,0.35322025,0.35322025,0.7789256,0.067686945,2.4691358,0.4126786,0.4126786,0.96487606,0.13986349,0.0,0.25813276,0.25813276,0.572314,0.0007916391,0.0,0.3045388,0.3045388,0.7582645,0.042087674,0.0,0.27751702,0.27751702,0.7004132,0.031904906,1.2345679,0.36780518,0.36780518,0.7706612,0.06592864,2.4691358,0.34002718,0.34002718,0.62603307,0.01856938,0.0,0.28638673,0.28638673,0.5433884,-0.0056419075,0.0,0.36344957,0.36344957,0.911157,0.09866884,0.39853886,0.39853886,0.7913223,0.064484924,0.25920224,0.25920224,0.28719008,-0.039589792,0.31253356,0.31253356,0.4235537,-0.0209513,0.3828141,0.3828141,0.927686,0.111162096,0.33528155,0.33528155,0.5847107,0.015268952,0.34757334,0.34757334,0.5929752,0.020078748,security_military,0.18595046,0.9986802,0.06723979,0.000117744596,0.9738444,0.3875835,0.9384068,0.8819711,0.000116145944,0.014785409,0.52390754,0.0026010938,0.028355204,0.83312106,0.82862705,0.9997362,national_identity
macron2022_c016,macron2022,macron,en,2022-12-31,new_year_address,16,27,0.615,124,108,0.20167643,0.20167643,0.17975207,-0.08385688,0.9259259,0.20912503,0.20912503,0.19628099,-0.06369008,0.0,0.26419294,0.26419294,0.6136364,0.006851822,0.0,0.24459627,0.24459627,0.41528925,-0.01785484,0.0,0.2598266,0.2598266,0.642562,0.014214486,1.8518518,0.1976555,0.1976555,0.10123967,-0.104221046,0.0,0.24665964,0.24665964,0.10950413,-0.07479817,0.0,0.42230755,0.42230755,0.927686,0.13027892,0.9259259,0.21343368,0.21343368,0.2376033,-0.051347047,0.26042002,0.26042002,0.16735537,-0.07363391,0.21242233,0.21242233,0.10950413,-0.08636971,0.4631582,0.4631582,0.9235537,0.12967333,0.17255011,0.17255011,0.10123967,-0.0991019,0.19340286,0.19340286,0.07644628,-0.12660974,0.38488382,0.38488382,0.7789256,0.05738923,future_reform_technology,0.285124,0.9853843,0.0029868437,0.03586381,0.84032446,0.8226827,0.9362062,0.09463063,0.99512315,0.001167231,0.020351816,0.15591203,0.99816316,0.9247557,0.90914106,0.99976903,future_reform_technology
macron2022_c017,macron2022,macron,en,2022-12-31,new_year_address,17,27,0.654,92,79,0.33559817,0.33559817,0.7252066,0.05006486,1.2658228,0.25784552,0.25784552,0.46900827,-0.014969587,0.0,0.20012628,0.20012628,0.2376033,-0.05721484,0.0,0.24944046,0.24944046,0.45661157,-0.013010651,1.2658228,0.2754345,0.2754345,0.696281,0.02982238,1.2658228,0.38818872,0.38818872,0.84504133,0.086312175,0.0,0.31001595,0.31001595,0.4235537,-0.011441857,0.0,0.2562853,0.2562853,0.3409091,-0.035743326,0.0,0.19441281,0.19441281,0.1590909,-0.07036792,0.33905804,0.33905804,0.50206614,0.005004108,0.32564762,0.32564762,0.66322315,0.026855588,0.27566248,0.27566248,0.2623967,-0.057822376,0.23732845,0.23732845,0.32438016,-0.03432356,0.3740629,0.3740629,0.7086777,0.054050297,0.3054751,0.3054751,0.38636363,-0.022019506,social_solidarity,0.11983472,0.8322026,0.0004356301,0.0001634647,0.35521552,0.0013032351,0.059087966,0.10267525,0.00025414693,0.00091998343,0.025920346,0.9583432,0.00081514585,0.015350573,0.9985924,0.99965805,national_identity
macron2022_c018,macron2022,macron,en,2022-12-31,new_year_address,18,27,0.692,111,102,0.32356465,0.32356465,0.696281,0.03803134,2.9411764,0.29389763,0.29389763,0.64669424,0.02108252,0.0,0.33620167,0.33620167,0.84504133,0.07886055,0.0,0.23277584,0.23277584,0.3161157,-0.029675275,0.0,0.3108216,0.3108216,0.803719,0.06520948,0.0,0.45080546,0.45080546,0.9483471,0.14892891,1.9607843,0.37233585,0.37233585,0.7995868,0.050878048,0.98039216,0.36985415,0.36985415,0.8161157,0.07782552,0.0,0.21758023,0.21758023,0.24586777,-0.0472005,0.38683733,0.38683733,0.7376033,0.0527834,0.28360394,0.28360394,0.4607438,-0.015188098,0.3606406,0.3606406,0.64669424,0.027155727,0.25791052,0.25791052,0.44834712,-0.013741493,0.4078436,0.4078436,0.83677685,0.08783099,0.3779933,0.3779933,0.7458678,0.050498694,social_solidarity,0.10330576,0.96336865,0.0010202174,0.00063867966,0.015101649,0.6847649,0.9994352,0.4823072,0.00037776545,0.0015548132,0.16188256,0.69729984,0.70089483,0.015380123,0.62795115,0.9995602,social_solidarity
macron2022_c019,macron2022,macron,en,2022-12-31,new_year_address,19,27,0.731,129,117,0.31157696,0.31157696,0.64669424,0.026043653,0.85470086,0.29347575,0.29347575,0.642562,0.020660639,0.0,0.3732459,0.3732459,0.8946281,0.11590478,0.0,0.25692886,0.25692886,0.49380165,-0.005522251,0.0,0.3530684,0.3530684,0.9028926,0.1074563,0.0,0.40142128,0.40142128,0.8780992,0.099544734,0.0,0.36414814,0.36414814,0.7541322,0.042690337,0.0,0.43090713,0.43090713,0.94008267,0.1388785,0.85470086,0.23219582,0.23219582,0.3533058,-0.032584906,0.3771807,0.3771807,0.7004132,0.043126762,0.31983155,0.31983155,0.62603307,0.021039516,0.4471901,0.4471901,0.87396693,0.11370525,0.26240844,0.26240844,0.46487603,-0.009243578,0.42097634,0.42097634,0.8780992,0.10096374,0.4721443,0.4721443,0.96487606,0.14464971,future_reform_technology,0.03719008,0.38792217,0.00043733438,0.02218004,0.055515118,0.934664,0.9992749,0.06371499,0.0013172913,0.0007321811,0.24963012,0.01798621,0.99640644,0.018725162,0.9925031,0.9995408,social_solidarity
macron2022_c020,macron2022,macron,en,2022-12-31,new_year_address,20,27,0.769,139,117,0.17529593,0.17529593,0.10123967,-0.110237375,0.0,0.17424259,0.17424259,0.059917357,-0.09857252,0.0,0.36154038,0.36154038,0.8822314,0.10419926,1.7094017,0.16663897,0.16663897,0.06404959,-0.09581214,0.0,0.20575552,0.20575552,0.33677685,-0.039856598,0.0,0.3132816,0.3132816,0.5392562,0.011405051,4.2735043,0.2054463,0.2054463,0.018595042,-0.1160115,0.0,0.4455537,0.4455537,0.95247936,0.15352505,6.837607,0.13241765,0.13241765,0.01446281,-0.13236308,0.2410465,0.2410465,0.10950413,-0.09300743,0.17485493,0.17485493,0.022727273,-0.1239371,0.3171748,0.3171748,0.45661157,-0.016310066,0.14670533,0.14670533,0.035123967,-0.12494668,0.20476642,0.20476642,0.11776859,-0.11524618,0.25690836,0.25690836,0.1714876,-0.070586234,future_reform_technology,0.07024795,0.45350385,0.00022341638,0.9834387,0.10179018,0.9758776,0.99450946,0.17346317,0.920218,0.00042554305,0.76541805,0.30290633,0.63953906,0.43458128,0.9190269,0.9972154,social_solidarity
macron2022_c021,macron2022,macron,en,2022-12-31,new_year_address,21,27,0.808,105,96,0.34419256,0.34419256,0.7541322,0.058659256,3.125,0.3020957,0.3020957,0.67975205,0.029280603,0.0,0.29191267,0.29191267,0.7210744,0.03457156,1.0416666,0.2752986,0.2752986,0.6219008,0.012847483,0.0,0.46812978,0.46812978,0.98966944,0.22251767,3.125,0.38311702,0.38311702,0.82438016,0.081240475,1.0416666,0.34451026,0.34451026,0.66735536,0.023052454,0.0,0.41221684,0.41221684,0.8987603,0.12018821,0.0,0.24278368,0.24278368,0.41528925,-0.02199705,0.3559931,0.3559931,0.5847107,0.021939158,0.2593357,0.2593357,0.29132232,-0.039456338,0.46113378,0.46113378,0.9194215,0.12764892,0.28572565,0.28572565,0.63429755,0.01407364,0.40001678,0.40001678,0.8161157,0.080004185,0.45839834,0.45839834,0.9483471,0.13090375,democracy_institutions,0.09090912,0.92632043,0.00024393635,0.34169236,0.31132215,0.99667555,0.90265256,0.42435235,0.001648483,0.00042554302,0.19102567,0.0008119703,0.99698395,0.14996657,0.07818368,0.9996072,democracy_institutions
macron2022_c022,macron2022,macron,en,2022-12-31,new_year_address,22,27,0.846,105,94,0.2374585,0.2374585,0.32438016,-0.04807481,2.1276596,0.2762274,0.2762274,0.572314,0.0034123063,0.0,0.20905903,0.20905903,0.28305784,-0.048282087,0.0,0.30727035,0.30727035,0.7747934,0.044819236,1.0638298,0.39985573,0.39985573,0.96487606,0.15424362,0.0,0.30018342,0.30018342,0.50206614,-0.0016931295,0.0,0.33927,0.33927,0.6219008,0.017812192,1.0638298,0.34962726,0.34962726,0.7623967,0.05759862,0.0,0.34257832,0.34257832,0.87396693,0.07779759,0.31721562,0.31721562,0.4359504,-0.016838312,0.22919998,0.22919998,0.16735537,-0.06959206,0.27230036,0.27230036,0.24586777,-0.061184496,0.28726232,0.28726232,0.642562,0.015610307,0.29088965,0.29088965,0.44421488,-0.029122949,0.3011041,0.3011041,0.34504133,-0.026390493,democracy_institutions,0.19008267,0.4312997,0.01042845,0.0005193048,0.87147486,0.95626813,0.994225,0.9922294,0.0002606808,0.0007194324,0.116411984,0.87976795,0.00044945235,0.98670053,0.96249723,0.99968743,social_solidarity
macron2022_c023,macron2022,macron,en,2022-12-31,new_year_address,23,27,0.885,161,124,0.3470018,0.3470018,0.7665289,0.061468482,0.8064516,0.21357617,0.21357617,0.22933884,-0.05923894,0.0,0.25562233,0.25562233,0.55991733,-0.0017187893,1.6129032,0.38285178,0.38285178,0.9442149,0.12040067,2.419355,0.2545623,0.2545623,0.6095041,0.008950174,1.6129032,0.314124,0.314124,0.5433884,0.012247443,1.6129032,0.29130656,0.29130656,0.3161157,-0.030151248,0.0,0.33372006,0.33372006,0.7252066,0.041691422,0.0,0.30169284,0.30169284,0.67975205,0.036912113,0.41707015,0.41707015,0.8822314,0.08301622,0.26860127,0.26860127,0.32438016,-0.030190766,0.37455752,0.37455752,0.7128099,0.041072667,0.2810045,0.2810045,0.5847107,0.009352475,0.20874815,0.20874815,0.13842975,-0.11126445,0.26052457,0.26052457,0.1838843,-0.06697002,foreign_policy,0.17768598,0.955444,0.010870826,0.08785687,0.9510968,0.0071768826,0.7897206,0.034391105,0.24535613,0.000522355,0.41994527,0.25659907,0.99786776,0.98367554,0.9174507,0.9980391,national_identity
macron2022_c024,macron2022,macron,en,2022-12-31,new_year_address,24,27,0.923,154,134,0.32891023,0.32891023,0.70454544,0.043376923,1.4925373,0.31259423,0.31259423,0.7293388,0.039779127,1.4925373,0.29418537,0.29418537,0.7376033,0.036844254,0.74626863,0.33261505,0.33261505,0.84504133,0.070163935,1.4925373,0.22096038,0.22096038,0.4359504,-0.024651736,0.0,0.32946214,0.32946214,0.6301653,0.027585596,0.74626863,0.34320912,0.34320912,0.65082645,0.021751314,0.0,0.24740663,0.24740663,0.32024795,-0.044622004,0.0,0.36921704,0.36921704,0.927686,0.10443631,0.462745,0.462745,0.96900827,0.12869108,0.2994995,0.2994995,0.52272725,0.00070747733,0.29557344,0.29557344,0.3533058,-0.037911415,0.33669475,0.33669475,0.803719,0.065042734,0.37414065,0.37414065,0.7128099,0.05412805,0.3044861,0.3044861,0.36570248,-0.023008496,foreign_policy,0.10743803,0.94461274,0.54201496,0.21738555,0.9993372,0.22699775,0.9836442,0.7609061,0.04845097,0.17688477,0.9828562,0.62096286,0.9395816,0.96841115,0.9972477,0.99810684,foreign_policy
macron2022_c025,macron2022,macron,en,2022-12-31,new_year_address,25,27,0.962,111,87,0.24286944,0.24286944,0.3822314,-0.042663872,0.0,0.1830694,0.1830694,0.08884297,-0.089745715,0.0,0.21190196,0.21190196,0.29958677,-0.045439154,0.0,0.23461308,0.23461308,0.33677685,-0.027838036,1.1494253,0.23858386,0.23858386,0.5392562,-0.007028252,0.0,0.2122089,0.2122089,0.16322315,-0.08966765,1.1494253,0.27720696,0.27720696,0.2623967,-0.044250846,0.0,0.37500328,0.37500328,0.83264464,0.08297464,0.0,0.18175177,0.18175177,0.12603305,-0.08302896,0.28155136,0.28155136,0.27066115,-0.052502573,0.27215987,0.27215987,0.36157024,-0.02663216,0.44886398,0.44886398,0.8780992,0.115379125,0.18699288,0.18699288,0.12190083,-0.08465913,0.25713617,0.25713617,0.29958677,-0.06287643,0.36937314,0.36937314,0.7086777,0.04187855,future_reform_technology,0.29338843,0.9977765,0.0014508126,0.009633654,0.9854685,0.028939435,0.99541277,0.015731549,0.99896175,0.0013511208,0.1463549,0.22504383,0.99884415,0.044358924,0.7327831,0.99849004,future_reform_technology
macron2022_c026,macron2022,macron,en,2022-12-31,new_year_address,26,27,1.0,168,149,0.3326241,0.3326241,0.7210744,0.0470908,1.3422819,0.23230416,0.23230416,0.33264464,-0.040510952,0.0,0.3407982,0.3407982,0.85330576,0.08345708,0.0,0.2466951,0.2466951,0.4359504,-0.015756011,0.67114097,0.2560763,0.2560763,0.6136364,0.010464191,0.0,0.3683141,0.3683141,0.7747934,0.06643754,1.3422819,0.38216096,0.38216096,0.84917355,0.06070316,0.67114097,0.44744614,0.44744614,0.9566116,0.1554175,0.67114097,0.23219383,0.23219383,0.34917355,-0.032586902,0.43163902,0.43163902,0.927686,0.09758508,0.33054256,0.33054256,0.7004132,0.03175053,0.49104184,0.49104184,0.96900827,0.15755698,0.22157468,0.22157468,0.27066115,-0.050077334,0.37704155,0.37704155,0.7334711,0.05702895,0.4194625,0.4194625,0.8904959,0.09196791,future_reform_technology,0.10330582,0.9872896,0.00283385,0.10050279,0.9572179,0.13875328,0.99899757,0.6200466,0.0046320306,0.0010182288,0.71656585,0.9643215,0.9558991,0.0030873695,0.99582964,0.99947864,social_solidarity
macron2023_c000,macron2023,macron,en,2023-12-31,new_year_address,0,19,0.0,101,90,0.3838826,0.3838826,0.84504133,0.0983493,2.2222223,0.36480606,0.36480606,0.86157024,0.09199095,0.0,0.298291,0.298291,0.7458678,0.04094988,0.0,0.23877838,0.23877838,0.36570248,-0.02367273,0.0,0.27245563,0.27245563,0.69214875,0.026843518,0.0,0.4968962,0.4968962,0.99793386,0.19501966,2.2222223,0.39727092,0.39727092,0.911157,0.075813115,0.0,0.26202446,0.26202446,0.3822314,-0.030004174,0.0,0.27258247,0.27258247,0.5640496,0.0078017414,0.4118322,0.4118322,0.85330576,0.07777828,0.3713779,0.3713779,0.84917355,0.07258585,0.35179782,0.35179782,0.6012397,0.01831296,0.33554316,0.33554316,0.7871901,0.06389114,0.6277902,0.6277902,0.98966944,0.3077776,0.3683803,0.3683803,0.696281,0.040885717,social_solidarity,0.08677685,0.9127672,0.059674345,0.0007793662,0.022737445,0.70715195,0.99979496,0.27484983,9.876621e-05,0.0014076105,0.35142237,0.018142106,0.00031937408,0.00028351307,0.9998256,0.4594096,social_solidarity
macron2023_c001,macron2023,macron,en,2023-12-31,new_year_address,1,19,0.056,84,68,0.20684198,0.20684198,0.19214876,-0.07869133,1.4705882,0.32240725,0.32240725,0.7665289,0.049592137,4.4117646,0.15160568,0.15160568,0.06818182,-0.105735436,0.0,0.24019471,0.24019471,0.38636363,-0.022256404,0.0,0.12875965,0.12875965,0.030991735,-0.11685246,0.0,0.1956178,0.1956178,0.09710744,-0.10625875,2.9411764,0.2556867,0.2556867,0.1590909,-0.0657711,0.0,0.15323353,0.15323353,0.026859503,-0.13879511,0.0,0.34159017,0.34159017,0.86570245,0.076809436,0.2486339,0.2486339,0.13842975,-0.08542003,0.28162766,0.28162766,0.44834712,-0.01716438,0.1832858,0.1832858,0.022727273,-0.15019906,0.24422488,0.24422488,0.37809917,-0.027427137,0.24509485,0.24509485,0.24173553,-0.07491775,0.18345386,0.18345386,0.035123967,-0.14404073,security_military,0.38016528,0.80513173,0.8329852,6.253713e-05,0.9906691,0.001957017,0.9719659,0.9342753,0.0001855878,0.99962664,0.0003604725,0.99959475,0.9539232,0.034036156,0.9967396,0.013875308,foreign_policy
macron2023_c002,macron2023,macron,en,2023-12-31,new_year_address,2,19,0.111,110,89,0.26937804,0.26937804,0.48140496,-0.016155273,1.1235955,0.34975654,0.34975654,0.82438016,0.07694143,2.247191,0.30551827,0.30551827,0.7789256,0.048177153,1.1235955,0.24556082,0.24556082,0.4235537,-0.016890287,0.0,0.15795566,0.15795566,0.09710744,-0.08765645,0.0,0.27422112,0.27422112,0.37809917,-0.027655423,0.0,0.41043472,0.41043472,0.927686,0.08897692,0.0,0.19921207,0.19921207,0.10123967,-0.09281656,1.1235955,0.40334266,0.40334266,0.97727275,0.13856193,0.270539,0.270539,0.22107439,-0.06351495,0.28320074,0.28320074,0.45247933,-0.015591294,0.21518809,0.21518809,0.06818182,-0.11829677,0.31601882,0.31601882,0.7334711,0.044366807,0.23885113,0.23885113,0.21694215,-0.08116147,0.2016456,0.2016456,0.04752066,-0.125849,crisis_resilience,0.10330582,0.38687927,0.010308208,0.013383049,0.94877505,0.002926391,0.0013045069,0.2901442,0.00010431734,0.9384633,0.00024015535,0.9947799,0.00023643298,0.9992635,0.0005976693,0.0013670258,foreign_policy
macron2023_c003,macron2023,macron,en,2023-12-31,new_year_address,3,19,0.167,105,84,0.27208453,0.27208453,0.4979339,-0.013448775,0.0,0.26696387,0.26696387,0.51859504,-0.005851239,0.0,0.2895583,0.2895583,0.71694213,0.032217175,0.0,0.31062368,0.31062368,0.7871901,0.048172563,0.0,0.27243298,0.27243298,0.68801653,0.026820868,0.0,0.29226315,0.29226315,0.4607438,-0.009613395,0.0,0.43324804,0.43324804,0.9607438,0.11179024,0.0,0.34460893,0.34460893,0.75,0.052580297,0.0,0.30739748,0.30739748,0.70454544,0.042616755,0.38014537,0.38014537,0.71694213,0.046091437,0.33903146,0.33903146,0.7541322,0.040239424,0.4211473,0.4211473,0.82024795,0.08766243,0.24337772,0.24337772,0.36983472,-0.028274298,0.26530915,0.26530915,0.3285124,-0.054703444,0.39807063,0.39807063,0.82024795,0.07057604,crisis_resilience,0.1735537,0.97901577,0.55784535,0.17002514,0.9915544,0.661267,0.96440536,0.9975177,0.0045032725,0.0019418171,0.3001042,0.6866853,0.9996215,0.4071861,0.4689122,0.99966794,crisis_resilience
macron2023_c004,macron2023,macron,en,2023-12-31,new_year_address,4,19,0.222,114,96,0.19136101,0.19136101,0.15082644,-0.0941723,0.0,0.20020273,0.20020273,0.16322315,-0.072612375,0.0,0.23527998,0.23527998,0.44008264,-0.02206114,1.0416666,0.26961374,0.26961374,0.5971074,0.0071626306,1.0416666,0.23542058,0.23542058,0.53099173,-0.01019153,0.0,0.22039777,0.22039777,0.20454545,-0.081478775,0.0,0.31123883,0.31123883,0.44008264,-0.010218978,0.0,0.34913644,0.34913644,0.7582645,0.057107806,2.0833333,0.23152041,0.23152041,0.34504133,-0.033260316,0.28432712,0.28432712,0.28719008,-0.049726814,0.30774087,0.30774087,0.5557851,0.008948833,0.28089857,0.28089857,0.28719008,-0.052586287,0.21883404,0.21883404,0.25413224,-0.05281797,0.28309023,0.28309023,0.40289256,-0.036922365,0.349594,0.349594,0.6177686,0.022099406,future_reform_technology,0.16115707,0.99762183,0.118232295,0.02025469,0.9753314,0.7710256,0.9609333,0.7860896,0.0049629416,0.0007978335,0.014378491,0.99306935,0.9926542,0.48608568,0.9995859,0.9996769,national_identity
macron2023_c005,macron2023,macron,en,2023-12-31,new_year_address,5,19,0.278,104,76,0.18235157,0.18235157,0.11776859,-0.103181735,0.0,0.22680616,0.22680616,0.303719,-0.046008945,0.0,0.4305644,0.4305644,0.96487606,0.17322329,2.631579,0.2348974,0.2348974,0.34504133,-0.027553707,1.3157895,0.24630618,0.24630618,0.5764463,0.0006940663,1.3157895,0.20295665,0.20295665,0.12190083,-0.0989199,1.3157895,0.26207885,0.26207885,0.1838843,-0.05937895,0.0,0.41903147,0.41903147,0.9152893,0.12700284,5.263158,0.16111699,0.16111699,0.07231405,-0.10366374,0.26313263,0.26313263,0.1838843,-0.0709213,0.32106635,0.32106635,0.6301653,0.022274315,0.36900097,0.36900097,0.696281,0.035516113,0.15016675,0.15016675,0.04752066,-0.12148526,0.27010667,0.27010667,0.35743803,-0.049905926,0.3894658,0.3894658,0.7995868,0.061971217,economy_welfare,0.049586773,0.031738594,7.086327e-05,0.9971551,0.8262654,0.20394523,0.80825645,0.013558248,0.9941232,0.000102900965,0.0015700476,0.8056322,0.99973106,0.060863443,0.4534736,0.99973726,economy_welfare
macron2023_c006,macron2023,macron,en,2023-12-31,new_year_address,6,19,0.333,80,71,0.17061633,0.17061633,0.08884297,-0.11491698,0.0,0.21326059,0.21326059,0.22520661,-0.059554517,0.0,0.5016108,0.5016108,0.99380165,0.2442697,4.2253523,0.18423317,0.18423317,0.11363637,-0.07821794,0.0,0.20877628,0.20877628,0.35743803,-0.036835834,0.0,0.29414034,0.29414034,0.46900827,-0.007736206,0.0,0.31141168,0.31141168,0.44421488,-0.010046124,1.4084507,0.2694274,0.2694274,0.4607438,-0.022601247,0.0,0.19115132,0.19115132,0.15495868,-0.07362941,0.29300135,0.29300135,0.31198347,-0.04105258,0.24032977,0.24032977,0.21694215,-0.058462262,0.28042036,0.28042036,0.27892563,-0.053064495,0.17157054,0.17157054,0.09297521,-0.10008147,0.32194299,0.32194299,0.55991733,0.0019303858,0.37078494,0.37078494,0.71694213,0.043290347,economy_welfare,0.5247934,0.975693,0.00022167811,0.9919847,0.08144666,0.97505975,0.96178585,0.99703056,0.014036573,0.0002948036,0.14681971,0.31997073,0.9927672,0.21011727,0.9880042,0.9997414,crisis_resilience
macron2023_c007,macron2023,macron,en,2023-12-31,new_year_address,7,19,0.389,156,133,0.23256958,0.23256958,0.30785123,-0.052963734,0.7518797,0.41508594,0.41508594,0.97727275,0.14227083,1.5037594,0.358724,0.358724,0.87396693,0.10138288,0.0,0.25793302,0.25793302,0.4979339,-0.0045180917,0.0,0.35898465,0.35898465,0.911157,0.113372535,3.0075188,0.29756725,0.29756725,0.48140496,-0.0043092966,1.5037594,0.32434514,0.32434514,0.54752064,0.0028873384,0.0,0.4214754,0.4214754,0.9194215,0.12944677,0.7518797,0.28889775,0.28889775,0.6136364,0.024117023,0.28711212,0.28711212,0.303719,-0.046941817,0.31004298,0.31004298,0.572314,0.011250943,0.4195788,0.4195788,0.8161157,0.08609393,0.24356179,0.24356179,0.37396693,-0.028090224,0.36203003,0.36203003,0.6714876,0.04201743,0.43725407,0.43725407,0.9235537,0.10975948,security_military,0.057851255,0.99535894,0.9982522,0.06387539,0.9090223,0.99880975,0.9981324,0.94224656,0.04475909,0.006438102,0.19280517,0.99847525,0.9944478,0.30497235,0.996016,0.9992099,democracy_institutions
macron2023_c008,macron2023,macron,en,2023-12-31,new_year_address,8,19,0.444,154,124,0.26178536,0.26178536,0.45247933,-0.02374795,0.8064516,0.27057606,0.27057606,0.5392562,-0.0022390485,0.0,0.19802733,0.19802733,0.22520661,-0.05931379,0.0,0.23914486,0.23914486,0.37396693,-0.02330625,0.8064516,0.3051411,0.3051411,0.7913223,0.059528977,0.8064516,0.24231613,0.24231613,0.27892563,-0.059560418,0.8064516,0.2566693,0.2566693,0.16735537,-0.06478849,0.0,0.35601974,0.35601974,0.7871901,0.0639911,0.0,0.2260569,0.2260569,0.3161157,-0.038723826,0.26877418,0.26877418,0.21280992,-0.06527975,0.27804577,0.27804577,0.4235537,-0.02074626,0.36763087,0.36763087,0.6838843,0.03414601,0.25123522,0.25123522,0.411157,-0.020416796,0.24718331,0.24718331,0.25413224,-0.07282929,0.35704625,0.35704625,0.66322315,0.029551655,democracy_institutions,0.004132211,0.98848075,0.00036686257,0.0002627248,0.7440989,0.98806196,0.97505975,0.792183,0.026937887,0.0042812545,0.22114035,0.25742656,0.99928194,0.73573655,0.8418582,0.9993358,national_identity
macron2023_c009,macron2023,macron,en,2023-12-31,new_year_address,9,19,0.5,90,77,0.37718147,0.37718147,0.83264464,0.09164816,2.5974026,0.29798692,0.29798692,0.66322315,0.025171816,0.0,0.3025416,0.3025416,0.7541322,0.045200497,1.2987013,0.28367668,0.28367668,0.66322315,0.021225572,0.0,0.33451748,0.33451748,0.86157024,0.088905364,0.0,0.35871926,0.35871926,0.7293388,0.056842715,1.2987013,0.31829366,0.31829366,0.4979339,-0.0031641424,0.0,0.47313854,0.47313854,0.96487606,0.1811099,3.8961039,0.27975643,0.27975643,0.5929752,0.014975697,0.32647374,0.32647374,0.46900827,-0.007580191,0.29396904,0.29396904,0.49380165,-0.0048229992,0.39524317,0.39524317,0.7665289,0.06175831,0.26340973,0.26340973,0.4731405,-0.008242279,0.34263802,0.34263802,0.6012397,0.022625417,0.3518537,0.3518537,0.63429755,0.024359107,future_reform_technology,0.10330582,0.9758546,0.00029365462,0.8167355,0.15699139,0.035762645,0.8330871,0.07372961,0.00016668822,0.00035143827,0.027066175,0.9171544,0.17426969,0.98721576,0.9493944,0.9998239,national_identity
macron2023_c010,macron2023,macron,en,2023-12-31,new_year_address,10,19,0.556,145,118,0.21901327,0.21901327,0.2376033,-0.066520035,0.84745765,0.24728158,0.24728158,0.40289256,-0.025533527,0.0,0.34102175,0.34102175,0.857438,0.08368063,0.84745765,0.2603987,0.2603987,0.53099173,-0.0020524263,0.0,0.25945413,0.25945413,0.63842976,0.013842016,0.0,0.23111838,0.23111838,0.24586777,-0.070758164,0.0,0.27370638,0.27370638,0.24586777,-0.047751427,0.0,0.46269065,0.46269065,0.9607438,0.17066202,0.0,0.21948998,0.21948998,0.2623967,-0.045290753,0.2636881,0.2636881,0.18801653,-0.070365846,0.2611436,0.2611436,0.29958677,-0.03764844,0.47111383,0.47111383,0.927686,0.13762897,0.21369958,0.21369958,0.21694215,-0.057952434,0.23407507,0.23407507,0.19628099,-0.08593753,0.4139678,0.4139678,0.8698347,0.0864732,future_reform_technology,0.10330576,0.99573535,0.010683432,0.9244834,0.9848547,0.714628,0.9986955,0.6568234,0.9988259,0.0011138391,0.4743877,0.008985429,0.999813,0.829492,0.95523566,0.9997796,future_reform_technology
macron2023_c011,macron2023,macron,en,2023-12-31,new_year_address,11,19,0.611,149,111,0.16657569,0.16657569,0.08057851,-0.118957624,0.0,0.14352809,0.14352809,0.006198347,-0.12928702,0.0,0.22845033,0.22845033,0.38636363,-0.028890789,0.0,0.25620472,0.25620472,0.4855372,-0.006246388,1.8018018,0.22592323,0.22592323,0.4855372,-0.01968889,0.0,0.19905947,0.19905947,0.1053719,-0.10281707,0.0,0.20229064,0.20229064,0.01446281,-0.119167164,0.0,0.36066872,0.36066872,0.7913223,0.06864008,0.0,0.16939011,0.16939011,0.08884297,-0.09539062,0.2578825,0.2578825,0.16322315,-0.07617143,0.19618596,0.19618596,0.059917357,-0.10260607,0.39090067,0.39090067,0.75,0.057415813,0.19689256,0.19689256,0.15082644,-0.07475945,0.18660414,0.18660414,0.059917357,-0.13340846,0.34137344,0.34137344,0.5640496,0.013878852,future_reform_technology,0.3057851,0.9522643,0.00021909605,0.099062964,0.9979967,0.09382319,0.67453307,0.70463353,0.9982826,0.0015700475,0.18496986,0.06365676,0.99978346,0.883588,0.43692234,0.999723,future_reform_technology
macron2023_c012,macron2023,macron,en,2023-12-31,new_year_address,12,19,0.667,160,135,0.3466816,0.3466816,0.7582645,0.061148286,1.4814814,0.31576788,0.31576788,0.7417355,0.042952776,0.0,0.2707678,0.2707678,0.642562,0.013426691,0.0,0.32042778,0.32042778,0.81198347,0.057976663,0.7407407,0.29407072,0.29407072,0.7458678,0.048458606,0.0,0.34624568,0.34624568,0.68801653,0.04436913,0.0,0.4348681,0.4348681,0.96487606,0.113410294,0.7407407,0.40093333,0.40093333,0.8863636,0.10890469,0.7407407,0.3269054,0.3269054,0.79545456,0.06212467,0.37199503,0.37199503,0.67561984,0.0379411,0.3777204,0.3777204,0.8698347,0.07892835,0.48131812,0.48131812,0.9566116,0.14783326,0.32108194,0.32108194,0.75,0.049429923,0.37549847,0.37549847,0.7252066,0.055485874,0.4975335,0.4975335,0.99380165,0.17003891,crisis_resilience,0.07851243,0.9897316,0.5855752,0.010631947,0.93405765,0.9288296,0.9987479,0.99042207,0.0068239546,0.003586616,0.5482654,0.5580862,0.997409,0.9892545,0.9126888,0.99918485,social_solidarity
macron2023_c013,macron2023,macron,en,2023-12-31,new_year_address,13,19,0.722,145,127,0.2809152,0.2809152,0.5392562,-0.0046181083,0.0,0.23584345,0.23584345,0.34504133,-0.03697166,0.78740156,0.21048364,0.21048364,0.29132232,-0.046857476,0.0,0.34453613,0.34453613,0.8904959,0.08208501,3.1496062,0.32887572,0.32887572,0.83677685,0.083263606,0.78740156,0.30105218,0.30105218,0.50619835,-0.00082436204,2.3622048,0.28988427,0.28988427,0.303719,-0.031573534,0.0,0.3277942,0.3277942,0.7086777,0.03576556,0.0,0.2973608,0.2973608,0.64669424,0.032580078,0.38994145,0.38994145,0.75,0.05588752,0.28136286,0.28136286,0.44421488,-0.017429173,0.34012347,0.34012347,0.5557851,0.0066386163,0.29704732,0.29704732,0.6714876,0.025395304,0.2268014,0.2268014,0.16735537,-0.093211204,0.31297225,0.31297225,0.4235537,-0.014522344,foreign_policy,0.053719044,0.98769957,0.03753801,0.00097164605,0.99729556,0.7923839,0.6858969,0.99891406,0.0001760562,0.0071352534,0.98941934,0.8243206,0.10748432,0.9877114,0.99356186,0.9919067,crisis_resilience
macron2023_c014,macron2023,macron,en,2023-12-31,new_year_address,14,19,0.778,120,94,0.32967645,0.32967645,0.7128099,0.04414314,3.1914895,0.17903584,0.17903584,0.07231405,-0.093779266,0.0,0.1677417,0.1677417,0.09297521,-0.089599416,0.0,0.17862083,0.17862083,0.08884297,-0.08383028,0.0,0.20357232,0.20357232,0.31198347,-0.042039797,0.0,0.25628352,0.25628352,0.31198347,-0.045593023,0.0,0.3172726,0.3172726,0.4855372,-0.0041851997,1.0638298,0.2649242,0.2649242,0.4194215,-0.027104437,0.0,0.15989585,0.15989585,0.06818182,-0.10488488,0.29918987,0.29918987,0.3533058,-0.034864068,0.30570775,0.30570775,0.5392562,0.0069157183,0.36409086,0.36409086,0.66322315,0.030606002,0.19227944,0.19227944,0.13842975,-0.07937257,0.3238654,0.3238654,0.5681818,0.0038528144,0.30670708,0.30670708,0.39876032,-0.020787507,national_identity,0.22727272,0.9996856,0.0013096058,0.02368947,0.31742626,0.025468083,0.99903774,0.45756084,0.052327625,0.0032319087,0.8087101,0.6335804,0.9989638,0.0144896265,0.99896073,0.99952614,national_identity
macron2023_c015,macron2023,macron,en,2023-12-31,new_year_address,15,19,0.833,89,71,0.32332957,0.32332957,0.69214875,0.03779626,2.8169014,0.25800067,0.25800067,0.4731405,-0.014814436,1.4084507,0.13667929,0.13667929,0.035123967,-0.120661825,0.0,0.24394342,0.24394342,0.411157,-0.01850769,1.4084507,0.21832448,0.21832448,0.42768595,-0.027287632,0.0,0.21853651,0.21853651,0.1838843,-0.083340034,1.4084507,0.25316507,0.25316507,0.14669421,-0.06829274,0.0,0.2543704,0.2543704,0.33264464,-0.037658244,0.0,0.2006303,0.2006303,0.17975207,-0.06415042,0.27144825,0.27144825,0.22933884,-0.06260568,0.39848745,0.39848745,0.9070248,0.099695414,0.2766663,0.2766663,0.26652893,-0.056818545,0.2363448,0.2363448,0.3161157,-0.035307214,0.37477738,0.37477738,0.71694213,0.054764777,0.25746173,0.25746173,0.17561984,-0.070032865,national_identity,0.21900824,0.9527942,0.583856,0.00011591935,0.77581716,0.0007793661,0.991977,0.1113378,0.00020382459,0.09045389,0.010881333,0.99366105,0.00061422714,0.6058573,0.99942523,0.5295067,social_solidarity
macron2023_c016,macron2023,macron,en,2023-12-31,new_year_address,16,19,0.889,110,80,0.23445462,0.23445462,0.31198347,-0.051078692,0.0,0.15310246,0.15310246,0.026859503,-0.11971265,0.0,0.12520215,0.12520215,0.01446281,-0.13213897,0.0,0.26890647,0.26890647,0.588843,0.006455362,2.5,0.21570292,0.21570292,0.411157,-0.029909194,0.0,0.1734671,0.1734671,0.055785123,-0.12840945,0.0,0.19955984,0.19955984,0.010330578,-0.121897966,0.0,0.25980294,0.25980294,0.36157024,-0.0322257,0.0,0.18157938,0.18157938,0.11776859,-0.08320135,0.24607982,0.24607982,0.12603305,-0.087974116,0.27210674,0.27210674,0.35743803,-0.026685297,0.36017668,0.36017668,0.642562,0.026691824,0.17198734,0.17198734,0.09710744,-0.09966467,0.23383078,0.23383078,0.19214876,-0.08618182,0.30530587,0.30530587,0.3822314,-0.022188723,foreign_policy,0.17768598,0.99848413,0.0002611903,0.0005347356,0.106830284,0.016145077,0.22661245,0.010408313,0.011563828,0.0011695102,0.025834192,0.32554734,0.9993346,0.17667161,0.9591663,0.99864364,national_identity
macron2023_c017,macron2023,macron,en,2023-12-31,new_year_address,17,19,0.944,143,119,0.3006879,0.3006879,0.5929752,0.0151546,0.84033614,0.20873511,0.20873511,0.19214876,-0.06408,0.0,0.1708123,0.1708123,0.10123967,-0.08652882,0.0,0.2350193,0.2350193,0.34917355,-0.027431816,0.0,0.26510704,0.26510704,0.65909094,0.019494921,0.0,0.28316277,0.28316277,0.411157,-0.018713772,0.84033614,0.30448964,0.30448964,0.39876032,-0.01696816,0.84033614,0.31185216,0.31185216,0.64669424,0.019823521,0.0,0.15426706,0.15426706,0.0392562,-0.11051367,0.28218186,0.28218186,0.27892563,-0.051872075,0.385429,0.385429,0.8946281,0.08663696,0.3894601,0.3894601,0.7458678,0.05597523,0.2025904,0.2025904,0.17975207,-0.06906161,0.39282992,0.39282992,0.79545456,0.072817326,0.33986998,0.33986998,0.5557851,0.012375385,democracy_institutions,0.012396693,0.9932157,0.00023413582,0.00041326194,0.008619108,0.015116181,0.74899536,0.0045738644,0.0058086696,0.0010202175,0.016075421,0.9787126,0.81540716,0.039731886,0.99845725,0.99930674,national_identity
macron2023_c018,macron2023,macron,en,2023-12-31,new_year_address,18,19,1.0,151,120,0.37777323,0.37777323,0.84090906,0.09223992,1.6666666,0.23809859,0.23809859,0.35743803,-0.034716517,0.0,0.25108075,0.25108075,0.5433884,-0.0062603652,0.0,0.28256568,0.28256568,0.65495867,0.02011457,0.0,0.26687226,0.26687226,0.6714876,0.021260142,0.0,0.34504008,0.34504008,0.66735536,0.043163538,1.6666666,0.37800622,0.37800622,0.83264464,0.056548417,0.8333333,0.36230725,0.36230725,0.79545456,0.070278615,0.8333333,0.2650831,0.2650831,0.52272725,0.00030237436,0.42620057,0.42620057,0.9070248,0.092146635,0.45317605,0.45317605,0.98140496,0.15438402,0.47583717,0.47583717,0.9442149,0.14235231,0.30295116,0.30295116,0.7004132,0.031299144,0.3639251,0.3639251,0.6838843,0.0439125,0.40200508,0.40200508,0.84090906,0.074510485,national_identity,0.008264422,0.9914474,0.0006719278,0.0004529758,0.09591959,0.013033047,0.99659365,0.002917855,0.00049747445,0.00030894717,0.07123502,0.82637924,0.91607213,0.81828344,0.81545305,0.9871293,social_solidarity
macron2024_c000,macron2024,macron,en,2024-12-31,new_year_address,0,16,0.0,99,85,0.19045004,0.19045004,0.14256199,-0.09508327,1.1764706,0.1798988,0.1798988,0.08057851,-0.09291631,0.0,0.19831829,0.19831829,0.22933884,-0.05902283,0.0,0.18271469,0.18271469,0.10123967,-0.07973643,0.0,0.33909512,0.33909512,0.8822314,0.093483,1.1764706,0.22559243,0.22559243,0.21694215,-0.07628411,1.1764706,0.22003603,0.22003603,0.030991735,-0.10142177,0.0,0.28932226,0.28932226,0.5557851,-0.0027063787,2.3529413,0.21785462,0.21785462,0.25,-0.04692611,0.28181708,0.28181708,0.2747934,-0.052236855,0.2712431,0.2712431,0.34504133,-0.027548939,0.28035086,0.28035086,0.2747934,-0.053133994,0.20097083,0.20097083,0.16735537,-0.070681185,0.2280283,0.2280283,0.1714876,-0.0919843,0.3073745,0.3073745,0.4070248,-0.020120084,democracy_institutions,0.3264463,0.9998928,0.00023050672,0.54870373,0.92752755,0.996016,0.9995583,0.9896718,0.9773059,0.00015598028,0.9910233,0.31790254,0.99772614,0.033955973,0.9988486,0.99968684,national_identity
macron2024_c001,macron2024,macron,en,2024-12-31,new_year_address,1,16,0.067,135,104,0.38421568,0.38421568,0.84917355,0.098682374,2.8846154,0.25521836,0.25521836,0.44421488,-0.017596751,0.0,0.13669065,0.13669065,0.0392562,-0.12065047,0.0,0.22940171,0.22940171,0.28719008,-0.033049405,0.96153843,0.18772486,0.18772486,0.21694215,-0.057887256,0.96153843,0.25044474,0.25044474,0.303719,-0.051431805,0.0,0.32061696,0.32061696,0.5144628,-0.0008408427,0.0,0.17147455,0.17147455,0.055785123,-0.12055409,0.0,0.21069813,0.21069813,0.22520661,-0.054082602,0.30810738,0.30810738,0.4070248,-0.025946558,0.40585506,0.40585506,0.9235537,0.107063025,0.22391385,0.22391385,0.09297521,-0.10957101,0.25399524,0.25399524,0.4194215,-0.017656773,0.39257044,0.39257044,0.7913223,0.07255784,0.21331537,0.21331537,0.06404959,-0.114179224,national_identity,0.33471072,0.9998416,0.0012843081,0.00020988306,0.9895715,0.0009164002,0.5173271,0.016513688,0.00017400544,0.0019955386,0.47079745,0.99930274,0.000361177,0.110855594,0.9992889,0.99764496,national_identity
macron2024_c002,macron2024,macron,en,2024-12-31,new_year_address,2,16,0.133,109,82,0.2762087,0.2762087,0.51859504,-0.00932461,1.2195122,0.1539235,0.1539235,0.030991735,-0.11889161,0.0,0.13195962,0.13195962,0.026859503,-0.1253815,0.0,0.17976862,0.17976862,0.09710744,-0.08268249,0.0,0.19133487,0.19133487,0.2376033,-0.05427724,0.0,0.20720345,0.20720345,0.13429752,-0.0946731,0.0,0.31629115,0.31629115,0.46487603,-0.00516665,0.0,0.22565699,0.22565699,0.20041323,-0.06637165,0.0,0.12911588,0.12911588,0.010330578,-0.13566485,0.2468389,0.2468389,0.13429752,-0.087215036,0.3432076,0.3432076,0.7747934,0.044415563,0.28318977,0.28318977,0.29132232,-0.050295085,0.15452634,0.15452634,0.051652893,-0.117125675,0.31653404,0.31653404,0.5433884,-0.0034785569,0.26952046,0.26952046,0.23347108,-0.05797413,national_identity,0.053719014,0.9893475,0.0011095015,0.0020547446,0.16244437,0.007388675,0.52268946,0.044214264,0.005104776,0.00074806996,0.06462396,0.99743164,0.9980391,0.040313434,0.7213508,0.9997503,national_identity
macron2024_c003,macron2024,macron,en,2024-12-31,new_year_address,3,16,0.2,97,79,0.31670782,0.31670782,0.66735536,0.03117451,1.2658228,0.1633977,0.1633977,0.04752066,-0.10941741,0.0,0.17332703,0.17332703,0.11776859,-0.08401409,0.0,0.1148249,0.1148249,0.010330578,-0.14762622,1.2658228,0.16207929,0.16207929,0.10950413,-0.083532825,0.0,0.32938814,0.32938814,0.62603307,0.027511597,2.5316455,0.39191803,0.39191803,0.8904959,0.07046023,0.0,0.21202916,0.21202916,0.15082644,-0.07999948,0.0,0.11914441,0.11914441,0.006198347,-0.14563632,0.40079463,0.40079463,0.7995868,0.06674069,0.3766848,0.3766848,0.86570245,0.07789278,0.31410834,0.31410834,0.4359504,-0.019376516,0.18203148,0.18203148,0.11363637,-0.08962053,0.40163922,0.40163922,0.82024795,0.081626624,0.23035547,0.23035547,0.1053719,-0.09713912,crisis_resilience,0.22314054,0.9608784,0.013715874,0.2876928,0.4756053,0.1522212,0.9984238,0.99729294,0.247396,0.0012497094,0.8653379,0.89274967,0.9994694,0.085460894,0.99731135,0.99947864,social_solidarity
macron2024_c004,macron2024,macron,en,2024-12-31,new_year_address,4,16,0.267,118,94,0.24860929,0.24860929,0.39876032,-0.03692402,1.0638298,0.2949857,0.2949857,0.65909094,0.022170603,0.0,0.28085268,0.28085268,0.69214875,0.023511559,1.0638298,0.2931103,0.2931103,0.7293388,0.030659199,0.0,0.17704928,0.17704928,0.15495868,-0.068562835,0.0,0.29417256,0.29417256,0.4731405,-0.0077039897,5.319149,0.44651428,0.44651428,0.96900827,0.12505648,2.1276596,0.24389398,0.24389398,0.28719008,-0.048134655,1.0638298,0.27332702,0.27332702,0.5764463,0.008546293,0.37436807,0.37436807,0.6838843,0.040314138,0.30916157,0.30916157,0.55991733,0.010369539,0.26457086,0.26457086,0.21280992,-0.068913996,0.2549467,0.2549467,0.4359504,-0.016705304,0.29991534,0.29991534,0.4855372,-0.020097256,0.26641083,0.26641083,0.22107439,-0.061083764,crisis_resilience,0.23966944,0.9996423,0.01006209,0.026772,0.9832628,0.023442289,0.99760795,0.9976813,0.0002879765,0.00079939206,0.9932942,0.79633206,0.9964928,0.045798603,0.9957478,0.99945897,national_identity
macron2024_c005,macron2024,macron,en,2024-12-31,new_year_address,5,16,0.333,129,113,0.24146147,0.24146147,0.35743803,-0.04407184,0.88495576,0.1876812,0.1876812,0.11363637,-0.08513391,0.0,0.17567897,0.17567897,0.1301653,-0.08166215,0.0,0.21994197,0.21994197,0.24173553,-0.04250914,0.0,0.28913313,0.28913313,0.7334711,0.043521017,0.88495576,0.20019828,0.20019828,0.10950413,-0.10167827,0.0,0.26814467,0.26814467,0.20454545,-0.053313136,0.88495576,0.22456005,0.22456005,0.19214876,-0.06746858,0.0,0.24986684,0.24986684,0.45247933,-0.014913887,0.30155262,0.30155262,0.36983472,-0.03250131,0.2748325,0.2748325,0.39876032,-0.023959547,0.24259432,0.24259432,0.16322315,-0.09089054,0.26864684,0.26864684,0.5144628,-0.0030051768,0.19595668,0.19595668,0.08884297,-0.12405592,0.3116423,0.3116423,0.4194215,-0.015852302,democracy_institutions,0.37603307,0.012395735,0.00032694533,9.666712e-05,0.7790698,0.97631055,0.11511247,0.61427826,0.0001491294,0.00026478487,0.0029121782,0.12241827,0.00016832374,0.98457545,0.55880857,0.027091904,democracy_institutions
macron2024_c006,macron2024,macron,en,2024-12-31,new_year_address,6,16,0.4,111,90,0.25805548,0.25805548,0.4359504,-0.02747783,0.0,0.1791825,0.1791825,0.07644628,-0.09363261,0.0,0.19322866,0.19322866,0.21280992,-0.064112455,0.0,0.2923677,0.2923677,0.7210744,0.029916584,0.0,0.39314348,0.39314348,0.9566116,0.14753136,2.2222223,0.26740324,0.26740324,0.34917355,-0.0344733,0.0,0.2916608,0.2916608,0.32024795,-0.029797018,0.0,0.298966,0.298966,0.5805785,0.006937355,0.0,0.2077351,0.2077351,0.20041323,-0.057045624,0.3635703,0.3635703,0.642562,0.02951637,0.22698335,0.22698335,0.15495868,-0.07180868,0.2664839,0.2664839,0.21694215,-0.067000955,0.2746927,0.2746927,0.5392562,0.0030407012,0.28271338,0.28271338,0.39876032,-0.037299216,0.36994034,0.36994034,0.7128099,0.04244575,democracy_institutions,0.23553717,0.04497357,0.008267597,0.0022694687,0.9597903,0.9972424,0.5268601,0.07097703,0.00073075376,0.00062633416,0.0045472644,0.11460598,0.026430631,0.9251286,0.9994996,0.9981792,democracy_institutions
macron2024_c007,macron2024,macron,en,2024-12-31,new_year_address,7,16,0.467,105,88,0.27141452,0.27141452,0.49380165,-0.014118791,0.0,0.22495526,0.22495526,0.27066115,-0.047859848,1.1363636,0.3589863,0.3589863,0.8780992,0.10164517,1.1363636,0.21697107,0.21697107,0.23347108,-0.045480043,0.0,0.29867157,0.29867157,0.7623967,0.05305946,0.0,0.32646713,0.32646713,0.6095041,0.024590582,1.1363636,0.30404145,0.30404145,0.3946281,-0.017416358,1.1363636,0.38010758,0.38010758,0.84504133,0.088078946,0.0,0.22918317,0.22918317,0.33264464,-0.035597563,0.3497526,0.3497526,0.54752064,0.015698671,0.34092885,0.34092885,0.7623967,0.04213682,0.4952205,0.4952205,0.97727275,0.16173565,0.20403746,0.20403746,0.18801653,-0.067614555,0.3039847,0.3039847,0.49380165,-0.016027898,0.47099113,0.47099113,0.9566116,0.14349654,economy_welfare,0.03305787,0.9469902,0.0049533057,0.811424,0.9298874,0.99741405,0.99769485,0.1351322,0.0018530595,0.0002627248,0.04123003,0.017526364,0.99862224,0.91184926,0.9799382,0.9986541,social_solidarity
macron2024_c008,macron2024,macron,en,2024-12-31,new_year_address,8,16,0.533,180,154,0.26841044,0.26841044,0.47727272,-0.017122865,1.2987013,0.38606888,0.38606888,0.9235537,0.11325377,3.2467532,0.27154362,0.27154362,0.64669424,0.014202505,0.64935064,0.35724753,0.35724753,0.9070248,0.09479642,1.2987013,0.30718514,0.30718514,0.79545456,0.06157303,0.64935064,0.31474575,0.31474575,0.54752064,0.012869209,0.64935064,0.3695736,0.3695736,0.7913223,0.04811579,0.64935064,0.3223182,0.3223182,0.7004132,0.03028956,0.64935064,0.42970085,0.42970085,0.99793386,0.16492012,0.37204176,0.37204176,0.67975205,0.03798783,0.26584163,0.26584163,0.32024795,-0.0329504,0.29683694,0.29683694,0.35743803,-0.036647916,0.31559867,0.31559867,0.7293388,0.043946654,0.2555222,0.2555222,0.29545453,-0.06449041,0.271656,0.271656,0.2376033,-0.055838585,security_military,0.016528904,0.9963429,0.035846926,0.0025960314,0.999623,0.9927109,0.80147004,0.99016875,0.0026991668,0.5832034,0.5125706,0.9846051,0.9229003,0.9965436,0.9956304,0.99896777,foreign_policy
macron2024_c009,macron2024,macron,en,2024-12-31,new_year_address,9,16,0.6,108,90,0.2409711,0.2409711,0.34504133,-0.044562206,1.1111112,0.4131114,0.4131114,0.96900827,0.14029628,6.6666665,0.17412528,0.17412528,0.12190083,-0.08321583,0.0,0.34475243,0.34475243,0.8946281,0.08230132,4.4444447,0.24564794,0.24564794,0.572314,3.582239e-05,0.0,0.2359869,0.2359869,0.27066115,-0.06588964,0.0,0.27333534,0.27333534,0.2376033,-0.048122466,0.0,0.2971887,0.2971887,0.5764463,0.0051600635,0.0,0.35730964,0.35730964,0.9028926,0.09252891,0.29780596,0.29780596,0.33677685,-0.03624797,0.23575665,0.23575665,0.19214876,-0.063035384,0.28857055,0.28857055,0.30785123,-0.044914305,0.23824677,0.23824677,0.33264464,-0.033405244,0.22361231,0.22361231,0.15495868,-0.09640029,0.2755751,0.2755751,0.25,-0.05191949,security_military,0.07438016,0.61901075,0.99709344,0.00013605112,0.99509454,0.35686684,0.08291986,0.8855325,0.30951917,0.19349003,0.17391866,0.74437183,0.9968149,0.6793382,0.7192357,0.99804676,security_military
macron2024_c010,macron2024,macron,en,2024-12-31,new_year_address,10,16,0.667,121,106,0.16600758,0.16600758,0.07644628,-0.11952573,0.0,0.31762052,0.31762052,0.7458678,0.044805408,1.8867924,0.2651948,0.2651948,0.62603307,0.007853687,1.8867924,0.3669166,0.3669166,0.9235537,0.104465485,2.8301888,0.21330054,0.21330054,0.39876032,-0.032311574,0.0,0.21475226,0.21475226,0.17561984,-0.08712429,0.0,0.27473393,0.27473393,0.25,-0.046723872,0.0,0.47548866,0.47548866,0.96900827,0.18346003,0.9433962,0.32827947,0.32827947,0.80785125,0.063498735,0.27825677,0.27825677,0.25413224,-0.05579716,0.1758661,0.1758661,0.026859503,-0.12292594,0.34589344,0.34589344,0.572314,0.012408584,0.21079066,0.21079066,0.20454545,-0.06086135,0.14310561,0.14310561,0.010330578,-0.17690699,0.27676293,0.27676293,0.25413224,-0.05073166,future_reform_technology,0.04545456,0.80882335,0.9953319,0.217296,0.99579304,0.03767939,0.8423127,0.13821806,0.9893372,0.00033079798,0.028060738,0.9406263,0.6904547,0.9961829,0.967101,0.99874544,foreign_policy
macron2024_c011,macron2024,macron,en,2024-12-31,new_year_address,11,16,0.733,125,106,0.19466451,0.19466451,0.15495868,-0.0908688,0.9433962,0.13494518,0.13494518,0.0020661156,-0.13786992,0.0,0.25981796,0.25981796,0.5929752,0.0024768412,0.9433962,0.26029977,0.26029977,0.5268595,-0.0021513402,2.8301888,0.22643635,0.22643635,0.4896694,-0.019175768,0.0,0.23500848,0.23500848,0.26652893,-0.06686807,0.0,0.2551313,0.2551313,0.15082644,-0.0663265,0.0,0.36501932,0.36501932,0.80785125,0.072990686,0.9433962,0.2164926,0.2164926,0.24173553,-0.048288137,0.2792805,0.2792805,0.25826445,-0.05477342,0.21317945,0.21317945,0.11363637,-0.08561258,0.28618753,0.28618753,0.29958677,-0.04729733,0.22906695,0.22906695,0.29132232,-0.04258506,0.18560818,0.18560818,0.055785123,-0.13440442,0.24032623,0.24032623,0.11776859,-0.087168366,future_reform_technology,0.21487606,0.9913223,0.00036973882,0.7245537,0.86932683,0.82741016,0.99731654,0.38974974,0.16517188,0.00073218124,0.6564105,0.03547437,0.00161665,0.9261703,0.2918631,0.9992848,social_solidarity
macron2024_c012,macron2024,macron,en,2024-12-31,new_year_address,12,16,0.8,144,122,0.19927529,0.19927529,0.1714876,-0.086258024,0.0,0.21465243,0.21465243,0.23347108,-0.058162674,0.0,0.40250427,0.40250427,0.9359504,0.14516315,1.6393442,0.2777263,0.2777263,0.642562,0.01527518,1.6393442,0.19399267,0.19399267,0.25826445,-0.05161944,0.0,0.17550474,0.17550474,0.059917357,-0.1263718,0.0,0.32386857,0.32386857,0.5433884,0.0024107695,0.0,0.36255306,0.36255306,0.7995868,0.070524424,1.6393442,0.225226,0.225226,0.303719,-0.03955473,0.26634422,0.26634422,0.19628099,-0.067709714,0.23843163,0.23843163,0.20041323,-0.060360402,0.33396482,0.33396482,0.53512394,0.0004799664,0.16530302,0.16530302,0.08884297,-0.10634899,0.1908584,0.1908584,0.06818182,-0.1291542,0.3013581,0.3013581,0.34917355,-0.026136488,economy_welfare,0.13636363,0.99921304,0.0039995015,0.9809308,0.99860334,0.5651487,0.9421086,0.99846625,0.9968211,0.0014607495,0.03919513,0.082253955,0.9727532,0.7670579,0.9166195,0.9992267,national_identity
macron2024_c013,macron2024,macron,en,2024-12-31,new_year_address,13,16,0.867,95,69,0.29973832,0.29973832,0.5847107,0.014205009,1.4492754,0.23016757,0.23016757,0.32438016,-0.04264754,0.0,0.22384143,0.22384143,0.3533058,-0.033499688,0.0,0.3084835,0.3084835,0.7789256,0.0460324,0.0,0.21528316,0.21528316,0.4070248,-0.03032896,0.0,0.2848795,0.2848795,0.4318182,-0.01699704,0.0,0.4657245,0.4657245,0.9855372,0.1442667,1.4492754,0.426696,0.426696,0.9318182,0.13466737,1.4492754,0.30465484,0.30465484,0.69214875,0.039874107,0.36623567,0.36623567,0.65495867,0.03218174,0.32757145,0.32757145,0.66735536,0.028779417,0.48912892,0.48912892,0.96487606,0.15564406,0.27930003,0.27930003,0.572314,0.007648021,0.30557138,0.30557138,0.4979339,-0.014441222,0.41791248,0.41791248,0.8780992,0.09041789,crisis_resilience,0.053718984,0.99920684,0.53849787,0.1328517,0.96403056,0.62543815,0.9994736,0.99686414,0.00068785116,0.00039588753,0.7731736,0.00012533751,0.15466705,0.6713628,0.91822857,0.9995532,social_solidarity
macron2024_c014,macron2024,macron,en,2024-12-31,new_year_address,14,16,0.933,108,84,0.21766756,0.21766756,0.23347108,-0.067865744,0.0,0.22799607,0.22799607,0.3161157,-0.044819042,1.1904762,0.30310118,0.30310118,0.7582645,0.045760065,2.3809524,0.27429712,0.27429712,0.6136364,0.011846006,0.0,0.3005588,0.3005588,0.7747934,0.05494669,1.1904762,0.2421636,0.2421636,0.2747934,-0.059712946,0.0,0.2875439,0.2875439,0.28305784,-0.03391391,0.0,0.47899467,0.47899467,0.97727275,0.18696603,0.0,0.25,0.25,0.45661157,-0.01478073,0.2997919,0.2997919,0.35743803,-0.03426203,0.31324852,0.31324852,0.588843,0.014456481,0.53610724,0.53610724,0.9855372,0.20262238,0.21699502,0.21699502,0.24173553,-0.054656997,0.2361743,0.2361743,0.20041323,-0.0838383,0.4221723,0.4221723,0.8987603,0.09467772,future_reform_technology,0.20247936,0.46089545,0.00028296,0.44918874,0.6786465,0.10379403,0.9961755,0.6195001,0.013821961,9.723514e-05,0.17881246,0.965544,0.9980161,0.6822034,0.8687154,0.9991013,social_solidarity
macron2024_c015,macron2024,macron,en,2024-12-31,new_year_address,15,16,1.0,160,130,0.43282682,0.43282682,0.9235537,0.14729351,2.3076923,0.24818838,0.24818838,0.4070248,-0.024626732,0.0,0.26743335,0.26743335,0.6301653,0.010092229,0.0,0.32287633,0.32287633,0.82024795,0.060425222,0.0,0.29563367,0.29563367,0.7541322,0.05002156,0.0,0.38207936,0.38207936,0.82024795,0.08020282,0.7692308,0.3410685,0.3410685,0.63842976,0.019610703,0.0,0.41400313,0.41400313,0.9070248,0.1219745,0.0,0.24047184,0.24047184,0.39876032,-0.02430889,0.45139188,0.45139188,0.9566116,0.11733794,0.42903793,0.42903793,0.96487606,0.1302459,0.54778504,0.54778504,0.99793386,0.21430019,0.28733552,0.28733552,0.64669424,0.015683502,0.38604444,0.38604444,0.7582645,0.06603184,0.43757886,0.43757886,0.927686,0.110084265,national_identity,0.016528904,0.9878529,0.00930395,0.001594733,0.68584424,0.44281724,0.9987576,0.11308892,0.00094361923,0.0011925494,0.76483333,0.9834545,0.9991221,0.3950758,0.99497396,0.99929994,social_solidarity
macron2025_c000,macron2025,macron,en,2025-12-31,new_year_address,0,13,0.0,143,115,0.37176722,0.37176722,0.80785125,0.086233914,2.6086957,0.42501983,0.42501983,0.98140496,0.15220472,0.8695652,0.2935159,0.2935159,0.7334711,0.036174774,0.0,0.23957443,0.23957443,0.3822314,-0.02287668,0.0,0.26476538,0.26476538,0.65495867,0.019153267,0.0,0.44578102,0.44578102,0.9442149,0.14390448,2.6086957,0.4663647,0.4663647,0.98966944,0.14490691,2.6086957,0.26625764,0.26625764,0.4318182,-0.025770992,0.0,0.2763147,0.2763147,0.5847107,0.011533976,0.4004041,0.4004041,0.79545456,0.06635016,0.38283536,0.38283536,0.8863636,0.084043324,0.33140963,0.33140963,0.5268595,-0.002075225,0.31294024,0.31294024,0.7252066,0.041288227,0.6120015,0.6120015,0.9855372,0.29198888,0.35443845,0.35443845,0.65082645,0.026943862,crisis_resilience,0.008264482,0.9966626,0.95869267,0.0006202511,0.006062155,0.39612654,0.99940586,0.99764496,8.888085e-05,0.00048690574,0.09518113,0.18366683,0.00072648755,0.0025509123,0.9995695,0.99932545,social_solidarity
macron2025_c001,macron2025,macron,en,2025-12-31,new_year_address,1,13,0.083,117,97,0.3042498,0.3042498,0.6053719,0.018716484,0.0,0.41224036,0.41224036,0.9607438,0.13942525,2.0618556,0.45781353,0.45781353,0.97727275,0.20047241,3.0927835,0.343504,0.343504,0.8822314,0.0810529,1.0309278,0.310903,0.310903,0.80785125,0.0652909,1.0309278,0.32344753,0.32344753,0.5847107,0.02157098,0.0,0.36446807,0.36446807,0.7582645,0.043010265,0.0,0.3143819,0.3143819,0.66735536,0.022353262,1.0309278,0.30489597,0.30489597,0.696281,0.040115237,0.3559263,0.3559263,0.5805785,0.021872371,0.27055445,0.27055445,0.33677685,-0.028237581,0.29709226,0.29709226,0.36157024,-0.0363926,0.25892955,0.25892955,0.45661157,-0.012722462,0.42459455,0.42459455,0.8822314,0.10458195,0.3792748,0.3792748,0.75,0.051780194,economy_welfare,0.016528964,0.9994341,0.99622357,0.9355235,0.99575186,0.96777767,0.27781573,0.85034436,0.0019006216,0.0011160142,0.78923374,0.9040804,0.89787453,0.044680875,0.9996493,0.99982464,national_identity
macron2025_c002,macron2025,macron,en,2025-12-31,new_year_address,2,13,0.167,142,120,0.17000607,0.17000607,0.08471075,-0.11552724,0.0,0.27456787,0.27456787,0.55991733,0.001752764,2.5,0.24504307,0.24504307,0.4979339,-0.012298048,0.8333333,0.33325338,0.33325338,0.85330576,0.07080227,4.1666665,0.16318494,0.16318494,0.11363637,-0.082427174,0.0,0.21996596,0.21996596,0.20041323,-0.08191058,0.0,0.3190676,0.3190676,0.51033056,-0.0023902059,0.0,0.25302988,0.25302988,0.3285124,-0.038998753,0.0,0.38395566,0.38395566,0.9607438,0.11917493,0.26913607,0.26913607,0.21694215,-0.06491786,0.21165037,0.21165037,0.10123967,-0.08714166,0.21204615,0.21204615,0.051652893,-0.12143871,0.29320276,0.29320276,0.65495867,0.021550745,0.16027096,0.16027096,0.018595042,-0.15974164,0.1446747,0.1446747,0.010330578,-0.18281989,foreign_policy,0.29338843,0.025011599,0.32431564,0.0026496775,0.9988441,0.00059302105,0.0007110568,0.070064865,0.00020263404,0.99741405,0.0004068575,0.9967649,0.00061662967,0.9995253,0.0015233003,0.00044076296,foreign_policy
macron2025_c003,macron2025,macron,en,2025-12-31,new_year_address,3,13,0.25,160,136,0.20091099,0.20091099,0.17561984,-0.08462232,0.7352941,0.3635856,0.3635856,0.857438,0.09077048,0.7352941,0.32623756,0.32623756,0.82438016,0.06889644,0.7352941,0.23469989,0.23469989,0.3409091,-0.027751222,0.0,0.2586074,0.2586074,0.6301653,0.012995273,0.7352941,0.2692418,0.2692418,0.36157024,-0.032634735,0.7352941,0.33354205,0.33354205,0.5929752,0.012084246,0.7352941,0.3326921,0.3326921,0.7210744,0.04066345,0.0,0.3153554,0.3153554,0.75,0.05057466,0.30548668,0.30548668,0.3946281,-0.028567255,0.22842412,0.22842412,0.16322315,-0.07036792,0.39394313,0.39394313,0.7582645,0.060458273,0.22479582,0.22479582,0.27892563,-0.046856195,0.2625472,0.2625472,0.3161157,-0.057465404,0.43140966,0.43140966,0.9152893,0.103915066,security_military,0.03305787,0.9606206,0.00044682767,0.7557272,0.07290027,0.98904485,0.9975585,0.97951144,0.51891184,0.00078088866,0.010091315,0.018905448,0.99912727,0.028100718,0.9385302,0.9988259,social_solidarity
macron2025_c004,macron2025,macron,en,2025-12-31,new_year_address,4,13,0.333,173,155,0.23634791,0.23634791,0.3161157,-0.049185395,0.0,0.3382004,0.3382004,0.803719,0.06538528,0.0,0.24834144,0.24834144,0.51859504,-0.0089996755,0.0,0.2602918,0.2602918,0.52272725,-0.0021592975,0.6451613,0.31579748,0.31579748,0.82024795,0.07018536,0.6451613,0.2629999,0.2629999,0.3285124,-0.038876653,1.9354838,0.31757054,0.31757054,0.4896694,-0.003887266,0.0,0.36402348,0.36402348,0.803719,0.07199484,0.6451613,0.252856,0.252856,0.4731405,-0.011924744,0.29325175,0.29325175,0.3161157,-0.04080218,0.2635174,0.2635174,0.31198347,-0.035274625,0.35273305,0.35273305,0.6136364,0.019248188,0.24292386,0.24292386,0.36570248,-0.028728157,0.36853415,0.36853415,0.68801653,0.04852155,0.41060454,0.41060454,0.857438,0.083109945,democracy_institutions,0.016528964,0.96741027,0.0005506248,0.12863456,0.9844115,0.97541356,0.89747083,0.19686481,0.0002551414,0.000513258,0.50884914,0.5510906,0.9963287,0.02772972,0.9997159,0.9993576,foreign_policy
macron2025_c005,macron2025,macron,en,2025-12-31,new_year_address,5,13,0.417,85,72,0.2591024,0.2591024,0.44008264,-0.026430905,0.0,0.23888701,0.23888701,0.36570248,-0.033928096,0.0,0.22770514,0.22770514,0.37809917,-0.02963598,0.0,0.22316118,0.22316118,0.2623967,-0.039289936,0.0,0.31511778,0.31511778,0.8161157,0.06950566,1.3888888,0.3465624,0.3465624,0.696281,0.04468584,0.0,0.35534465,0.35534465,0.7086777,0.03388685,1.3888888,0.2645467,0.2645467,0.411157,-0.027481943,0.0,0.22342962,0.22342962,0.29132232,-0.04135111,0.3567326,0.3567326,0.6012397,0.022678673,0.3502983,0.3502983,0.81198347,0.05150625,0.3655281,0.3655281,0.6714876,0.03204325,0.25570625,0.25570625,0.44008264,-0.015945762,0.5220098,0.5220098,0.9566116,0.20199719,0.39451244,0.39451244,0.80785125,0.06701785,democracy_institutions,0.10743797,0.69040257,0.0028009273,0.039713256,0.0062655327,0.9971717,0.9990728,0.9481545,0.0008492456,0.0013250223,0.3450225,0.8740235,0.9858277,0.9719659,0.9994494,0.99868524,social_solidarity
macron2025_c006,macron2025,macron,en,2025-12-31,new_year_address,6,13,0.5,99,88,0.2821781,0.2821781,0.5433884,-0.003355205,2.2727273,0.38270307,0.38270307,0.911157,0.10988796,1.1363636,0.31047082,0.31047082,0.78305787,0.053129703,0.0,0.24365206,0.24365206,0.4070248,-0.018799052,0.0,0.30236948,0.30236948,0.7789256,0.05675736,0.0,0.34540454,0.34540454,0.6714876,0.04352799,0.0,0.31502083,0.31502083,0.4607438,-0.006436974,0.0,0.42151845,0.42151845,0.9235537,0.12948981,1.1363636,0.2192883,0.2192883,0.25826445,-0.045492426,0.2743382,0.2743382,0.24173553,-0.059715748,0.30771333,0.30771333,0.5516529,0.008921295,0.4214952,0.4214952,0.8285124,0.08801034,0.21707524,0.21707524,0.24586777,-0.05457677,0.3886337,0.3886337,0.7706612,0.0686211,0.47412425,0.47412425,0.96900827,0.14662966,future_reform_technology,0.012396693,0.9962783,0.9985841,0.00018235459,0.25659907,0.995488,0.9953725,0.27279875,0.6750153,0.0014579035,0.33366606,0.0033050787,0.9995506,0.22191927,0.95836425,0.99969995,security_military
macron2025_c007,macron2025,macron,en,2025-12-31,new_year_address,7,13,0.583,98,84,0.15475066,0.15475066,0.04752066,-0.13078265,0.0,0.2410765,0.2410765,0.3822314,-0.03173861,0.0,0.1720263,0.1720263,0.10950413,-0.08531481,0.0,0.2930742,0.2930742,0.7252066,0.030623078,1.1904762,0.2518553,0.2518553,0.5971074,0.006243199,3.5714285,0.17302312,0.17302312,0.051652893,-0.12885343,0.0,0.2368014,0.2368014,0.07231405,-0.0846564,0.0,0.28463307,0.28463307,0.52272725,-0.0073955655,0.0,0.24808012,0.24808012,0.44008264,-0.01670061,0.23517719,0.23517719,0.09297521,-0.098876745,0.2793804,0.2793804,0.4318182,-0.019411623,0.3834549,0.3834549,0.7334711,0.04997003,0.2779569,0.2779569,0.5640496,0.00630489,0.22819087,0.22819087,0.17561984,-0.09182173,0.38159364,0.38159364,0.7706612,0.054099053,foreign_policy,0.1280992,0.99250674,0.07084834,0.01331873,0.5253688,0.97505975,0.97560596,0.6071974,0.015291644,0.002688672,0.80032164,0.01717671,0.9998413,0.4771887,0.534491,0.9998051,national_identity
macron2025_c008,macron2025,macron,en,2025-12-31,new_year_address,8,13,0.667,169,146,0.4954859,0.4954859,0.98140496,0.2099526,4.109589,0.27587682,0.27587682,0.5681818,0.0030617118,0.0,0.23352101,0.23352101,0.4359504,-0.023820102,0.0,0.23631679,0.23631679,0.3533058,-0.026134327,0.0,0.23167549,0.23167549,0.50619835,-0.013936624,0.0,0.45270455,0.45270455,0.9566116,0.150828,0.6849315,0.39686853,0.39686853,0.9028926,0.07541072,1.369863,0.27569357,0.27569357,0.4896694,-0.01633507,0.0,0.2980466,0.2980466,0.65495867,0.03326586,0.5009867,0.5009867,0.98140496,0.16693276,0.31430724,0.31430724,0.6012397,0.015515208,0.320716,0.320716,0.49380165,-0.012768865,0.34263644,0.34263644,0.8285124,0.07098442,0.3756668,0.3756668,0.7293388,0.055654198,0.29180402,0.29180402,0.30785123,-0.035690576,national_identity,0.024793386,0.9971799,0.002078915,0.00082313846,0.36959943,0.05670464,0.9987696,0.8993315,0.00034330005,0.0026112478,0.93795377,0.94303364,0.03599912,0.1524734,0.580352,0.97609496,social_solidarity
macron2025_c009,macron2025,macron,en,2025-12-31,new_year_address,9,13,0.75,47,44,0.24583164,0.24583164,0.38636363,-0.03970167,0.0,0.2624613,0.2624613,0.50206614,-0.010353804,0.0,0.2412797,0.2412797,0.4855372,-0.01606141,0.0,0.33720517,0.33720517,0.8698347,0.07475406,4.5454545,0.32578942,0.32578942,0.8285124,0.08017731,4.5454545,0.30114532,0.30114532,0.51033056,-0.0007312298,0.0,0.3258901,0.3258901,0.5557851,0.004432291,0.0,0.2599652,0.2599652,0.36570248,-0.032063425,0.0,0.31108278,0.31108278,0.7210744,0.04630205,0.35025433,0.35025433,0.5516529,0.016200393,0.22730522,0.22730522,0.1590909,-0.071486816,0.28676814,0.28676814,0.303719,-0.04671672,0.2810298,0.2810298,0.588843,0.009377778,0.2449022,0.2449022,0.2376033,-0.075110406,0.27418825,0.27418825,0.24586777,-0.05330634,foreign_policy,0.04132235,0.16954334,0.03387598,0.00021654407,0.9701269,0.8770694,0.6908068,0.99752253,0.00045920853,0.09775585,0.0012594986,0.18810017,0.93306583,0.9934485,0.9103463,0.97957015,crisis_resilience
macron2025_c010,macron2025,macron,en,2025-12-31,new_year_address,10,13,0.833,172,150,0.2558537,0.2558537,0.4318182,-0.029679596,0.0,0.3806488,0.3806488,0.9028926,0.10783368,2.0,0.31672555,0.31672555,0.803719,0.059384435,2.0,0.3691635,0.3691635,0.927686,0.1067124,5.3333335,0.2796073,0.2796073,0.7128099,0.03399518,0.0,0.2840103,0.2840103,0.41528925,-0.017866254,0.0,0.32162142,0.32162142,0.51859504,0.00016361475,0.0,0.3358994,0.3358994,0.7293388,0.043870777,0.0,0.3615358,0.3615358,0.9070248,0.09675506,0.36580127,0.36580127,0.65082645,0.03174734,0.27318546,0.27318546,0.37809917,-0.025606573,0.3875325,0.3875325,0.7417355,0.054047644,0.2740391,0.2740391,0.53099173,0.0023870766,0.2852912,0.2852912,0.4194215,-0.034721404,0.37638882,0.37638882,0.7334711,0.048894227,foreign_policy,0.024793386,0.9929576,0.97488105,0.010353138,0.9993822,0.70750576,0.41418782,0.9401405,0.0053954097,0.055939063,0.9338543,0.5970206,0.9883353,0.73578405,0.9924227,0.99961853,foreign_policy
macron2025_c011,macron2025,macron,en,2025-12-31,new_year_address,11,13,0.917,104,88,0.22638741,0.22638741,0.28719008,-0.059145898,0.0,0.16268368,0.16268368,0.04338843,-0.11013143,0.0,0.31574744,0.31574744,0.7995868,0.058406323,2.2727273,0.25861818,0.25861818,0.50619835,-0.0038329363,2.2727273,0.22728652,0.22728652,0.49380165,-0.018325597,0.0,0.24942604,0.24942604,0.29958677,-0.052450508,0.0,0.27747408,0.27747408,0.26652893,-0.043983728,0.0,0.4879466,0.4879466,0.98140496,0.19591796,0.0,0.20606586,0.20606586,0.19628099,-0.058714867,0.3237537,0.3237537,0.4607438,-0.010300219,0.24491782,0.24491782,0.22933884,-0.05387421,0.45593938,0.45593938,0.9028926,0.122454524,0.17309508,0.17309508,0.1053719,-0.098556936,0.20144743,0.20144743,0.10123967,-0.11856517,0.33736145,0.33736145,0.5392562,0.0098668635,future_reform_technology,0.18181819,0.8773455,0.0011203774,0.38771933,0.96246195,0.012419668,0.99799275,0.17220663,0.98993784,0.0018566754,0.074264936,0.15830442,0.99317604,0.013045614,0.9580572,0.99905086,social_solidarity
macron2025_c012,macron2025,macron,en,2025-12-31,new_year_address,12,13,1.0,146,119,0.3634881,0.3634881,0.7913223,0.0779548,2.5210085,0.2447645,0.2447645,0.39876032,-0.028050601,0.0,0.26281488,0.26281488,0.6012397,0.0054737628,1.6806723,0.27725562,0.27725562,0.63429755,0.014804512,0.0,0.270804,0.270804,0.67975205,0.025191873,0.84033614,0.3587737,0.3587737,0.7334711,0.056897163,1.6806723,0.36501312,0.36501312,0.7665289,0.04355532,0.0,0.43405077,0.43405077,0.9442149,0.14202213,2.5210085,0.28455627,0.28455627,0.6053719,0.01977554,0.41932848,0.41932848,0.8946281,0.08527455,0.30456406,0.30456406,0.53512394,0.0057720244,0.41186517,0.41186517,0.803719,0.07838032,0.27120692,0.27120692,0.5268595,-0.00044509768,0.30957165,0.30957165,0.5144628,-0.010440946,0.32947436,0.32947436,0.4979339,0.0019797683,future_reform_technology,0.15289259,0.963814,8.2684914e-05,0.003197487,0.0021742252,0.0020870345,0.9567151,0.642881,0.0017207356,0.00013289992,0.8763172,0.12934774,0.07138054,0.4738417,0.75783914,0.9981105,national_identity
merkel1_c000,merkel1,merkel,en,2016-12-31,new_year_address,0,9,0.0,126,102,0.22149423,0.22149423,0.25413224,-0.06403908,0.0,0.31831855,0.31831855,0.7541322,0.045503438,0.98039216,0.13731772,0.13731772,0.04338843,-0.1200234,0.0,0.22088742,0.22088742,0.25,-0.04156369,0.0,0.15183459,0.15183459,0.08057851,-0.09377752,0.0,0.21364212,0.21364212,0.16735537,-0.088234425,0.0,0.35692698,0.35692698,0.7210744,0.035469174,0.98039216,0.17131922,0.17131922,0.051652893,-0.12070942,0.0,0.33988893,0.33988893,0.857438,0.0751082,0.24014226,0.24014226,0.1053719,-0.09391168,0.2957788,0.2957788,0.51033056,-0.0030132234,0.21243763,0.21243763,0.059917357,-0.12104723,0.2581032,0.2581032,0.45247933,-0.013548821,0.20558442,0.20558442,0.12190083,-0.11442818,0.21368527,0.21368527,0.07231405,-0.11380932,security_military,0.03305781,0.99926925,0.63906056,0.0013617034,0.99124634,0.004991962,0.40898472,0.99931747,0.0004974745,0.09117958,0.0012375796,0.9960546,0.009708476,0.99818975,0.14033625,0.9984959,crisis_resilience
merkel1_c001,merkel1,merkel,en,2016-12-31,new_year_address,1,9,0.125,84,74,0.18020824,0.18020824,0.10950413,-0.10532507,0.0,0.31566375,0.31566375,0.7376033,0.042848647,1.3513514,0.0914938,0.0914938,0.0020661156,-0.16584732,0.0,0.13428926,0.13428926,0.022727273,-0.12816185,0.0,0.105588645,0.105588645,0.010330578,-0.14002347,0.0,0.26358676,0.26358676,0.33264464,-0.038289785,0.0,0.26681194,0.26681194,0.19214876,-0.054645866,0.0,0.066916175,0.066916175,0.0020661156,-0.22511247,0.0,0.3289432,0.3289432,0.8161157,0.06416246,0.20888793,0.20888793,0.035123967,-0.125166,0.14897999,0.14897999,0.0020661156,-0.14981204,0.10010658,0.10010658,0.0020661156,-0.23337828,0.33609462,0.33609462,0.79545456,0.064442605,0.2700643,0.2700643,0.3533058,-0.049948305,0.18535796,0.18535796,0.0392562,-0.14213663,security_military,0.40495867,0.9981252,0.98331094,0.0027791907,0.89265615,0.93340045,0.9652504,0.99457306,0.012920474,0.8728901,0.25912192,0.7108291,0.03567855,0.9913223,0.15475884,0.99787605,national_identity
merkel1_c002,merkel1,merkel,en,2016-12-31,new_year_address,2,9,0.25,114,100,0.21298733,0.21298733,0.22107439,-0.072545975,0.0,0.26245946,0.26245946,0.4979339,-0.010355651,2.0,0.1392865,0.1392865,0.04752066,-0.11805461,0.0,0.13137163,0.13137163,0.01446281,-0.13107948,1.0,0.13541481,0.13541481,0.0392562,-0.110197306,0.0,0.316565,0.316565,0.55991733,0.014688462,1.0,0.36780104,0.36780104,0.78305787,0.046343237,0.0,0.10453056,0.10453056,0.006198347,-0.18749808,0.0,0.31374764,0.31374764,0.7376033,0.048966914,0.35079813,0.35079813,0.5557851,0.016744196,0.19530019,0.19530019,0.055785123,-0.10349184,0.16517544,0.16517544,0.01446281,-0.16830942,0.29470193,0.29470193,0.66322315,0.02304992,0.29700512,0.29700512,0.46487603,-0.023007482,0.18260606,0.18260606,0.030991735,-0.14488854,crisis_resilience,0.22314054,0.5675172,0.001356402,0.00025414696,0.005636432,0.011353656,0.99801993,0.9957602,0.00013792372,0.051701635,0.24756654,0.8786921,0.0006719278,0.9994947,0.8487843,0.9990601,social_solidarity
merkel1_c003,merkel1,merkel,en,2016-12-31,new_year_address,3,9,0.375,105,90,0.30158824,0.30158824,0.5971074,0.016054928,0.0,0.37376466,0.37376466,0.8946281,0.100949556,2.2222223,0.20600067,0.20600067,0.26652893,-0.051340446,0.0,0.26448852,0.26448852,0.5681818,0.002037406,1.1111112,0.34976593,0.34976593,0.8987603,0.10415381,2.2222223,0.44312152,0.44312152,0.9359504,0.14124498,2.2222223,0.37437412,0.37437412,0.8161157,0.05291632,0.0,0.2065337,0.2065337,0.13429752,-0.085494936,0.0,0.3717146,0.3717146,0.9318182,0.10693386,0.40567264,0.40567264,0.8285124,0.071618706,0.2454382,0.2454382,0.23347108,-0.05335383,0.22642931,0.22642931,0.1053719,-0.107055545,0.36783785,0.36783785,0.8822314,0.09618583,0.30968285,0.30968285,0.51859504,-0.010329753,0.22092412,0.22092412,0.08471075,-0.10657047,social_solidarity,0.03719008,0.9996724,0.9953814,0.00010391069,0.6486889,0.8040984,0.6550878,0.7854539,0.00011774458,0.11910043,0.9964099,0.9987082,0.27713048,0.9237644,0.9988686,0.9971991,national_identity
merkel1_c004,merkel1,merkel,en,2016-12-31,new_year_address,4,9,0.5,148,125,0.23906797,0.23906797,0.3285124,-0.046465337,1.6,0.35119033,0.35119033,0.83264464,0.07837522,1.6,0.2239965,0.2239965,0.35743803,-0.03334461,0.0,0.2588677,0.2588677,0.51033056,-0.0035834014,1.6,0.3880112,0.3880112,0.95247936,0.14239907,2.4,0.2985731,0.2985731,0.4855372,-0.0033034384,1.6,0.33173686,0.33173686,0.5805785,0.010279059,0.0,0.2895111,0.2895111,0.55991733,-0.0025175214,0.0,0.32746792,0.32746792,0.7995868,0.06268719,0.3001917,0.3001917,0.36157024,-0.033862233,0.31376594,0.31376594,0.5929752,0.014973909,0.3202721,0.3202721,0.4896694,-0.01321277,0.3026657,0.3026657,0.69214875,0.031013697,0.3065775,0.3065775,0.50619835,-0.013435096,0.38755953,0.38755953,0.7871901,0.06006494,democracy_institutions,0.11983472,0.011408596,0.5985469,0.0012768145,0.98135537,0.99849004,0.77919585,0.91909957,0.00040765258,0.0023413408,0.15915205,0.98668766,0.041152887,0.99203116,0.11638373,0.9981614,democracy_institutions
merkel1_c005,merkel1,merkel,en,2016-12-31,new_year_address,5,9,0.625,140,124,0.22627923,0.22627923,0.28305784,-0.05925408,1.6129032,0.1698974,0.1698974,0.051652893,-0.1029177,0.0,0.12635426,0.12635426,0.018595042,-0.13098685,0.0,0.29518184,0.29518184,0.7376033,0.03273073,2.419355,0.14137182,0.14137182,0.059917357,-0.1042403,0.0,0.18797964,0.18797964,0.08471075,-0.11389691,0.0,0.31178316,0.31178316,0.44834712,-0.0096746385,0.8064516,0.21273865,0.21273865,0.1590909,-0.07928999,0.8064516,0.22176485,0.22176485,0.28719008,-0.043015882,0.2988363,0.2988363,0.34917355,-0.035217643,0.20988844,0.20988844,0.09297521,-0.08890359,0.2112686,0.2112686,0.04752066,-0.122216254,0.24007867,0.24007867,0.3409091,-0.03157334,0.13598613,0.13598613,0.006198347,-0.18402646,0.1531798,0.1531798,0.018595042,-0.1743148,foreign_policy,0.2892562,0.98773503,0.77325916,0.007562568,0.9983896,0.57042104,0.9608784,0.9863369,0.00026686103,0.0014465743,0.44516766,0.6426568,0.011115014,0.994636,0.5621765,0.9914308,foreign_policy
merkel1_c006,merkel1,merkel,en,2016-12-31,new_year_address,6,9,0.75,124,105,0.22739264,0.22739264,0.29545453,-0.058140665,0.0,0.17680004,0.17680004,0.06818182,-0.096015066,0.0,0.18872327,0.18872327,0.19214876,-0.06861785,0.0,0.1930535,0.1930535,0.15495868,-0.06939761,0.0,0.47068346,0.47068346,0.99380165,0.22507134,3.8095238,0.27973998,0.27973998,0.39876032,-0.022136569,0.0,0.24963042,0.24963042,0.12603305,-0.07182738,0.0,0.28204358,0.28204358,0.50619835,-0.0099850595,0.0,0.2334079,0.2334079,0.35743803,-0.03137283,0.29403645,0.29403645,0.32438016,-0.040017486,0.2476518,0.2476518,0.24586777,-0.051140234,0.3021703,0.3021703,0.3822314,-0.03131455,0.30469656,0.30469656,0.70454544,0.033044547,0.2691856,0.2691856,0.34504133,-0.050826997,0.3428052,0.3428052,0.572314,0.015310615,democracy_institutions,0.4876033,0.33521482,0.0004503306,0.00013238187,0.31126985,0.98368335,0.98347044,0.0414041,0.0004330862,0.00028573608,0.4085127,0.017644465,0.05455022,0.9499719,0.22084616,0.99813247,democracy_institutions
merkel1_c007,merkel1,merkel,en,2016-12-31,new_year_address,7,9,0.875,100,91,0.15349059,0.15349059,0.0392562,-0.13204272,0.0,0.19607802,0.19607802,0.13429752,-0.07673709,0.0,0.40562415,0.40562415,0.9442149,0.14828303,4.3956046,0.16445068,0.16445068,0.059917357,-0.09800044,1.0989012,0.25282514,0.25282514,0.6012397,0.0072130263,0.0,0.31931937,0.31931937,0.5764463,0.017442822,1.0989012,0.32239437,0.32239437,0.5268595,0.0009365678,0.0,0.23874485,0.23874485,0.25826445,-0.05328378,0.0,0.16795643,0.16795643,0.08057851,-0.0968243,0.27590257,0.27590257,0.24586777,-0.058151364,0.18719873,0.18719873,0.0392562,-0.111593306,0.23633482,0.23633482,0.1301653,-0.09715004,0.16258892,0.16258892,0.06818182,-0.10906309,0.29859427,0.29859427,0.46900827,-0.021418333,0.24959247,0.24959247,0.15082644,-0.07790212,economy_welfare,0.3429752,0.40333185,0.00029653555,0.99962145,0.106807,0.035012625,0.9966036,0.8496518,0.033637088,0.0008231385,0.13164698,0.5782398,0.9736195,0.02628028,0.071965314,0.9493885,economy_welfare
merkel1_c008,merkel1,merkel,en,2016-12-31,new_year_address,8,9,1.0,129,113,0.18262827,0.18262827,0.12190083,-0.102905035,0.0,0.16216096,0.16216096,0.0392562,-0.110654145,0.0,0.26841328,0.26841328,0.63429755,0.011072159,0.88495576,0.22662233,0.22662233,0.27892563,-0.035828784,0.88495576,0.25925213,0.25925213,0.63429755,0.013640016,0.88495576,0.2639434,0.2639434,0.33677685,-0.03793314,0.88495576,0.2866757,0.2866757,0.27892563,-0.03478211,0.0,0.44036043,0.44036043,0.9483471,0.14833179,2.6548672,0.20911947,0.20911947,0.20867768,-0.05566126,0.31165275,0.31165275,0.41528925,-0.022401184,0.20617941,0.20617941,0.07644628,-0.092612624,0.3722971,0.3722971,0.70454544,0.03881225,0.19699208,0.19699208,0.15495868,-0.07465993,0.202706,0.202706,0.10950413,-0.117306605,0.29550296,0.29550296,0.33677685,-0.03199163,future_reform_technology,0.31404954,0.9379537,0.00034196203,0.974893,0.7512834,0.04073109,0.9505489,0.2792876,0.46326974,0.0005003965,0.30954528,0.012158894,0.8593099,0.14608724,0.99073195,0.9720721,economy_welfare
merkel2_c000,merkel2,merkel,en,2017-12-31,new_year_address,0,9,0.0,100,91,0.32829812,0.32829812,0.7004132,0.042764813,0.0,0.24274792,0.24274792,0.39049587,-0.03006719,1.0989012,0.21677169,0.21677169,0.32024795,-0.040569425,0.0,0.24832267,0.24832267,0.44834712,-0.014128447,0.0,0.17880666,0.17880666,0.16322315,-0.06680545,0.0,0.37080383,0.37080383,0.78305787,0.06892729,0.0,0.303513,0.303513,0.3822314,-0.017944813,0.0,0.22945844,0.22945844,0.21694215,-0.0625702,0.0,0.29758516,0.29758516,0.65082645,0.03280443,0.40502492,0.40502492,0.82024795,0.07097098,0.34523305,0.34523305,0.7789256,0.04644102,0.30420452,0.30420452,0.39049587,-0.029280335,0.35247707,0.35247707,0.85330576,0.08082506,0.27929264,0.27929264,0.3946281,-0.040719956,0.28707656,0.28707656,0.29545453,-0.04041803,social_solidarity,0.08264464,0.9941233,0.00043393252,0.00031627133,0.78292197,0.08574755,0.90230876,0.029479407,0.00019335657,0.00012484894,0.054550216,0.6809317,0.019549947,0.9318356,0.8288696,0.006388321,national_identity
merkel2_c001,merkel2,merkel,en,2017-12-31,new_year_address,1,9,0.125,88,77,0.24139109,0.24139109,0.3533058,-0.044142216,0.0,0.22139256,0.22139256,0.25826445,-0.05142255,0.0,0.3048281,0.3048281,0.7747934,0.04748699,2.5974026,0.20413986,0.20413986,0.1838843,-0.058311254,0.0,0.29342532,0.29342532,0.7417355,0.047813207,1.2987013,0.41024274,0.41024274,0.8987603,0.10836619,3.8961039,0.26807773,0.26807773,0.20041323,-0.053380072,0.0,0.19795965,0.19795965,0.09297521,-0.09406899,0.0,0.18143706,0.18143706,0.11363637,-0.08334367,0.3373443,0.3373443,0.49380165,0.0032903552,0.21167225,0.21167225,0.1053719,-0.08711979,0.21231729,0.21231729,0.055785123,-0.12116757,0.21623023,0.21623023,0.2376033,-0.055421785,0.35960686,0.35960686,0.66322315,0.039594263,0.24989332,0.24989332,0.1590909,-0.07760127,social_solidarity,0.12396693,0.9958741,0.00024584905,0.9995971,0.95176244,0.99917203,0.99974734,0.0027683855,0.003383191,0.00012856025,0.99922067,0.9840016,0.44480592,0.07214488,0.99926776,0.99931616,social_solidarity
merkel2_c002,merkel2,merkel,en,2017-12-31,new_year_address,2,9,0.25,88,80,0.21135828,0.21135828,0.21694215,-0.07417503,0.0,0.25927407,0.25927407,0.48140496,-0.013541043,0.0,0.25900528,0.25900528,0.5847107,0.0016641617,0.0,0.15190864,0.15190864,0.0392562,-0.110542476,0.0,0.18858851,0.18858851,0.22107439,-0.0570236,0.0,0.27628165,0.27628165,0.38636363,-0.02559489,0.0,0.3068701,0.3068701,0.411157,-0.0145877,0.0,0.24051467,0.24051467,0.2747934,-0.05151397,0.0,0.2366694,0.2366694,0.37396693,-0.028111324,0.23032945,0.23032945,0.08057851,-0.10372448,0.20760077,0.20760077,0.08471075,-0.09119126,0.23853974,0.23853974,0.15495868,-0.09494512,0.31044057,0.31044057,0.71694213,0.038788557,0.269776,0.269776,0.34917355,-0.050236613,0.22307885,0.22307885,0.08884297,-0.104415745,economy_welfare,0.10330576,0.96219647,0.31200305,0.012030544,0.06875602,0.26010746,0.97110176,0.99038494,0.00027265478,0.00022826715,0.000990791,0.072374016,0.0032603457,0.9837225,0.87423164,0.19960037,crisis_resilience
merkel2_c003,merkel2,merkel,en,2017-12-31,new_year_address,3,9,0.375,81,70,0.31218624,0.31218624,0.65082645,0.026652932,2.857143,0.28908968,0.28908968,0.62603307,0.016274571,0.0,0.3040507,0.3040507,0.7706612,0.046709597,0.0,0.28444406,0.28444406,0.66735536,0.021992952,0.0,0.33607286,0.33607286,0.8698347,0.09046075,0.0,0.3261488,0.3261488,0.6053719,0.024272263,0.0,0.38530362,0.38530362,0.86570245,0.06384581,1.4285715,0.38669628,0.38669628,0.85330576,0.09466764,1.4285715,0.30571407,0.30571407,0.7004132,0.04093334,0.35471323,0.35471323,0.5681818,0.020659298,0.29484183,0.29484183,0.4979339,-0.0039502084,0.43832427,0.43832427,0.84917355,0.104839414,0.3279728,0.3279728,0.7665289,0.056320786,0.34137145,0.34137145,0.5929752,0.021358848,0.5181337,0.5181337,0.99793386,0.19063911,democracy_institutions,0.004132271,0.07978201,0.0004520923,0.0002976958,0.7342624,0.06650855,0.961098,0.0016974097,0.0002173914,0.00014539114,0.00060471025,0.00027372167,0.007584589,0.62623847,0.6934729,0.99930406,social_solidarity
merkel2_c004,merkel2,merkel,en,2017-12-31,new_year_address,4,9,0.5,91,78,0.23734733,0.23734733,0.32024795,-0.048185974,0.0,0.14682695,0.14682695,0.018595042,-0.12598816,0.0,0.3711937,0.3711937,0.8904959,0.11385259,2.5641026,0.23803678,0.23803678,0.35743803,-0.02441433,1.2820513,0.23282805,0.23282805,0.51859504,-0.012784064,0.0,0.34958392,0.34958392,0.7086777,0.04770738,0.0,0.25705075,0.25705075,0.17561984,-0.06440705,0.0,0.41829437,0.41829437,0.911157,0.12626573,1.2820513,0.17296778,0.17296778,0.10123967,-0.09181295,0.36331803,0.36331803,0.63842976,0.029264092,0.2317809,0.2317809,0.17975207,-0.06701113,0.38222224,0.38222224,0.7252066,0.048737377,0.18873516,0.18873516,0.1301653,-0.082916856,0.22568198,0.22568198,0.16322315,-0.094330624,0.315352,0.315352,0.4359504,-0.012142599,future_reform_technology,0.020661116,0.25229192,0.0005484793,0.85128176,0.27757087,0.017644463,0.9951609,0.068226434,0.9896918,0.0005953407,0.14694206,0.65500504,0.9933201,0.5648787,0.161866,0.99849,social_solidarity
merkel2_c005,merkel2,merkel,en,2017-12-31,new_year_address,5,9,0.625,80,64,0.12554225,0.12554225,0.010330578,-0.15999106,0.0,0.23332971,0.23332971,0.33677685,-0.039485395,0.0,0.38898927,0.38898927,0.9152893,0.13164815,3.125,0.20951623,0.20951623,0.19628099,-0.052934885,0.0,0.24690714,0.24690714,0.5805785,0.0012950301,0.0,0.21404856,0.21404856,0.1714876,-0.08782798,1.5625,0.22256671,0.22256671,0.04338843,-0.098891094,0.0,0.554198,0.554198,0.99793386,0.2621694,6.25,0.18788907,0.18788907,0.14256199,-0.07689166,0.2337809,0.2337809,0.08884297,-0.10027303,0.18379414,0.18379414,0.035123967,-0.11499789,0.36745238,0.36745238,0.67975205,0.033967525,0.13844833,0.13844833,0.018595042,-0.13320369,0.1980762,0.1980762,0.09297521,-0.121936396,0.3454031,0.3454031,0.5847107,0.017908514,future_reform_technology,0.08264458,0.0034496887,0.65290564,0.12874064,0.42667988,0.22659104,0.9865588,0.40916178,0.9657141,0.000119598575,0.0021489493,0.0003231375,0.91381127,0.00041731578,0.18061191,0.9967524,social_solidarity
merkel2_c006,merkel2,merkel,en,2017-12-31,new_year_address,6,9,0.75,110,93,0.24037954,0.24037954,0.3409091,-0.045153767,0.0,0.32135606,0.32135606,0.7582645,0.04854095,2.1505377,0.42873904,0.42873904,0.9607438,0.17139792,0.0,0.2585266,0.2585266,0.50206614,-0.003924519,0.0,0.28059024,0.28059024,0.71694213,0.03497812,0.0,0.44393712,0.44393712,0.94008267,0.14206058,6.451613,0.29754883,0.29754883,0.3409091,-0.023908973,0.0,0.30741066,0.30741066,0.62603307,0.015382022,0.0,0.22346489,0.22346489,0.29545453,-0.04131584,0.32188597,0.32188597,0.44834712,-0.01216796,0.1718426,0.1718426,0.010330578,-0.12694943,0.3111288,0.3111288,0.41528925,-0.022356063,0.21937591,0.21937591,0.25826445,-0.052276105,0.32324302,0.32324302,0.5640496,0.0032304227,0.3678004,0.3678004,0.69214875,0.040305823,economy_welfare,0.020661116,0.99393785,0.0018243829,0.89462847,0.52366394,0.8762643,0.99306935,0.020042615,0.0016809417,0.00020582444,0.047824517,0.040077962,0.9658674,0.06354045,0.7748391,0.99951786,national_identity
merkel2_c007,merkel2,merkel,en,2017-12-31,new_year_address,7,9,0.875,113,95,0.35694927,0.35694927,0.7871901,0.07141596,0.0,0.3817815,0.3817815,0.9070248,0.10896638,1.0526316,0.22912575,0.22912575,0.39876032,-0.028215364,0.0,0.35995704,0.35995704,0.9194215,0.09750593,2.1052632,0.25076985,0.25076985,0.5929752,0.005157739,0.0,0.38461423,0.38461423,0.83677685,0.082737684,2.1052632,0.34375632,0.34375632,0.65909094,0.022298515,0.0,0.30825996,0.30825996,0.6301653,0.016231328,2.1052632,0.32462674,0.32462674,0.78305787,0.059846014,0.45116144,0.45116144,0.95247936,0.11710751,0.3248852,0.3248852,0.65495867,0.026093155,0.3623178,0.3623178,0.65909094,0.028832942,0.33202046,0.33202046,0.7789256,0.06036845,0.41946444,0.41946444,0.86570245,0.09945184,0.32827568,0.32827568,0.49380165,0.00078108907,foreign_policy,0.012396693,0.99459934,0.9988236,0.0010484693,0.9995299,0.47202936,0.99458355,0.465266,0.002157342,0.0066025695,0.9284737,0.66055566,0.99104935,0.56406844,0.99978894,0.99827933,foreign_policy
merkel2_c008,merkel2,merkel,en,2017-12-31,new_year_address,8,9,1.0,158,141,0.2739327,0.2739327,0.50619835,-0.011600614,2.1276596,0.24170402,0.24170402,0.38636363,-0.031111091,0.7092199,0.22697219,0.22697219,0.36983472,-0.030368924,0.7092199,0.3336519,0.3336519,0.857438,0.07120079,2.8368795,0.36846924,0.36846924,0.9194215,0.12285712,2.1276596,0.36078292,0.36078292,0.7417355,0.058906376,2.8368795,0.29945362,0.29945362,0.3533058,-0.022004187,0.0,0.332132,0.332132,0.71694213,0.040103376,1.4184397,0.2726826,0.2726826,0.5681818,0.007901877,0.40944332,0.40944332,0.84090906,0.075389385,0.21484165,0.21484165,0.11776859,-0.083950385,0.29516613,0.29516613,0.34504133,-0.038318723,0.28486285,0.28486285,0.6301653,0.013210833,0.23033118,0.23033118,0.1838843,-0.08968142,0.27855662,0.27855662,0.25826445,-0.048937976,democracy_institutions,0.061983466,0.99944293,0.0004116514,0.006357402,0.9768024,0.9851861,0.997783,0.86647177,0.25841957,0.000725071,0.91253364,0.006021104,0.023397619,0.9537943,0.9701658,0.9706043,national_identity
merkel2020_c000,merkel2020,merkel,en,2019-12-31,new_year_address,0,8,0.0,89,74,0.30956763,0.30956763,0.63429755,0.024034321,0.0,0.20393741,0.20393741,0.1714876,-0.0688777,0.0,0.23598778,0.23598778,0.44834712,-0.021353334,0.0,0.26871514,0.26871514,0.5847107,0.006264031,0.0,0.20766687,0.20766687,0.34917355,-0.03794524,0.0,0.32597265,0.32597265,0.6012397,0.024096102,1.3513514,0.30653602,0.30653602,0.4070248,-0.014921784,0.0,0.36816847,0.36816847,0.81198347,0.07613984,0.0,0.24800932,0.24800932,0.4359504,-0.016771406,0.39625823,0.39625823,0.7747934,0.0622043,0.40811938,0.40811938,0.9318182,0.109327346,0.47305316,0.47305316,0.9359504,0.1395683,0.248659,0.248659,0.39876032,-0.022993013,0.28602254,0.28602254,0.4235537,-0.033990055,0.36384687,0.36384687,0.6838843,0.036352277,future_reform_technology,0.17768592,0.95001835,0.6738359,0.21850257,0.6517983,0.18884699,0.98079795,0.6614857,0.49072373,0.00030297338,0.6442251,0.09547589,0.9973811,0.6689343,0.6552808,0.99876237,social_solidarity
merkel2020_c001,merkel2020,merkel,en,2019-12-31,new_year_address,1,8,0.143,146,122,0.22588146,0.22588146,0.27892563,-0.05965185,0.0,0.19298413,0.19298413,0.12603305,-0.079830974,0.0,0.33610576,0.33610576,0.84090906,0.07876465,2.4590163,0.18816055,0.18816055,0.13842975,-0.07429056,0.0,0.22185768,0.22185768,0.44421488,-0.023754433,0.8196721,0.21869023,0.21869023,0.18801653,-0.08318631,0.0,0.2333543,0.2333543,0.06404959,-0.0881035,0.0,0.49353862,0.49353862,0.99380165,0.20150998,3.2786884,0.17048034,0.17048034,0.09710744,-0.09430039,0.31252244,0.31252244,0.42768595,-0.021531492,0.31484053,0.31484053,0.6053719,0.016048491,0.39334428,0.39334428,0.7541322,0.059859425,0.15014249,0.15014249,0.04338843,-0.12150952,0.24074431,0.24074431,0.22520661,-0.07926829,0.32223868,0.32223868,0.46487603,-0.005255908,future_reform_technology,0.15289259,0.99777436,0.0009678616,0.1336412,0.82158154,0.06935242,0.99924016,0.06047389,0.99452007,0.00087447185,0.7958961,0.8224299,0.99881446,0.05023736,0.99243015,0.994303,social_solidarity
merkel2020_c002,merkel2020,merkel,en,2019-12-31,new_year_address,2,8,0.286,122,104,0.18185511,0.18185511,0.11363637,-0.1036782,0.0,0.19646052,0.19646052,0.13842975,-0.07635459,1.9230769,0.17977084,0.17977084,0.14256199,-0.077570274,0.0,0.16335583,0.16335583,0.055785123,-0.099095285,0.0,0.14187554,0.14187554,0.06404959,-0.10373658,0.0,0.2343445,0.2343445,0.25826445,-0.06753205,0.0,0.31698686,0.31698686,0.48140496,-0.0044709444,1.9230769,0.39175594,0.39175594,0.86570245,0.0997273,0.96153843,0.27136302,0.27136302,0.5516529,0.00658229,0.3052337,0.3052337,0.39049587,-0.028820246,0.18049826,0.18049826,0.030991735,-0.11829378,0.30741382,0.30741382,0.40289256,-0.026071042,0.19243044,0.19243044,0.14256199,-0.07922158,0.19506107,0.19506107,0.08057851,-0.12495153,0.24807897,0.24807897,0.14669421,-0.07941562,future_reform_technology,0.3842975,0.08846529,0.09881607,0.08616956,0.92785513,0.11894682,0.9964064,0.9998183,0.105440594,0.008486616,0.5782398,0.3387604,0.24006127,0.9729595,0.15173347,0.9988686,crisis_resilience
merkel2020_c003,merkel2020,merkel,en,2019-12-31,new_year_address,3,8,0.429,179,157,0.18725097,0.18725097,0.13429752,-0.09828234,0.0,0.20846827,0.20846827,0.18801653,-0.064346835,0.0,0.23772626,0.23772626,0.4607438,-0.01961486,0.6369427,0.19478692,0.19478692,0.1590909,-0.06766419,0.0,0.24012002,0.24012002,0.5516529,-0.005492091,0.6369427,0.2289844,0.2289844,0.2376033,-0.072892144,0.0,0.25048193,0.25048193,0.13429752,-0.07097587,0.0,0.40215707,0.40215707,0.8904959,0.11012843,1.910828,0.22038616,0.22038616,0.26652893,-0.044394568,0.24913198,0.24913198,0.14256199,-0.084921956,0.22686842,0.22686842,0.15082644,-0.07192361,0.38255888,0.38255888,0.7293388,0.049074024,0.22239596,0.22239596,0.2747934,-0.049256057,0.24247853,0.24247853,0.22933884,-0.077534065,0.42190588,0.42190588,0.8946281,0.094411284,future_reform_technology,0.338843,0.50903225,0.0004339326,0.051023602,0.7799091,0.9675945,0.96455586,0.8779223,0.00042305797,0.00036117696,0.026430637,0.97482115,0.1945399,0.019069158,0.8420531,0.98885274,democracy_institutions
merkel2020_c004,merkel2020,merkel,en,2019-12-31,new_year_address,4,8,0.571,152,126,0.24016863,0.24016863,0.33677685,-0.045364678,0.0,0.1834236,0.1834236,0.10123967,-0.089391515,0.0,0.31213826,0.31213826,0.7871901,0.054797143,0.7936508,0.1836876,0.1836876,0.10950413,-0.078763515,0.0,0.32900617,0.32900617,0.84090906,0.08339405,1.5873016,0.43202072,0.43202072,0.9194215,0.13014418,3.9682539,0.27083814,0.27083814,0.22107439,-0.05061966,0.0,0.3905902,0.3905902,0.86157024,0.098561555,1.5873016,0.16922584,0.16922584,0.08471075,-0.09555489,0.29471067,0.29471067,0.3285124,-0.039343268,0.23053977,0.23053977,0.17561984,-0.068252265,0.29721588,0.29721588,0.36570248,-0.03626898,0.20246342,0.20246342,0.17561984,-0.069188595,0.34398034,0.34398034,0.6136364,0.023967743,0.28736508,0.28736508,0.303719,-0.040129513,social_solidarity,0.057851255,0.086323485,0.00020263404,0.017934535,0.002940673,0.7360212,0.9656413,0.013571313,0.961678,0.00021654402,0.66892076,0.94776917,0.97863114,0.0016533115,0.9604401,0.9978531,social_solidarity
merkel2020_c005,merkel2020,merkel,en,2019-12-31,new_year_address,5,8,0.714,82,68,0.29346982,0.29346982,0.5640496,0.007936507,0.0,0.33992854,0.33992854,0.80785125,0.06711343,0.0,0.2174433,0.2174433,0.3285124,-0.039897814,0.0,0.22076486,0.22076486,0.24586777,-0.04168625,0.0,0.43146044,0.43146044,0.98140496,0.18584833,1.4705882,0.3672412,0.3672412,0.7665289,0.06536466,0.0,0.33159482,0.33159482,0.5764463,0.010137022,0.0,0.26687792,0.26687792,0.44008264,-0.025150716,0.0,0.33627948,0.33627948,0.84090906,0.07149875,0.33212596,0.33212596,0.4855372,-0.0019279718,0.23684514,0.23684514,0.19628099,-0.0619469,0.28380617,0.28380617,0.29545453,-0.049678683,0.33098793,0.33098793,0.7747934,0.059335917,0.36853713,0.36853713,0.69214875,0.04852453,0.39543933,0.39543933,0.81198347,0.067944735,democracy_institutions,0.1735537,0.99152166,0.010052369,8.25236e-05,0.0058539608,0.98929596,0.9996374,0.7858535,0.0001892475,0.022328783,0.012158894,0.34875602,0.042802144,0.0027495772,0.9997636,0.9995523,social_solidarity
merkel2020_c006,merkel2020,merkel,en,2019-12-31,new_year_address,6,8,0.857,99,88,0.3100931,0.3100931,0.63842976,0.024559796,1.1363636,0.30589062,0.30589062,0.68801653,0.03307551,0.0,0.27913344,0.27913344,0.68801653,0.021792322,1.1363636,0.29076707,0.29076707,0.70454544,0.028315961,2.2727273,0.36937234,0.36937234,0.9235537,0.12376022,2.2727273,0.4829291,0.4829291,0.98966944,0.18105257,4.5454545,0.331305,0.331305,0.572314,0.009847194,0.0,0.25019825,0.25019825,0.32438016,-0.04183039,0.0,0.24763629,0.24763629,0.4318182,-0.017144442,0.41481546,0.41481546,0.86570245,0.08076152,0.25108635,0.25108635,0.26652893,-0.04770568,0.2745592,0.2745592,0.25413224,-0.05892566,0.2846545,0.2846545,0.62603307,0.013002485,0.45074296,0.45074296,0.9070248,0.13073036,0.29234123,0.29234123,0.32024795,-0.03515336,social_solidarity,0.06611574,0.87337697,0.023712069,0.0724396,0.67683345,0.6513479,0.99735296,0.067731455,0.0001485481,0.00027372167,0.99547917,0.7036513,0.0005872614,0.0018350844,0.9998557,0.9408441,social_solidarity
merkel2020_c007,merkel2020,merkel,en,2019-12-31,new_year_address,7,8,1.0,147,136,0.21949184,0.21949184,0.24173553,-0.06604147,0.0,0.327816,0.327816,0.7747934,0.0550009,3.6764705,0.25291443,0.25291443,0.5557851,-0.004426688,1.4705882,0.408668,0.408668,0.9731405,0.1462169,2.9411764,0.19688243,0.19688243,0.2747934,-0.048729688,0.0,0.28309423,0.28309423,0.4070248,-0.018782318,0.0,0.27180758,0.27180758,0.22520661,-0.049650222,0.0,0.23672728,0.23672728,0.25413224,-0.055301353,0.0,0.3148241,0.3148241,0.7458678,0.050043374,0.4537,0.4537,0.9607438,0.11964607,0.24324858,0.24324858,0.22107439,-0.055543453,0.29840708,0.29840708,0.36983472,-0.03507778,0.2529575,0.2529575,0.41528925,-0.01869452,0.2554217,0.2554217,0.29132232,-0.0645909,0.2576738,0.2576738,0.17975207,-0.06982079,foreign_policy,0.19834709,0.3228461,0.98323065,0.24472383,0.9987232,0.3745619,0.9777351,0.14879547,0.0003912771,0.03504564,0.9195703,0.20526634,0.07088048,0.067639016,0.99972993,0.99584186,foreign_policy
merkel3_c000,merkel3,merkel,en,2018-12-31,new_year_address,0,8,0.0,100,88,0.26587865,0.26587865,0.46900827,-0.019654661,0.0,0.19016927,0.19016927,0.12190083,-0.08264583,0.0,0.20403084,0.20403084,0.25826445,-0.053310275,0.0,0.21977222,0.21977222,0.2376033,-0.042678893,0.0,0.2449027,0.2449027,0.5681818,-0.0007094145,0.0,0.21943125,0.21943125,0.19628099,-0.08244529,0.0,0.346805,0.346805,0.67561984,0.025347203,0.0,0.2239573,0.2239573,0.1838843,-0.068071336,0.0,0.2190012,0.2190012,0.25413224,-0.045779526,0.26204842,0.26204842,0.17561984,-0.07200551,0.4929977,0.4929977,0.98966944,0.19420567,0.3212857,0.3212857,0.4979339,-0.012199163,0.2946222,0.2946222,0.65909094,0.0229702,0.28628713,0.28628713,0.42768595,-0.03372547,0.37322146,0.37322146,0.7210744,0.045726866,crisis_resilience,0.10743803,0.024987796,0.0004272079,0.00016539126,0.58817965,0.38361242,0.024798157,0.27673942,0.00010996545,0.00014510748,0.00012315383,0.97173876,0.006320495,0.93337005,0.37102267,0.45780325,foreign_policy
merkel3_c001,merkel3,merkel,en,2018-12-31,new_year_address,1,8,0.143,98,87,0.32912707,0.32912707,0.7086777,0.043593764,0.0,0.28792387,0.28792387,0.6219008,0.015108764,0.0,0.23106748,0.23106748,0.4194215,-0.026273638,0.0,0.28852782,0.28852782,0.6838843,0.026076704,0.0,0.3719447,0.3719447,0.9318182,0.12633258,1.1494253,0.3497425,0.3497425,0.7128099,0.047865957,0.0,0.34345016,0.34345016,0.65495867,0.021992356,0.0,0.26530203,0.26530203,0.4235537,-0.026726604,0.0,0.2633035,0.2633035,0.5144628,-0.0014772415,0.39500552,0.39500552,0.7706612,0.06095159,0.33554274,0.33554274,0.7376033,0.036750704,0.318967,0.318967,0.48140496,-0.014517844,0.26212078,0.26212078,0.4607438,-0.00953123,0.349992,0.349992,0.63429755,0.029979408,0.36411136,0.36411136,0.68801653,0.036616772,democracy_institutions,0.21900827,0.99611557,0.26184967,0.008976738,0.77483904,0.99518436,0.97156394,0.40173915,0.00013394214,0.00031258783,0.9935369,0.9135995,0.0011095013,0.15552686,0.89224315,0.9991896,national_identity
merkel3_c002,merkel3,merkel,en,2018-12-31,new_year_address,2,8,0.286,104,93,0.23994485,0.23994485,0.33264464,-0.045588464,0.0,0.20831946,0.20831946,0.1838843,-0.06449565,0.0,0.18414557,0.18414557,0.1714876,-0.07319555,0.0,0.3161351,0.3161351,0.7995868,0.053683996,0.0,0.33148086,0.33148086,0.84917355,0.085868746,1.0752689,0.29093805,0.29093805,0.45661157,-0.010938495,1.0752689,0.30033398,0.30033398,0.36570248,-0.021123827,1.0752689,0.3701467,0.3701467,0.82024795,0.078118056,0.0,0.23800975,0.23800975,0.37809917,-0.02677098,0.40525895,0.40525895,0.82438016,0.07120502,0.34762868,0.34762868,0.79545456,0.04883665,0.40936592,0.40936592,0.7913223,0.075881064,0.26971096,0.26971096,0.51859504,-0.0019410551,0.28655797,0.28655797,0.4318182,-0.033454627,0.419309,0.419309,0.8863636,0.0918144,democracy_institutions,0.028925598,0.9335521,0.0049245106,0.0062442883,0.59266657,0.9654484,0.9992068,0.9310875,0.00014230126,0.00039434474,0.97500026,0.99053264,0.00077330566,0.19072403,0.78045344,0.99926347,social_solidarity
merkel3_c003,merkel3,merkel,en,2018-12-31,new_year_address,3,8,0.429,101,89,0.1276038,0.1276038,0.01446281,-0.15792951,0.0,0.14949344,0.14949344,0.022727273,-0.12332167,0.0,0.10881461,0.10881461,0.006198347,-0.1485265,0.0,0.19820008,0.19820008,0.1714876,-0.064251035,2.247191,0.11351742,0.11351742,0.018595042,-0.1320947,0.0,0.12780404,0.12780404,0.006198347,-0.1740725,0.0,0.22522034,0.22522034,0.04752066,-0.096237466,0.0,0.18083969,0.18083969,0.06404959,-0.11118895,0.0,0.15523311,0.15523311,0.04338843,-0.109547615,0.17946278,0.17946278,0.0020661156,-0.15459116,0.17255552,0.17255552,0.01446281,-0.12623651,0.20103624,0.20103624,0.04338843,-0.13244861,0.14558604,0.14558604,0.030991735,-0.12606597,0.157021,0.157021,0.01446281,-0.1629916,0.15881087,0.15881087,0.022727273,-0.16868372,foreign_policy,0.10743801,0.78972065,0.14700331,8.156225e-05,0.5214712,0.00012100818,0.003033737,0.015952315,0.10021624,5.9907066e-05,0.0041824942,0.9145964,0.2531218,0.65441865,0.5754687,0.727782,national_identity
merkel3_c004,merkel3,merkel,en,2018-12-31,new_year_address,4,8,0.571,160,138,0.22029398,0.22029398,0.25,-0.065239325,0.0,0.32941544,0.32941544,0.78305787,0.056600332,1.4492754,0.18987021,0.18987021,0.19628099,-0.06747091,0.0,0.3800907,0.3800907,0.94008267,0.1176396,2.173913,0.1999425,0.1999425,0.29132232,-0.045669615,0.0,0.3245326,0.3245326,0.588843,0.022656053,0.0,0.417217,0.417217,0.9359504,0.09575918,1.4492754,0.28024778,0.28024778,0.50206614,-0.011780858,0.7246377,0.39606506,0.39606506,0.96900827,0.13128433,0.43123686,0.43123686,0.9235537,0.09718293,0.26253566,0.26253566,0.303719,-0.036256373,0.2436539,0.2436539,0.16735537,-0.089830965,0.2995455,0.2995455,0.67975205,0.027893484,0.22010764,0.22010764,0.14669421,-0.099904954,0.2431848,0.2431848,0.12603305,-0.08430979,foreign_policy,0.004132271,0.28288907,0.008061991,0.00047101182,0.9605836,0.35250822,0.102664016,0.9959259,0.0002178163,0.0379637,0.35329047,0.9931628,0.0040701376,0.7683097,0.010468839,0.95890486,crisis_resilience
merkel3_c005,merkel3,merkel,en,2018-12-31,new_year_address,5,8,0.714,87,79,0.16456236,0.16456236,0.06818182,-0.12097095,3.7974684,0.2783756,0.2783756,0.5764463,0.0055604875,2.5316455,0.19617772,0.19617772,0.22107439,-0.061163396,0.0,0.40807936,0.40807936,0.96900827,0.14562824,5.063291,0.19438645,0.19438645,0.2623967,-0.051225662,0.0,0.23479778,0.23479778,0.2623967,-0.06707877,1.2658228,0.24404849,0.24404849,0.09297521,-0.07740931,0.0,0.2875889,0.2875889,0.5516529,-0.0044397414,0.0,0.24326356,0.24326356,0.4194215,-0.021517172,0.34593478,0.34593478,0.52272725,0.011880845,0.1977425,0.1977425,0.06818182,-0.10104953,0.33207673,0.33207673,0.53099173,-0.0014081299,0.21429636,0.21429636,0.22107439,-0.057355657,0.18217069,0.18217069,0.04752066,-0.13784191,0.32542846,0.32542846,0.48140496,-0.0020661354,foreign_policy,0.39256197,0.030516496,0.82976806,0.00021111623,0.9985335,0.033526164,0.00070828665,0.031232351,0.0001328999,0.0012279606,0.9087799,0.035712164,0.35064372,0.14255053,0.9501283,0.99793726,foreign_policy
merkel3_c006,merkel3,merkel,en,2018-12-31,new_year_address,6,8,0.857,122,103,0.279827,0.279827,0.53512394,-0.0057063103,0.9708738,0.33033913,0.33033913,0.7871901,0.057524025,2.9126213,0.30354118,0.30354118,0.7623967,0.046200067,1.9417475,0.22434168,0.22434168,0.27066115,-0.038109437,1.9417475,0.33236542,0.33236542,0.85330576,0.08675331,0.9708738,0.435705,0.435705,0.927686,0.13382846,1.9417475,0.31886953,0.31886953,0.50619835,-0.002588272,0.9708738,0.26012444,0.26012444,0.36983472,-0.03190419,0.9708738,0.24566586,0.24566586,0.4235537,-0.019114867,0.4064561,0.4064561,0.83677685,0.07240218,0.31248993,0.31248993,0.5764463,0.013697892,0.31710488,0.31710488,0.45247933,-0.016379982,0.2568049,0.2568049,0.44421488,-0.0148471,0.54885435,0.54885435,0.96900827,0.22884175,0.35982507,0.35982507,0.66735536,0.032330483,social_solidarity,0.07438022,0.005075103,0.99266124,0.28259197,0.74558365,0.5161687,0.99961406,0.049912192,0.00019716944,0.0013643618,0.44456476,0.011732464,0.18366683,0.005119676,0.9997585,0.99937487,social_solidarity
merkel3_c007,merkel3,merkel,en,2018-12-31,new_year_address,7,8,1.0,136,119,0.2509181,0.2509181,0.4194215,-0.03461522,0.0,0.26157588,0.26157588,0.49380165,-0.011239231,0.0,0.40327415,0.40327415,0.94008267,0.14593303,1.6806723,0.24855925,0.24855925,0.45247933,-0.013891861,0.0,0.30889127,0.30889127,0.7995868,0.06327915,0.0,0.40479082,0.40479082,0.8863636,0.102914274,2.5210085,0.3389858,0.3389858,0.6136364,0.017527997,0.0,0.49156848,0.49156848,0.98966944,0.19953984,1.6806723,0.2687408,0.2687408,0.5268595,0.003960073,0.33194813,0.33194813,0.48140496,-0.0021058023,0.24639058,0.24639058,0.2376033,-0.052401453,0.36790147,0.36790147,0.68801653,0.034416616,0.26449972,0.26449972,0.4855372,-0.007152289,0.2925058,0.2925058,0.45247933,-0.027506799,0.3993603,0.3993603,0.8285124,0.07186571,future_reform_technology,0.049586773,0.9997075,0.0007451558,0.1323042,0.7830775,0.75123775,0.9995426,0.9962199,0.38873407,9.8381184e-05,0.4521353,0.0312915,0.8981875,0.99513257,0.7700327,0.9983191,national_identity
putin2022_c000,putin2022,putin,en,2022-12-31,new_year_address,0,11,0.0,108,87,0.31858927,0.31858927,0.67975205,0.03305596,1.1494253,0.26088715,0.26088715,0.4855372,-0.011927962,0.0,0.17110011,0.17110011,0.1053719,-0.08624101,0.0,0.24601732,0.24601732,0.4318182,-0.01643379,0.0,0.20405522,0.20405522,0.3161157,-0.041556895,0.0,0.33284557,0.33284557,0.64669424,0.030969024,1.1494253,0.3406667,0.3406667,0.63429755,0.019208908,0.0,0.22112793,0.22112793,0.17561984,-0.07090071,0.0,0.26972747,0.26972747,0.5392562,0.0049467385,0.30266136,0.30266136,0.37396693,-0.031392574,0.43778652,0.43778652,0.96900827,0.13899449,0.2922617,0.2922617,0.3285124,-0.04122317,0.30277374,0.30277374,0.696281,0.03112173,0.36357835,0.36357835,0.67975205,0.04356575,0.29275042,0.29275042,0.32438016,-0.034744173,national_identity,0.03305781,0.99206203,0.5528415,0.00012509298,0.9676098,0.003370046,0.9894499,0.37777016,0.00027053358,0.0004485757,0.0015070488,0.5029296,0.99700737,0.9764232,0.9894703,0.9676251,national_identity
putin2022_c001,putin2022,putin,en,2022-12-31,new_year_address,1,11,0.1,100,85,0.39882654,0.39882654,0.87396693,0.11329323,2.3529413,0.37208694,0.37208694,0.8863636,0.099271834,0.0,0.23060152,0.23060152,0.41528925,-0.026739597,0.0,0.3276305,0.3276305,0.83677685,0.06517938,0.0,0.25021407,0.25021407,0.588843,0.0046019554,0.0,0.3104491,0.3104491,0.5268595,0.008572549,1.1764706,0.3411579,0.3411579,0.642562,0.01970011,0.0,0.34781587,0.34781587,0.7541322,0.055787235,2.3529413,0.37375882,0.37375882,0.9442149,0.10897809,0.34746543,0.34746543,0.53512394,0.013411492,0.41040838,0.41040838,0.94008267,0.11161634,0.42882872,0.42882872,0.83677685,0.09534386,0.33472228,0.33472228,0.78305787,0.06307027,0.30623078,0.30623078,0.50206614,-0.013781816,0.33715796,0.33715796,0.53512394,0.009663373,security_military,0.012396693,0.99903965,0.08667071,0.0003212503,0.6720627,0.06754669,0.9830851,0.9958094,0.00040844927,0.014957085,0.94703925,0.9827572,0.88408935,0.7228695,0.97811455,0.99890125,national_identity
putin2022_c002,putin2022,putin,en,2022-12-31,new_year_address,2,11,0.2,112,96,0.3847124,0.3847124,0.85330576,0.09917909,3.125,0.37043673,0.37043673,0.8822314,0.09762162,2.0833333,0.18177749,0.18177749,0.1590909,-0.075563625,0.0,0.30223027,0.30223027,0.75,0.039779156,1.0416666,0.20223972,0.20223972,0.29958677,-0.043372393,0.0,0.31845462,0.31845462,0.5640496,0.016578078,1.0416666,0.46301013,0.46301013,0.98140496,0.14155233,0.0,0.2752335,0.2752335,0.4855372,-0.016795129,1.0416666,0.35311592,0.35311592,0.8904959,0.088335186,0.34917027,0.34917027,0.5392562,0.015116334,0.4104944,0.4104944,0.9442149,0.11170235,0.31737155,0.31737155,0.4607438,-0.016113311,0.33810925,0.33810925,0.81198347,0.06645724,0.35718912,0.35718912,0.65495867,0.03717652,0.2927996,0.2927996,0.3285124,-0.034695,crisis_resilience,0.099173546,0.99491996,0.9993663,9.685608e-05,0.7812472,0.0047000605,0.045373723,0.89991575,0.0001788282,0.0039530895,0.0036287399,0.9957602,0.9033901,0.9413314,0.9955576,0.99869037,security_military
putin2022_c003,putin2022,putin,en,2022-12-31,new_year_address,3,11,0.3,124,101,0.1774677,0.1774677,0.1053719,-0.108065605,0.0,0.211941,0.211941,0.21694215,-0.060874104,1.980198,0.14116439,0.14116439,0.051652893,-0.116176724,0.0,0.27662095,0.27662095,0.62603307,0.014169842,0.0,0.13850245,0.13850245,0.04338843,-0.107109666,0.0,0.1768097,0.1768097,0.06818182,-0.12506685,0.0,0.19079405,0.19079405,0.0020661156,-0.13066375,0.0,0.18601441,0.18601441,0.07644628,-0.10601422,0.0,0.35357404,0.35357404,0.8946281,0.08879331,0.30065036,0.30065036,0.36570248,-0.033403575,0.1728966,0.1728966,0.018595042,-0.12589544,0.21746868,0.21746868,0.07644628,-0.11601618,0.37215942,0.37215942,0.8946281,0.10050741,0.17435583,0.17435583,0.030991735,-0.14565676,0.20880997,0.20880997,0.059917357,-0.11868462,foreign_policy,0.40909094,0.1584997,0.91078377,0.00012436225,0.9781772,0.3145899,0.047052283,0.9161471,0.0003225072,0.7168385,0.04082659,0.93952614,0.053650703,0.9993551,0.19074287,0.5759458,foreign_policy
putin2022_c004,putin2022,putin,en,2022-12-31,new_year_address,4,11,0.4,132,112,0.25032693,0.25032693,0.41528925,-0.035206378,0.89285713,0.484667,0.484667,0.99380165,0.2118519,2.6785715,0.18055338,0.18055338,0.15082644,-0.07678774,0.0,0.21401948,0.21401948,0.22107439,-0.048431635,0.0,0.17643869,0.17643869,0.14669421,-0.069173425,0.0,0.28402048,0.28402048,0.4194215,-0.017856061,0.89285713,0.29486537,0.29486537,0.32438016,-0.026592433,0.0,0.19863579,0.19863579,0.09710744,-0.09339285,0.0,0.33687547,0.33687547,0.84504133,0.07209474,0.29807684,0.29807684,0.34504133,-0.035977095,0.24855605,0.24855605,0.25413224,-0.050235987,0.23348898,0.23348898,0.11776859,-0.09999588,0.27759865,0.27759865,0.5516529,0.005946636,0.49631557,0.49631557,0.9483471,0.17630297,0.2865092,0.2865092,0.29132232,-0.040985405,security_military,0.57438016,0.8637368,0.9992327,0.0005747863,0.2585131,0.14164464,0.96156996,0.12918286,0.00026686108,0.016769383,0.29330328,0.24517536,0.0058710356,0.12033539,0.9986594,0.99924016,security_military
putin2022_c005,putin2022,putin,en,2022-12-31,new_year_address,5,11,0.5,147,119,0.2617035,0.2617035,0.44834712,-0.023829818,0.0,0.4145479,0.4145479,0.9731405,0.14173278,2.5210085,0.25135326,0.25135326,0.5516529,-0.005987853,0.0,0.18320683,0.18320683,0.1053719,-0.079244286,0.0,0.18590632,0.18590632,0.20867768,-0.059705794,0.0,0.37029225,0.37029225,0.7789256,0.0684157,0.84033614,0.3400328,0.3400328,0.6301653,0.018574983,0.0,0.18352693,0.18352693,0.07231405,-0.1085017,0.0,0.22789338,0.22789338,0.3285124,-0.036887348,0.32668614,0.32668614,0.4731405,-0.0073677897,0.28004494,0.28004494,0.44008264,-0.018747091,0.23616591,0.23616591,0.12603305,-0.09731895,0.23798698,0.23798698,0.3285124,-0.03366503,0.67278004,0.67278004,0.99793386,0.35276744,0.28032517,0.28032517,0.2623967,-0.047169417,security_military,0.19421488,0.5189728,0.9946203,0.0006589401,0.5306013,0.004596149,0.95228654,0.17137733,0.72831374,0.09764824,0.07110591,0.23462582,0.0029810325,0.08032139,0.9997012,0.9920003,security_military
putin2022_c006,putin2022,putin,en,2022-12-31,new_year_address,6,11,0.6,123,103,0.17461446,0.17461446,0.09710744,-0.11091885,0.0,0.26460627,0.26460627,0.5144628,-0.008208841,0.9708738,0.27444047,0.27444047,0.65909094,0.01709935,1.9417475,0.34077996,0.34077996,0.87396693,0.07832885,0.9708738,0.19553071,0.19553071,0.27066115,-0.050081402,0.0,0.2028588,0.2028588,0.11776859,-0.09901774,0.9708738,0.38165703,0.38165703,0.84504133,0.06019923,0.9708738,0.22791845,0.22791845,0.20454545,-0.06411019,0.9708738,0.31537792,0.31537792,0.7541322,0.05059719,0.30671877,0.30671877,0.40289256,-0.027335167,0.27429342,0.27429342,0.39049587,-0.024498612,0.2670247,0.2670247,0.22520661,-0.06646016,0.27069578,0.27069578,0.52272725,-0.0009562373,0.23855498,0.23855498,0.21280992,-0.081457615,0.24532522,0.24532522,0.13429752,-0.08216937,foreign_policy,0.028925598,0.9990054,0.40803346,0.03158888,0.99215376,0.023984874,0.05873605,0.9346938,0.0012497095,0.042344384,0.65035623,0.9635062,0.1890715,0.9334308,0.9808209,0.9948153,national_identity
putin2022_c007,putin2022,putin,en,2022-12-31,new_year_address,7,11,0.7,118,106,0.24856947,0.24856947,0.3946281,-0.036963835,0.0,0.19885604,0.19885604,0.15495868,-0.07395907,0.9433962,0.18028438,0.18028438,0.14669421,-0.077056736,0.0,0.17583555,0.17583555,0.08057851,-0.08661556,0.0,0.14038795,0.14038795,0.055785123,-0.10522416,0.0,0.4758075,0.4758075,0.98140496,0.17393094,1.8867924,0.29125357,0.29125357,0.31198347,-0.030204237,0.0,0.19182447,0.19182447,0.08471075,-0.10020417,0.0,0.19802564,0.19802564,0.17561984,-0.066755086,0.36532515,0.36532515,0.64669424,0.03127122,0.22979127,0.22979127,0.1714876,-0.069000766,0.22092718,0.22092718,0.08471075,-0.11255768,0.23310037,0.23310037,0.303719,-0.038551643,0.4130089,0.4130089,0.857438,0.0929963,0.24172415,0.24172415,0.12190083,-0.08577044,social_solidarity,0.58677685,0.9780518,0.05029564,0.017737802,0.80879503,0.024952132,0.99872816,0.007225754,0.001140223,0.013597485,0.9421085,0.04020025,0.020527786,0.46648103,0.9995884,0.9950515,social_solidarity
putin2022_c008,putin2022,putin,en,2022-12-31,new_year_address,8,11,0.8,93,79,0.24179773,0.24179773,0.36570248,-0.04373558,0.0,0.38623112,0.38623112,0.927686,0.113416016,0.0,0.25814834,0.25814834,0.5764463,0.0008072257,0.0,0.15189394,0.15189394,0.035123967,-0.11055717,0.0,0.16386102,0.16386102,0.12603305,-0.08175109,0.0,0.41059607,0.41059607,0.9028926,0.10871953,3.7974684,0.31118608,0.31118608,0.4359504,-0.010271728,0.0,0.22561267,0.22561267,0.19628099,-0.066415966,1.2658228,0.25049442,0.25049442,0.46487603,-0.0142863095,0.323526,0.323526,0.45661157,-0.010527939,0.27801412,0.27801412,0.4194215,-0.020777911,0.25127745,0.25127745,0.19214876,-0.08220741,0.23453556,0.23453556,0.30785123,-0.037116453,0.46991497,0.46991497,0.927686,0.14990237,0.30142522,0.30142522,0.35743803,-0.026069373,security_military,0.024793386,0.027795624,0.00689046,0.00024203844,0.005189787,0.016168362,0.9996769,0.89326286,0.00016442515,0.123656355,0.22093019,0.96771675,0.0006094502,0.0072397795,0.9991144,0.9948704,social_solidarity
putin2022_c009,putin2022,putin,en,2022-12-31,new_year_address,9,11,0.9,80,68,0.31616944,0.31616944,0.66322315,0.030636132,0.0,0.2168737,0.2168737,0.2376033,-0.055941403,0.0,0.22184388,0.22184388,0.34504133,-0.035497233,0.0,0.20952639,0.20952639,0.20041323,-0.052924722,0.0,0.18863064,0.18863064,0.22520661,-0.056981474,0.0,0.4929648,0.4929648,0.99380165,0.19108826,4.4117646,0.36210686,0.36210686,0.7458678,0.040649056,0.0,0.20405547,0.20405547,0.12603305,-0.08797316,0.0,0.22142349,0.22142349,0.28305784,-0.04335724,0.4152894,0.4152894,0.87396693,0.08123547,0.37134674,0.37134674,0.84504133,0.07255471,0.29494953,0.29494953,0.3409091,-0.038535327,0.24586609,0.24586609,0.39049587,-0.025785923,0.41988474,0.41988474,0.8698347,0.09987214,0.29209372,0.29209372,0.31198347,-0.035400867,social_solidarity,0.24793386,0.96982116,0.0001855878,0.00025764457,0.0019994322,0.0025065755,0.77291656,0.0022452744,0.000100714,0.00017640032,0.012771866,0.20773658,0.0019916527,0.04657295,0.25146383,0.005730246,national_identity
putin2022_c010,putin2022,putin,en,2022-12-31,new_year_address,10,11,1.0,149,131,0.35664928,0.35664928,0.78305787,0.07111597,0.0,0.22647451,0.22647451,0.29958677,-0.0463406,0.7633588,0.2179561,0.2179561,0.33677685,-0.03938502,0.0,0.21368179,0.21368179,0.21694215,-0.048769325,0.0,0.18576123,0.18576123,0.20454545,-0.059850886,0.0,0.45594138,0.45594138,0.9607438,0.15406483,3.053435,0.32249916,0.32249916,0.53099173,0.0010413527,0.7633588,0.24536431,0.24536431,0.29958677,-0.046664327,0.0,0.24079557,0.24079557,0.40289256,-0.023985162,0.42460874,0.42460874,0.9028926,0.0905548,0.3918552,0.3918552,0.9028926,0.093063176,0.33799803,0.33799803,0.5392562,0.0045131743,0.2673012,0.2673012,0.50619835,-0.0043508112,0.44622236,0.44622236,0.8987603,0.12620977,0.30525357,0.30525357,0.37396693,-0.022241026,social_solidarity,0.17768592,0.99932146,0.00034397093,0.0003711855,0.002291689,0.019700257,0.9973478,0.011364623,0.000120066616,0.0002896683,0.3262714,0.018003466,0.0005072813,0.00050431915,0.9995016,0.98853624,national_identity
putin2023_c000,putin2023,putin,en,2023-12-31,new_year_address,0,6,0.0,86,71,0.3767566,0.3767566,0.8285124,0.0912233,2.8169014,0.3509186,0.3509186,0.8285124,0.07810348,1.4084507,0.26296398,0.26296398,0.6095041,0.005622864,0.0,0.31398916,0.31398916,0.79545456,0.05153805,0.0,0.26919985,0.26919985,0.67561984,0.023587734,1.4084507,0.34635255,0.34635255,0.69214875,0.044476002,1.4084507,0.36708426,0.36708426,0.7789256,0.04562646,0.0,0.31685412,0.31685412,0.6838843,0.024825484,1.4084507,0.2841078,0.2841078,0.5971074,0.019327074,0.36124045,0.36124045,0.6219008,0.027186513,0.5958987,0.5958987,0.99793386,0.29710665,0.44602743,0.44602743,0.86570245,0.11254257,0.27724046,0.27724046,0.54752064,0.005588442,0.38924596,0.38924596,0.78305787,0.06923336,0.37781632,0.37781632,0.7417355,0.050321728,national_identity,0.0,0.9639246,0.29930994,0.0013858178,0.1597738,0.6535693,0.9369805,0.5802331,0.016395155,0.0036076172,0.6496898,0.91922665,0.92792046,0.7110047,0.99159515,0.99956185,national_identity
putin2023_c001,putin2023,putin,en,2023-12-31,new_year_address,1,6,0.2,91,82,0.5001563,0.5001563,0.98966944,0.21462297,3.6585367,0.2850678,0.2850678,0.6136364,0.012252688,0.0,0.23562069,0.23562069,0.44421488,-0.021720424,0.0,0.30304652,0.30304652,0.7541322,0.040595412,0.0,0.20300668,0.20300668,0.30785123,-0.04260543,0.0,0.43415612,0.43415612,0.9235537,0.13227957,1.2195122,0.41205278,0.41205278,0.9318182,0.09059498,0.0,0.27149123,0.27149123,0.4731405,-0.020537406,0.0,0.3219313,0.3219313,0.7665289,0.057150573,0.4449185,0.4449185,0.9442149,0.11086458,0.32258922,0.32258922,0.63842976,0.023797184,0.31193388,0.31193388,0.4194215,-0.021550983,0.36587182,0.36587182,0.87396693,0.094219804,0.38233122,0.38233122,0.7417355,0.062318623,0.3078062,0.3078062,0.411157,-0.019688398,national_identity,0.057851255,0.9992721,0.0032762524,0.0004092474,0.9807104,0.010468839,0.9995558,0.891764,0.00018164382,0.0011225652,0.89327455,0.99957526,0.93257624,0.04213697,0.978333,0.9942307,social_solidarity
putin2023_c002,putin2023,putin,en,2023-12-31,new_year_address,2,6,0.4,91,78,0.4074149,0.4074149,0.8904959,0.121881604,2.5641026,0.38498116,0.38498116,0.9194215,0.11216605,1.2820513,0.24998866,0.24998866,0.53512394,-0.0073524565,0.0,0.21170539,0.21170539,0.21280992,-0.050745726,0.0,0.21005686,0.21005686,0.37396693,-0.03555526,0.0,0.47655028,0.47655028,0.9855372,0.17467374,1.2820513,0.3971311,0.3971311,0.9070248,0.07567328,0.0,0.22162294,0.22162294,0.17975207,-0.07040569,0.0,0.30336702,0.30336702,0.68801653,0.03858629,0.4501251,0.4501251,0.9483471,0.116071165,0.3020084,0.3020084,0.5268595,0.003216356,0.24898553,0.24898553,0.17561984,-0.08449933,0.33639637,0.33639637,0.7995868,0.06474435,0.59115857,0.59115857,0.98140496,0.27114597,0.30794835,0.30794835,0.41528925,-0.01954624,social_solidarity,0.06611568,0.9997813,0.9462749,0.00063867954,0.267456,0.012600628,0.9994611,0.07912133,0.00016603849,0.015365343,0.9901592,0.3697701,0.00040448149,0.32906827,0.99867886,0.93875873,national_identity
putin2023_c003,putin2023,putin,en,2023-12-31,new_year_address,3,6,0.6,84,77,0.3773007,0.3773007,0.83677685,0.0917674,1.2987013,0.26094216,0.26094216,0.4896694,-0.011872947,0.0,0.18534395,0.18534395,0.17561984,-0.071997166,0.0,0.21537323,0.21537323,0.22933884,-0.04707788,0.0,0.17756045,0.17756045,0.1590909,-0.068051666,0.0,0.39783043,0.39783043,0.857438,0.09595388,5.194805,0.38063085,0.38063085,0.84090906,0.059173048,0.0,0.20674214,0.20674214,0.13842975,-0.0852865,0.0,0.2727304,0.2727304,0.572314,0.00794968,0.4208374,0.4208374,0.8987603,0.08678347,0.27191463,0.27191463,0.3533058,-0.026877403,0.24733716,0.24733716,0.1714876,-0.086147696,0.34451675,0.34451675,0.83677685,0.07286474,0.38345873,0.38345873,0.75,0.063446134,0.2825201,0.2825201,0.26652893,-0.044974506,social_solidarity,0.016528964,0.9992252,0.08901807,0.00845381,0.7068991,0.14860235,0.9995035,0.11802882,0.00076729234,0.00225624,0.99492985,0.9886683,0.06620602,0.0007870083,0.9988396,0.99953544,social_solidarity
putin2023_c004,putin2023,putin,en,2023-12-31,new_year_address,4,6,0.8,86,72,0.30492893,0.30492893,0.6095041,0.01939562,0.0,0.21135943,0.21135943,0.21280992,-0.061455682,1.3888888,0.24197417,0.24197417,0.4896694,-0.015366942,0.0,0.23291728,0.23291728,0.32024795,-0.029533833,0.0,0.2325977,0.2325977,0.5144628,-0.013014421,0.0,0.40968597,0.40968597,0.8946281,0.107809424,9.722222,0.2436135,0.2436135,0.08884297,-0.07784431,0.0,0.31411564,0.31411564,0.66322315,0.022087008,0.0,0.18174925,0.18174925,0.12190083,-0.083031476,0.3270664,0.3270664,0.47727272,-0.006987542,0.3482186,0.3482186,0.7995868,0.049426556,0.41671133,0.41671133,0.80785125,0.08322647,0.20913097,0.20913097,0.20041323,-0.06252104,0.35099083,0.35099083,0.642562,0.030978233,0.3402515,0.3402515,0.55991733,0.012756914,social_solidarity,0.23140496,0.9552775,0.0008072304,0.0007350448,0.015380125,0.20621385,0.99789864,0.00083936,0.002762999,0.0004189484,0.0026061658,0.0015823419,0.9990854,0.0013912341,0.9003109,0.98886347,social_solidarity
putin2023_c005,putin2023,putin,en,2023-12-31,new_year_address,5,6,1.0,110,88,0.51788014,0.51788014,0.99380165,0.23234683,6.818182,0.27159423,0.27159423,0.5433884,-0.0012208819,0.0,0.22431977,0.22431977,0.36157024,-0.033021346,0.0,0.29001302,0.29001302,0.69214875,0.027561903,0.0,0.2351653,0.2351653,0.5268595,-0.010446817,0.0,0.46433395,0.46433395,0.9731405,0.1624574,4.5454545,0.30555686,0.30555686,0.40289256,-0.01590094,0.0,0.30383837,0.30383837,0.6053719,0.0118097365,1.1363636,0.24112836,0.24112836,0.4070248,-0.023652375,0.38612694,0.38612694,0.7334711,0.052073,0.3302371,0.3302371,0.696281,0.031445056,0.35861954,0.35861954,0.63429755,0.025134683,0.32034388,0.32034388,0.7458678,0.04869187,0.36936623,0.36936623,0.696281,0.04935363,0.29408187,0.29408187,0.33264464,-0.033412725,national_identity,0.020661175,0.93854785,0.014213357,0.000886499,0.67286927,0.037928045,0.74284166,0.011687258,0.0005614787,0.00051125785,0.1205423,0.58023316,0.8663447,0.1455551,0.9619493,0.9981434,national_identity
putin2024_c000,putin2024,putin,en,2024-12-31,new_year_address,0,4,0.0,130,104,0.36883926,0.36883926,0.803719,0.083305955,1.9230769,0.19666384,0.19666384,0.14256199,-0.07615127,0.0,0.20201227,0.20201227,0.25,-0.055328846,0.0,0.29235977,0.29235977,0.71694213,0.029908657,0.0,0.18756321,0.18756321,0.21280992,-0.058048904,0.0,0.2792409,0.2792409,0.3946281,-0.022635639,0.0,0.33789468,0.33789468,0.6095041,0.016436875,0.96153843,0.31987253,0.31987253,0.69214875,0.027843893,0.96153843,0.22562069,0.22562069,0.31198347,-0.039160043,0.3935634,0.3935634,0.7665289,0.059509456,0.47516358,0.47516358,0.9855372,0.17637154,0.4115196,0.4115196,0.79545456,0.07803473,0.24426702,0.24426702,0.3822314,-0.027384996,0.3142177,0.3142177,0.53512394,-0.0057949126,0.32718697,0.32718697,0.4896694,-0.00030761957,national_identity,0.08677685,0.9995601,0.54722214,0.15804437,0.9842457,0.3192275,0.99074996,0.12522577,0.24871662,0.00032250723,0.8703771,0.8991214,0.96265554,0.010631947,0.89517957,0.99875754,national_identity
putin2024_c001,putin2024,putin,en,2024-12-31,new_year_address,1,4,0.333,123,105,0.42570224,0.42570224,0.9070248,0.14016894,1.9047619,0.3891657,0.3891657,0.9318182,0.11635059,0.95238096,0.27568224,0.27568224,0.66735536,0.018341124,0.0,0.342207,0.342207,0.8780992,0.0797559,0.0,0.27221635,0.27221635,0.6838843,0.026604235,0.95238096,0.38334876,0.38334876,0.8285124,0.08147222,0.95238096,0.4078882,0.4078882,0.9235537,0.0864304,0.95238096,0.34990007,0.34990007,0.7665289,0.05787143,0.95238096,0.37327892,0.37327892,0.94008267,0.108498186,0.3762963,0.3762963,0.69214875,0.042242378,0.3518307,0.3518307,0.8161157,0.053038657,0.45949802,0.45949802,0.9152893,0.12601316,0.3465992,0.3465992,0.84504133,0.07494718,0.38813007,0.38813007,0.7623967,0.06811747,0.3984671,0.3984671,0.82438016,0.0709725,security_military,0.008264482,0.9771756,0.16046326,0.001626135,0.9804501,0.22177176,0.46150213,0.95763576,0.00085256656,0.002477445,0.10158944,0.014587568,0.99591404,0.89038956,0.9967237,0.99968433,foreign_policy
putin2024_c002,putin2024,putin,en,2024-12-31,new_year_address,2,4,0.667,158,132,0.33830744,0.33830744,0.7334711,0.05277413,2.2727273,0.41188675,0.41188675,0.9566116,0.13907164,2.2727273,0.20601544,0.20601544,0.27066115,-0.05132568,0.0,0.24584699,0.24584699,0.42768595,-0.016604125,0.0,0.2110667,0.2110667,0.38636363,-0.03454542,0.0,0.31014842,0.31014842,0.52272725,0.008271873,0.75757575,0.30302846,0.30302846,0.37809917,-0.018429339,0.0,0.2850108,0.2850108,0.5268595,-0.007017821,0.0,0.30118093,0.30118093,0.67561984,0.0364002,0.28358024,0.28358024,0.28305784,-0.05047369,0.4391761,0.4391761,0.9731405,0.14038408,0.35683817,0.35683817,0.62603307,0.023353308,0.24247748,0.24247748,0.36157024,-0.029174536,0.46779585,0.46779585,0.9152893,0.14778325,0.33040017,0.33040017,0.50206614,0.0029055774,security_military,0.22314048,0.90237325,0.99884635,0.00051125785,0.7131321,0.0057581333,0.8916225,0.29589075,0.0012207953,0.030357992,0.12560067,0.93195957,0.9887337,0.0036677874,0.99783427,0.99759865,security_military
putin2024_c003,putin2024,putin,en,2024-12-31,new_year_address,3,4,1.0,72,56,0.2742899,0.2742899,0.51033056,-0.011243403,0.0,0.2542873,0.2542873,0.44008264,-0.018527806,1.7857143,0.18204471,0.18204471,0.16322315,-0.0752964,0.0,0.21058543,0.21058543,0.20454545,-0.051865682,0.0,0.18412924,0.18412924,0.19628099,-0.061482877,0.0,0.3469753,0.3469753,0.7004132,0.04509875,1.7857143,0.22856271,0.22856271,0.055785123,-0.09289509,0.0,0.22838047,0.22838047,0.20867768,-0.063648164,0.0,0.20604552,0.20604552,0.19214876,-0.058735207,0.32063374,0.32063374,0.44421488,-0.013420194,0.33864513,0.33864513,0.75,0.039853096,0.3697005,0.3697005,0.7004132,0.036215633,0.23633827,0.23633827,0.31198347,-0.03531374,0.34484813,0.34484813,0.6177686,0.024835527,0.30495384,0.30495384,0.36983472,-0.022540748,social_solidarity,0.19008267,0.00016799536,0.0001431374,9.572779e-05,6.631065e-05,0.0006771943,0.97863114,0.0005571117,0.00013083978,0.00020906502,0.004477081,0.0052201254,0.95366496,0.0004330862,0.99750316,0.8437181,social_solidarity
putin2025_c000,putin2025,putin,en,2025-12-31,new_year_address,0,5,0.0,94,85,0.27066338,0.27066338,0.4896694,-0.014869928,0.0,0.2193079,0.2193079,0.24586777,-0.05350721,0.0,0.21400571,0.21400571,0.30785123,-0.043335408,0.0,0.25319922,0.25319922,0.47727272,-0.009251893,0.0,0.20990358,0.20990358,0.36570248,-0.03570853,0.0,0.39994794,0.39994794,0.86157024,0.0980714,1.1764706,0.29946843,0.29946843,0.35743803,-0.021989375,0.0,0.30159992,0.30159992,0.5971074,0.009571284,1.1764706,0.210006,0.210006,0.22107439,-0.05477473,0.39805335,0.39805335,0.7871901,0.063999414,0.34923282,0.34923282,0.80785125,0.05044079,0.44030744,0.44030744,0.85330576,0.10682258,0.24136782,0.24136782,0.35743803,-0.030284196,0.3496167,0.3496167,0.6301653,0.029604107,0.40209424,0.40209424,0.84504133,0.07459965,social_solidarity,0.26446283,0.0018494504,0.00015000567,0.026390616,0.0009754453,0.026380422,0.91528976,0.45974314,0.0019248575,0.00016378424,0.19438213,0.00022472897,0.78686863,0.0036856744,0.99670136,0.99281615,social_solidarity
putin2025_c001,putin2025,putin,en,2025-12-31,new_year_address,1,5,0.25,96,79,0.5362726,0.5362726,0.99793386,0.25073928,6.329114,0.31172785,0.31172785,0.7252066,0.038912743,1.2658228,0.22869441,0.22869441,0.3946281,-0.028646708,0.0,0.30489767,0.30489767,0.7623967,0.042446554,0.0,0.24798435,0.24798435,0.5847107,0.002372235,0.0,0.37297142,0.37297142,0.7913223,0.07109487,0.0,0.3231395,0.3231395,0.53512394,0.0016816854,0.0,0.25860888,0.25860888,0.3533058,-0.033419758,1.2658228,0.25733373,0.25733373,0.4979339,-0.0074470043,0.39637744,0.39637744,0.7789256,0.06232351,0.32500944,0.32500944,0.65909094,0.026217401,0.33981764,0.33981764,0.5516529,0.006332785,0.32655564,0.32655564,0.7623967,0.054903626,0.36057898,0.36057898,0.66735536,0.040566385,0.28707957,0.28707957,0.29958677,-0.04041502,national_identity,0.20661157,0.9997997,0.029021878,0.042842172,0.60882664,0.006265534,0.9664659,0.00042305805,0.00037924337,0.00026895347,0.9681487,0.966537,0.4746312,0.04646466,0.96196496,0.9184253,national_identity
putin2025_c002,putin2025,putin,en,2025-12-31,new_year_address,2,5,0.5,90,78,0.25015962,0.25015962,0.411157,-0.035373688,0.0,0.2863379,0.2863379,0.6177686,0.013522804,2.5641026,0.19021705,0.19021705,0.20454545,-0.06712407,0.0,0.17701733,0.17701733,0.08471075,-0.08543378,0.0,0.17542757,0.17542757,0.14256199,-0.070184544,0.0,0.40070355,0.40070355,0.86570245,0.098827004,5.1282053,0.2888638,0.2888638,0.29132232,-0.032593995,0.0,0.20868888,0.20868888,0.14669421,-0.08333975,0.0,0.221205,0.221205,0.2747934,-0.043575734,0.356143,0.356143,0.588843,0.022089064,0.32925266,0.32925266,0.69214875,0.030460626,0.3137017,0.3137017,0.4318182,-0.019783169,0.21611309,0.21611309,0.23347108,-0.055538923,0.4427392,0.4427392,0.8904959,0.12272659,0.292309,0.292309,0.3161157,-0.035185605,social_solidarity,0.24793386,0.1399244,0.7205649,0.0027522563,0.008339973,0.009850326,0.9544355,0.00039588762,0.0002066298,0.00032313753,0.02439983,0.00029422855,0.54304504,0.0034362862,0.9976723,0.99798095,social_solidarity
putin2025_c003,putin2025,putin,en,2025-12-31,new_year_address,3,5,0.75,94,78,0.37469625,0.37469625,0.82024795,0.089162946,1.2820513,0.36819747,0.36819747,0.8780992,0.09538236,1.2820513,0.20360994,0.20360994,0.25413224,-0.053731173,0.0,0.23175105,0.23175105,0.30785123,-0.030700058,0.0,0.20619339,0.20619339,0.3409091,-0.039418727,0.0,0.34592742,0.34592742,0.6838843,0.044050872,1.2820513,0.29715365,0.29715365,0.33677685,-0.024304152,0.0,0.2547741,0.2547741,0.33677685,-0.037254542,0.0,0.30921644,0.30921644,0.7128099,0.04443571,0.3871353,0.3871353,0.7417355,0.053081363,0.32757565,0.32757565,0.6714876,0.02878362,0.3251037,0.3251037,0.50619835,-0.008381158,0.32167828,0.32167828,0.7541322,0.050026268,0.47093773,0.47093773,0.9359504,0.15092513,0.33839905,0.33839905,0.5433884,0.010904461,security_military,0.057851255,0.9991065,0.99263996,0.00024489083,0.91546947,0.07362964,0.9985869,0.22458647,0.00019678476,0.22601399,0.18568864,0.40239215,0.0014214043,0.43842447,0.99893194,0.9997103,national_identity
putin2025_c004,putin2025,putin,en,2025-12-31,new_year_address,4,5,1.0,159,128,0.42075866,0.42075866,0.9028926,0.13522536,0.78125,0.25751853,0.25751853,0.46487603,-0.015296578,0.0,0.26294956,0.26294956,0.6053719,0.0056084394,0.78125,0.26058352,0.26058352,0.5392562,-0.0018675923,0.0,0.21001144,0.21001144,0.36983472,-0.035600677,0.0,0.45793736,0.45793736,0.96900827,0.15606081,4.6875,0.28923142,0.28923142,0.29958677,-0.032226384,0.0,0.3163824,0.3163824,0.67975205,0.024353772,0.0,0.25907853,0.25907853,0.50206614,-0.0057021976,0.46454972,0.46454972,0.9731405,0.13049579,0.36837304,0.36837304,0.83677685,0.069581,0.4118496,0.4118496,0.7995868,0.07836473,0.29614657,0.29614657,0.66735536,0.024494559,0.4079738,0.4079738,0.84504133,0.0879612,0.35438034,0.35438034,0.64669424,0.026885748,social_solidarity,0.06611568,0.98632365,0.25954401,0.10001828,0.62840736,0.03715183,0.99496907,0.15934817,0.00031319872,0.0020708267,0.742375,0.8897565,0.9979771,0.0022961593,0.99868786,0.99902457,social_solidarity
trump1_c000,trump1,trump,en,2021-01-19,farewell_address,0,28,0.0,85,74,0.3049637,0.3049637,0.6136364,0.019430399,1.3513514,0.28461248,0.28461248,0.6095041,0.0117973685,0.0,0.28667426,0.28667426,0.7086777,0.029333144,0.0,0.2770769,0.2770769,0.6301653,0.014625788,0.0,0.2246546,0.2246546,0.46900827,-0.020957515,0.0,0.3077309,0.3077309,0.51859504,0.005854368,1.3513514,0.28438437,0.28438437,0.27066115,-0.037073433,0.0,0.27070042,0.27070042,0.46487603,-0.02132821,0.0,0.23988692,0.23988692,0.39049587,-0.024893805,0.35705662,0.35705662,0.6095041,0.023002684,0.3763571,0.3763571,0.86157024,0.077565074,0.34985793,0.34985793,0.5929752,0.016373068,0.3105891,0.3105891,0.7210744,0.03893709,0.39023018,0.39023018,0.7871901,0.07021758,0.38770825,0.38770825,0.7913223,0.060213655,economy_welfare,0.07851243,0.9996492,0.02450466,0.008470196,0.86028117,0.13922076,0.9804313,0.019345105,0.00016668822,0.0002959571,0.6080124,0.99895763,0.19269124,0.003298652,0.9952007,0.9995435,national_identity
trump1_c001,trump1,trump,en,2021-01-19,farewell_address,1,28,0.037,84,68,0.24902561,0.24902561,0.40289256,-0.036507696,0.0,0.2502358,0.2502358,0.4194215,-0.022579312,0.0,0.23315078,0.23315078,0.4318182,-0.024190336,0.0,0.22255084,0.22255084,0.25826445,-0.039900273,1.4705882,0.17896277,0.17896277,0.16735537,-0.06664935,1.4705882,0.3550262,0.3550262,0.7210744,0.05314964,2.9411764,0.2447995,0.2447995,0.09710744,-0.07665831,0.0,0.23226,0.23226,0.22933884,-0.059768632,0.0,0.19760133,0.19760133,0.1714876,-0.0671794,0.31739795,0.31739795,0.44008264,-0.016655982,0.23552449,0.23552449,0.18801653,-0.063267544,0.25626335,0.25626335,0.20041323,-0.07722151,0.26701266,0.26701266,0.50206614,-0.0046393573,0.46866903,0.46866903,0.9194215,0.14865643,0.3190679,0.3190679,0.44008264,-0.008426696,social_solidarity,0.28925622,0.08475752,0.00045831286,0.0002747927,0.0016678824,0.027350498,0.43662205,0.005230278,0.00109019,0.0010362669,0.09721884,0.14563103,0.0061391313,0.01745923,0.99983555,0.0005102608,social_solidarity
trump1_c002,trump1,trump,en,2021-01-19,farewell_address,2,28,0.074,141,127,0.26084903,0.26084903,0.44421488,-0.02468428,0.78740156,0.4074038,0.4074038,0.95247936,0.13458869,1.5748031,0.2500855,0.2500855,0.5392562,-0.007255614,0.0,0.24820293,0.24820293,0.44421488,-0.014248177,0.0,0.22287327,0.22287327,0.45247933,-0.022738844,0.78740156,0.35205954,0.35205954,0.71694213,0.050183,1.5748031,0.31651038,0.31651038,0.4731405,-0.004947424,0.0,0.2121748,0.2121748,0.15495868,-0.07985383,0.0,0.25420707,0.25420707,0.4855372,-0.010573655,0.295573,0.295573,0.33264464,-0.038480937,0.25961387,0.25961387,0.29545453,-0.039178163,0.23577853,0.23577853,0.12190083,-0.09770633,0.32882893,0.32882893,0.7706612,0.057176918,0.5806213,0.5806213,0.97727275,0.2606087,0.352243,0.352243,0.63842976,0.024748415,security_military,0.23553723,0.66747284,0.9841699,0.0001733272,0.5256123,0.99088323,0.42248976,0.15134111,0.0127472645,0.021206118,0.053009775,0.17582092,0.012383785,0.064506,0.99974436,0.9948804,democracy_institutions
trump1_c003,trump1,trump,en,2021-01-19,farewell_address,3,28,0.111,99,85,0.4546355,0.4546355,0.95247936,0.16910219,3.5294118,0.30351532,0.30351532,0.6838843,0.030700207,0.0,0.27271232,0.27271232,0.65495867,0.015371203,0.0,0.29728013,0.29728013,0.7417355,0.03482902,0.0,0.26559418,0.26559418,0.66322315,0.01998207,0.0,0.41085246,0.41085246,0.9070248,0.10897592,1.1764706,0.36552897,0.36552897,0.7706612,0.044071168,0.0,0.23395671,0.23395671,0.24173553,-0.058071926,0.0,0.32450718,0.32450718,0.7789256,0.059726447,0.4266822,0.4266822,0.911157,0.09262827,0.32220244,0.32220244,0.63429755,0.02341041,0.30720857,0.30720857,0.39876032,-0.02627629,0.44575548,0.44575548,0.98140496,0.17410347,0.5288667,0.5288667,0.9607438,0.20885411,0.34826258,0.34826258,0.6012397,0.020767987,national_identity,0.04545456,0.988188,0.032191858,0.024338884,0.67125505,0.5855752,0.9987132,0.0045032725,0.0015397266,0.0010859444,0.8558963,0.30197924,0.14432967,0.9526403,0.99898374,0.9987887,social_solidarity
trump1_c004,trump1,trump,en,2021-01-19,farewell_address,4,28,0.148,139,121,0.40165383,0.40165383,0.8780992,0.11612052,0.8264463,0.29417312,0.29417312,0.65495867,0.021358013,0.0,0.2009633,0.2009633,0.24586777,-0.056377813,0.0,0.29052216,0.29052216,0.7004132,0.028071046,0.0,0.22374961,0.22374961,0.45661157,-0.021862507,0.0,0.3653487,0.3653487,0.7623967,0.06347215,1.6528926,0.38815492,0.38815492,0.8698347,0.06669712,0.0,0.26691484,0.26691484,0.44421488,-0.025113791,0.0,0.3643875,0.3643875,0.9152893,0.09960678,0.41852438,0.41852438,0.8904959,0.08447045,0.33382633,0.33382633,0.7293388,0.0350343,0.36106032,0.36106032,0.65082645,0.027575463,0.46804428,0.46804428,0.98966944,0.19639227,0.31340414,0.31340414,0.53099173,-0.0066084564,0.3339186,0.3339186,0.51859504,0.00642401,national_identity,0.008264482,0.99980086,0.013363721,0.0003535028,0.8243205,0.94329536,0.9710743,0.92934424,0.009223287,0.020119479,0.9933975,0.4351813,0.98771137,0.98482555,0.89452493,0.9991221,national_identity
trump1_c005,trump1,trump,en,2021-01-19,farewell_address,5,28,0.185,144,125,0.41804773,0.41804773,0.8987603,0.13251442,4.8,0.27957898,0.27957898,0.588843,0.0067638755,0.0,0.3151914,0.3151914,0.79545456,0.05785027,0.8,0.2681266,0.2681266,0.5805785,0.0056754947,0.8,0.26589686,0.26589686,0.66735536,0.020284742,0.0,0.34035787,0.34035787,0.65909094,0.038481325,0.8,0.33269536,0.33269536,0.588843,0.011237562,0.0,0.2824644,0.2824644,0.51033056,-0.009564221,0.0,0.2603372,0.2603372,0.50619835,-0.0044435263,0.3472131,0.3472131,0.5268595,0.013159156,0.34656805,0.34656805,0.7913223,0.047776014,0.34935737,0.34935737,0.5847107,0.015872508,0.3928449,0.3928449,0.94008267,0.12119287,0.39918876,0.39918876,0.80785125,0.07917616,0.35053355,0.35053355,0.62603307,0.023038954,national_identity,0.10330576,0.99937487,0.0003889921,0.03640802,0.89616054,0.0019192377,0.9941233,0.121229865,0.0010525686,0.00024203844,0.37673777,0.99931353,0.06143811,0.11924139,0.9835733,0.99968684,national_identity
trump1_c006,trump1,trump,en,2021-01-19,farewell_address,6,28,0.222,113,94,0.20919946,0.20919946,0.20041323,-0.07633385,1.0638298,0.19728708,0.19728708,0.14669421,-0.075528026,0.0,0.278932,0.278932,0.6838843,0.021590889,1.0638298,0.2614898,0.2614898,0.5433884,-0.0009613037,1.0638298,0.18132274,0.18132274,0.17561984,-0.064289376,0.0,0.21142548,0.21142548,0.15082644,-0.09045106,1.0638298,0.25176775,0.25176775,0.13842975,-0.06969005,0.0,0.25909865,0.25909865,0.35743803,-0.032929987,2.1276596,0.16977143,0.16977143,0.09297521,-0.0950093,0.286233,0.286233,0.29132232,-0.047820926,0.27334917,0.27334917,0.3822314,-0.025442868,0.23245326,0.23245326,0.11363637,-0.1010316,0.26450518,0.26450518,0.4896694,-0.0071468353,0.24772325,0.24772325,0.25826445,-0.07228935,0.3064553,0.3064553,0.3946281,-0.021039277,economy_welfare,0.1404959,0.9472836,0.0014437558,0.011441684,0.99800056,0.57449925,0.03594832,0.058695573,0.0018748618,0.000106582534,0.06201785,0.9989698,0.48602656,0.39650625,0.9979986,0.99839276,foreign_policy
trump1_c007,trump1,trump,en,2021-01-19,farewell_address,7,28,0.259,129,108,0.13739413,0.13739413,0.026859503,-0.14813918,0.0,0.14551193,0.14551193,0.01446281,-0.12730318,0.0,0.27559215,0.27559215,0.66322315,0.018251032,3.7037036,0.28122383,0.28122383,0.65082645,0.018772721,2.7777777,0.07612944,0.07612944,0.0020661156,-0.16948268,0.0,0.17126772,0.17126772,0.04338843,-0.13060883,0.0,0.28630823,0.28630823,0.2747934,-0.035149574,0.0,0.14383313,0.14383313,0.01446281,-0.1481955,0.0,0.18458095,0.18458095,0.13429752,-0.08019978,0.23606381,0.23606381,0.09710744,-0.097990125,0.2021835,0.2021835,0.07231405,-0.096608534,0.16715279,0.16715279,0.018595042,-0.16633207,0.22553286,0.22553286,0.28305784,-0.046119153,0.19012006,0.19012006,0.06404959,-0.12989254,0.15234955,0.15234955,0.01446281,-0.17514504,economy_welfare,0.012396693,0.6095532,0.021105008,0.1892962,0.9746528,0.12437246,0.01619946,0.84540874,0.0008377235,0.00095846487,0.034052216,0.9892544,0.017729297,0.9236956,0.5141564,0.9964343,foreign_policy
trump1_c008,trump1,trump,en,2021-01-19,farewell_address,8,28,0.296,176,137,0.2100763,0.2100763,0.20867768,-0.07545701,2.189781,0.18490821,0.18490821,0.1053719,-0.0879069,0.0,0.46618408,0.46618408,0.98140496,0.20884296,2.189781,0.17355421,0.17355421,0.07644628,-0.0888969,1.459854,0.15480971,0.15480971,0.08471075,-0.0908024,0.0,0.20486487,0.20486487,0.1301653,-0.09701167,0.0,0.25860393,0.25860393,0.17975207,-0.06285387,1.459854,0.20163447,0.20163447,0.10950413,-0.09039417,0.0,0.15207657,0.15207657,0.035123967,-0.11270416,0.22438614,0.22438614,0.06404959,-0.10966779,0.22584891,0.22584891,0.14669421,-0.07294312,0.22761022,0.22761022,0.10950413,-0.10587464,0.21258558,0.21258558,0.20867768,-0.05906643,0.25932598,0.25932598,0.30785123,-0.060686618,0.262085,0.262085,0.19214876,-0.0654096,economy_welfare,0.77272725,0.9974242,0.00023459342,0.99917364,0.23083307,0.3996945,0.99776566,0.056463532,0.54794794,0.000406064,0.023286305,0.9787228,0.99622726,0.004318886,0.986809,0.99908715,economy_welfare
trump1_c009,trump1,trump,en,2021-01-19,farewell_address,9,28,0.333,144,119,0.22538048,0.22538048,0.2747934,-0.06015283,0.84033614,0.2532528,0.2532528,0.4318182,-0.019562304,0.0,0.4070589,0.4070589,0.9483471,0.14971778,0.84033614,0.20008782,0.20008782,0.17561984,-0.062363297,0.0,0.20628218,0.20628218,0.34504133,-0.03932993,0.0,0.28920114,0.28920114,0.44834712,-0.012675405,0.84033614,0.35586852,0.35586852,0.7128099,0.034410715,0.84033614,0.31187126,0.31187126,0.65082645,0.019842625,0.0,0.18911007,0.18911007,0.14669421,-0.07567066,0.27934307,0.27934307,0.2623967,-0.054710865,0.23931816,0.23931816,0.21280992,-0.059473872,0.30915534,0.30915534,0.411157,-0.024329513,0.24097276,0.24097276,0.34917355,-0.030679256,0.35218558,0.35218558,0.64669424,0.032172978,0.36902276,0.36902276,0.7004132,0.041528165,economy_welfare,0.23553717,0.9398582,0.0005023539,0.98209983,0.123629905,0.30362853,0.9870296,0.25137192,0.9941631,0.00047285442,0.06599504,0.4081588,0.99549675,0.13268304,0.9384914,0.9996274,future_reform_technology
trump1_c010,trump1,trump,en,2021-01-19,farewell_address,10,28,0.37,122,99,0.1714862,0.1714862,0.09297521,-0.11404711,0.0,0.21056849,0.21056849,0.20867768,-0.06224662,0.0,0.38780236,0.38780236,0.911157,0.13046125,4.040404,0.15086776,0.15086776,0.030991735,-0.11158335,1.010101,0.15520501,0.15520501,0.08884297,-0.0904071,0.0,0.22735186,0.22735186,0.22520661,-0.074524686,1.010101,0.37749416,0.37749416,0.8285124,0.056036353,2.020202,0.23666266,0.23666266,0.25,-0.05536598,0.0,0.14496174,0.14496174,0.026859503,-0.119818985,0.27122888,0.27122888,0.22520661,-0.062825054,0.25778535,0.25778535,0.28305784,-0.041006684,0.25928319,0.25928319,0.20867768,-0.07420167,0.1627065,0.1627065,0.07231405,-0.10894552,0.31316352,0.31316352,0.52272725,-0.0068490803,0.3191245,0.3191245,0.44421488,-0.008370101,economy_welfare,0.08264464,0.99750805,0.0022694687,0.99959075,0.82817584,0.10725033,0.9972585,0.99135584,0.4838923,0.005169658,0.070751965,0.99911517,0.9871044,0.07765743,0.99489516,0.9997305,economy_welfare
trump1_c011,trump1,trump,en,2021-01-19,farewell_address,11,28,0.407,92,76,0.15797189,0.15797189,0.055785123,-0.12756142,2.631579,0.2572226,0.2572226,0.45661157,-0.0155925155,0.0,0.26432842,0.26432842,0.6177686,0.0069873035,1.3157895,0.2267535,0.2267535,0.28305784,-0.03569761,1.3157895,0.2975074,0.2975074,0.7582645,0.05189529,2.631579,0.23329559,0.23329559,0.25,-0.068580955,0.0,0.22076324,0.22076324,0.0392562,-0.10069457,0.0,0.24705996,0.24705996,0.30785123,-0.04496868,1.3157895,0.20974696,0.20974696,0.21694215,-0.055033773,0.223592,0.223592,0.059917357,-0.110461935,0.22227624,0.22227624,0.13842975,-0.076515794,0.23644117,0.23644117,0.13429752,-0.09704369,0.23157185,0.23157185,0.29958677,-0.04008016,0.27778256,0.27778256,0.3822314,-0.04223004,0.32172155,0.32172155,0.4607438,-0.0057730377,democracy_institutions,0.1404959,0.08525123,0.000103910665,0.0003733659,0.0017007223,0.9987454,0.038520414,0.0024726228,0.0021531414,0.00012243445,0.0014895172,0.077867545,0.9471371,0.022672437,0.77081,0.9944827,democracy_institutions
trump1_c012,trump1,trump,en,2021-01-19,farewell_address,12,28,0.444,124,107,0.24133359,0.24133359,0.34917355,-0.04419972,1.8691589,0.3842008,0.3842008,0.9152893,0.1113857,0.93457943,0.21784383,0.21784383,0.33264464,-0.039497286,0.93457943,0.31216347,0.31216347,0.7913223,0.04971236,0.0,0.21507636,0.21507636,0.40289256,-0.030535758,0.93457943,0.22589648,0.22589648,0.22107439,-0.07598007,0.0,0.27349406,0.27349406,0.24173553,-0.04796374,0.0,0.2398408,0.2398408,0.27066115,-0.05218783,0.0,0.24986416,0.24986416,0.44834712,-0.014916569,0.28701368,0.28701368,0.29958677,-0.047040254,0.26899147,0.26899147,0.3285124,-0.029800564,0.2916829,0.2916829,0.3161157,-0.04180196,0.28230134,0.28230134,0.6095041,0.010649323,0.27804172,0.27804172,0.38636363,-0.04197088,0.3811453,0.3811453,0.7665289,0.053650707,security_military,0.12396699,0.898366,0.9991306,0.00014036924,0.99469805,0.9949298,0.035144843,0.60665876,0.045543224,0.000712446,0.56436855,0.9996547,0.0030396497,0.05261896,0.9975962,0.99962735,security_military
trump1_c013,trump1,trump,en,2021-01-19,farewell_address,13,28,0.481,94,84,0.28371167,0.28371167,0.54752064,-0.0018216372,2.3809524,0.308968,0.308968,0.7086777,0.0361529,0.0,0.22812566,0.22812566,0.3822314,-0.029215455,0.0,0.45904398,0.45904398,0.99380165,0.19659287,7.142857,0.183002,0.183002,0.18801653,-0.06261012,0.0,0.28546256,0.28546256,0.4359504,-0.016413987,0.0,0.34449232,0.34449232,0.66322315,0.023034513,0.0,0.22431105,0.22431105,0.18801653,-0.06771758,0.0,0.29467773,0.29467773,0.63429755,0.029897004,0.35771534,0.35771534,0.6177686,0.023661405,0.29489747,0.29489747,0.50206614,-0.0038945675,0.25575408,0.25575408,0.19628099,-0.077730775,0.35439348,0.35439348,0.857438,0.08274147,0.29984793,0.29984793,0.48140496,-0.020164669,0.30136406,0.30136406,0.3533058,-0.026130527,foreign_policy,0.28512394,0.96462256,0.9783433,0.029816542,0.9960083,0.6467392,0.37626493,0.84556025,0.02002344,0.003976228,0.4057872,0.8482115,0.5281684,0.84840786,0.98651344,0.9990782,foreign_policy
trump1_c014,trump1,trump,en,2021-01-19,farewell_address,14,28,0.519,81,70,0.216009,0.216009,0.22520661,-0.0695243,1.4285715,0.3596484,0.3596484,0.84090906,0.0868333,2.857143,0.18767583,0.18767583,0.1838843,-0.06966528,0.0,0.23203413,0.23203413,0.31198347,-0.03041698,0.0,0.13875237,0.13875237,0.04752066,-0.10685974,0.0,0.1713276,0.1713276,0.04752066,-0.13054894,0.0,0.2425305,0.2425305,0.08471075,-0.07892731,0.0,0.21360275,0.21360275,0.16322315,-0.078425884,0.0,0.19686851,0.19686851,0.16735537,-0.06791222,0.20936021,0.20936021,0.0392562,-0.12469372,0.22203264,0.22203264,0.1301653,-0.0767594,0.25046775,0.25046775,0.1838843,-0.08301711,0.24106458,0.24106458,0.3533058,-0.030587435,0.2664681,0.2664681,0.33677685,-0.05354449,0.21560521,0.21560521,0.07644628,-0.11188938,security_military,0.5289256,0.9988531,0.98964185,0.0009417798,0.89412105,0.14773953,0.5986789,0.11143446,0.9869418,0.027195055,0.08385287,0.99927497,0.9928231,0.06296183,0.9834307,0.9996245,national_identity
trump1_c015,trump1,trump,en,2021-01-19,farewell_address,15,28,0.556,88,70,0.24989563,0.24989563,0.4070248,-0.035637677,1.4285715,0.3091821,0.3091821,0.7128099,0.036367,1.4285715,0.16641428,0.16641428,0.08471075,-0.09092684,0.0,0.44404,0.44404,0.98966944,0.18158889,4.285714,0.15678264,0.15678264,0.09297521,-0.08882947,0.0,0.24919565,0.24919565,0.29545453,-0.052680895,0.0,0.3030036,0.3030036,0.37396693,-0.018454194,0.0,0.19612251,0.19612251,0.08884297,-0.09590612,0.0,0.36859858,0.36859858,0.9194215,0.10381785,0.36259782,0.36259782,0.62603307,0.02854389,0.28970382,0.28970382,0.4855372,-0.009088218,0.24028935,0.24028935,0.1590909,-0.09319551,0.37223077,0.37223077,0.8987603,0.100578755,0.25458372,0.25458372,0.28719008,-0.06542888,0.2735912,0.2735912,0.24173553,-0.0539034,foreign_policy,0.27685952,0.99798685,0.9995955,0.00018595056,0.999854,0.00184405,0.026683092,0.9976265,0.00033015272,0.98517185,0.9671476,0.99741906,0.007673307,0.99633217,0.99806386,0.99960333,foreign_policy
trump1_c016,trump1,trump,en,2021-01-19,farewell_address,16,28,0.593,88,77,0.24612969,0.24612969,0.39049587,-0.039403617,0.0,0.3070685,0.3070685,0.7004132,0.03425339,2.5974026,0.23129927,0.23129927,0.42768595,-0.02604185,0.0,0.39798117,0.39798117,0.96487606,0.13553005,1.2987013,0.18295245,0.18295245,0.1838843,-0.062659666,0.0,0.21213108,0.21213108,0.1590909,-0.08974546,0.0,0.24695438,0.24695438,0.11363637,-0.07450342,0.0,0.26712525,0.26712525,0.44834712,-0.024903387,1.2987013,0.3102149,0.3102149,0.71694213,0.045434177,0.3795859,0.3795859,0.7128099,0.04553196,0.3339231,0.3339231,0.7334711,0.035131067,0.31813955,0.31813955,0.46900827,-0.015345305,0.28183678,0.28183678,0.6012397,0.010184765,0.24550864,0.24550864,0.25,-0.07450396,0.34468976,0.34468976,0.5764463,0.017195165,foreign_policy,0.26446283,0.040922303,0.9726235,0.0001892475,0.9493416,0.048450954,0.037169296,0.075372905,0.00052337564,0.0012089459,0.9893166,0.9995408,0.19713756,0.08997298,0.9934006,0.99885756,security_military
trump1_c017,trump1,trump,en,2021-01-19,farewell_address,17,28,0.63,81,63,0.45174778,0.45174778,0.9483471,0.16621447,4.7619047,0.34037876,0.34037876,0.81198347,0.06756365,0.0,0.31824297,0.31824297,0.80785125,0.06090185,0.0,0.34361625,0.34361625,0.8863636,0.081165135,0.0,0.40389723,0.40389723,0.96900827,0.15828511,0.0,0.4383173,0.4383173,0.9318182,0.13644075,0.0,0.38262188,0.38262188,0.85330576,0.06116408,0.0,0.33785844,0.33785844,0.7376033,0.045829803,0.0,0.33427006,0.33427006,0.8285124,0.06948933,0.4170704,0.4170704,0.8863636,0.083016455,0.3283529,0.3283529,0.6838843,0.029560864,0.4022682,0.4022682,0.7789256,0.06878334,0.47303402,0.47303402,0.99380165,0.20138201,0.53157544,0.53157544,0.96487606,0.21156284,0.49042562,0.49042562,0.9855372,0.16293103,democracy_institutions,0.020661175,0.9985047,0.12678516,0.47268352,0.119074814,0.99110544,0.9998687,0.78695047,0.016963702,0.0005625759,0.79199207,0.7999117,0.011995771,0.5799952,0.9290552,0.99985605,social_solidarity
trump1_c018,trump1,trump,en,2021-01-19,farewell_address,18,28,0.667,92,77,0.30641013,0.30641013,0.62603307,0.020876825,0.0,0.34040377,0.34040377,0.8161157,0.06758866,0.0,0.41203904,0.41203904,0.95247936,0.15469792,0.0,0.24717478,0.24717478,0.44008264,-0.015276328,0.0,0.26037225,0.26037225,0.64669424,0.014760137,0.0,0.32647917,0.32647917,0.6136364,0.024602622,1.2987013,0.36863643,0.36863643,0.7871901,0.047178626,0.0,0.26845503,0.26845503,0.45247933,-0.023573607,0.0,0.32594165,0.32594165,0.7871901,0.061160922,0.3472513,0.3472513,0.53099173,0.013197362,0.30637378,0.30637378,0.54752064,0.0075817406,0.34188092,0.34188092,0.5681818,0.008396059,0.34237444,0.34237444,0.82438016,0.07072243,0.3834588,0.3834588,0.7541322,0.063446194,0.3996525,0.3996525,0.83264464,0.07215792,economy_welfare,0.13636369,0.76313084,0.00056588004,0.2833846,0.69336915,0.30239108,0.9861113,0.75023264,0.00063371257,0.011642223,0.11367795,0.7719295,0.7276369,0.90066093,0.9168105,0.9995669,social_solidarity
trump1_c019,trump1,trump,en,2021-01-19,farewell_address,19,28,0.704,118,101,0.43952638,0.43952638,0.9318182,0.15399307,0.0,0.25902915,0.25902915,0.47727272,-0.013785958,0.0,0.28440335,0.28440335,0.696281,0.027062237,0.0,0.260441,0.260441,0.53512394,-0.002010107,0.0,0.41159528,0.41159528,0.9731405,0.16598317,0.990099,0.40507323,0.40507323,0.8904959,0.10319668,0.990099,0.33266598,0.33266598,0.5847107,0.011208177,0.0,0.27443808,0.27443808,0.48140496,-0.017590553,0.0,0.22064619,0.22064619,0.27066115,-0.044134542,0.37017158,0.37017158,0.66735536,0.036117643,0.32815823,0.32815823,0.67975205,0.029366195,0.3176781,0.3176781,0.46487603,-0.015806764,0.34612262,0.34612262,0.84090906,0.07447061,0.44555163,0.44555163,0.8946281,0.12553903,0.41741472,0.41741472,0.87396693,0.08992013,democracy_institutions,0.04132229,0.9995045,0.02148663,0.021951528,0.73753643,0.8225101,0.99920374,0.05831901,0.0007451558,0.00057703455,0.8522297,0.9481725,0.0048485333,0.31237,0.9845383,0.99942636,national_identity
trump1_c020,trump1,trump,en,2021-01-19,farewell_address,20,28,0.741,87,76,0.4475607,0.4475607,0.94008267,0.16202739,2.631579,0.36302608,0.36302608,0.85330576,0.090210974,0.0,0.39880306,0.39880306,0.9318182,0.14146194,0.0,0.25007012,0.25007012,0.4607438,-0.012380987,0.0,0.3483061,0.3483061,0.8946281,0.102693975,2.631579,0.4577794,0.4577794,0.96487606,0.15590286,3.9473684,0.36480284,0.36480284,0.7623967,0.043345034,0.0,0.3069127,0.3069127,0.6219008,0.014884055,1.3157895,0.30007398,0.30007398,0.66735536,0.03529325,0.40136075,0.40136075,0.803719,0.06730682,0.3789839,0.3789839,0.87396693,0.08019188,0.37308514,0.37308514,0.7086777,0.039600283,0.34067035,0.34067035,0.82024795,0.069018334,0.4584038,0.4584038,0.911157,0.1383912,0.38037014,0.38037014,0.7623967,0.05287555,social_solidarity,0.024793386,0.97032434,0.0014021305,0.015967654,0.7336427,0.9886628,0.9996886,0.021781174,0.00014369754,0.00040211942,0.88508636,0.985814,0.5461633,0.027324531,0.99869674,0.99898577,social_solidarity
trump1_c021,trump1,trump,en,2021-01-19,farewell_address,21,28,0.778,101,90,0.43174553,0.43174553,0.9152893,0.14621222,4.4444447,0.37893125,0.37893125,0.8987603,0.106116146,0.0,0.22942574,0.22942574,0.40289256,-0.027915373,0.0,0.3371473,0.3371473,0.86570245,0.07469618,1.1111112,0.23592708,0.23592708,0.53512394,-0.0096850395,0.0,0.34797174,0.34797174,0.70454544,0.046095192,1.1111112,0.47500116,0.47500116,0.99380165,0.15354335,3.3333333,0.24607404,0.24607404,0.303719,-0.0459546,0.0,0.4184906,0.4184906,0.9855372,0.15370986,0.357281,0.357281,0.6136364,0.023227066,0.34877563,0.34877563,0.803719,0.04998359,0.31333837,0.31333837,0.42768595,-0.02014649,0.4255445,0.4255445,0.96900827,0.15389249,0.34397623,0.34397623,0.6095041,0.02396363,0.3251701,0.3251701,0.4731405,-0.0023244917,crisis_resilience,0.07851237,0.8681942,0.742515,0.00021654405,0.92918384,0.32215267,0.9231778,0.99273914,0.00022871332,0.008267597,0.03044435,0.6535693,0.008179984,0.9968642,0.007289078,0.7399395,crisis_resilience
trump1_c022,trump1,trump,en,2021-01-19,farewell_address,22,28,0.815,89,76,0.4853999,0.4853999,0.9731405,0.1998666,5.263158,0.29062814,0.29062814,0.63429755,0.017813027,0.0,0.21025106,0.21025106,0.28719008,-0.047090054,0.0,0.26919284,0.26919284,0.5929752,0.0067417324,0.0,0.2540304,0.2540304,0.6053719,0.008418292,0.0,0.4008034,0.4008034,0.8698347,0.09892684,2.631579,0.40585613,0.40585613,0.9152893,0.08439833,1.3157895,0.2636316,0.2636316,0.40289256,-0.028397024,0.0,0.27251247,0.27251247,0.55991733,0.0077317357,0.34578216,0.34578216,0.51859504,0.011728227,0.3804914,0.3804914,0.8780992,0.08169937,0.30080315,0.30080315,0.37809917,-0.032681704,0.3386026,0.3386026,0.8161157,0.06695059,0.35659122,0.35659122,0.65082645,0.036578625,0.2827708,0.2827708,0.27066115,-0.04472378,national_identity,0.057851195,0.99980706,0.18757875,0.00014091856,0.5263428,0.031173313,0.9722044,0.7335473,0.00014230126,0.0034902105,0.684053,0.92602617,0.00022782186,0.2567388,0.9658995,0.9842458,national_identity
trump1_c023,trump1,trump,en,2021-01-19,farewell_address,23,28,0.852,173,146,0.48721075,0.48721075,0.97727275,0.20167744,3.4246576,0.27310187,0.27310187,0.5516529,0.00028675795,0.0,0.17559744,0.17559744,0.12603305,-0.08174367,0.0,0.23943661,0.23943661,0.37809917,-0.0230145,0.0,0.30488285,0.30488285,0.7871901,0.05927074,0.0,0.37369725,0.37369725,0.79545456,0.071820706,0.6849315,0.3569977,0.3569977,0.7252066,0.035539895,0.0,0.24342157,0.24342157,0.28305784,-0.048607066,0.0,0.3321153,0.3321153,0.82438016,0.06733456,0.31236786,0.31236786,0.4235537,-0.021686077,0.2890625,0.2890625,0.48140496,-0.009729534,0.23696722,0.23696722,0.13842975,-0.09651764,0.41141498,0.41141498,0.9483471,0.13976297,0.28410766,0.28410766,0.411157,-0.035904944,0.25007457,0.25007457,0.16322315,-0.077420026,national_identity,0.18181819,0.93949836,0.0023504829,0.0003521251,0.22738355,0.4139509,0.65013415,0.32362056,0.00019716943,0.0018422531,0.56363314,0.98189265,0.00018450373,0.05241244,0.84887826,0.9148439,national_identity
trump1_c024,trump1,trump,en,2021-01-19,farewell_address,24,28,0.889,84,71,0.3404753,0.3404753,0.7417355,0.054941982,1.4084507,0.2630225,0.2630225,0.50619835,-0.009792596,1.4084507,0.19507083,0.19507083,0.21694215,-0.062270284,0.0,0.2069487,0.2069487,0.18801653,-0.055502415,0.0,0.2577718,0.2577718,0.6219008,0.012159675,1.4084507,0.30242556,0.30242556,0.5144628,0.0005490184,1.4084507,0.35655212,0.35655212,0.71694213,0.03509432,1.4084507,0.25806588,0.25806588,0.34917355,-0.033962756,0.0,0.25007457,0.25007457,0.4607438,-0.014706165,0.2714907,0.2714907,0.23347108,-0.06256324,0.24744752,0.24744752,0.24173553,-0.051344514,0.2919368,0.2919368,0.32438016,-0.041548043,0.3161019,0.3161019,0.7376033,0.044449896,0.34331024,0.34331024,0.6053719,0.023297638,0.2694959,0.2694959,0.22933884,-0.057998687,national_identity,0.024793386,0.41825128,0.6198021,0.0009907909,0.7021217,0.0037948343,0.44789797,0.8781315,0.0015307452,0.25717583,0.0025509123,0.997981,0.0006719279,0.9900636,0.9446383,0.9930961,crisis_resilience
trump1_c025,trump1,trump,en,2021-01-19,farewell_address,25,28,0.926,99,89,0.37191927,0.37191927,0.81198347,0.086385965,0.0,0.28395867,0.28395867,0.6053719,0.011143565,0.0,0.18156405,0.18156405,0.15495868,-0.07577707,0.0,0.22997858,0.22997858,0.29545453,-0.032472536,0.0,0.22207022,0.22207022,0.44834712,-0.023541898,0.0,0.3254547,0.3254547,0.5971074,0.023578167,4.494382,0.29712623,0.29712623,0.33264464,-0.02433157,0.0,0.16324094,0.16324094,0.0392562,-0.1287877,0.0,0.21193846,0.21193846,0.23347108,-0.052842274,0.303209,0.303209,0.37809917,-0.030844927,0.33635548,0.33635548,0.7417355,0.037563443,0.26974413,0.26974413,0.23347108,-0.06374073,0.3493634,0.3493634,0.84917355,0.07771137,0.42016992,0.42016992,0.87396693,0.10015732,0.2663795,0.2663795,0.21694215,-0.061115086,national_identity,0.20661157,0.99959314,0.19726077,0.0026834398,0.5496406,0.32283276,0.99982053,0.9889706,0.0028118587,0.0016776673,0.8968627,0.9977128,0.0005347357,0.020449394,0.9987031,0.99918807,social_solidarity
trump1_c026,trump1,trump,en,2021-01-19,farewell_address,26,28,0.963,170,149,0.46155,0.46155,0.96900827,0.17601669,4.0268455,0.36495167,0.36495167,0.86570245,0.09213656,0.67114097,0.24812895,0.24812895,0.5144628,-0.009212166,0.0,0.39666516,0.39666516,0.9607438,0.13421404,1.3422819,0.28313676,0.28313676,0.7210744,0.03752464,0.0,0.34568143,0.34568143,0.67975205,0.043804884,0.67114097,0.38942474,0.38942474,0.8780992,0.06796694,0.0,0.2646253,0.2646253,0.41528925,-0.027403325,0.0,0.37521118,0.37521118,0.95247936,0.11043045,0.4030459,0.4030459,0.8161157,0.06899196,0.37187445,0.37187445,0.85330576,0.07308242,0.34959492,0.34959492,0.588843,0.016110063,0.41684282,0.41684282,0.9607438,0.1451908,0.40902922,0.40902922,0.84917355,0.08901662,0.36932975,0.36932975,0.70454544,0.04183516,national_identity,0.008264482,0.9993108,0.16161774,0.001044386,0.96954125,0.4371626,0.9931162,0.9553608,0.0008279718,0.06371499,0.74562997,0.9995178,0.0046636546,0.9840936,0.9955446,0.9994715,national_identity
trump1_c027,trump1,trump,en,2021-01-19,farewell_address,27,28,1.0,123,109,0.42942134,0.42942134,0.911157,0.14388803,3.6697247,0.29857937,0.29857937,0.66735536,0.025764257,0.0,0.2919835,0.2919835,0.7252066,0.03464237,0.0,0.26400787,0.26400787,0.5516529,0.0015567541,0.0,0.32761002,0.32761002,0.83264464,0.0819979,0.0,0.45113432,0.45113432,0.95247936,0.14925778,1.8348624,0.34934944,0.34934944,0.69214875,0.027891636,0.0,0.39373744,0.39373744,0.8780992,0.1017088,0.9174312,0.2701019,0.2701019,0.5433884,0.005321175,0.40224743,0.40224743,0.80785125,0.068193495,0.3410588,0.3410588,0.7706612,0.042266756,0.4808201,0.4808201,0.95247936,0.14733523,0.355669,0.355669,0.86157024,0.08401698,0.47027665,0.47027665,0.9318182,0.15026405,0.4771576,0.4771576,0.97727275,0.149663,social_solidarity,0.04132235,0.9957104,0.7783967,0.52658623,0.8308859,0.8928548,0.99975985,0.11945949,0.008372341,0.0012448432,0.7624462,0.013821962,0.32136682,0.025516601,0.7059371,0.99937487,social_solidarity
trump2_c000,trump2,trump,en,,composite_excerpts,0,2,0.0,99,80,0.27815744,0.27815744,0.52272725,-0.007375866,1.25,0.3584238,0.3584238,0.83677685,0.08560869,0.0,0.27768993,0.27768993,0.6714876,0.020348817,0.0,0.26019496,0.26019496,0.51859504,-0.002256155,1.25,0.29482096,0.29482096,0.75,0.04920885,0.0,0.37377888,0.37377888,0.7995868,0.071902335,2.5,0.3629142,0.3629142,0.75,0.0414564,0.0,0.29345548,0.29345548,0.5681818,0.0014268458,0.0,0.33513236,0.33513236,0.83264464,0.07035163,0.38519573,0.38519573,0.7293388,0.0511418,0.27456915,0.27456915,0.3946281,-0.02422288,0.3600997,0.3600997,0.63842976,0.026614845,0.34369755,0.34369755,0.83264464,0.072045535,0.3793915,0.3793915,0.7376033,0.059378892,0.41099083,0.41099083,0.86157024,0.08349624,security_military,0.03719008,0.9990836,0.8610424,0.02405355,0.97728425,0.80995333,0.9992446,0.89138633,0.09829552,0.023464656,0.99210036,0.5954925,0.9872528,0.9972744,0.9986646,0.99957114,social_solidarity
trump2_c001,trump2,trump,en,,composite_excerpts,1,2,1.0,104,82,0.22731385,0.22731385,0.29132232,-0.058219463,1.2195122,0.3652575,0.3652575,0.8698347,0.09244239,1.2195122,0.44144094,0.44144094,0.96900827,0.18409982,1.2195122,0.22465812,0.22465812,0.2747934,-0.037792996,0.0,0.24457768,0.24457768,0.5640496,-0.0010344386,2.4390244,0.26928404,0.26928404,0.36570248,-0.032592505,0.0,0.30231622,0.30231622,0.36983472,-0.019141585,0.0,0.26408035,0.26408035,0.4070248,-0.02794829,0.0,0.33592504,0.33592504,0.83677685,0.07114431,0.3111907,0.3111907,0.411157,-0.022863239,0.31819028,0.31819028,0.6095041,0.019398242,0.33111298,0.33111298,0.52272725,-0.0023718774,0.29178643,0.29178643,0.65082645,0.02013442,0.32081616,0.32081616,0.5557851,0.00080356,0.4081576,0.4081576,0.85330576,0.080662996,economy_welfare,0.099173546,0.9994429,0.5316957,0.94864136,0.8834373,0.96860474,0.9627257,0.98362845,0.0011469156,0.058399513,0.18646513,0.9994715,0.9985018,0.9530352,0.99116117,0.9997585,national_identity
trump3_c000,trump3,trump,en,2017-01-20,inaugural_address,0,16,0.0,115,101,0.37386099,0.37386099,0.8161157,0.088327676,2.970297,0.29414076,0.29414076,0.65082645,0.021325648,0.0,0.29996577,0.29996577,0.75,0.042624652,0.0,0.31662077,0.31662077,0.803719,0.054169655,0.990099,0.3451689,0.3451689,0.8904959,0.099556774,0.0,0.36112952,0.36112952,0.7582645,0.059252977,0.990099,0.42149764,0.42149764,0.9442149,0.10003984,2.970297,0.37991244,0.37991244,0.84090906,0.0878838,0.0,0.28473675,0.28473675,0.6095041,0.019956023,0.4298003,0.4298003,0.9194215,0.09574637,0.38097164,0.38097164,0.8822314,0.082179606,0.446796,0.446796,0.8698347,0.11331114,0.36752865,0.36752865,0.8780992,0.095876634,0.47334805,0.47334805,0.94008267,0.15333545,0.47833043,0.47833043,0.98140496,0.15083584,crisis_resilience,0.053718984,0.9995345,0.050190784,0.0016293088,0.894098,0.52445555,0.99901694,0.2260834,0.00032822453,0.00053578045,0.9957561,0.9795897,0.96178585,0.3418296,0.9997064,0.99975747,national_identity
trump3_c001,trump3,trump,en,2017-01-20,inaugural_address,1,16,0.067,107,86,0.29956114,0.29956114,0.5805785,0.014027834,1.1627907,0.22580475,0.22580475,0.28719008,-0.047010362,0.0,0.3195935,0.3195935,0.81198347,0.062252373,1.1627907,0.20872262,0.20872262,0.19214876,-0.05372849,0.0,0.3128109,0.3128109,0.81198347,0.06719878,0.0,0.3154803,0.3154803,0.5516529,0.013603747,0.0,0.2881666,0.2881666,0.28719008,-0.03329119,0.0,0.26673988,0.26673988,0.4359504,-0.02528876,0.0,0.23074314,0.23074314,0.3409091,-0.03403759,0.3156524,0.3156524,0.4318182,-0.018401533,0.32840145,0.32840145,0.68801653,0.029609412,0.31630898,0.31630898,0.44421488,-0.017175883,0.38135087,0.38135087,0.9194215,0.10969886,0.42921796,0.42921796,0.8863636,0.109205365,0.4130848,0.4130848,0.86570245,0.08559021,economy_welfare,0.0,0.97038054,0.2959416,0.09760522,0.7469705,0.9861247,0.9858821,0.11516224,0.009802816,0.001949402,0.04208773,0.9968519,0.016882466,0.17297365,0.75146586,0.99374056,democracy_institutions
trump3_c002,trump3,trump,en,2017-01-20,inaugural_address,2,16,0.133,90,77,0.40518516,0.40518516,0.8863636,0.119651854,2.5974026,0.33345246,0.33345246,0.7995868,0.060637355,0.0,0.31454468,0.31454468,0.7913223,0.05720356,0.0,0.24283698,0.24283698,0.40289256,-0.01961413,0.0,0.3341329,0.3341329,0.857438,0.088520795,0.0,0.38124114,0.38124114,0.8161157,0.0793646,1.2987013,0.37353495,0.37353495,0.803719,0.052077144,0.0,0.2926914,0.2926914,0.5640496,0.00066277385,0.0,0.33833176,0.33833176,0.84917355,0.07355103,0.3770717,0.3770717,0.696281,0.043017775,0.36819863,0.36819863,0.83264464,0.0694066,0.3385163,0.3385163,0.5433884,0.0050314367,0.43522817,0.43522817,0.9731405,0.16357616,0.46948898,0.46948898,0.9235537,0.14947638,0.3940442,0.3940442,0.803719,0.0665496,national_identity,0.028925598,0.8603985,0.6757646,0.31132218,0.14404348,0.9921385,0.9940889,0.96805066,0.00012291357,0.00064999826,0.010150015,0.0054692747,0.00015781862,0.7094848,0.97737354,0.54522514,social_solidarity
trump3_c003,trump3,trump,en,2017-01-20,inaugural_address,3,16,0.2,93,74,0.39686477,0.39686477,0.8698347,0.11133146,2.7027028,0.2793985,0.2793985,0.5847107,0.0065833926,0.0,0.28599048,0.28599048,0.70454544,0.02864936,0.0,0.25907186,0.25907186,0.5144628,-0.0033792555,0.0,0.36667898,0.36667898,0.9152893,0.12106687,0.0,0.3304295,0.3304295,0.63842976,0.02855295,0.0,0.29937994,0.29937994,0.34917355,-0.022077858,0.0,0.30273405,0.30273405,0.6012397,0.010705411,0.0,0.2558956,0.2558956,0.4896694,-0.008885115,0.33796388,0.33796388,0.4979339,0.0039099455,0.3543655,0.3543655,0.82024795,0.055573463,0.35180813,0.35180813,0.6053719,0.018323272,0.40751126,0.40751126,0.9442149,0.13585925,0.44935685,0.44935685,0.9028926,0.12934425,0.45418158,0.45418158,0.9442149,0.12668699,democracy_institutions,0.04545456,0.92234254,0.0014269595,0.00074515573,0.6233195,0.8525676,0.9944343,0.0014325365,0.00026272482,0.00031688946,0.021287354,0.96596384,0.002795477,0.48803937,0.88871056,0.9495759,social_solidarity
trump3_c004,trump3,trump,en,2017-01-20,inaugural_address,4,16,0.267,163,146,0.37501946,0.37501946,0.82438016,0.08948615,2.739726,0.29047126,0.29047126,0.6301653,0.017656147,0.0,0.3748598,0.3748598,0.8987603,0.11751869,0.6849315,0.18428889,0.18428889,0.11776859,-0.07816222,0.6849315,0.33576047,0.33576047,0.86570245,0.09014836,0.0,0.38994533,0.38994533,0.84917355,0.08806878,0.6849315,0.3475352,0.3475352,0.6838843,0.02607739,0.0,0.37772232,0.37772232,0.83677685,0.08569369,2.0547945,0.26230654,0.26230654,0.51033056,-0.0024741888,0.3066898,0.3066898,0.39876032,-0.027364135,0.29932505,0.29932505,0.51859504,0.00053301454,0.3493287,0.3493287,0.5805785,0.015843838,0.33561733,0.33561733,0.7913223,0.06396532,0.40371263,0.40371263,0.8285124,0.08370003,0.35478774,0.35478774,0.65495867,0.027293146,economy_welfare,0.03305787,0.89358836,0.0026163394,0.011789214,0.2664527,0.13273925,0.99854773,0.6796041,0.00021612163,0.0018350843,0.0030455743,0.9993215,0.00026375282,0.99300176,0.21526825,0.988701,social_solidarity
trump3_c005,trump3,trump,en,2017-01-20,inaugural_address,5,16,0.333,136,114,0.41355082,0.41355082,0.8946281,0.12801751,1.754386,0.39439228,0.39439228,0.94008267,0.12157717,0.877193,0.36798924,0.36798924,0.8863636,0.110648125,1.754386,0.3572985,0.3572985,0.911157,0.09484738,1.754386,0.22471878,0.22471878,0.4731405,-0.020893335,0.0,0.36080694,0.36080694,0.7458678,0.058930397,0.0,0.39087087,0.39087087,0.8822314,0.069413066,0.0,0.27389288,0.27389288,0.47727272,-0.018135756,0.0,0.36912668,0.36912668,0.9235537,0.10434595,0.4119458,0.4119458,0.857438,0.07789186,0.33197147,0.33197147,0.7210744,0.033179432,0.36458626,0.36458626,0.66735536,0.031101406,0.4431683,0.4431683,0.97727275,0.1715163,0.40463772,0.40463772,0.83264464,0.084625125,0.43125808,0.43125808,0.911157,0.10376349,security_military,0.028925657,0.9983643,0.9759235,0.034140654,0.9825408,0.07776243,0.5818972,0.070080765,0.00017298902,0.895842,0.035931405,0.9991688,0.00025613976,0.9976632,0.8219034,0.9976009,national_identity
trump3_c006,trump3,trump,en,2017-01-20,inaugural_address,6,16,0.4,91,79,0.30954003,0.30954003,0.6301653,0.024006724,0.0,0.2703951,0.2703951,0.53512394,-0.0024200082,0.0,0.3904813,0.3904813,0.9235537,0.13314018,0.0,0.28769964,0.28769964,0.67975205,0.025248528,2.5316455,0.21318026,0.21318026,0.3946281,-0.032431856,0.0,0.29959467,0.29959467,0.49380165,-0.0022818744,0.0,0.3223251,0.3223251,0.52272725,0.0008673072,0.0,0.29480803,0.29480803,0.572314,0.0027793944,1.2658228,0.26897362,0.26897362,0.53099173,0.0041928887,0.31178033,0.31178033,0.4194215,-0.0222736,0.35937196,0.35937196,0.8285124,0.060579926,0.35436618,0.35436618,0.6177686,0.020881325,0.3560055,0.3560055,0.8698347,0.08435348,0.331213,0.331213,0.5764463,0.011200398,0.3073197,0.3073197,0.40289256,-0.02017489,economy_welfare,0.24380165,0.82439125,0.12586904,0.9949593,0.7799929,0.011721147,0.86339164,0.08601587,0.0014103586,0.00023322323,0.007073256,0.9886024,0.00039511538,0.27279878,0.02904941,0.7958169,economy_welfare
trump3_c007,trump3,trump,en,2017-01-20,inaugural_address,7,16,0.467,83,70,0.34842676,0.34842676,0.7706612,0.06289345,0.0,0.32878458,0.32878458,0.7789256,0.055969477,0.0,0.38933492,0.38933492,0.9194215,0.1319938,2.857143,0.39073774,0.39073774,0.95247936,0.12828663,2.857143,0.29951787,0.29951787,0.7665289,0.053905755,0.0,0.34548825,0.34548825,0.67561984,0.043611705,1.4285715,0.3391673,0.3391673,0.6177686,0.017709494,0.0,0.35546172,0.35546172,0.78305787,0.06343308,0.0,0.327878,0.327878,0.803719,0.06309727,0.38411272,0.38411272,0.7252066,0.050058782,0.30942482,0.30942482,0.5640496,0.010632783,0.45302474,0.45302474,0.8863636,0.11953989,0.41337055,0.41337055,0.95247936,0.14171854,0.38911015,0.38911015,0.7747934,0.06909755,0.47649732,0.47649732,0.9731405,0.14900273,foreign_policy,0.03305787,0.99926203,0.009259051,0.7489496,0.8716389,0.9648552,0.9206828,0.018689308,0.0009584648,0.00036543288,0.119922526,0.0013354009,0.99848413,0.11956225,0.8204695,0.9992282,national_identity
trump3_c008,trump3,trump,en,2017-01-20,inaugural_address,8,16,0.533,96,82,0.34976044,0.34976044,0.7747934,0.064227134,0.0,0.4385731,0.4385731,0.98966944,0.16575798,0.0,0.44981015,0.44981015,0.9731405,0.19246903,3.6585367,0.2974922,0.2974922,0.7458678,0.035041094,1.2195122,0.25858587,0.25858587,0.62603307,0.012973756,0.0,0.3198532,0.3198532,0.5805785,0.017976642,0.0,0.37377304,0.37377304,0.80785125,0.052315235,0.0,0.28529516,0.28529516,0.53512394,-0.006733477,0.0,0.3726195,0.3726195,0.9359504,0.10783878,0.37818184,0.37818184,0.70454544,0.04412791,0.29591724,0.29591724,0.5144628,-0.0028747916,0.36805725,0.36805725,0.69214875,0.034572393,0.41914222,0.41914222,0.96487606,0.1474902,0.33961266,0.33961266,0.588843,0.019600064,0.4398396,0.4398396,0.9318182,0.11234501,security_military,0.016528964,0.9979771,0.9951843,0.84727407,0.9965837,0.961171,0.9982658,0.98704207,0.32124704,0.6627419,0.031514283,0.5712883,0.974092,0.9969898,0.9911441,0.99969643,social_solidarity
trump3_c009,trump3,trump,en,2017-01-20,inaugural_address,9,16,0.6,92,85,0.30216432,0.30216432,0.6012397,0.016631007,4.7058825,0.30088407,0.30088407,0.67561984,0.02806896,0.0,0.38279128,0.38279128,0.9028926,0.12545016,0.0,0.39098126,0.39098126,0.9566116,0.12853014,1.1764706,0.28462797,0.28462797,0.7293388,0.03901586,0.0,0.33944356,0.33944356,0.65495867,0.03756702,0.0,0.3484913,0.3484913,0.68801653,0.027033508,1.1764706,0.29976356,0.29976356,0.588843,0.0077349246,0.0,0.2990191,0.2990191,0.66322315,0.03423837,0.38870373,0.38870373,0.7458678,0.0546498,0.2522163,0.2522163,0.2747934,-0.046575725,0.40040314,0.40040314,0.7747934,0.06691828,0.39171118,0.39171118,0.9359504,0.12005916,0.33346748,0.33346748,0.5805785,0.013454884,0.41881043,0.41881043,0.8822314,0.091315836,foreign_policy,0.053718984,0.8617856,0.0041581606,0.039899886,0.859695,0.6639958,0.9967141,0.036977552,0.28590748,0.0005203196,0.5152541,0.10729124,0.9978636,0.016947424,0.47207496,0.99953353,social_solidarity
trump3_c010,trump3,trump,en,2017-01-20,inaugural_address,10,16,0.667,99,89,0.39463735,0.39463735,0.86157024,0.10910404,1.1235955,0.3726066,0.3726066,0.8904959,0.0997915,1.1235955,0.24719939,0.24719939,0.51033056,-0.01014173,0.0,0.48181355,0.48181355,0.99793386,0.21936244,2.247191,0.28920883,0.28920883,0.7376033,0.043596715,0.0,0.42010126,0.42010126,0.9152893,0.11822471,0.0,0.35731673,0.35731673,0.7293388,0.03585893,0.0,0.3262081,0.3262081,0.70454544,0.03417948,0.0,0.42703038,0.42703038,0.99380165,0.16224965,0.50175595,0.50175595,0.9855372,0.16770202,0.28465855,0.28465855,0.4731405,-0.014133483,0.40845907,0.40845907,0.7871901,0.07497421,0.49426466,0.49426466,0.99793386,0.22261265,0.34203315,0.34203315,0.5971074,0.022020549,0.42784816,0.42784816,0.9070248,0.10035357,foreign_policy,0.08264458,0.9997575,0.8165435,0.0008592477,0.966108,0.7264863,0.9985336,0.95132345,0.0004520924,0.17265955,0.9975513,0.89695305,0.732544,0.79609436,0.47999114,0.99965674,national_identity
trump3_c011,trump3,trump,en,2017-01-20,inaugural_address,11,16,0.733,106,91,0.45062277,0.45062277,0.9442149,0.16508946,2.1978023,0.39248782,0.39248782,0.9359504,0.119672716,1.0989012,0.23119283,0.23119283,0.4235537,-0.02614829,0.0,0.27759802,0.27759802,0.63842976,0.015146911,0.0,0.2425965,0.2425965,0.55991733,-0.0030156076,1.0989012,0.47000676,0.47000676,0.97727275,0.16813022,2.1978023,0.37587774,0.37587774,0.82024795,0.054419935,0.0,0.20862529,0.20862529,0.14256199,-0.08340335,0.0,0.38309523,0.38309523,0.9566116,0.118314505,0.53349745,0.53349745,0.99380165,0.19944352,0.28409156,0.28409156,0.46487603,-0.014700472,0.27757436,0.27757436,0.27066115,-0.055910498,0.4492023,0.4492023,0.9855372,0.17755029,0.37493992,0.37493992,0.7210744,0.05492732,0.31525242,0.31525242,0.4318182,-0.012242168,social_solidarity,0.03305787,0.99944615,0.9966949,0.00012387749,0.62406445,0.13511792,0.9978843,0.056652423,8.7502995e-05,0.0006732405,0.9986462,0.809276,0.0007687913,0.055043377,0.417984,0.99739635,national_identity
trump3_c012,trump3,trump,en,2017-01-20,inaugural_address,12,16,0.8,80,71,0.31584692,0.31584692,0.65909094,0.030313611,1.4084507,0.226274,0.226274,0.29545453,-0.04654111,0.0,0.27037245,0.27037245,0.63842976,0.013031334,0.0,0.2642242,0.2642242,0.5640496,0.0017730892,0.0,0.2787258,0.2787258,0.7086777,0.03311369,0.0,0.29057187,0.29057187,0.45247933,-0.0113046765,0.0,0.33567727,0.33567727,0.6012397,0.014219463,0.0,0.38277826,0.38277826,0.84917355,0.09074962,0.0,0.31143966,0.31143966,0.7252066,0.046658933,0.38995546,0.38995546,0.7541322,0.055901527,0.3139091,0.3139091,0.5971074,0.015117079,0.45429102,0.45429102,0.8987603,0.12080616,0.37534904,0.37534904,0.9028926,0.10369703,0.3450765,0.3450765,0.6219008,0.025063902,0.49191493,0.49191493,0.98966944,0.16442034,future_reform_technology,0.14049584,0.9952448,0.7433544,0.43542135,0.9216931,0.99623823,0.99929035,0.85639244,0.025401514,0.00036543282,0.20890427,0.93327135,0.2630311,0.9910666,0.06910465,0.992282,social_solidarity
trump3_c013,trump3,trump,en,2017-01-20,inaugural_address,13,16,0.867,86,73,0.4429528,0.4429528,0.9359504,0.1574195,1.369863,0.30732912,0.30732912,0.70454544,0.03451401,0.0,0.32804915,0.32804915,0.8285124,0.07070804,0.0,0.2920446,0.2920446,0.7128099,0.029593498,0.0,0.23290905,0.23290905,0.52272725,-0.012703061,0.0,0.33354717,0.33354717,0.65082645,0.03167063,0.0,0.42574984,0.42574984,0.9483471,0.104292035,1.369863,0.41220298,0.41220298,0.8946281,0.12017435,0.0,0.31991723,0.31991723,0.7623967,0.0551365,0.41016135,0.41016135,0.84917355,0.07610741,0.30987954,0.30987954,0.5681818,0.011087507,0.47379917,0.47379917,0.94008267,0.14031431,0.38290483,0.38290483,0.9318182,0.111252815,0.3594585,0.3594585,0.65909094,0.039445907,0.40274477,0.40274477,0.84917355,0.07525018,crisis_resilience,0.012396693,0.20056747,0.38126275,0.050752386,0.97760713,0.0048203436,0.7647159,0.82003754,0.70639306,0.025371313,0.005384938,0.00094361923,0.9997403,0.99501777,0.2536761,0.99969584,foreign_policy
trump3_c014,trump3,trump,en,2017-01-20,inaugural_address,14,16,0.933,108,94,0.43212464,0.43212464,0.9194215,0.14659134,0.0,0.36005884,0.36005884,0.84504133,0.087243736,1.0638298,0.22130804,0.22130804,0.3409091,-0.03603308,0.0,0.22138238,0.22138238,0.25413224,-0.041068733,0.0,0.22904858,0.22904858,0.50206614,-0.016563535,1.0638298,0.35968155,0.35968155,0.7376033,0.057805,0.0,0.30766857,0.30766857,0.41528925,-0.013789237,0.0,0.20347984,0.20347984,0.12190083,-0.088548794,0.0,0.2782027,0.2782027,0.588843,0.0134219825,0.37170243,0.37170243,0.6714876,0.0376485,0.27309346,0.27309346,0.37396693,-0.025698572,0.250744,0.250744,0.18801653,-0.08274087,0.37909108,0.37909108,0.9152893,0.10743907,0.40796554,0.40796554,0.84090906,0.08795294,0.26111642,0.26111642,0.18801653,-0.066378176,national_identity,0.07438016,0.99686414,0.9598044,0.00017674513,0.23265865,0.0033050792,0.9990054,0.54477113,0.00013711804,0.0055873855,0.075176395,0.9793738,0.0009528706,0.5538032,0.32637882,0.9973425,social_solidarity
trump3_c015,trump3,trump,en,2017-01-20,inaugural_address,15,16,1.0,110,91,0.46105835,0.46105835,0.96487606,0.17552504,0.0,0.33208323,0.33208323,0.79545456,0.059268117,0.0,0.33444053,0.33444053,0.83677685,0.07709941,0.0,0.29145855,0.29145855,0.7086777,0.029007435,0.0,0.32402807,0.32402807,0.82438016,0.07841596,0.0,0.37697396,0.37697396,0.803719,0.07509741,3.2967033,0.3711117,0.3711117,0.79545456,0.049653888,0.0,0.3397721,0.3397721,0.7417355,0.04774347,0.0,0.33071548,0.33071548,0.82024795,0.06593475,0.43782565,0.43782565,0.94008267,0.10377172,0.31309456,0.31309456,0.5805785,0.014302522,0.4530816,0.4530816,0.8904959,0.11959675,0.41623777,0.41623777,0.9566116,0.14458576,0.41706783,0.41706783,0.86157024,0.09705523,0.44759843,0.44759843,0.94008267,0.120103836,national_identity,0.1280992,0.9997598,0.7405498,0.72985685,0.9231778,0.20922722,0.99940467,0.42871168,0.00027694734,0.00044335198,0.9796384,0.85639244,0.99902457,0.030938225,0.99552727,0.99950445,national_identity
