chunk_id,speech_id,leader,language,speech_date,speech_type,chunk_index,n_chunks_in_speech,relative_position,token_count,word_count,national_identity_cos,national_identity_cos_en,national_identity_pct,national_identity_rel,national_identity_kw,security_military_cos,security_military_cos_en,security_military_pct,security_military_rel,security_military_kw,economy_welfare_cos,economy_welfare_cos_en,economy_welfare_pct,economy_welfare_rel,economy_welfare_kw,foreign_policy_cos,foreign_policy_cos_en,foreign_policy_pct,foreign_policy_rel,foreign_policy_kw,democracy_institutions_cos,democracy_institutions_cos_en,democracy_institutions_pct,democracy_institutions_rel,democracy_institutions_kw,social_solidarity_cos,social_solidarity_cos_en,social_solidarity_pct,social_solidarity_rel,social_solidarity_kw,crisis_resilience_cos,crisis_resilience_cos_en,crisis_resilience_pct,crisis_resilience_rel,crisis_resilience_kw,future_reform_technology_cos,future_reform_technology_cos_en,future_reform_technology_pct,future_reform_technology_rel,future_reform_technology_kw,conflict_threat_framing_cos,conflict_threat_framing_cos_en,conflict_threat_framing_pct,conflict_threat_framing_rel,cooperation_solidarity_framing_cos,cooperation_solidarity_framing_cos_en,cooperation_solidarity_framing_pct,cooperation_solidarity_framing_rel,top_theme_emb,top_theme_margin,national_identity_nli,security_military_nli,economy_welfare_nli,foreign_policy_nli,democracy_institutions_nli,social_solidarity_nli,crisis_resilience_nli,future_reform_technology_nli,conflict_threat_framing_nli,cooperation_solidarity_framing_nli,top_theme_nli
erdogan1_c000,erdogan1,erdogan,tr,,symposium_speech,0,13,0.0,110,47,0.3151409,0.20028609,0.54769737,0.006216407,2.1276596,0.23825932,0.18612981,0.32072368,-0.04010749,0.0,0.23149484,0.13575259,0.38322368,-0.03584081,0.0,0.33178926,0.28068504,0.8996711,0.083578095,0.0,0.33322257,0.3014883,0.89638156,0.093078986,2.1276596,0.28405595,0.16824801,0.3338816,-0.033661693,4.255319,0.3592565,0.25429156,0.7055921,0.030365914,0.0,0.3417686,0.29706874,0.6990132,0.033535004,0.0,0.303936,0.19823498,0.6134868,0.01782152,0.36041063,0.22937286,0.6003289,0.018688083,foreign_policy,0.0032895207,0.5291417,0.10347652,0.00083446014,0.9232816,0.6730842,0.78882736,0.098382086,0.00063743425,0.001199549,0.014104308,foreign_policy
erdogan1_c001,erdogan1,erdogan,tr,,symposium_speech,1,13,0.083,150,62,0.31919783,0.22207269,0.56414473,0.010273337,3.2258065,0.24327347,0.16651016,0.3536184,-0.035093337,3.2258065,0.1664422,0.07691574,0.060855262,-0.10089345,0.0,0.27211022,0.20888609,0.6957237,0.023899063,1.6129032,0.32115507,0.2502701,0.8667763,0.08101149,3.2258065,0.24754258,0.12964338,0.21217105,-0.07017507,3.2258065,0.3038869,0.21928906,0.35032895,-0.025003701,0.0,0.24718574,0.18863991,0.24835527,-0.061047852,0.0,0.30122262,0.17843923,0.59375,0.015108138,0.31256992,0.21334806,0.3536184,-0.029152632,democracy_institutions,0.17105258,0.8765023,0.01096574,0.00019147785,0.66909647,0.022737443,0.8331889,0.18086497,0.00010932307,0.67276186,0.0016072205,national_identity
erdogan1_c002,erdogan1,erdogan,tr,,symposium_speech,2,13,0.167,106,41,0.24857214,0.1361472,0.25493422,-0.060352355,0.0,0.2425074,0.15724444,0.34046054,-0.035859406,0.0,0.26132664,0.1393088,0.5246711,-0.0060090125,2.4390244,0.25123554,0.17752516,0.5674342,0.0030243844,0.0,0.375015,0.32280707,0.9490132,0.13487141,2.4390244,0.2699217,0.14993653,0.2911184,-0.04779595,0.0,0.36934417,0.24755278,0.7582237,0.040453583,0.0,0.22679153,0.17092928,0.16940789,-0.08144206,0.0,0.34476858,0.19328898,0.7878289,0.0586541,0.35734487,0.18420666,0.59375,0.015622318,democracy_institutions,0.19078946,0.1390453,0.025932683,0.46854746,0.03087972,0.99425304,0.073879816,0.999675,6.949274e-05,0.00018740872,0.00078088866,crisis_resilience
erdogan1_c003,erdogan1,erdogan,tr,,symposium_speech,3,13,0.25,88,40,0.34132856,0.24600975,0.66611844,0.032404065,5.0,0.25861096,0.14306311,0.43256578,-0.01975584,0.0,0.21937692,0.15240654,0.28782895,-0.04795873,0.0,0.25415576,0.19538209,0.57730263,0.0059445947,0.0,0.36748445,0.34803638,0.93914473,0.12734087,2.5,0.3003759,0.19717497,0.39967105,-0.017341733,0.0,0.37170786,0.25001124,0.7680921,0.042817265,0.0,0.34833544,0.28270423,0.71546054,0.040101856,0.0,0.25878695,0.1634596,0.36348686,-0.027327538,0.33756998,0.22887382,0.46875,-0.004152566,democracy_institutions,0.17105263,0.46722537,0.18388656,0.0014607494,0.84853345,0.05033063,0.9389409,0.5431056,0.00027425666,0.0040701376,0.005050509,social_solidarity
erdogan1_c004,erdogan1,erdogan,tr,,symposium_speech,4,13,0.333,95,44,0.33796406,0.2109159,0.6332237,0.029039562,2.2727273,0.26087898,0.20179486,0.45230263,-0.017487824,0.0,0.22172952,0.15170503,0.31414473,-0.045606136,2.2727273,0.23158887,0.20177607,0.39967105,-0.01662229,0.0,0.3150699,0.28057978,0.8503289,0.07492633,4.5454545,0.25770497,0.16419616,0.24835527,-0.06001267,0.0,0.3071587,0.23278144,0.37664473,-0.021731883,0.0,0.30315253,0.2520176,0.5246711,-0.0050810575,0.0,0.31797504,0.21784677,0.6792763,0.03186056,0.3336134,0.20572594,0.43914473,-0.008109152,democracy_institutions,0.21710521,0.72340715,0.034004062,0.0002642683,0.8698805,0.05134372,0.012895588,0.8776473,0.00023276829,0.0006563728,0.0048579667,crisis_resilience
erdogan1_c005,erdogan1,erdogan,tr,,symposium_speech,5,13,0.417,107,46,0.30362993,0.21604675,0.49506578,-0.0052945614,4.347826,0.21143755,0.15284863,0.20230263,-0.06692925,0.0,0.18401247,0.11873939,0.12335526,-0.08332318,0.0,0.22330514,0.18666306,0.3536184,-0.024906024,0.0,0.3138324,0.28974324,0.84703946,0.07368882,6.521739,0.2499638,0.16494319,0.22532895,-0.06775384,4.347826,0.2838248,0.20215793,0.25164473,-0.04506579,0.0,0.29906404,0.25051033,0.5082237,-0.009169549,0.0,0.27199638,0.19857898,0.42927632,-0.014118105,0.30794156,0.20639208,0.31414473,-0.033780992,democracy_institutions,0.33881575,0.0006202513,0.20850109,0.00091461366,0.2923932,0.7777222,0.4473396,0.5633779,0.00062511285,0.00053682737,0.012241275,democracy_institutions
erdogan1_c006,erdogan1,erdogan,tr,,symposium_speech,6,13,0.5,117,49,0.34210712,0.21580538,0.6759868,0.03318262,4.0816326,0.31613904,0.2054561,0.71875,0.03777224,0.0,0.24061008,0.16739622,0.42598686,-0.026725575,2.0408163,0.24981906,0.18874702,0.54769737,0.0016078949,0.0,0.47332674,0.4280721,0.99835527,0.23318316,6.122449,0.33229315,0.22224745,0.5575658,0.014575511,0.0,0.36290085,0.2628676,0.72861844,0.03401026,0.0,0.28742555,0.23614042,0.4555921,-0.020808041,0.0,0.28300053,0.18369693,0.51480263,-0.0031139553,0.32315576,0.20340143,0.37664473,-0.018566787,democracy_institutions,0.26973683,0.98395544,0.22175993,0.0002965355,0.8958876,0.9978427,0.99941045,0.8466094,0.00041894842,0.0049822694,0.21157971,social_solidarity
erdogan1_c007,erdogan1,erdogan,tr,,symposium_speech,7,13,0.583,92,44,0.25494033,0.12560786,0.2944079,-0.053984165,2.2727273,0.24803515,0.15426953,0.37335527,-0.030331656,0.0,0.21350187,0.12781142,0.25164473,-0.053833783,0.0,0.26613632,0.21183547,0.65625,0.017925158,0.0,0.35172242,0.27215773,0.9259868,0.11157884,9.090909,0.2239869,0.1067463,0.15953948,-0.09373075,0.0,0.31058306,0.19832173,0.38980263,-0.018307537,4.5454545,0.33350223,0.26655462,0.65953946,0.025268644,0.0,0.36353874,0.22642466,0.86019737,0.07742426,0.33079487,0.15757322,0.42598686,-0.010927677,democracy_institutions,0.26644737,0.018599968,0.07091265,0.00047193223,0.9603798,0.8433798,0.0606962,0.67864645,0.00025216967,0.0026061658,0.00030061638,foreign_policy
erdogan1_c008,erdogan1,erdogan,tr,,symposium_speech,8,13,0.667,93,33,0.30916873,0.18867004,0.52796054,0.00024423003,3.030303,0.23903516,0.14185159,0.32401314,-0.039331645,0.0,0.224554,0.13127449,0.3338816,-0.04278165,3.030303,0.21896835,0.15367687,0.32072368,-0.029242814,0.0,0.38529146,0.3276462,0.9555921,0.14514787,12.121212,0.33205932,0.22694351,0.5542763,0.014341682,3.030303,0.25949004,0.16996141,0.14309211,-0.06940055,0.0,0.28923833,0.2338225,0.46546054,-0.018995255,0.0,0.2751919,0.16421425,0.46875,-0.010922581,0.3066486,0.17319472,0.31085527,-0.035073936,democracy_institutions,0.4013158,0.1407648,0.060321487,0.0089334035,0.34356198,0.88388896,0.7681576,0.4444442,0.010293274,0.0042563486,0.0024919678,democracy_institutions
erdogan1_c009,erdogan1,erdogan,tr,,symposium_speech,9,13,0.75,91,44,0.3892948,0.24452214,0.8240132,0.08037031,9.090909,0.22009194,0.16161565,0.23190789,-0.058274865,0.0,0.2076385,0.12874454,0.23519737,-0.05969715,0.0,0.23940699,0.16335315,0.4786184,-0.008804172,0.0,0.3203721,0.28378505,0.8634868,0.08022852,6.818182,0.31065726,0.21170376,0.44243422,-0.007060379,0.0,0.26098904,0.19055036,0.14967105,-0.06790155,0.0,0.2810708,0.24029684,0.42927632,-0.02716279,0.0,0.29387593,0.2109951,0.5707237,0.0077614486,0.34457517,0.2466829,0.5180921,0.0028526187,democracy_institutions,0.039473653,0.9964619,0.7874412,0.0076436205,0.9144819,0.92730576,0.99504673,0.8555497,0.26836583,0.0016198055,0.11987101,national_identity
erdogan1_c010,erdogan1,erdogan,tr,,symposium_speech,10,13,0.833,104,43,0.30563414,0.18151462,0.51480263,-0.0032903552,4.6511626,0.25598472,0.16257465,0.40625,-0.02238208,0.0,0.2281948,0.14844424,0.36019737,-0.03914085,0.0,0.24925977,0.17190763,0.5444079,0.0010486096,0.0,0.39147654,0.35869896,0.9621711,0.15133296,4.6511626,0.3075465,0.20014308,0.42927632,-0.010171145,0.0,0.27928147,0.19554877,0.21875,-0.049609125,0.0,0.20493576,0.1674236,0.090460524,-0.10329783,0.0,0.23504709,0.15150373,0.26480263,-0.051067397,0.22660013,0.13271567,0.060855262,-0.11512242,democracy_institutions,0.41776317,0.7623798,0.70048517,0.064830884,0.7661187,0.98274064,0.9625061,0.035914496,0.048903182,0.0028671587,0.07152631,democracy_institutions
erdogan1_c011,erdogan1,erdogan,tr,,symposium_speech,11,13,0.917,132,52,0.2766716,0.18324062,0.36348686,-0.032252908,5.769231,0.22822967,0.14958617,0.27467105,-0.050137132,0.0,0.2149635,0.12295188,0.26480263,-0.052372158,0.0,0.23883939,0.18300276,0.47532895,-0.009371772,0.0,0.3321015,0.3015025,0.8930921,0.09195791,0.0,0.2605853,0.15923257,0.25493422,-0.057132334,0.0,0.25959566,0.16218874,0.14638157,-0.06929493,0.0,0.2526218,0.21205685,0.28125,-0.05561179,0.0,0.21353851,0.11964624,0.17598684,-0.07257597,0.22209859,0.16026145,0.04111842,-0.11962396,democracy_institutions,0.41776314,0.9851861,0.63815904,0.066402495,0.8935883,0.9989162,0.9078243,0.5073237,0.383295,0.02430702,0.61450964,democracy_institutions
erdogan1_c012,erdogan1,erdogan,tr,,symposium_speech,12,13,1.0,75,29,0.19614203,0.099158034,0.08388158,-0.11278246,10.344828,0.25428215,0.1751373,0.3963816,-0.024084657,0.0,0.2043069,0.13519299,0.21875,-0.06302875,3.4482758,0.20112257,0.13702327,0.22861843,-0.047088593,0.0,0.30275577,0.2824747,0.82730263,0.06261219,10.344828,0.19007663,0.10282309,0.077302635,-0.127641,3.4482758,0.1504735,0.09742385,0.0016447369,-0.17841709,0.0,0.27929717,0.23042566,0.4161184,-0.028936416,0.0,0.19865337,0.11648731,0.10361842,-0.087461114,0.2038566,0.1266857,0.014802632,-0.13786595,democracy_institutions,0.41118422,0.19482698,7.5728436e-05,0.2921912,0.0010754024,0.9722043,0.15358883,0.017375665,0.00012195718,0.00034329997,0.074837625,democracy_institutions
erdogan2022_c000,erdogan2022,erdogan,tr,2022-12-31,new_year_message,0,18,0.0,85,32,0.41819885,0.2609289,0.8832237,0.10927436,6.25,0.24614692,0.18425682,0.36348686,-0.032219887,0.0,0.1987035,0.11998823,0.19572368,-0.068632156,0.0,0.2580322,0.19213998,0.6003289,0.009821042,0.0,0.22545403,0.15610433,0.47532895,-0.01468955,0.0,0.34559542,0.20258096,0.62335527,0.027877778,0.0,0.2927712,0.18338679,0.2944079,-0.0361194,0.0,0.28790283,0.21963418,0.4588816,-0.020330757,0.0,0.30226886,0.17020306,0.6069079,0.016154379,0.3443824,0.24086776,0.51480263,0.0026598573,national_identity,0.25986844,0.9527228,0.3054901,0.13273925,0.7862948,0.4087487,0.9845903,0.8270613,0.66519314,0.0015099909,0.04636741,social_solidarity
erdogan2022_c001,erdogan2022,erdogan,tr,2022-12-31,new_year_message,1,18,0.059,82,28,0.3111995,0.16408674,0.5378289,0.00227499,7.142857,0.19619723,0.13294446,0.100328945,-0.08216958,0.0,0.106191546,0.042682588,0.0082236845,-0.16114411,0.0,0.19737187,0.14464155,0.21875,-0.05083929,0.0,0.16435757,0.08339046,0.12664473,-0.07578601,0.0,0.20604664,0.088517934,0.11348684,-0.111671,0.0,0.21040231,0.1281795,0.02138158,-0.11848828,3.5714285,0.1843951,0.114303686,0.04769737,-0.123838484,0.0,0.25049064,0.12260899,0.32730263,-0.03562385,0.22844003,0.1407052,0.06414474,-0.11328252,national_identity,0.31907892,0.9977305,0.0010063781,0.00031076215,0.017012622,0.0031788659,0.99895155,0.035045635,0.00034531674,0.025516605,0.00995565,social_solidarity
erdogan2022_c002,erdogan2022,erdogan,tr,2022-12-31,new_year_message,2,18,0.118,102,37,0.23096356,0.12830868,0.18585527,-0.07796094,2.7027028,0.20674825,0.15027297,0.16611843,-0.07161856,0.0,0.1386016,0.08465572,0.02138158,-0.12873405,0.0,0.19942565,0.1336923,0.22532895,-0.048785508,0.0,0.19790721,0.15432271,0.28453946,-0.042236373,2.7027028,0.25705963,0.14401482,0.24177632,-0.060658008,0.0,0.36138746,0.2599806,0.71875,0.03249687,2.7027028,0.2327651,0.17477979,0.18585527,-0.075468495,0.0,0.27779576,0.15501931,0.49506578,-0.008318722,0.27634734,0.19020317,0.1825658,-0.06537521,crisis_resilience,0.43421054,0.8057851,0.026937889,0.00048123577,0.04497357,0.99076784,0.93418527,0.8737005,0.0015792595,0.00016378424,0.018617803,democracy_institutions
erdogan2022_c003,erdogan2022,erdogan,tr,2022-12-31,new_year_message,3,18,0.176,97,31,0.35679424,0.2403316,0.7253289,0.047869742,6.451613,0.20123452,0.14305735,0.13322368,-0.077132285,0.0,0.19721636,0.1301922,0.18914473,-0.07011929,0.0,0.19608554,0.14595756,0.20888157,-0.052125618,0.0,0.23081216,0.16126098,0.5180921,-0.00933142,0.0,0.29308593,0.1612591,0.36019737,-0.024631709,0.0,0.29991204,0.19080004,0.3305921,-0.028978556,0.0,0.26724184,0.20508951,0.35032895,-0.040991753,0.0,0.24941477,0.12295474,0.32072368,-0.036699712,0.30256933,0.22401044,0.28782895,-0.03915322,national_identity,0.20723683,0.80685264,0.064542845,0.39210403,0.4520521,0.60112536,0.97187257,0.54794794,0.45737907,0.0006154273,0.06412401,social_solidarity
erdogan2022_c004,erdogan2022,erdogan,tr,2022-12-31,new_year_message,4,18,0.235,143,53,0.3361003,0.2284708,0.62335527,0.027175814,1.8867924,0.28042936,0.21297067,0.5509868,0.0020625591,0.0,0.28226012,0.20209402,0.6365132,0.014924467,0.0,0.26040232,0.21838537,0.6134868,0.0121911615,0.0,0.2891281,0.22845781,0.77796054,0.048984513,3.7735848,0.28199536,0.16245618,0.32730263,-0.035722286,0.0,0.3580824,0.25348425,0.70230263,0.029191822,0.0,0.3408543,0.26202422,0.6957237,0.0326207,0.0,0.35454667,0.2485973,0.8207237,0.06843218,0.33778346,0.21938553,0.47532895,-0.003939092,democracy_institutions,0.075657904,0.7217432,0.19444425,0.037169296,0.89081776,0.2910816,0.9050604,0.9827572,0.00019794097,0.00023597173,0.0078007574,crisis_resilience
erdogan2022_c005,erdogan2022,erdogan,tr,2022-12-31,new_year_message,5,18,0.294,100,29,0.21702293,0.09047294,0.13322368,-0.09190157,0.0,0.31518024,0.21563102,0.7121711,0.036813438,0.0,0.17429733,0.05845303,0.067434214,-0.09303832,3.4482758,0.24682641,0.18812114,0.5246711,-0.00138475,3.4482758,0.21011816,0.1328333,0.36348686,-0.030025423,0.0,0.20241767,0.06611399,0.09375,-0.11529997,0.0,0.3374672,0.21050379,0.59046054,0.008576602,0.0,0.19063742,0.10728639,0.05756579,-0.117596164,0.0,0.35748133,0.21209058,0.82730263,0.07136685,0.2583542,0.10607925,0.12664473,-0.08336836,security_military,0.12171054,0.50219727,0.9376404,0.13574682,0.8949445,0.06816436,0.8029035,0.9886134,0.00017468637,0.9571978,0.0010464257,crisis_resilience
erdogan2022_c006,erdogan2022,erdogan,tr,2022-12-31,new_year_message,6,18,0.353,96,38,0.36271405,0.26203567,0.7319079,0.053789556,5.263158,0.43932164,0.36186287,0.97861844,0.16095483,2.631579,0.24073942,0.17356558,0.42927632,-0.026596233,0.0,0.2940327,0.27050155,0.7878289,0.045821533,0.0,0.20212945,0.14298742,0.31414473,-0.03801413,0.0,0.32966876,0.22881243,0.54769737,0.011951119,0.0,0.45486388,0.3492087,0.95888156,0.12597328,7.894737,0.29904217,0.22453913,0.5049342,-0.009191424,0.0,0.4941789,0.3964489,0.99835527,0.2080644,0.42410293,0.33612546,0.87664473,0.082380384,security_military,0.019736886,0.99952894,0.9694401,0.00020502217,0.9138593,0.33415475,0.9440738,0.9982959,0.004736749,0.30290636,0.98270756,national_identity
erdogan2022_c007,erdogan2022,erdogan,tr,2022-12-31,new_year_message,7,18,0.412,116,37,0.28436986,0.17779645,0.40296054,-0.02455464,0.0,0.36519375,0.28045088,0.85361844,0.08682695,2.7027028,0.32953575,0.23962112,0.8009868,0.0622001,2.7027028,0.3071673,0.23094684,0.85361844,0.05895613,2.7027028,0.210031,0.13592267,0.36019737,-0.03011258,0.0,0.29753476,0.16665486,0.37335527,-0.020182878,0.0,0.4799072,0.3523784,0.9819079,0.15101662,5.4054055,0.30960572,0.23012045,0.5542763,0.0013721287,0.0,0.42147976,0.2887406,0.96546054,0.13536528,0.3666834,0.2468482,0.6430921,0.024960846,crisis_resilience,0.12828946,0.99966663,0.97014105,0.99603146,0.97348124,0.37648705,0.9985364,0.99892044,0.55904937,0.4547143,0.9849563,national_identity
erdogan2022_c008,erdogan2022,erdogan,tr,2022-12-31,new_year_message,8,18,0.471,109,35,0.16505897,0.06023452,0.04111842,-0.14386553,0.0,0.17042454,0.12907034,0.05756579,-0.10794227,2.857143,0.2807304,0.22598603,0.6299342,0.013394743,5.714286,0.18315619,0.12139226,0.14967105,-0.06505497,5.714286,0.07970717,0.020869933,0.0082236845,-0.16043642,0.0,0.16035679,0.07056005,0.02138158,-0.15736085,0.0,0.35566342,0.2415921,0.6825658,0.026772827,2.857143,0.15469444,0.10167005,0.011513158,-0.15353915,0.0,0.2864288,0.18437682,0.53453946,0.0003143251,0.23524755,0.14869735,0.077302635,-0.106474996,crisis_resilience,0.052631617,0.013325147,0.0044857943,0.74139327,0.9652994,0.046291903,0.02072506,0.980053,0.01657725,0.98950076,0.0051797135,crisis_resilience
erdogan2022_c009,erdogan2022,erdogan,tr,2022-12-31,new_year_message,9,18,0.529,115,57,0.22164154,0.12992327,0.15625,-0.087282956,1.754386,0.19685957,0.14183229,0.1069079,-0.081507236,0.0,0.36207473,0.29675415,0.8569079,0.09473908,8.77193,0.2821318,0.18182434,0.7417763,0.03392063,3.508772,0.17615113,0.11748321,0.15953948,-0.063992456,0.0,0.20927276,0.11440177,0.120065786,-0.108444884,0.0,0.25213408,0.18048632,0.1069079,-0.07675651,0.0,0.15476975,0.11562456,0.014802632,-0.15346384,0.0,0.20729624,0.12414025,0.13980263,-0.07881825,0.25054085,0.14206564,0.10361842,-0.091181695,economy_welfare,0.11513162,0.84137,0.0001578186,0.96882665,0.92531437,0.014559518,0.19398582,0.70876724,0.008745182,0.00026895347,0.007861459,economy_welfare
erdogan2022_c010,erdogan2022,erdogan,tr,2022-12-31,new_year_message,10,18,0.588,85,32,0.31530017,0.21624,0.5509868,0.0063756704,3.125,0.2721275,0.21156973,0.52138156,-0.006239295,0.0,0.51154387,0.43178004,0.9950658,0.24420822,3.125,0.17993371,0.10401793,0.1299342,-0.06827745,0.0,0.19474366,0.14687937,0.25164473,-0.04539992,0.0,0.3691861,0.2609879,0.7253289,0.05146846,0.0,0.35352638,0.25078735,0.6694079,0.024635792,0.0,0.20717904,0.15072061,0.100328945,-0.10105455,0.0,0.25134635,0.16620639,0.3305921,-0.034768134,0.30409145,0.24346355,0.29769737,-0.037631094,economy_welfare,0.2697369,0.99815416,0.0049725967,0.99949473,0.751557,0.7484442,0.99897975,0.9862046,0.07765744,0.00055385876,0.43102464,economy_welfare
erdogan2022_c011,erdogan2022,erdogan,tr,2022-12-31,new_year_message,11,18,0.647,92,35,0.23205453,0.14378613,0.19901316,-0.076869965,0.0,0.29862458,0.22064996,0.6430921,0.020257771,0.0,0.36954325,0.27701774,0.87664473,0.1022076,8.571428,0.29642782,0.21513522,0.7944079,0.048216656,2.857143,0.2259288,0.15423894,0.4786184,-0.014214784,0.0,0.2816709,0.16748029,0.32401314,-0.036046743,2.857143,0.43617147,0.31120986,0.9490132,0.10728088,5.714286,0.21468759,0.16215888,0.1299342,-0.093546,0.0,0.3456125,0.22805786,0.79111844,0.059498012,0.32669806,0.22996944,0.3963816,-0.015024483,crisis_resilience,0.07236844,0.9963713,0.7237246,0.32809874,0.9640602,0.43638185,0.5871148,0.99982566,0.7066461,0.022542967,0.023666898,crisis_resilience
erdogan2022_c012,erdogan2022,erdogan,tr,2022-12-31,new_year_message,12,18,0.706,115,42,0.2158301,0.10477506,0.1299342,-0.09309439,0.0,0.26324162,0.1756294,0.46546054,-0.015125185,0.0,0.18515462,0.12753774,0.1299342,-0.08218104,2.3809524,0.48577493,0.38454884,0.99835527,0.23756377,7.142857,0.15911917,0.08592683,0.10361842,-0.08102441,0.0,0.272854,0.13258426,0.29769737,-0.04486364,0.0,0.41478518,0.302171,0.9128289,0.085894585,4.7619047,0.17302203,0.10777516,0.034539472,-0.13521156,0.0,0.3600157,0.24010582,0.8371711,0.073901206,0.37171167,0.2105962,0.6792763,0.029989123,foreign_policy,0.08552635,0.99360543,0.0013070537,0.00028910328,0.8299059,0.00043139845,0.67920524,0.9553608,0.016466174,8.382305e-05,0.71668977,national_identity
erdogan2022_c013,erdogan2022,erdogan,tr,2022-12-31,new_year_message,13,18,0.765,131,44,0.21971339,0.1128665,0.14638157,-0.08921111,0.0,0.40276822,0.32413143,0.9292763,0.12440142,4.5454545,0.18720995,0.103484124,0.13651316,-0.080125704,0.0,0.31732476,0.24471517,0.87335527,0.0691136,0.0,0.19213769,0.14203957,0.23519737,-0.048005894,0.0,0.20481029,0.087316185,0.10361842,-0.11290735,0.0,0.32402188,0.25703079,0.46875,-0.004868716,0.0,0.19966237,0.11797437,0.077302635,-0.10857122,0.0,0.40660578,0.29433537,0.9325658,0.120491296,0.27268884,0.15262376,0.15953948,-0.06903371,security_military,0.055921018,0.9959693,0.994536,0.09021314,0.9106498,0.029619431,0.20521654,0.86522406,0.0033634924,0.1442091,0.0019043304,national_identity
erdogan2022_c014,erdogan2022,erdogan,tr,2022-12-31,new_year_message,14,18,0.824,116,40,0.21529707,0.14795369,0.12335526,-0.09362742,2.5,0.17172469,0.13501832,0.06414474,-0.10664211,0.0,0.22176,0.16812071,0.31743422,-0.04557565,0.0,0.17526373,0.117664054,0.1069079,-0.07294743,0.0,0.13254811,0.06875311,0.03782895,-0.10759547,0.0,0.18886214,0.087322325,0.07072368,-0.1288555,0.0,0.28274864,0.19106606,0.24177632,-0.046141952,0.0,0.1637668,0.096951514,0.02138158,-0.14446679,0.0,0.1980274,0.09364383,0.097039476,-0.08808708,0.22894551,0.13489546,0.067434214,-0.11277704,economy_welfare,0.075657904,0.07221029,0.000105546875,0.0037580938,0.0026522598,0.0020072423,0.08411582,0.85262895,0.0016356753,0.00012558253,0.0032858332,crisis_resilience
erdogan2022_c015,erdogan2022,erdogan,tr,2022-12-31,new_year_message,15,18,0.882,81,28,0.3208686,0.21817799,0.5740132,0.011944115,3.5714285,0.20520687,0.14839587,0.14638157,-0.07315993,0.0,0.28263047,0.2030468,0.6430921,0.01529482,3.5714285,0.3650437,0.3032083,0.95230263,0.11683254,3.5714285,0.19367197,0.15464248,0.23848684,-0.04647161,0.0,0.22915494,0.14389692,0.17598684,-0.0885627,0.0,0.237519,0.15530473,0.06414474,-0.091371596,0.0,0.44422185,0.36639196,0.90953946,0.13598827,0.0,0.2857173,0.18238238,0.52796054,-0.00039717555,0.33771133,0.23008198,0.47203946,-0.004011214,foreign_policy,0.042763174,0.96914953,0.015350576,0.006003596,0.8450434,0.083441176,0.95875067,0.18300885,0.13910376,0.0010649627,0.034326304,national_identity
erdogan2022_c016,erdogan2022,erdogan,tr,2022-12-31,new_year_message,16,18,0.941,86,31,0.3377924,0.23678453,0.6299342,0.0288679,0.0,0.27427465,0.17176248,0.53125,-0.004092157,0.0,0.34156683,0.24374539,0.82730263,0.07423118,3.2258065,0.37167716,0.3286602,0.9555921,0.123466,0.0,0.33968633,0.28329635,0.90625,0.09954275,3.2258065,0.2948523,0.19070162,0.36677632,-0.022865355,0.0,0.28732345,0.19241041,0.2713816,-0.041567147,0.0,0.41186357,0.331715,0.8634868,0.10362998,0.0,0.33414245,0.20920229,0.7384868,0.048027962,0.40207446,0.25556225,0.79769737,0.06035191,foreign_policy,0.049342096,0.7874208,0.0010423503,0.9898303,0.9488462,0.6504673,0.95961094,0.17881246,0.00034734534,0.0010122859,0.0100038955,economy_welfare
erdogan2022_c017,erdogan2022,erdogan,tr,2022-12-31,new_year_message,17,18,1.0,154,55,0.40198523,0.29375342,0.84703946,0.09306073,3.6363637,0.26695734,0.19589205,0.48519737,-0.0114094615,0.0,0.28652585,0.22652575,0.65625,0.019190192,1.8181819,0.2645809,0.20910469,0.6430921,0.016369745,0.0,0.22324061,0.17402452,0.4555921,-0.016902968,0.0,0.358594,0.23444861,0.6792763,0.04087636,0.0,0.30030042,0.19911313,0.3338816,-0.028590173,0.0,0.4357282,0.36496222,0.90296054,0.1274946,1.8181819,0.27450764,0.17130908,0.45230263,-0.011606842,0.3864508,0.2759753,0.73519737,0.04472825,future_reform_technology,0.055921078,0.9425067,0.021864556,0.08218026,0.5059812,0.13153537,0.9980582,0.047381777,0.004829722,0.0008778914,0.309754,social_solidarity
erdogan2023_c000,erdogan2023,erdogan,tr,2023-12-31,new_year_message,0,19,0.0,82,30,0.3637514,0.21645325,0.73519737,0.054826915,6.6666665,0.2277604,0.18130034,0.2713816,-0.0506064,0.0,0.19436099,0.13618578,0.17269737,-0.07297467,0.0,0.23438545,0.17328876,0.44572368,-0.013825715,0.0,0.21333107,0.13339552,0.38322368,-0.026812509,0.0,0.3507825,0.21313106,0.6496711,0.033064872,0.0,0.2785722,0.16502512,0.20888157,-0.05031839,0.0,0.2685569,0.20430945,0.36019737,-0.039676696,0.0,0.274981,0.15460014,0.46217105,-0.011133492,0.3426593,0.24488932,0.5115132,0.0009367466,national_identity,0.08552629,0.5847455,0.38329494,0.4506011,0.9046084,0.5886527,0.99306935,0.02525085,0.5645787,0.00022960824,0.36817846,social_solidarity
erdogan2023_c001,erdogan2023,erdogan,tr,2023-12-31,new_year_message,1,19,0.056,86,31,0.261387,0.159444,0.31085527,-0.047537506,0.0,0.24675924,0.17521848,0.37006578,-0.03160757,3.2258065,0.14367536,0.08246131,0.03125,-0.123660296,0.0,0.18187088,0.11379683,0.14309211,-0.06634028,6.451613,0.15331572,0.086838454,0.0805921,-0.08682786,0.0,0.30460817,0.16346338,0.4194079,-0.013109475,0.0,0.3448776,0.2102995,0.6200658,0.015987009,0.0,0.22085597,0.15365903,0.13980263,-0.08737762,0.0,0.33197364,0.1997376,0.7319079,0.045859158,0.31035984,0.19785921,0.3305921,-0.031362712,crisis_resilience,0.2006579,0.07507463,0.00039127714,0.0008088074,0.1566847,0.006394523,0.89107865,0.19551727,0.00017298904,0.0003053489,0.00059302105,social_solidarity
erdogan2023_c002,erdogan2023,erdogan,tr,2023-12-31,new_year_message,2,19,0.111,82,32,0.2905056,0.16741303,0.43585527,-0.018418908,0.0,0.3389308,0.26861858,0.78453946,0.06056398,3.125,0.21948618,0.15482858,0.2911184,-0.047849476,0.0,0.26776636,0.20925453,0.66611844,0.019555196,3.125,0.2929414,0.21420504,0.79769737,0.05279781,3.125,0.40050358,0.26083252,0.8305921,0.082785934,3.125,0.35433477,0.22478339,0.67269737,0.02544418,0.0,0.31523713,0.24662183,0.5740132,0.0070035458,3.125,0.38833517,0.27169538,0.9128289,0.102220684,0.44286162,0.33027464,0.9194079,0.10113907,social_solidarity,0.03289473,0.9773384,0.47475293,0.00024632958,0.8946975,0.51781476,0.9995711,0.9983959,9.49829e-05,0.3946675,0.19674905,social_solidarity
erdogan2023_c003,erdogan2023,erdogan,tr,2023-12-31,new_year_message,3,19,0.167,113,44,0.26688367,0.14813486,0.33717105,-0.042040825,0.0,0.29903087,0.22960186,0.6496711,0.020664066,2.2727273,0.1578286,0.11876328,0.04111842,-0.109507054,0.0,0.20949614,0.15899622,0.2680921,-0.03871502,6.818182,0.13760011,0.09707658,0.05756579,-0.10254347,2.2727273,0.3210369,0.21279596,0.5082237,0.0033192635,0.0,0.3347119,0.20668787,0.5575658,0.0058213174,0.0,0.21284544,0.14723714,0.12335526,-0.095388144,0.0,0.35841992,0.27458662,0.8305921,0.07230544,0.41697186,0.30648527,0.85361844,0.075249314,security_military,0.09210527,0.928051,0.40648648,0.00017298902,0.9978342,0.10315988,0.99547917,0.993795,0.00012681478,0.9996526,0.78384376,foreign_policy
erdogan2023_c004,erdogan2023,erdogan,tr,2023-12-31,new_year_message,4,19,0.222,111,37,0.42581204,0.31711677,0.8996711,0.11688754,0.0,0.26850596,0.17814639,0.50164473,-0.009860843,2.7027028,0.25342494,0.18857455,0.48848686,-0.013910711,2.7027028,0.24476065,0.18359143,0.5115132,-0.003450513,8.1081085,0.24787715,0.17971322,0.59703946,0.0077335685,2.7027028,0.5017226,0.40037447,0.9950658,0.18400493,2.7027028,0.40688393,0.27937204,0.89638156,0.07799333,0.0,0.321358,0.25472355,0.61019737,0.013124406,2.7027028,0.29071635,0.19078599,0.5509868,0.004601866,0.47255945,0.38963622,0.96875,0.1308369,social_solidarity,0.09539473,0.98894924,0.9020502,0.87831426,0.90410155,0.74945414,0.9935744,0.9401683,0.00480631,0.067147985,0.71062833,social_solidarity
erdogan2023_c005,erdogan2023,erdogan,tr,2023-12-31,new_year_message,5,19,0.278,115,50,0.39778167,0.2609374,0.8371711,0.088857174,2.0,0.3767983,0.27771145,0.8832237,0.0984315,2.0,0.24149247,0.17189011,0.43914473,-0.025843188,2.0,0.47813112,0.37518024,0.9917763,0.22991996,6.0,0.2184796,0.16388251,0.4161184,-0.021663979,0.0,0.3548274,0.23490441,0.6694079,0.037109762,0.0,0.32703033,0.2431927,0.49835527,-0.001860261,2.0,0.2881851,0.21680161,0.46217105,-0.0200485,2.0,0.4116527,0.30771154,0.93914473,0.12553823,0.47616673,0.32911497,0.97203946,0.13444418,foreign_policy,0.108552575,0.9988028,0.90865594,0.29665422,0.984978,0.84702116,0.99021614,0.9129572,0.0013804225,0.04192072,0.2926711,national_identity
erdogan2023_c006,erdogan2023,erdogan,tr,2023-12-31,new_year_message,6,19,0.333,98,31,0.34472054,0.22168355,0.6924342,0.035796046,0.0,0.3254417,0.23256755,0.74835527,0.047074884,0.0,0.27554548,0.2111485,0.61019737,0.008209825,0.0,0.43348813,0.37301746,0.9819079,0.18527697,6.451613,0.24096467,0.18893579,0.5674342,0.0008210838,0.0,0.444655,0.3269835,0.9325658,0.12693736,6.451613,0.37715355,0.24392147,0.7944079,0.048262954,0.0,0.33742833,0.25977072,0.6694079,0.029194742,0.0,0.37315166,0.278676,0.8865132,0.087037176,0.5801222,0.45269594,0.99835527,0.23839962,foreign_policy,0.049342096,0.7910554,0.00026947918,0.0016229668,0.8307615,0.44311842,0.99969465,0.02159469,0.00017502783,0.00012509298,0.99896973,social_solidarity
erdogan2023_c007,erdogan2023,erdogan,tr,2023-12-31,new_year_message,7,19,0.389,83,28,0.37577605,0.25890297,0.7746711,0.06685156,3.5714285,0.24982351,0.17192262,0.37993422,-0.028543293,0.0,0.23318037,0.1559127,0.3963816,-0.03415528,0.0,0.238368,0.18317845,0.46875,-0.009843156,0.0,0.25385585,0.1943461,0.62664473,0.013712272,0.0,0.31238967,0.18864772,0.45230263,-0.00532797,0.0,0.36886823,0.24719137,0.75164473,0.03997764,0.0,0.35700113,0.2802283,0.7549342,0.048767537,0.0,0.3526985,0.2125029,0.81414473,0.06658402,0.3725326,0.25624627,0.68585527,0.030810058,national_identity,0.019736886,0.99216133,0.70568365,0.0101402085,0.9451215,0.0047644516,0.99003476,0.9970708,0.07930386,0.086131126,0.0034229348,crisis_resilience
erdogan2023_c008,erdogan2023,erdogan,tr,2023-12-31,new_year_message,8,19,0.444,125,48,0.3775738,0.22755387,0.7878289,0.06864929,4.1666665,0.24195367,0.1742758,0.33717105,-0.036413133,0.0,0.2159597,0.15874119,0.27467105,-0.051375955,0.0,0.35433865,0.2750017,0.93914473,0.106127486,6.25,0.28667694,0.21516204,0.76480263,0.04653336,2.0833333,0.4163497,0.27354985,0.8832237,0.09863207,4.1666665,0.38781065,0.2645145,0.84375,0.058920056,0.0,0.26709443,0.20044181,0.34703946,-0.041139156,0.0,0.360716,0.23091614,0.84375,0.0746015,0.4413298,0.3240003,0.90953946,0.09960726,foreign_policy,0.055921018,0.9978173,0.08933536,0.13494682,0.9887826,0.5628974,0.9989995,0.9032089,0.00045920842,0.00048500835,0.99285084,social_solidarity
erdogan2023_c009,erdogan2023,erdogan,tr,2023-12-31,new_year_message,9,19,0.5,87,34,0.32648268,0.16290411,0.59703946,0.017558187,2.9411764,0.4036681,0.2932883,0.93585527,0.1253013,2.9411764,0.2734735,0.1865797,0.59375,0.006137848,2.9411764,0.29989237,0.21596529,0.81414473,0.051681206,0.0,0.20814174,0.14196873,0.35032895,-0.032001838,0.0,0.2849664,0.1601013,0.33717105,-0.032751232,0.0,0.4566731,0.32215703,0.9621711,0.1277825,2.9411764,0.25169188,0.16937585,0.27467105,-0.05654171,0.0,0.45959038,0.33494347,0.9950658,0.17347589,0.39075398,0.22082795,0.7615132,0.049031436,crisis_resilience,0.026315808,0.15084007,0.81032884,0.22590722,0.79129744,0.018564349,0.15027806,0.9889064,0.0001465313,0.027572185,0.00019871553,crisis_resilience
erdogan2023_c010,erdogan2023,erdogan,tr,2023-12-31,new_year_message,10,19,0.556,89,33,0.2891208,0.1647107,0.42269737,-0.019803703,0.0,0.2949296,0.18934837,0.6200658,0.01656279,0.0,0.24970818,0.18256661,0.47203946,-0.017627478,3.030303,0.3286961,0.24886075,0.88980263,0.08048494,0.0,0.1908944,0.115042716,0.22861843,-0.049249187,0.0,0.21925762,0.12410646,0.14309211,-0.09846002,0.0,0.34479797,0.24942449,0.6167763,0.015907377,3.030303,0.2258397,0.16636267,0.16282895,-0.082393885,0.0,0.41616207,0.30936658,0.9490132,0.13004759,0.33508185,0.20272759,0.4555921,-0.0066407025,foreign_policy,0.26973683,0.92753166,0.79755676,0.547706,0.9674871,0.4821853,0.7885221,0.98775876,0.013808656,0.78727776,0.00030415886,crisis_resilience
erdogan2023_c011,erdogan2023,erdogan,tr,2023-12-31,new_year_message,11,19,0.611,93,37,0.3650149,0.24800095,0.7384868,0.056090415,0.0,0.35357273,0.2436068,0.8042763,0.07520592,2.7027028,0.27881616,0.22165352,0.62335527,0.01148051,2.7027028,0.26810443,0.23323768,0.67269737,0.019893274,2.7027028,0.36829242,0.30546317,0.9424342,0.12814884,5.4054055,0.43418348,0.34929857,0.91611844,0.11646584,0.0,0.3573566,0.2554945,0.6990132,0.028466016,0.0,0.26187673,0.19828065,0.32072368,-0.046356857,0.0,0.38587973,0.2785701,0.90953946,0.09976524,0.46309027,0.35784376,0.9555921,0.12136772,democracy_institutions,0.026315749,0.8992984,0.9068596,0.6374823,0.9409934,0.9504023,0.9992022,0.9923341,0.15443976,0.050494257,0.66164964,social_solidarity
erdogan2023_c012,erdogan2023,erdogan,tr,2023-12-31,new_year_message,12,19,0.667,94,35,0.41893923,0.29702285,0.8865132,0.11001474,8.571428,0.3454428,0.2412056,0.7944079,0.067076,0.0,0.2064673,0.13893834,0.22861843,-0.060868353,0.0,0.24104667,0.18990538,0.4819079,-0.007164493,0.0,0.19735983,0.13314581,0.28125,-0.042783752,0.0,0.3420071,0.22039378,0.61019737,0.024289459,0.0,0.537992,0.39337975,0.9950658,0.20910141,2.857143,0.26755172,0.19392662,0.3569079,-0.04068187,0.0,0.36190194,0.2230813,0.85361844,0.075787455,0.33870512,0.25294435,0.49506578,-0.0030174255,crisis_resilience,0.108552635,0.99908537,0.93015754,0.2802223,0.9205846,0.92160493,0.998606,0.9997877,0.023487039,0.20055768,0.80649084,crisis_resilience
erdogan2023_c013,erdogan2023,erdogan,tr,2023-12-31,new_year_message,13,19,0.722,116,37,0.4936823,0.37476763,0.9819079,0.1847578,2.7027028,0.28724426,0.21200684,0.5805921,0.008877456,0.0,0.25659552,0.17119539,0.49835527,-0.010740131,0.0,0.28940266,0.24157701,0.76480263,0.041191503,0.0,0.2462229,0.16993667,0.59046054,0.006079316,0.0,0.39982265,0.29156202,0.82730263,0.08210501,2.7027028,0.35577703,0.23582035,0.68585527,0.026886433,0.0,0.31772155,0.24499859,0.59375,0.009487957,0.0,0.32186043,0.22319108,0.6957237,0.03574595,0.4425038,0.3677795,0.91611844,0.10078126,national_identity,0.15460527,0.9995514,0.22927624,0.0023006375,0.85615206,0.3316607,0.9996769,0.13028543,0.0033439074,0.00016964367,0.9996527,social_solidarity
erdogan2023_c014,erdogan2023,erdogan,tr,2023-12-31,new_year_message,14,19,0.778,94,28,0.3316554,0.2111665,0.6134868,0.022730917,0.0,0.3558144,0.26489875,0.81414473,0.07744759,3.5714285,0.26369312,0.17193557,0.53125,-0.0036425292,3.5714285,0.36045516,0.2916659,0.9490132,0.112243995,0.0,0.2816304,0.19446097,0.74835527,0.041486815,0.0,0.32420182,0.19240177,0.52138156,0.0064841807,0.0,0.4270578,0.28221542,0.93585527,0.09816721,0.0,0.31645674,0.2359627,0.58388156,0.008223146,0.0,0.44169524,0.29704142,0.9884868,0.15558076,0.4253143,0.28330818,0.8799342,0.08359176,foreign_policy,0.013157904,0.9846642,0.97470105,0.59243083,0.8384815,0.0026886722,0.7594262,0.9858004,0.00020105745,0.80802935,0.044348583,crisis_resilience
erdogan2023_c015,erdogan2023,erdogan,tr,2023-12-31,new_year_message,15,19,0.833,98,39,0.29615587,0.18416196,0.46217105,-0.012768626,0.0,0.3495323,0.25137997,0.8009868,0.0711655,2.5641026,0.22228338,0.09384641,0.32401314,-0.045052275,0.0,0.26141068,0.19599771,0.6200658,0.013199523,0.0,0.22924669,0.16433185,0.49835527,-0.010896891,0.0,0.29957372,0.155272,0.38651314,-0.018143922,0.0,0.39448482,0.26667753,0.8700658,0.065594226,0.0,0.23771334,0.16115128,0.21217105,-0.07052025,0.0,0.40601492,0.2758854,0.9292763,0.119900435,0.33226496,0.19061422,0.42927632,-0.009457588,crisis_resilience,0.06907898,0.17763248,0.9757855,0.24739604,0.9085368,0.046464663,0.8091252,0.98535615,0.0010965895,0.27289566,0.0029810327,crisis_resilience
erdogan2023_c016,erdogan2023,erdogan,tr,2023-12-31,new_year_message,16,19,0.889,98,34,0.49761462,0.37989527,0.98519737,0.18869013,8.823529,0.34011972,0.2474783,0.7878289,0.061752915,0.0,0.213537,0.12547171,0.25493422,-0.05379866,2.9411764,0.30574563,0.23057644,0.84375,0.05753447,0.0,0.25181133,0.18098666,0.6167763,0.011667743,0.0,0.33194035,0.22039941,0.5509868,0.014222711,0.0,0.33269796,0.2570213,0.5378289,0.003807366,2.9411764,0.23617518,0.16618237,0.19901316,-0.07205841,0.0,0.4011018,0.2965017,0.92269737,0.114987314,0.3999024,0.28684846,0.79111844,0.058179855,national_identity,0.14144737,0.9995479,0.6399611,0.011883446,0.73048216,0.80654806,0.99898773,0.87658155,4.0377905e-05,0.058185082,0.27923846,national_identity
erdogan2023_c017,erdogan2023,erdogan,tr,2023-12-31,new_year_message,17,19,0.944,125,39,0.26670793,0.15114212,0.3338816,-0.04221657,0.0,0.27343494,0.20117877,0.52796054,-0.004931867,0.0,0.2735715,0.20526187,0.6003289,0.006235838,2.5641026,0.29645666,0.22763322,0.79769737,0.048245504,5.1282053,0.18457097,0.11014992,0.21217105,-0.055572614,0.0,0.2657677,0.1409562,0.28125,-0.051949948,0.0,0.4450937,0.31527847,0.9555921,0.1162031,5.1282053,0.30532843,0.232701,0.53453946,-0.0029051602,0.0,0.36078602,0.23356628,0.84703946,0.07467154,0.3736177,0.22825038,0.6924342,0.03189516,crisis_resilience,0.15789473,0.99453074,0.34820172,0.66502994,0.9823217,0.08694166,0.980262,0.9944126,0.0019800398,0.009531702,0.018887345,national_identity
erdogan2023_c018,erdogan2023,erdogan,tr,2023-12-31,new_year_message,18,19,1.0,126,42,0.3304704,0.21713799,0.6069079,0.021545917,4.7619047,0.2585573,0.2005435,0.42927632,-0.019809514,0.0,0.2330875,0.17222556,0.3930921,-0.03424816,0.0,0.2562953,0.21044707,0.59375,0.008084133,0.0,0.22405016,0.14820364,0.46217105,-0.016093418,0.0,0.3195151,0.19699644,0.48848686,0.0017974675,4.7619047,0.28912944,0.17977351,0.27796054,-0.039761156,2.3809524,0.32623908,0.25615132,0.6332237,0.01800549,0.0,0.3167469,0.20250508,0.6694079,0.030632406,0.35226363,0.266608,0.5707237,0.010541081,future_reform_technology,0.026315808,0.8104602,0.029816542,0.010189338,0.95261824,0.14718705,0.99712163,0.34026593,0.03053094,0.012383786,0.187207,social_solidarity
erdogan2024_c000,erdogan2024,erdogan,tr,2024-12-31,new_year_message,0,16,0.0,112,38,0.38405403,0.22645259,0.8075658,0.07512954,5.263158,0.24302553,0.18910924,0.34703946,-0.035341278,0.0,0.17918536,0.12544586,0.08388158,-0.08815029,0.0,0.23316352,0.16715455,0.4161184,-0.01504764,0.0,0.19706713,0.11773759,0.27467105,-0.043076456,0.0,0.36418068,0.22460453,0.70888156,0.046463042,0.0,0.27722692,0.16946189,0.20559211,-0.051663667,0.0,0.2804015,0.21403375,0.42598686,-0.02783209,0.0,0.28125465,0.15907386,0.5082237,-0.004859835,0.34993118,0.2396019,0.56085527,0.0082086325,national_identity,0.09868425,0.6648396,0.001006378,0.038865484,0.81334966,0.031588875,0.97695684,0.00069054146,0.0073458273,0.00017571272,0.13869494,social_solidarity
erdogan2024_c001,erdogan2024,erdogan,tr,2024-12-31,new_year_message,1,16,0.067,106,32,0.46739313,0.36029106,0.9621711,0.15846863,3.125,0.37198234,0.31800047,0.87664473,0.09361553,6.25,0.20549867,0.16030744,0.22203948,-0.061836988,0.0,0.22302866,0.1822859,0.35032895,-0.0251825,0.0,0.20645788,0.13984978,0.33717105,-0.0336857,0.0,0.4747058,0.3332988,0.96546054,0.15698814,3.125,0.3806004,0.2795853,0.81085527,0.0517098,0.0,0.25352263,0.20462686,0.28453946,-0.054710954,0.0,0.32365397,0.22112143,0.7121711,0.037539482,0.39440495,0.33609417,0.7746711,0.0526824,social_solidarity,0.0032894611,0.9995244,0.011061473,0.00011546746,0.09087657,0.030821329,0.99957865,0.20310426,0.0005295418,0.001107339,0.9938846,social_solidarity
erdogan2024_c002,erdogan2024,erdogan,tr,2024-12-31,new_year_message,2,16,0.133,98,34,0.30865464,0.19414528,0.5246711,-0.00026986003,0.0,0.19740811,0.14718682,0.110197365,-0.080958694,0.0,0.20392272,0.12468191,0.21546052,-0.063412935,0.0,0.28418195,0.20723885,0.74835527,0.035970792,5.882353,0.4028371,0.32514066,0.96875,0.16269352,8.823529,0.30480614,0.15497428,0.42269737,-0.012911499,0.0,0.34845826,0.22934315,0.64638156,0.019567668,2.9411764,0.2659747,0.20825863,0.33717105,-0.04225889,2.9411764,0.23813231,0.11437184,0.28125,-0.04798217,0.305861,0.18312034,0.30756578,-0.03586155,democracy_institutions,0.22039473,0.61735404,0.0011181937,0.0006905414,0.6270952,0.9645893,0.8914808,0.58906645,0.115510985,0.00021909604,0.05266766,democracy_institutions
erdogan2024_c003,erdogan2024,erdogan,tr,2024-12-31,new_year_message,3,16,0.2,85,32,0.38213402,0.23666936,0.8042763,0.073209524,12.5,0.21937683,0.19179125,0.22861843,-0.058989972,0.0,0.2172859,0.12486115,0.28125,-0.050049752,0.0,0.15891817,0.11041863,0.07401316,-0.08929299,0.0,0.41521698,0.3265852,0.9819079,0.1750734,6.25,0.39523366,0.2283136,0.8174342,0.07751602,3.125,0.2735806,0.17125595,0.1924342,-0.05530998,0.0,0.19776219,0.15147072,0.07072368,-0.1104714,0.0,0.22118312,0.12466446,0.21546052,-0.06493136,0.27181375,0.18071988,0.14967105,-0.0699088,democracy_institutions,0.16447371,0.9870671,0.000854232,0.0005703157,0.2481696,0.8079157,0.9892337,0.0008830457,0.00049456954,0.00020662986,0.18410648,social_solidarity
erdogan2024_c004,erdogan2024,erdogan,tr,2024-12-31,new_year_message,4,16,0.267,93,29,0.20111173,0.13550237,0.09375,-0.10781276,0.0,0.26826936,0.2605753,0.49506578,-0.010097444,3.4482758,0.4530036,0.38180697,0.9753289,0.18566793,10.344828,0.25192642,0.20453224,0.5707237,0.0037152618,3.4482758,0.21793139,0.15948614,0.41282895,-0.022212192,3.4482758,0.23982978,0.14869642,0.19901316,-0.07788786,0.0,0.3699211,0.28044814,0.76480263,0.041030496,3.4482758,0.25422722,0.2054331,0.29769737,-0.054006368,0.0,0.27988717,0.18753953,0.5049342,-0.0062273145,0.30233306,0.20679902,0.28453946,-0.03938949,economy_welfare,0.21052629,0.24274378,0.13531062,0.9294494,0.103748634,0.037999377,0.012673736,0.99893296,0.7524676,0.00010190106,0.0038244836,crisis_resilience
erdogan2024_c005,erdogan2024,erdogan,tr,2024-12-31,new_year_message,5,16,0.333,82,32,0.21526171,0.13847819,0.120065786,-0.09366278,0.0,0.18961452,0.15576679,0.087171055,-0.088752285,0.0,0.3504598,0.29689914,0.84703946,0.08312416,3.125,0.18865061,0.14956331,0.1825658,-0.059560552,3.125,0.16411537,0.10960218,0.12335526,-0.07602821,0.0,0.24441543,0.14252438,0.20888157,-0.07330221,0.0,0.34962583,0.2438473,0.65625,0.020735234,6.25,0.33933848,0.26360214,0.68914473,0.031104892,0.0,0.20667073,0.13092369,0.13651316,-0.07944375,0.2658732,0.20372628,0.13322368,-0.075849354,economy_welfare,0.15789473,0.5938449,0.317109,0.42220685,0.7526381,0.04175434,0.42732203,0.95703757,0.017012624,0.00026375282,0.009736684,crisis_resilience
erdogan2024_c006,erdogan2024,erdogan,tr,2024-12-31,new_year_message,6,16,0.4,110,38,0.28454003,0.15964971,0.40625,-0.024384469,5.263158,0.267732,0.19229317,0.48848686,-0.01063481,0.0,0.47777128,0.37192896,0.9917763,0.21043563,5.263158,0.19268948,0.13010967,0.1924342,-0.055521682,0.0,0.21609585,0.16658662,0.40296054,-0.024047732,0.0,0.34987476,0.23797607,0.64638156,0.032157123,0.0,0.32729965,0.21314923,0.5049342,-0.0015909374,2.631579,0.3172329,0.24463786,0.59046054,0.008999318,0.0,0.27065253,0.16701421,0.4161184,-0.0154619515,0.29676467,0.1830759,0.2713816,-0.044957876,economy_welfare,0.34539473,0.8568423,8.382305e-05,0.99886644,0.7534213,0.37966582,0.99953806,0.9984543,0.0018172833,0.00047470423,0.0041299495,social_solidarity
erdogan2024_c007,erdogan2024,erdogan,tr,2024-12-31,new_year_message,7,16,0.467,93,34,0.38176227,0.2559226,0.8009868,0.07283777,5.882353,0.20535265,0.18439965,0.14967105,-0.073014155,0.0,0.33015537,0.26870134,0.8042763,0.06281972,2.9411764,0.20680988,0.13859075,0.24835527,-0.041401282,0.0,0.20190272,0.15496644,0.31085527,-0.038240865,0.0,0.32850444,0.20943122,0.53453946,0.010786802,0.0,0.4174864,0.29912713,0.9194079,0.08859581,0.0,0.27976745,0.22601646,0.4194079,-0.028466135,0.0,0.33438522,0.23398235,0.74835527,0.048270732,0.3486481,0.24388403,0.5542763,0.006925553,crisis_resilience,0.11513162,0.81523246,0.00023367908,0.69466525,0.5097644,0.40544873,0.97637814,0.95349205,0.00025069676,0.00027372167,0.05691394,social_solidarity
erdogan2024_c008,erdogan2024,erdogan,tr,2024-12-31,new_year_message,8,16,0.533,101,35,0.37879103,0.23274305,0.7944079,0.06986654,5.714286,0.25775072,0.18699996,0.42269737,-0.020616084,0.0,0.22737965,0.14231342,0.34703946,-0.039956003,0.0,0.2676502,0.22123972,0.6628289,0.019439027,0.0,0.23063579,0.15059403,0.51480263,-0.00950779,0.0,0.39217278,0.2451399,0.81414473,0.07445514,2.857143,0.3829751,0.2295506,0.8207237,0.05408451,0.0,0.32005203,0.23880564,0.60361844,0.011818439,0.0,0.34153527,0.21185227,0.77796054,0.055420786,0.4335866,0.2932006,0.8996711,0.09186405,crisis_resilience,0.006578982,0.72289395,0.0026419465,0.021246696,0.5037841,0.0030278352,0.9668202,0.78963953,0.0010403185,0.0010382907,0.19115774,social_solidarity
erdogan2024_c009,erdogan2024,erdogan,tr,2024-12-31,new_year_message,9,16,0.6,101,37,0.25664663,0.16387734,0.29769737,-0.052277863,2.7027028,0.23532474,0.22335194,0.30756578,-0.043042064,0.0,0.21279539,0.1688645,0.24835527,-0.05454026,5.4054055,0.19613686,0.1612322,0.21217105,-0.0520743,0.0,0.15687379,0.10980524,0.09375,-0.08326979,0.0,0.32598346,0.21936199,0.52796054,0.008265823,2.7027028,0.27238965,0.1816971,0.17927632,-0.05650094,0.0,0.24987629,0.1922338,0.26480263,-0.0583573,0.0,0.26473874,0.19656682,0.38980263,-0.021375746,0.37185293,0.27715468,0.6825658,0.030130386,social_solidarity,0.22039476,0.0044079763,0.028436035,0.61831963,0.62943304,0.024145423,0.135175,0.003854364,0.000235052,0.00039357555,0.9244493,foreign_policy
erdogan2024_c010,erdogan2024,erdogan,tr,2024-12-31,new_year_message,10,16,0.667,87,35,0.3874904,0.2654217,0.8207237,0.078565896,5.714286,0.33628428,0.26999238,0.7746711,0.057917476,0.0,0.19356988,0.13381833,0.16282895,-0.07376577,0.0,0.26248482,0.21776333,0.6332237,0.014273658,0.0,0.22946364,0.17407179,0.50164473,-0.010679945,0.0,0.41459915,0.27686858,0.87664473,0.09688151,0.0,0.39242852,0.29391593,0.8667763,0.063537925,0.0,0.16979806,0.119743794,0.027960526,-0.13843553,0.0,0.34641328,0.24919875,0.79769737,0.0602988,0.3449421,0.2796147,0.52138156,0.003219545,social_solidarity,0.009868443,0.9894601,0.001413112,0.00013341999,0.654674,0.2597787,0.9996133,0.9818579,0.00013007545,0.24050692,0.05079946,social_solidarity
erdogan2024_c011,erdogan2024,erdogan,tr,2024-12-31,new_year_message,11,16,0.733,113,45,0.28023052,0.16640215,0.37335527,-0.028693974,0.0,0.30121297,0.20697281,0.65953946,0.022846162,0.0,0.19527832,0.13793972,0.1825658,-0.07205734,0.0,0.24998322,0.21579035,0.5542763,0.001772061,0.0,0.20122528,0.16560519,0.30098686,-0.0389183,0.0,0.2498906,0.13834824,0.22203948,-0.067827046,0.0,0.28558046,0.18363096,0.26480263,-0.043310136,0.0,0.29847562,0.22477643,0.49835527,-0.009757966,0.0,0.31048757,0.2312172,0.6332237,0.024373084,0.38949692,0.2563026,0.74835527,0.047774374,security_military,0.10526317,0.97356933,0.8143483,0.00020462219,0.9957602,0.45032918,0.1419343,0.9503419,0.00078088854,0.06380243,0.70942193,foreign_policy
erdogan2024_c012,erdogan2024,erdogan,tr,2024-12-31,new_year_message,12,16,0.8,118,43,0.3197239,0.20541665,0.5707237,0.010799408,0.0,0.35665208,0.28680968,0.8240132,0.07828528,2.3255813,0.2207691,0.1517615,0.30427632,-0.046566546,0.0,0.3806622,0.33085778,0.9621711,0.13245104,0.0,0.20051035,0.12795705,0.2944079,-0.03963323,0.0,0.26150328,0.16068342,0.2680921,-0.056214362,2.3255813,0.306353,0.22068904,0.36348686,-0.02253759,0.0,0.34418732,0.27043772,0.70230263,0.03595373,0.0,0.42149034,0.326312,0.96875,0.13537586,0.45125678,0.29271144,0.93585527,0.109534234,foreign_policy,0.1381579,0.8252379,0.048903182,0.00015059266,0.98680264,0.021024458,0.030214587,0.75984967,0.00029422858,0.9790758,0.017160231,foreign_policy
erdogan2024_c013,erdogan2024,erdogan,tr,2024-12-31,new_year_message,13,16,0.867,117,41,0.35371953,0.235813,0.71546054,0.044795036,0.0,0.32339412,0.2727239,0.7417763,0.045027316,4.878049,0.2087033,0.15181202,0.23848684,-0.05863236,0.0,0.3490495,0.29346246,0.93585527,0.10083835,2.4390244,0.21182315,0.15917851,0.37993422,-0.028320432,0.0,0.33857515,0.2314536,0.59046054,0.020857513,2.4390244,0.32051817,0.22367692,0.43585527,-0.008372426,0.0,0.37745994,0.2962231,0.81085527,0.069226354,0.0,0.40457618,0.29769844,0.9259868,0.1184617,0.48191246,0.35529625,0.9819079,0.14018992,foreign_policy,0.125,0.9997439,0.0011116681,0.00010270021,0.9749168,0.009205456,0.99922067,0.654467,0.00031258783,0.00025414693,0.99102324,national_identity
erdogan2024_c014,erdogan2024,erdogan,tr,2024-12-31,new_year_message,14,16,0.933,82,30,0.34192616,0.1974419,0.67269737,0.03300166,3.3333333,0.34723556,0.25166014,0.79769737,0.06886876,0.0,0.2645586,0.18574113,0.54111844,-0.00277704,0.0,0.28592175,0.22084033,0.75164473,0.037710592,0.0,0.25145817,0.1779429,0.6134868,0.011314586,0.0,0.33478647,0.20417818,0.56414473,0.017068833,0.0,0.37629014,0.2572174,0.78453946,0.04739955,0.0,0.33871308,0.27705532,0.6825658,0.03047949,0.0,0.40920255,0.25797153,0.93585527,0.12308806,0.3731513,0.2496872,0.68914473,0.031428754,security_military,0.013157904,0.7036513,0.9640855,0.32082132,0.8770167,0.90800285,0.99021614,0.9940428,0.20024472,0.032620545,0.05728197,crisis_resilience
erdogan2024_c015,erdogan2024,erdogan,tr,2024-12-31,new_year_message,15,16,1.0,114,43,0.423329,0.28074008,0.8930921,0.1144045,4.6511626,0.28488186,0.2399901,0.5707237,0.006515056,0.0,0.2356585,0.18456742,0.40953946,-0.031677157,0.0,0.2357437,0.18062755,0.45230263,-0.012467459,0.0,0.23153451,0.15778384,0.52796054,-0.008609071,0.0,0.44962868,0.3056887,0.9424342,0.13191104,0.0,0.33195242,0.23316695,0.52796054,0.003061831,0.0,0.24751186,0.19100258,0.25164473,-0.060721725,0.0,0.29185498,0.1894346,0.5575658,0.0057404935,0.37082154,0.29282328,0.66611844,0.029098988,social_solidarity,0.049342096,0.7750094,0.011158032,0.09041372,0.86891025,0.07741297,0.99863833,0.039862495,0.0008559007,0.0016581544,0.12231339,social_solidarity
erdogan2025_c000,erdogan2025,erdogan,tr,2025-12-31,new_year_message,0,19,0.0,82,23,0.34172547,0.20462227,0.6694079,0.032800972,4.347826,0.2133938,0.1610152,0.20888157,-0.064973,0.0,0.17916222,0.11668188,0.0805921,-0.088173434,0.0,0.22435528,0.15977919,0.36019737,-0.02385588,0.0,0.19463482,0.11387943,0.24835527,-0.045508757,0.0,0.3363853,0.19253454,0.5707237,0.018667668,0.0,0.26984483,0.14220837,0.16940789,-0.05904576,0.0,0.29792988,0.23511294,0.49506578,-0.010303706,0.0,0.2751429,0.15242876,0.46546054,-0.010971576,0.32900584,0.22080646,0.4194079,-0.012716711,national_identity,0.09868419,0.8161134,0.09893638,0.0063883206,0.63906056,0.6540113,0.9459138,0.07030385,0.0077180504,0.00045474785,0.41111085,social_solidarity
erdogan2025_c001,erdogan2025,erdogan,tr,2025-12-31,new_year_message,1,19,0.056,101,38,0.3704757,0.248165,0.76480263,0.061551213,2.631579,0.44630414,0.37057596,0.9819079,0.16793734,5.263158,0.22203323,0.15315981,0.32072368,-0.04530242,0.0,0.231448,0.18748334,0.3963816,-0.016763166,0.0,0.24246103,0.1706141,0.57730263,0.0023174435,0.0,0.40294772,0.25577173,0.84046054,0.08523008,0.0,0.38319212,0.2827013,0.8240132,0.05430153,2.631579,0.22460057,0.16591838,0.15296052,-0.08363302,0.0,0.41343805,0.2865759,0.9424342,0.12732357,0.37036303,0.26252964,0.6628289,0.028640479,security_military,0.14144737,0.8624675,0.9694979,0.0013354007,0.9603983,0.0013354009,0.99186736,0.8979193,0.00013289992,0.37799975,0.0014607494,social_solidarity
erdogan2025_c002,erdogan2025,erdogan,tr,2025-12-31,new_year_message,2,19,0.111,121,48,0.3181641,0.20615852,0.5575658,0.009239614,2.0833333,0.4028185,0.36828387,0.9325658,0.1244517,4.1666665,0.24964611,0.19580194,0.46875,-0.017689541,0.0,0.28770015,0.23156007,0.7615132,0.039488986,4.1666665,0.19620287,0.13086584,0.26151314,-0.043940708,0.0,0.38559866,0.2214382,0.79769737,0.06788102,0.0,0.4411894,0.32970893,0.95230263,0.11229882,2.0833333,0.2093896,0.15215972,0.1069079,-0.09884399,0.0,0.37973773,0.2758838,0.89638156,0.09362325,0.3663748,0.25334418,0.63980263,0.024652243,crisis_resilience,0.019736826,0.24492694,0.5551941,0.0002482611,0.23899393,0.0033439079,0.8533026,0.7383862,7.0863265e-05,0.00470006,0.0010691264,social_solidarity
erdogan2025_c003,erdogan2025,erdogan,tr,2025-12-31,new_year_message,3,19,0.167,81,26,0.15131353,0.07776939,0.027960526,-0.15761097,0.0,0.19501626,0.16562498,0.097039476,-0.08335054,0.0,0.43906543,0.38785794,0.96546054,0.17172977,15.384615,0.1887573,0.14658862,0.18585527,-0.05945386,0.0,0.17637229,0.10784371,0.16282895,-0.06377129,0.0,0.20412937,0.12158415,0.100328945,-0.11358827,0.0,0.28128594,0.20386766,0.23519737,-0.04760465,0.0,0.24262434,0.18811959,0.22861843,-0.06560925,0.0,0.19641751,0.116752505,0.087171055,-0.08969697,0.23894574,0.14849097,0.08388158,-0.10277681,economy_welfare,0.7302632,0.24463359,0.00010150382,0.5351592,0.8709029,0.0016040893,0.00041165142,0.011029472,0.00018093575,0.000119598575,0.0007808887,foreign_policy
erdogan2025_c004,erdogan2025,erdogan,tr,2025-12-31,new_year_message,4,19,0.222,94,39,0.29375046,0.1810852,0.44901314,-0.015174031,2.5641026,0.32075655,0.27585214,0.7319079,0.04238975,2.5641026,0.39309287,0.32679933,0.9194079,0.12575722,5.1282053,0.2330803,0.16159034,0.41282895,-0.015130863,0.0,0.21632516,0.1683234,0.40625,-0.023818418,0.0,0.37119046,0.24638346,0.7319079,0.053472817,0.0,0.30710343,0.22448868,0.37006578,-0.021787167,0.0,0.2721152,0.2020815,0.37993422,-0.03611839,0.0,0.29156622,0.18941289,0.5542763,0.005451739,0.29800874,0.18611017,0.27467105,-0.043713808,economy_welfare,0.1875,0.2870678,0.39152226,0.9989433,0.09492912,0.11027938,0.9994777,0.94212186,0.9094858,0.0002242906,0.10841884,social_solidarity
erdogan2025_c005,erdogan2025,erdogan,tr,2025-12-31,new_year_message,5,19,0.278,121,39,0.279761,0.21211052,0.36677632,-0.02916351,2.5641026,0.20612219,0.18838333,0.15953948,-0.072244614,0.0,0.34250742,0.2713823,0.83388156,0.07517177,2.5641026,0.20509708,0.17824483,0.2450658,-0.04311408,0.0,0.18375969,0.16487017,0.20559211,-0.056383893,2.5641026,0.26695576,0.18443513,0.28453946,-0.05076188,0.0,0.31742328,0.24729145,0.4194079,-0.011467308,0.0,0.45818222,0.38907337,0.92269737,0.14994863,5.1282053,0.21818753,0.16353159,0.1825658,-0.06792696,0.2834442,0.2307207,0.21546052,-0.058278352,future_reform_technology,0.08881581,0.31263226,0.00027159211,0.92703366,0.3364673,0.3068385,0.98410887,0.932176,0.34054002,0.00037336594,0.006481978,social_solidarity
erdogan2025_c006,erdogan2025,erdogan,tr,2025-12-31,new_year_message,6,19,0.333,133,43,0.30792466,0.21472552,0.5180921,-0.0009998381,2.3255813,0.2071044,0.16480318,0.16940789,-0.071262404,0.0,0.1985747,0.12974378,0.1924342,-0.06876095,0.0,0.18194984,0.1201826,0.14638157,-0.06626132,0.0,0.23923987,0.16570994,0.56085527,-0.0009037107,2.3255813,0.3826751,0.22648573,0.79111844,0.06495747,2.3255813,0.3695997,0.25604594,0.7615132,0.040709108,4.6511626,0.21201915,0.14868343,0.11677632,-0.09621444,0.0,0.19803904,0.091685474,0.100328945,-0.088075444,0.27926576,0.19857146,0.1924342,-0.062456787,social_solidarity,0.02960527,0.6160123,0.0021157034,0.008168108,0.0031358358,0.009223286,0.9347832,0.14202352,0.000582694,0.00053057657,0.025395475,social_solidarity
erdogan2025_c007,erdogan2025,erdogan,tr,2025-12-31,new_year_message,7,19,0.389,101,37,0.23152249,0.13690682,0.1924342,-0.07740201,0.0,0.21671,0.19147123,0.21875,-0.061656803,0.0,0.242475,0.17690474,0.44572368,-0.02486065,2.7027028,0.12788469,0.07623589,0.03125,-0.120326474,0.0,0.1713392,0.11513251,0.14309211,-0.06880438,2.7027028,0.3717931,0.2250208,0.73519737,0.05407545,2.7027028,0.33248094,0.2163586,0.53453946,0.0035903454,2.7027028,0.18787082,0.1281535,0.054276317,-0.12036277,0.0,0.2090975,0.11217706,0.15625,-0.07701698,0.28314987,0.21698205,0.20888157,-0.05857268,social_solidarity,0.2006579,0.003930086,0.0004628085,0.013989346,0.0013564017,0.010448625,0.9996613,0.48303872,0.004810984,0.0003017926,0.26937366,social_solidarity
erdogan2025_c008,erdogan2025,erdogan,tr,2025-12-31,new_year_message,8,19,0.444,94,40,0.30433547,0.19563408,0.50164473,-0.004589021,2.5,0.2066234,0.15592396,0.16282895,-0.0717434,0.0,0.24218234,0.17013209,0.44243422,-0.02515331,2.5,0.26833862,0.17999494,0.6759868,0.02012746,0.0,0.20766425,0.15399194,0.34703946,-0.03247933,0.0,0.31464666,0.17462867,0.46217105,-0.0030709803,0.0,0.318074,0.2106081,0.42269737,-0.010816604,2.5,0.22578426,0.16716796,0.15953948,-0.08244933,0.0,0.2589754,0.1779015,0.36677632,-0.027139097,0.32398546,0.23857057,0.38322368,-0.01773709,foreign_policy,0.1743421,0.99492985,0.002667804,0.00044945235,0.14490347,0.8500715,0.99583375,0.27096224,0.00018164382,0.0006214631,0.08014123,social_solidarity
erdogan2025_c009,erdogan2025,erdogan,tr,2025-12-31,new_year_message,9,19,0.5,123,46,0.31072354,0.2126262,0.53453946,0.001799047,0.0,0.26370054,0.22190313,0.46875,-0.014666259,0.0,0.24465549,0.1605398,0.4555921,-0.022680163,0.0,0.3159478,0.2872957,0.8667763,0.06773664,2.173913,0.26681134,0.2122093,0.6759868,0.026667759,2.173913,0.3546735,0.24739811,0.6628289,0.036955863,4.347826,0.31541812,0.21246542,0.41282895,-0.013472468,2.173913,0.23809478,0.17242265,0.21546052,-0.07013881,0.0,0.3379067,0.23851292,0.76480263,0.051792204,0.39187318,0.28069913,0.76480263,0.050150633,foreign_policy,0.19078946,0.99455196,0.03087972,0.00022429059,0.89650226,0.5621615,0.9936117,0.09205325,0.00014539112,0.0021239663,0.98306066,national_identity
erdogan2025_c010,erdogan2025,erdogan,tr,2025-12-31,new_year_message,10,19,0.556,102,38,0.26827717,0.1794739,0.34375,-0.040647328,2.631579,0.22077982,0.20983794,0.24177632,-0.057586983,0.0,0.124178834,0.057707738,0.014802632,-0.14315683,0.0,0.22787456,0.16133852,0.37335527,-0.020336598,2.631579,0.1625675,0.09148318,0.11677632,-0.077576086,0.0,0.30270702,0.16735965,0.40625,-0.015010625,2.631579,0.24453467,0.1480941,0.087171055,-0.08435592,0.0,0.15774369,0.09128091,0.018092105,-0.1504899,0.0,0.22707489,0.14556018,0.23848684,-0.059039593,0.2485034,0.1633381,0.097039476,-0.093219146,social_solidarity,0.03289473,0.99916553,0.0021615503,0.00024156632,0.75725627,0.025226824,0.40615517,0.00039977103,8.547616e-05,0.00010071401,0.9851719,national_identity
erdogan2025_c011,erdogan2025,erdogan,tr,2025-12-31,new_year_message,11,19,0.611,99,36,0.26704466,0.14642817,0.34046054,-0.041879833,0.0,0.35424346,0.2670259,0.81085527,0.07587665,0.0,0.17176588,0.09165065,0.06414474,-0.095569775,0.0,0.23361157,0.19002883,0.43256578,-0.0145995915,0.0,0.19823335,0.13341059,0.2911184,-0.04191023,0.0,0.36105105,0.22830573,0.6924342,0.04333341,2.7777777,0.3204992,0.1790139,0.43256578,-0.00839138,0.0,0.17776075,0.11739723,0.03782895,-0.13047284,0.0,0.31960595,0.2321822,0.68914473,0.033491462,0.367478,0.28443825,0.65296054,0.025755465,security_military,0.11842108,0.77143484,0.42298126,0.00010150382,0.96652126,0.005189787,0.3060083,0.6995624,0.00010720879,0.0007672924,0.9976564,foreign_policy
erdogan2025_c012,erdogan2025,erdogan,tr,2025-12-31,new_year_message,12,19,0.667,85,35,0.2610685,0.16395925,0.30756578,-0.047856003,0.0,0.25989485,0.20404801,0.44243422,-0.018471956,2.857143,0.1842463,0.14513688,0.12664473,-0.08308935,0.0,0.12238503,0.09074093,0.024671054,-0.12582612,0.0,0.13374421,0.0964516,0.04111842,-0.10639937,0.0,0.31737497,0.20745341,0.47203946,-0.0003426671,2.857143,0.3218366,0.19937667,0.45230263,-0.007054001,2.857143,0.22339126,0.15755478,0.14638157,-0.084842324,0.0,0.2786975,0.20574328,0.49835527,-0.0074169934,0.33779758,0.2643161,0.4819079,-0.003924966,social_solidarity,0.019736826,0.68331385,0.16525607,0.0006070756,0.9798805,0.027690256,0.9990053,0.98806196,0.00029308183,0.9138304,0.022243667,social_solidarity
erdogan2025_c013,erdogan2025,erdogan,tr,2025-12-31,new_year_message,13,19,0.722,87,34,0.26314753,0.1324532,0.31414473,-0.045776963,0.0,0.3100525,0.23753816,0.6990132,0.03168571,2.9411764,0.18897173,0.111203805,0.14638157,-0.078363925,0.0,0.33521813,0.3047454,0.90296054,0.08700697,0.0,0.16184989,0.09472811,0.11348684,-0.078293696,0.0,0.19930767,0.091974266,0.087171055,-0.11840998,0.0,0.27293158,0.1775184,0.1825658,-0.055959016,2.9411764,0.24556397,0.17934279,0.24177632,-0.06266962,0.0,0.42097586,0.32437277,0.95888156,0.13486138,0.3947103,0.22292507,0.78125,0.052987754,foreign_policy,0.20394737,0.996557,0.9956262,0.00024729347,0.99893093,0.07160742,0.014707371,0.99887085,0.00022341638,0.9896419,0.43974736,foreign_policy
erdogan2025_c014,erdogan2025,erdogan,tr,2025-12-31,new_year_message,14,19,0.778,95,39,0.36554307,0.2260003,0.7450658,0.05661857,5.1282053,0.38694024,0.34180862,0.90625,0.10857344,2.5641026,0.18053758,0.11905567,0.090460524,-0.08679807,0.0,0.27626783,0.23884308,0.7055921,0.028056666,2.5641026,0.2665956,0.20251146,0.6694079,0.02645202,0.0,0.31509504,0.18910378,0.46546054,-0.0026226044,0.0,0.35934395,0.26974064,0.70888156,0.030453354,0.0,0.26589715,0.20522624,0.3338816,-0.042336434,0.0,0.42545393,0.3038805,0.97861844,0.13933945,0.3701799,0.2496149,0.65953946,0.028457344,security_military,0.16118419,0.97830194,0.90540594,0.025124969,0.9162971,0.55302256,0.9816304,0.9242787,0.06517215,0.009689718,0.12089216,social_solidarity
erdogan2025_c015,erdogan2025,erdogan,tr,2025-12-31,new_year_message,15,19,0.833,115,41,0.33097404,0.23007472,0.61019737,0.022049546,2.4390244,0.20551059,0.13211551,0.15296052,-0.07285622,0.0,0.23853965,0.15409166,0.4161184,-0.028796002,0.0,0.32911748,0.2828157,0.8930921,0.08090632,0.0,0.27533966,0.2117515,0.72861844,0.03519608,2.4390244,0.3417062,0.25725204,0.6069079,0.023988545,7.3170733,0.36838856,0.24996534,0.7450658,0.03949797,0.0,0.27692398,0.23423979,0.40953946,-0.031309605,0.0,0.28611508,0.18665954,0.53125,5.9604645e-07,0.48106688,0.3686986,0.97861844,0.13934433,foreign_policy,0.14802629,0.985328,0.022928093,0.31426093,0.84195566,0.7392342,0.96687347,0.96986395,0.004778364,0.0016842225,0.998738,national_identity
erdogan2025_c016,erdogan2025,erdogan,tr,2025-12-31,new_year_message,16,19,0.889,111,41,0.3218532,0.22954723,0.58388156,0.0129286945,0.0,0.23744458,0.15873876,0.31414473,-0.040922225,0.0,0.2720539,0.17054634,0.5805921,0.004718244,0.0,0.27765185,0.20954137,0.7121711,0.029440686,0.0,0.27160618,0.20609511,0.70230263,0.031462595,0.0,0.32900828,0.2383321,0.5444079,0.01129064,0.0,0.41704822,0.30071747,0.91611844,0.088157624,0.0,0.3392928,0.26820728,0.68585527,0.031059206,0.0,0.31200862,0.19640999,0.6430921,0.025894135,0.4626531,0.32491434,0.95230263,0.12093055,crisis_resilience,0.20394737,0.999841,0.47901624,0.0517735,0.92227256,0.98273236,0.99786353,0.99933726,0.03456177,0.0011581581,0.6300591,national_identity
erdogan2025_c017,erdogan2025,erdogan,tr,2025-12-31,new_year_message,17,19,0.944,122,41,0.38692558,0.2687286,0.8174342,0.07800108,2.4390244,0.3215508,0.25598484,0.73519737,0.043183982,0.0,0.3464003,0.24924503,0.84046054,0.07906464,4.878049,0.262411,0.19592926,0.6299342,0.014199838,0.0,0.22236043,0.157336,0.44901314,-0.01778315,0.0,0.42596275,0.2827759,0.8996711,0.108245105,0.0,0.3238273,0.2102889,0.46546054,-0.0050632954,0.0,0.3274749,0.26469678,0.6430921,0.019241303,0.0,0.27879056,0.1708282,0.50164473,-0.0073239207,0.36560622,0.27910697,0.6332237,0.02388367,social_solidarity,0.05921054,0.75788957,0.013146587,0.66443145,0.11739494,0.6278371,0.999213,0.008235631,0.0019916527,0.00054740964,0.11951086,social_solidarity
erdogan2025_c018,erdogan2025,erdogan,tr,2025-12-31,new_year_message,18,19,1.0,111,42,0.3454834,0.21232763,0.6957237,0.036558896,2.3809524,0.22929648,0.18254976,0.28125,-0.04907033,0.0,0.18184133,0.12236552,0.1069079,-0.085494325,0.0,0.24441816,0.18043998,0.5082237,-0.0037930012,2.3809524,0.18371949,0.10081336,0.20230263,-0.056424096,0.0,0.39693803,0.2504206,0.8240132,0.079220384,4.7619047,0.29144314,0.18640043,0.28782895,-0.037447453,0.0,0.24262503,0.19085975,0.23190789,-0.06560856,0.0,0.26230508,0.15007749,0.38651314,-0.023809403,0.3625837,0.2861464,0.6134868,0.020861149,social_solidarity,0.12828946,0.9606944,0.0015188509,0.037750274,0.8971503,0.066266425,0.9985786,0.19833575,0.04272219,0.00028741473,0.77619916,social_solidarity
macron2022_c000,macron2022,macron,fr,2022-12-31,new_year_address,0,35,0.0,198,115,0.40325803,0.32205504,0.85361844,0.09433353,1.7391304,0.4356208,0.34436464,0.96875,0.15725401,2.6086957,0.3373202,0.23448443,0.8240132,0.069984555,0.0,0.29026422,0.20725802,0.77138156,0.04205306,0.0,0.29101688,0.19635625,0.78125,0.050873294,0.0,0.47876847,0.3786136,0.97861844,0.16105083,0.8695652,0.3798492,0.29432583,0.8075658,0.050958604,0.8695652,0.27712864,0.17908454,0.41282895,-0.031104952,0.0,0.33750296,0.23286557,0.7615132,0.051388472,0.39202183,0.33840537,0.77138156,0.050299287,social_solidarity,0.009868443,0.97982264,0.9993346,0.00030834455,0.927503,0.9379537,0.9997897,0.993819,0.00018128946,0.07864238,0.97093683,social_solidarity
macron2022_c001,macron2022,macron,fr,2022-12-31,new_year_address,1,35,0.029,107,65,0.47035027,0.41053003,0.96546054,0.16142577,3.0769231,0.33406407,0.25859213,0.77138156,0.055697262,0.0,0.29124874,0.1977044,0.6792763,0.023913085,0.0,0.2787283,0.2495819,0.7253289,0.030517146,1.5384616,0.32159278,0.24907687,0.87335527,0.081449196,0.0,0.42787713,0.36719722,0.90296054,0.11015949,1.5384616,0.4358887,0.3578967,0.9457237,0.106998116,0.0,0.40213606,0.33072513,0.8569079,0.09390247,0.0,0.35890552,0.2600166,0.83388156,0.07279104,0.45653266,0.39046144,0.9490132,0.11481011,national_identity,0.019736826,0.9993475,0.45519862,0.0072047687,0.7314424,0.1860812,0.9862709,0.8245503,0.09191052,0.00084924564,0.7788176,national_identity
macron2022_c002,macron2022,macron,fr,2022-12-31,new_year_address,2,35,0.059,94,59,0.33909446,0.32543814,0.63980263,0.030169964,0.0,0.24091694,0.16492781,0.3305921,-0.037449867,0.0,0.22974078,0.15610367,0.37335527,-0.03759487,0.0,0.22398639,0.18323794,0.3569079,-0.024224773,3.3898306,0.17062145,0.11487448,0.13980263,-0.06952213,0.0,0.38168222,0.331304,0.78125,0.063964576,0.0,0.39751428,0.3078006,0.8799342,0.06862369,0.0,0.2831714,0.19391719,0.44243422,-0.025062203,0.0,0.34273207,0.2660628,0.78125,0.056617588,0.47110593,0.46452415,0.96546054,0.12938339,crisis_resilience,0.09868419,0.72036827,0.23846151,0.23187503,0.8945133,0.34004673,0.9937709,0.97142875,0.2137052,0.037274282,0.16899405,social_solidarity
macron2022_c003,macron2022,macron,fr,2022-12-31,new_year_address,3,35,0.088,164,91,0.22570267,0.15961248,0.16940789,-0.08322182,0.0,0.29913375,0.22456382,0.65625,0.020766944,1.0989012,0.22015825,0.12795869,0.29769737,-0.047177404,0.0,0.19823343,0.19613588,0.22203948,-0.049977735,2.1978023,0.17936364,0.10221827,0.17598684,-0.060779944,1.0989012,0.18937154,0.11796056,0.07401316,-0.1283461,0.0,0.42288345,0.33666977,0.9292763,0.09399286,5.4945054,0.2799465,0.18682575,0.42269737,-0.028287083,0.0,0.39195144,0.32401007,0.9194079,0.10583696,0.2868164,0.22855222,0.22861843,-0.05490616,crisis_resilience,0.2730263,0.25689605,0.9911355,0.0032287643,0.9992145,0.20585439,0.91770923,0.9895716,0.12683924,0.99946636,0.0005326521,foreign_policy
macron2022_c004,macron2022,macron,fr,2022-12-31,new_year_address,4,35,0.118,157,95,0.31585455,0.24421039,0.5542763,0.0069300532,1.0526316,0.27521664,0.18902868,0.5378289,-0.003150165,0.0,0.29645324,0.21110936,0.6957237,0.029117584,1.0526316,0.22980502,0.20080057,0.38322368,-0.018406138,3.1578948,0.23482141,0.15156147,0.5444079,-0.0053221732,1.0526316,0.34444416,0.27245194,0.6200658,0.026726514,2.1052632,0.5113096,0.41772434,0.9884868,0.18241903,2.1052632,0.3058266,0.20745772,0.5378289,-0.0024069846,1.0526316,0.3380861,0.2676741,0.7680921,0.051971614,0.3403352,0.33964893,0.5049342,-0.0013873577,crisis_resilience,0.2927631,0.9996862,0.01654544,0.032589745,0.9981361,0.97249323,0.99864364,0.99975896,0.00022385306,0.022499971,0.99776566,crisis_resilience
macron2022_c005,macron2022,macron,fr,2022-12-31,new_year_address,5,35,0.147,138,83,0.35041577,0.26750058,0.70230263,0.04149127,1.2048193,0.264718,0.19980818,0.4786184,-0.013648808,0.0,0.51838785,0.4505203,0.99835527,0.2510522,7.2289157,0.18412319,0.1453902,0.16611843,-0.06408797,0.0,0.18582408,0.11772848,0.21875,-0.0543195,0.0,0.35625285,0.31081367,0.6759868,0.038535208,1.2048193,0.2906223,0.2711236,0.28125,-0.038268298,0.0,0.24356078,0.15504187,0.23848684,-0.06467281,0.0,0.2265828,0.15580899,0.22861843,-0.05953169,0.3082035,0.29926527,0.32401314,-0.03351906,economy_welfare,0.29605263,0.53023654,0.00026068083,0.999159,0.0035243412,0.011642224,0.99129707,0.20549543,0.0045605446,0.00038072714,0.6913411,economy_welfare
macron2022_c006,macron2022,macron,fr,2022-12-31,new_year_address,6,35,0.176,197,132,0.21473345,0.15612413,0.11677632,-0.094191045,0.75757575,0.20728701,0.10919538,0.17269737,-0.07107979,0.0,0.2839919,0.19816586,0.6496711,0.01665625,1.5151515,0.2743765,0.27373713,0.6990132,0.026165351,1.5151515,0.19423315,0.13212559,0.2450658,-0.045910433,0.0,0.2022511,0.1542972,0.090460524,-0.115466535,1.5151515,0.31107247,0.23565462,0.3930921,-0.017818123,1.5151515,0.32577792,0.23451358,0.62664473,0.01754433,0.75757575,0.23314919,0.17938031,0.26151314,-0.0529653,0.3130976,0.27608436,0.3569079,-0.028624952,foreign_policy,0.049342096,0.9995669,0.2510964,0.28035772,0.999807,0.59247506,0.97649056,0.99821776,0.9991474,0.00076729234,0.99262565,foreign_policy
macron2022_c007,macron2022,macron,fr,2022-12-31,new_year_address,7,35,0.206,98,60,0.2972634,0.2449247,0.47203946,-0.0116610825,3.3333333,0.24145389,0.17482883,0.3338816,-0.036912918,0.0,0.25527373,0.17003173,0.49177632,-0.012061924,0.0,0.2194283,0.19574305,0.3305921,-0.02878286,0.0,0.37077445,0.29720587,0.9457237,0.13063087,5.0,0.25462914,0.18887182,0.23519737,-0.06308851,0.0,0.32985318,0.26450032,0.5180921,0.0009625852,3.3333333,0.33180225,0.2380438,0.6496711,0.02356866,0.0,0.24607179,0.16405761,0.30098686,-0.0400427,0.2567323,0.21250379,0.12335526,-0.08499023,democracy_institutions,0.29605263,0.9900636,0.00078854576,0.0009039678,0.46077415,0.9118884,0.89253914,0.9840477,0.0016875096,0.0001802305,0.020119477,national_identity
macron2022_c008,macron2022,macron,fr,2022-12-31,new_year_address,8,35,0.235,135,88,0.29130667,0.24080825,0.44243422,-0.017617822,0.0,0.25770324,0.19424057,0.4194079,-0.02066356,0.0,0.26978865,0.18991825,0.5707237,0.0024529994,1.1363636,0.19620565,0.16293669,0.21546052,-0.052005515,1.1363636,0.18336302,0.12694988,0.19901316,-0.05678056,0.0,0.26474378,0.19577417,0.27796054,-0.052973866,1.1363636,0.38616553,0.29478353,0.83388156,0.057274938,1.1363636,0.361929,0.25713968,0.7746711,0.05369541,0.0,0.30294168,0.2252463,0.61019737,0.016827196,0.28301206,0.23465534,0.20559211,-0.058710486,crisis_resilience,0.05921048,0.9987132,0.00016506857,0.0016072203,0.0029810327,0.0025459477,0.7577943,0.27776676,0.00017064043,0.00014285813,0.0017140385,national_identity
macron2022_c009,macron2022,macron,fr,2022-12-31,new_year_address,9,35,0.265,82,48,0.12686895,0.072768785,0.0082236845,-0.18205555,0.0,0.18226156,0.1092776,0.07401316,-0.09610525,0.0,0.22781795,0.13509656,0.35032895,-0.0395177,0.0,0.09313083,0.0649552,0.0016447369,-0.15508033,0.0,0.15981716,0.10386962,0.110197365,-0.08032642,0.0,0.13848753,0.082837015,0.0082236845,-0.17923011,0.0,0.28347045,0.19859612,0.2450658,-0.04542014,0.0,0.23762332,0.15243182,0.20888157,-0.07061027,0.0,0.19916257,0.12814796,0.1069079,-0.08695191,0.19070186,0.14406823,0.011513158,-0.15102069,economy_welfare,0.10526316,0.024099445,0.89975077,0.6623598,0.4194101,0.009821794,0.25251073,0.32450962,0.9981068,0.0005193049,0.052911814,future_reform_technology
macron2022_c010,macron2022,macron,fr,2022-12-31,new_year_address,10,35,0.294,157,97,0.14696452,0.09753739,0.02138158,-0.16195998,0.0,0.22753617,0.15743797,0.2680921,-0.050830632,0.0,0.37707573,0.30443472,0.88980263,0.10974008,5.1546392,0.10474433,0.077613994,0.011513158,-0.14346683,1.0309278,0.13488424,0.08938065,0.05098684,-0.105259344,0.0,0.16106105,0.11429551,0.024671054,-0.1566566,0.0,0.24892256,0.1636774,0.097039476,-0.079968035,0.0,0.20713642,0.13041912,0.097039476,-0.10109717,0.0,0.20201944,0.15983477,0.110197365,-0.084095046,0.15775034,0.12405151,0.0016447369,-0.18397221,economy_welfare,0.62171054,0.82566,0.0002551414,0.9865847,0.07399682,0.4524452,0.9342753,0.8110033,0.24721421,0.0002868541,0.06148037,economy_welfare
macron2022_c011,macron2022,macron,fr,2022-12-31,new_year_address,11,35,0.324,65,42,0.12148775,0.067694284,0.0016447369,-0.18743674,0.0,0.1863822,0.12831981,0.08388158,-0.0919846,0.0,0.3151244,0.2388913,0.7582237,0.04778874,2.3809524,0.1731818,0.14648142,0.100328945,-0.07502936,0.0,0.22342908,0.18784106,0.4588816,-0.016714498,0.0,0.13367504,0.105936006,0.0049342103,-0.1840426,0.0,0.27709076,0.2092739,0.20230263,-0.051799834,0.0,0.31398445,0.2398549,0.5674342,0.0057508647,0.0,0.22249125,0.15893841,0.21875,-0.063623235,0.20888889,0.1472114,0.027960526,-0.13283366,economy_welfare,0.19078952,0.20197058,0.7976356,0.86921585,0.9052804,0.83732086,0.9127283,0.583411,0.84600604,0.0025261848,0.027585283,social_solidarity
macron2022_c012,macron2022,macron,fr,2022-12-31,new_year_address,12,35,0.353,148,88,0.22104135,0.1581277,0.15296052,-0.087883145,0.0,0.2508648,0.19186863,0.38651314,-0.027502,0.0,0.19355395,0.13436455,0.15953948,-0.0737817,0.0,0.14266765,0.096939504,0.04769737,-0.10554351,0.0,0.19503564,0.124896884,0.25493422,-0.045107946,0.0,0.22695985,0.17118694,0.17269737,-0.09075779,0.0,0.37243986,0.2552158,0.77138156,0.04354927,1.1363636,0.27328864,0.18997626,0.38651314,-0.03494495,0.0,0.20275027,0.11959742,0.11348684,-0.08336422,0.20781958,0.1690517,0.024671054,-0.13390297,crisis_resilience,0.3848684,0.96856016,0.78122634,0.0014409428,0.18952109,0.119665086,0.9986276,0.9695268,0.004796976,0.0012351678,0.34953275,social_solidarity
macron2022_c013,macron2022,macron,fr,2022-12-31,new_year_address,13,35,0.382,184,115,0.18004285,0.10947418,0.06414474,-0.12888165,0.0,0.2711746,0.19282469,0.5082237,-0.0071921945,0.0,0.3258986,0.2260395,0.79111844,0.058562934,0.8695652,0.23239201,0.19088194,0.40296054,-0.015819147,0.8695652,0.21927853,0.16223074,0.42927632,-0.020865053,0.8695652,0.17082049,0.12115301,0.027960526,-0.14689715,0.0,0.30704632,0.22771667,0.36677632,-0.021844268,0.8695652,0.40775546,0.3081802,0.86019737,0.099521875,2.6086957,0.2309914,0.17050374,0.25493422,-0.05512309,0.24573562,0.178001,0.090460524,-0.09598693,future_reform_technology,0.06907892,0.35720304,0.00088649907,0.99855345,0.88646954,0.9812209,0.99366724,0.9881079,0.42739674,0.0015978455,0.6190683,economy_welfare
macron2022_c014,macron2022,macron,fr,2022-12-31,new_year_address,14,35,0.412,154,90,0.13765556,0.07055244,0.014802632,-0.17126894,0.0,0.21251026,0.14285675,0.20559211,-0.065856546,0.0,0.33244282,0.23420954,0.8207237,0.06510717,0.0,0.16051665,0.1305691,0.077302635,-0.08769451,0.0,0.22113551,0.18661985,0.43914473,-0.01900807,0.0,0.1722225,0.1409702,0.03782895,-0.14549515,0.0,0.22492275,0.14916141,0.044407893,-0.103967845,0.0,0.3631126,0.28870183,0.77796054,0.05487901,0.0,0.16289559,0.10083476,0.02138158,-0.123218894,0.20437858,0.14030334,0.018092105,-0.13734397,economy_welfare,0.042763174,0.78784966,0.0045384313,0.46927705,0.5398324,0.84325075,0.90665317,0.7658999,0.061989464,0.00050235394,0.27391416,social_solidarity
macron2022_c015,macron2022,macron,fr,2022-12-31,new_year_address,15,35,0.441,95,61,0.23968759,0.15839848,0.22203948,-0.069236904,0.0,0.20958604,0.16010557,0.18914473,-0.068780765,0.0,0.36513984,0.27828723,0.8634868,0.09780419,0.0,0.17118037,0.14563659,0.09375,-0.07703079,1.6393442,0.20403135,0.17923224,0.32401314,-0.036112234,0.0,0.2879963,0.27433684,0.34703946,-0.02972135,0.0,0.21429133,0.16594099,0.027960526,-0.11459926,0.0,0.3459298,0.2912529,0.7055921,0.037696213,0.0,0.17976062,0.121912256,0.054276317,-0.106353864,0.2757067,0.2415218,0.17927632,-0.06601584,economy_welfare,0.15789473,0.76053953,0.00023140867,0.9802431,0.29982218,0.8402262,0.9977261,0.050846573,0.00041004719,0.00088132435,0.15171777,social_solidarity
macron2022_c016,macron2022,macron,fr,2022-12-31,new_year_address,16,35,0.471,147,86,0.45484018,0.37947887,0.9457237,0.14591569,3.488372,0.38940072,0.28205422,0.90953946,0.11103392,0.0,0.3919389,0.28716868,0.9128289,0.12460324,1.1627907,0.3061314,0.26488477,0.84703946,0.057920232,0.0,0.3215598,0.2504541,0.8700658,0.081416205,0.0,0.3468297,0.28145087,0.6365132,0.02911207,0.0,0.5440134,0.4745141,0.99835527,0.21512279,2.3255813,0.5144743,0.40925485,0.9753289,0.20624068,1.1627907,0.34110302,0.27239007,0.7746711,0.054988533,0.3643757,0.31570458,0.62664473,0.022653162,crisis_resilience,0.023026347,0.98092175,0.00019411319,0.95392317,0.043875042,0.8037906,0.9914391,0.9994207,0.91730267,0.00043224148,0.0027202787,crisis_resilience
macron2022_c017,macron2022,macron,fr,2022-12-31,new_year_address,17,35,0.5,129,85,0.37689233,0.32779083,0.77796054,0.06796783,1.1764706,0.25551635,0.172537,0.40296054,-0.022850454,0.0,0.2989058,0.19857407,0.70230263,0.031570137,0.0,0.20835036,0.17971405,0.26151314,-0.0398608,1.1764706,0.20966408,0.1536865,0.3569079,-0.030479506,0.0,0.3289203,0.2723263,0.54111844,0.011202663,0.0,0.34435827,0.26644102,0.61019737,0.015467674,0.0,0.49802,0.4228507,0.96546054,0.1897864,1.1764706,0.27640328,0.22595657,0.4786184,-0.009711206,0.39201015,0.34338593,0.7680921,0.050287604,future_reform_technology,0.1875,0.9997075,0.0023781236,0.0010262068,0.4591974,0.09973295,0.9997367,0.92206234,0.0010182289,0.0015823421,0.41735497,social_solidarity
macron2022_c018,macron2022,macron,fr,2022-12-31,new_year_address,18,35,0.529,121,78,0.33589065,0.24799582,0.6200658,0.026966155,1.2820513,0.4616402,0.36130524,0.9884868,0.1832734,2.5641026,0.34381053,0.23040727,0.8371711,0.076474875,0.0,0.30417213,0.28844875,0.8371711,0.055960968,0.0,0.27326214,0.20826995,0.71546054,0.03311856,0.0,0.34227353,0.27284205,0.6134868,0.024555892,0.0,0.39160335,0.30379623,0.8569079,0.06271276,1.2820513,0.47386858,0.36289263,0.9457237,0.16563499,0.0,0.4211303,0.34311238,0.9621711,0.13501582,0.40907425,0.33608955,0.81414473,0.0673517,security_military,0.042763114,0.9734182,0.99972737,0.0004556365,0.99702764,0.75573844,0.8882267,0.9934991,0.10530251,0.9952862,0.06342433,security_military
macron2022_c019,macron2022,macron,fr,2022-12-31,new_year_address,19,35,0.559,117,69,0.34402668,0.27125728,0.68914473,0.03510219,2.8985507,0.47927028,0.36880964,0.9917763,0.20090348,0.0,0.2868109,0.1792696,0.66611844,0.019475251,0.0,0.27821198,0.21805078,0.71875,0.03000082,0.0,0.28797597,0.20774877,0.7680921,0.047832385,1.4492754,0.36174265,0.2790196,0.6957237,0.044025004,1.4492754,0.32770348,0.26575518,0.5115132,-0.0011871159,0.0,0.30327094,0.21509728,0.52796054,-0.004962653,0.0,0.383606,0.3212831,0.90296054,0.0974915,0.36724302,0.31229204,0.6496711,0.025520474,security_military,0.22368419,0.99619037,0.6170296,0.0006287841,0.9710468,0.26269996,0.9831661,0.9229698,0.00014768039,0.54389304,0.30393514,national_identity
macron2022_c020,macron2022,macron,fr,2022-12-31,new_year_address,20,35,0.588,178,102,0.23249742,0.15208206,0.20230263,-0.07642707,1.9607843,0.2221523,0.1368384,0.2450658,-0.05621451,0.0,0.30304182,0.22382854,0.7253289,0.035706162,0.98039216,0.22300485,0.18558589,0.34703946,-0.025206313,0.0,0.23931247,0.19329748,0.56414473,-0.00083111227,1.9607843,0.1841577,0.13536058,0.060855262,-0.13355994,0.0,0.23325887,0.16986877,0.054276317,-0.09563172,0.0,0.46286356,0.3543115,0.9259868,0.15462998,0.98039216,0.22374016,0.14932019,0.22203948,-0.062374324,0.27227515,0.19519672,0.15625,-0.0694474,future_reform_technology,0.2006579,0.6862124,0.007417381,0.009836048,0.71716046,0.90323025,0.979482,0.09901191,0.99522626,0.0015578482,0.033988025,future_reform_technology
macron2022_c021,macron2022,macron,fr,2022-12-31,new_year_address,21,35,0.618,178,133,0.38966566,0.3104641,0.82730263,0.08074117,2.255639,0.30316064,0.22253527,0.6694079,0.024793833,0.0,0.27299452,0.19554813,0.59046054,0.005658865,0.0,0.24178603,0.18021512,0.48848686,-0.0064251274,0.7518797,0.32220757,0.24983564,0.87664473,0.08206399,0.7518797,0.49315077,0.3844649,0.9917763,0.17543313,0.0,0.3460617,0.28840706,0.62335527,0.017171115,0.0,0.32469016,0.2254118,0.6200658,0.016456574,0.0,0.28933,0.2027643,0.5444079,0.0032155216,0.41214556,0.33284348,0.82730263,0.07042301,social_solidarity,0.11513156,0.9771756,0.00013605114,0.00010270019,0.5521775,0.005271083,0.99952435,0.4215965,0.00010804958,0.0003399649,0.37699577,social_solidarity
macron2022_c022,macron2022,macron,fr,2022-12-31,new_year_address,22,35,0.647,82,49,0.33777428,0.27573138,0.62664473,0.02884978,2.0408163,0.27864197,0.21398799,0.54769737,0.00027516484,0.0,0.3610641,0.30797294,0.85361844,0.09372845,0.0,0.19411948,0.16136792,0.19572368,-0.054091677,0.0,0.27300078,0.2250802,0.7121711,0.032857195,0.0,0.37980217,0.33708826,0.77138156,0.062084526,0.0,0.3081877,0.25369024,0.38322368,-0.020702899,0.0,0.41804358,0.33818054,0.87664473,0.109809995,0.0,0.20416877,0.15719387,0.120065786,-0.08194572,0.35249475,0.3155918,0.57730263,0.010772198,future_reform_technology,0.023026288,0.75536644,0.000114569004,0.00030061635,0.00023828691,0.6948724,0.9986169,0.050893713,0.00014397842,0.00018814208,0.043650277,social_solidarity
macron2022_c023,macron2022,macron,fr,2022-12-31,new_year_address,23,35,0.676,83,50,0.37732753,0.3164934,0.78453946,0.068403035,2.0,0.33020383,0.26966873,0.76480263,0.051837027,0.0,0.3421975,0.26147607,0.8305921,0.074861854,0.0,0.22674637,0.18252802,0.36677632,-0.021464795,0.0,0.29263735,0.22776385,0.7944079,0.052493766,0.0,0.38169336,0.31742424,0.78453946,0.06397572,0.0,0.36250362,0.3183881,0.7253289,0.033613026,0.0,0.44845822,0.38135034,0.91611844,0.14022464,0.0,0.27762082,0.20829508,0.48848686,-0.008493662,0.35265198,0.30514377,0.5805921,0.0109294355,future_reform_technology,0.08552635,0.7287,0.00040055232,0.013363722,0.00038371206,0.006758088,0.9397477,0.43276227,0.00039051397,0.0006602275,0.0065833814,social_solidarity
macron2022_c024,macron2022,macron,fr,2022-12-31,new_year_address,24,35,0.706,180,112,0.2581477,0.18492913,0.30098686,-0.05077681,0.0,0.22035399,0.15550126,0.23519737,-0.058012813,0.0,0.38971132,0.2944075,0.90625,0.12237567,0.0,0.21898997,0.17649814,0.32401314,-0.029221192,0.0,0.3293291,0.27376145,0.8832237,0.08918552,0.0,0.3674971,0.31225464,0.72203946,0.049779445,0.0,0.24941255,0.15461639,0.100328945,-0.07947804,0.0,0.4795639,0.40014952,0.9555921,0.1713303,0.0,0.22095957,0.1411273,0.21217105,-0.06515491,0.36283475,0.28365922,0.6167763,0.021112204,future_reform_technology,0.049342096,0.6562728,0.00021527923,0.9626907,0.46502304,0.988885,0.9988948,0.052303422,0.00053892744,0.00024441307,0.76816845,social_solidarity
macron2022_c025,macron2022,macron,fr,2022-12-31,new_year_address,25,35,0.735,93,55,0.28468412,0.20268026,0.40953946,-0.024240375,0.0,0.21736737,0.16628067,0.22203948,-0.06099944,0.0,0.43729234,0.36992738,0.9621711,0.16995668,1.8181819,0.1636284,0.12973851,0.0805921,-0.08458276,3.6363637,0.22776258,0.16912554,0.49177632,-0.012381002,0.0,0.29631928,0.2426605,0.37006578,-0.021398365,0.0,0.26828337,0.19256034,0.16282895,-0.060607225,0.0,0.47017917,0.39008492,0.93585527,0.16194558,5.4545455,0.23539902,0.1671988,0.2713816,-0.05071546,0.27328366,0.20616591,0.16611843,-0.06843889,economy_welfare,0.026315808,0.90644634,0.00014825829,0.9872528,0.042922337,0.1387533,0.89912134,0.7554566,0.951346,0.00013446629,0.046033904,economy_welfare
macron2022_c026,macron2022,macron,fr,2022-12-31,new_year_address,26,35,0.765,152,92,0.3687054,0.2794197,0.7582237,0.059780896,2.173913,0.29138207,0.22848725,0.60361844,0.01301527,0.0,0.2991735,0.22077969,0.7055921,0.03183785,1.0869565,0.26901492,0.230581,0.6825658,0.020803764,0.0,0.41586673,0.3636324,0.98519737,0.17572315,3.2608695,0.3595258,0.2952617,0.68585527,0.04180816,0.0,0.31870687,0.26205263,0.42927632,-0.010183722,0.0,0.45607394,0.37101054,0.9194079,0.14784035,0.0,0.26142985,0.18317577,0.37993422,-0.024684638,0.3642594,0.27606714,0.62335527,0.022536844,democracy_institutions,0.06578946,0.72326064,0.00052133633,0.8405209,0.1123077,0.9904591,0.9522199,0.43242288,0.0034030052,0.00031999825,0.07113817,democracy_institutions
macron2022_c027,macron2022,macron,fr,2022-12-31,new_year_address,27,35,0.794,96,56,0.29560673,0.1938869,0.4588816,-0.013317764,3.5714285,0.35888183,0.24571101,0.8371711,0.08051503,0.0,0.2656743,0.17410463,0.54769737,-0.0016613603,0.0,0.31046826,0.28852823,0.86019737,0.062257096,1.7857143,0.43027115,0.35794097,0.9950658,0.19012757,1.7857143,0.33855328,0.25696224,0.5871711,0.020835638,0.0,0.36054084,0.27550825,0.7121711,0.031650245,0.0,0.37671745,0.29949176,0.8042763,0.06848386,0.0,0.39013836,0.30697203,0.91611844,0.104023874,0.37414932,0.27388373,0.6990132,0.032426775,democracy_institutions,0.13486844,0.18330105,0.05781161,0.00016187639,0.8580062,0.9546897,0.99253935,0.9915216,0.0001634647,0.31478736,0.009276985,social_solidarity
macron2022_c028,macron2022,macron,fr,2022-12-31,new_year_address,28,35,0.824,114,71,0.2904369,0.25086296,0.43256578,-0.018487602,0.0,0.288947,0.20594007,0.59375,0.010580182,0.0,0.40064895,0.2995108,0.9325658,0.1333133,2.8169014,0.23287304,0.21107005,0.40625,-0.015338123,0.0,0.23382752,0.19502878,0.54111844,-0.006316066,0.0,0.32011098,0.27921373,0.49835527,0.002393335,0.0,0.31440106,0.23431168,0.40296054,-0.0144895315,0.0,0.44525635,0.3562047,0.9128289,0.13702276,0.0,0.25517413,0.2070924,0.34703946,-0.030940354,0.3346241,0.29957372,0.44572368,-0.0070984364,economy_welfare,0.019736886,0.35133886,0.03132112,0.33225623,0.2091767,0.054802597,0.9610615,0.2695659,0.8184468,0.00043990326,0.0017007224,social_solidarity
macron2022_c029,macron2022,macron,fr,2022-12-31,new_year_address,29,35,0.853,139,82,0.3651176,0.31412894,0.7417763,0.056193113,0.0,0.28171122,0.17542526,0.5575658,0.0033444166,0.0,0.26659015,0.17507505,0.5542763,-0.0007455051,1.2195122,0.34149492,0.3312764,0.91611844,0.09328376,3.6585367,0.25968647,0.20165356,0.6496711,0.019542888,1.2195122,0.3015126,0.25193182,0.40296054,-0.016205043,1.2195122,0.28027928,0.21777919,0.22203948,-0.048611313,0.0,0.33183435,0.2318223,0.65296054,0.023600757,0.0,0.31714803,0.26428607,0.67269737,0.031033546,0.44633555,0.38897586,0.9292763,0.104613006,foreign_policy,0.17434216,0.80859673,0.65613514,0.012147169,0.99260414,0.015218294,0.6897238,0.030777596,0.0027629987,0.0012160417,0.47679278,foreign_policy
macron2022_c030,macron2022,macron,fr,2022-12-31,new_year_address,30,35,0.882,81,51,0.25279263,0.21418253,0.28453946,-0.05613187,0.0,0.30952913,0.23977971,0.6957237,0.031162322,0.0,0.375576,0.30667242,0.8865132,0.108240336,3.9215686,0.21901463,0.21772023,0.32730263,-0.02919653,1.9607843,0.18023136,0.13242191,0.1825658,-0.05991222,0.0,0.21114004,0.17222735,0.12335526,-0.106577605,0.0,0.26855725,0.2122653,0.16611843,-0.06033334,0.0,0.25702024,0.19543524,0.30098686,-0.051213354,0.0,0.3370543,0.28103,0.7582237,0.05093983,0.3107405,0.2529587,0.33717105,-0.030982047,economy_welfare,0.19078946,0.99687636,0.973228,0.96235603,0.99743414,0.632446,0.9758546,0.976038,0.2431479,0.19994186,0.3333947,foreign_policy
macron2022_c031,macron2022,macron,fr,2022-12-31,new_year_address,31,35,0.912,129,84,0.4431723,0.37544256,0.9292763,0.13424781,2.3809524,0.3667181,0.26943016,0.8569079,0.08835131,1.1904762,0.26697326,0.17159566,0.56085527,-0.00036239624,0.0,0.30309,0.26983023,0.8305921,0.054878846,1.1904762,0.2759305,0.19103488,0.7319079,0.03578691,0.0,0.41971502,0.34416035,0.88980263,0.101997375,1.1904762,0.3781684,0.30515873,0.79769737,0.049277812,0.0,0.33420825,0.25143936,0.66611844,0.025974661,0.0,0.3734013,0.3144777,0.8930921,0.08728683,0.47708327,0.45895386,0.9753289,0.13536072,national_identity,0.039473653,0.9986646,0.9606206,0.0012668909,0.99864894,0.272218,0.9994736,0.97583157,0.0011559009,0.19856878,0.9992191,social_solidarity
macron2022_c032,macron2022,macron,fr,2022-12-31,new_year_address,32,35,0.941,167,93,0.24343461,0.14792052,0.23519737,-0.06548989,3.2258065,0.20585129,0.11506981,0.15625,-0.07251552,0.0,0.28677848,0.1881193,0.6628289,0.019442827,0.0,0.21336362,0.18055192,0.2911184,-0.034847543,2.1505377,0.22988477,0.16270334,0.5082237,-0.010258809,0.0,0.19875433,0.11726606,0.08388158,-0.118963316,0.0,0.28046525,0.19221938,0.22532895,-0.048425347,0.0,0.44154406,0.32518557,0.90625,0.13331047,0.0,0.2045343,0.12097022,0.12335526,-0.08158018,0.2698566,0.18593816,0.13980263,-0.071865946,future_reform_technology,0.24342108,0.9996295,0.0057861554,0.9781563,0.9994642,0.11809239,0.99968433,0.15897244,0.99978256,0.0021721078,0.95585793,future_reform_technology
macron2022_c033,macron2022,macron,fr,2022-12-31,new_year_address,33,35,0.971,173,105,0.40324017,0.32527292,0.8503289,0.09431568,1.9047619,0.2742762,0.19225127,0.53453946,-0.004090607,0.0,0.31867996,0.21514758,0.7680921,0.051344305,0.0,0.23427895,0.19503796,0.44243422,-0.013932213,0.95238096,0.27382755,0.19707373,0.71875,0.03368397,0.0,0.3790387,0.30310208,0.76480263,0.06132105,0.95238096,0.43501738,0.3248188,0.9424342,0.106126785,0.95238096,0.5414059,0.44837263,0.9950658,0.23317233,0.95238096,0.30171704,0.21765924,0.6003289,0.015602559,0.4338603,0.3536175,0.90296054,0.092137754,future_reform_technology,0.052631617,0.9951937,0.00094730896,0.011072161,0.91446275,0.016785491,0.9987721,0.73961055,0.0003156544,0.00042140938,0.71633023,social_solidarity
macron2022_c034,macron2022,macron,fr,2022-12-31,new_year_address,34,35,1.0,43,27,0.38493147,0.30291763,0.81085527,0.07600698,7.4074073,0.26229167,0.17914885,0.46217105,-0.016075134,0.0,0.29339063,0.19745557,0.68585527,0.026054978,0.0,0.24304964,0.19205487,0.49506578,-0.005161524,0.0,0.29987726,0.2179365,0.8207237,0.059733674,0.0,0.3555575,0.2723624,0.67269737,0.03783986,3.7037036,0.2993961,0.2070968,0.32730263,-0.029494494,0.0,0.35291314,0.24744552,0.7417763,0.044679552,0.0,0.2837913,0.18325481,0.52138156,-0.0023231804,0.41368243,0.341721,0.84375,0.07195988,democracy_institutions,0.009868443,0.9998166,0.35331663,0.22507578,0.9604163,0.453988,0.9995636,0.9524637,0.10854279,0.0037874572,0.8875462,national_identity
macron2023_c000,macron2023,macron,fr,2023-12-31,new_year_address,0,25,0.0,135,80,0.38101736,0.3068544,0.79769737,0.07209286,1.25,0.38485405,0.3061303,0.8930921,0.106487244,0.0,0.2899412,0.2099795,0.67269737,0.022605538,0.0,0.2705999,0.18757905,0.68914473,0.022388741,0.0,0.25128257,0.17369677,0.61019737,0.0111389905,0.0,0.47085902,0.37869292,0.9621711,0.15314138,2.5,0.35633346,0.31113407,0.68914473,0.027442873,0.0,0.24168439,0.15540159,0.22532895,-0.0665492,0.0,0.29311097,0.21887732,0.56414473,0.0069964826,0.35713547,0.3188988,0.59046054,0.015412927,social_solidarity,0.06907898,0.99216896,0.43338186,0.00043733438,0.37387583,0.066934206,0.9997498,0.23484507,6.5282664e-05,0.00038072708,0.19559409,social_solidarity
macron2023_c001,macron2023,macron,fr,2023-12-31,new_year_address,1,25,0.042,91,58,0.23945856,0.17227098,0.21875,-0.069465935,0.0,0.3269809,0.28447115,0.7549342,0.048614085,3.4482758,0.20134309,0.11806899,0.20559211,-0.065992564,0.0,0.21133533,0.19563514,0.28125,-0.03687583,1.7241379,0.1323742,0.07391813,0.034539472,-0.107769385,0.0,0.22927102,0.15079519,0.17927632,-0.08844662,3.4482758,0.28152412,0.21279402,0.23848684,-0.04736647,0.0,0.21536279,0.12588842,0.13322368,-0.0928708,0.0,0.357188,0.30512917,0.8240132,0.0710735,0.25099695,0.20333248,0.110197365,-0.0907256,security_military,0.4736842,0.59089726,0.9856076,7.141901e-05,0.9944987,0.0006732405,0.66672057,0.89100754,0.0006615175,0.9998024,0.00022341637,foreign_policy
macron2023_c002,macron2023,macron,fr,2023-12-31,new_year_address,2,25,0.083,105,58,0.34113327,0.24981341,0.6628289,0.03220877,1.7241379,0.3909961,0.3014111,0.91611844,0.112629294,0.0,0.36372775,0.25478065,0.86019737,0.096392095,1.7241379,0.26234972,0.23233525,0.62664473,0.0141385645,0.0,0.22838986,0.14185998,0.49506578,-0.011753723,0.0,0.32010275,0.23741435,0.49506578,0.0023851097,0.0,0.42045656,0.36677915,0.92269737,0.09156597,0.0,0.2825426,0.18051624,0.43914473,-0.025691003,1.7241379,0.42376184,0.35298365,0.9753289,0.13764736,0.30292302,0.24964152,0.2911184,-0.038799524,crisis_resilience,0.0065789223,0.9943196,0.029340029,0.052279215,0.9712111,0.0007096704,0.0030337367,0.8834373,0.00014202362,0.5939037,0.00022516823,national_identity
macron2023_c003,macron2023,macron,fr,2023-12-31,new_year_address,3,25,0.125,82,54,0.24942514,0.16386017,0.26151314,-0.059499353,0.0,0.2979884,0.24325334,0.6332237,0.01962161,1.8518518,0.2524178,0.18134123,0.48519737,-0.0149178505,0.0,0.13922161,0.11652315,0.04111842,-0.10898955,0.0,0.16838667,0.10229012,0.13651316,-0.071756914,0.0,0.26984823,0.18595764,0.28782895,-0.047869414,0.0,0.47873765,0.3682404,0.97861844,0.14984706,1.8518518,0.25401378,0.16333976,0.2911184,-0.054219812,0.0,0.4321498,0.30001026,0.98519737,0.14603531,0.30796373,0.22030133,0.31743422,-0.03375882,crisis_resilience,0.34539473,0.06563478,0.65665823,0.0073600826,0.41608465,0.20637375,0.7227227,0.9340501,0.00021995338,0.20354916,0.00045121054,crisis_resilience
macron2023_c004,macron2023,macron,fr,2023-12-31,new_year_address,4,25,0.167,95,60,0.32917032,0.26713642,0.60361844,0.02024582,1.6666666,0.30883384,0.21106055,0.6924342,0.030467033,0.0,0.315813,0.22115707,0.7615132,0.04847735,0.0,0.30769935,0.27598447,0.8569079,0.059488192,0.0,0.3125682,0.24894516,0.84375,0.072424605,0.0,0.3076868,0.23205245,0.43256578,-0.010030836,0.0,0.32052717,0.22482847,0.43914473,-0.008363426,0.0,0.41575497,0.29452777,0.87335527,0.107521385,0.0,0.31358254,0.21732461,0.6496711,0.027468055,0.3855976,0.30181527,0.7319079,0.04387504,future_reform_technology,0.016447365,0.999096,0.9941404,0.19636346,0.9970907,0.81563663,0.99730086,0.9914059,0.0046095722,0.028463025,0.39564487,national_identity
macron2023_c005,macron2023,macron,fr,2023-12-31,new_year_address,5,25,0.208,139,83,0.24503778,0.152357,0.24177632,-0.06388672,1.2048193,0.23410538,0.16311279,0.30098686,-0.044261426,0.0,0.3073237,0.19472405,0.7384868,0.03998804,1.2048193,0.25728723,0.22627902,0.59703946,0.009076074,2.4096386,0.23182784,0.1840128,0.53125,-0.008315742,1.2048193,0.22172329,0.16369057,0.14967105,-0.09599435,0.0,0.3342284,0.2552281,0.5509868,0.0053378046,0.0,0.42877793,0.32631662,0.8930921,0.120544344,1.2048193,0.2707216,0.212998,0.4194079,-0.01539287,0.27069587,0.23280974,0.14309211,-0.07102668,future_reform_technology,0.15460527,0.74783474,0.008694533,0.17645861,0.98548245,0.75119215,0.9867517,0.654674,0.001999432,0.0005092657,0.014643825,social_solidarity
macron2023_c006,macron2023,macron,fr,2023-12-31,new_year_address,6,25,0.25,138,76,0.22402506,0.14220418,0.16282895,-0.08489944,1.3157895,0.24942008,0.18508253,0.37664473,-0.028946728,0.0,0.47530088,0.38483202,0.9884868,0.20796522,5.263158,0.18568796,0.1662199,0.17269737,-0.0625232,1.3157895,0.2251942,0.17490721,0.47203946,-0.014949381,0.0,0.18361636,0.13093404,0.05756579,-0.13410129,1.3157895,0.2537558,0.17986865,0.120065786,-0.075134784,0.0,0.49057928,0.39030603,0.9621711,0.18234569,2.631579,0.19540979,0.11762092,0.0805921,-0.090704694,0.25410947,0.18102002,0.11348684,-0.087613076,economy_welfare,0.026315749,0.09268776,8.7502995e-05,0.99362403,0.7470166,0.7796366,0.9119473,0.04922212,0.99393195,0.00011591934,0.01504366,future_reform_technology
macron2023_c007,macron2023,macron,fr,2023-12-31,new_year_address,7,25,0.292,184,118,0.2264295,0.15064296,0.17269737,-0.08249499,0.0,0.26832718,0.21819049,0.49835527,-0.010039628,0.0,0.46721554,0.42751026,0.98519737,0.19987988,2.542373,0.18351245,0.15233305,0.15953948,-0.06469871,0.0,0.21106182,0.16283277,0.37664473,-0.029081762,0.0,0.2786923,0.24497032,0.30756578,-0.039025337,0.0,0.29426438,0.23459576,0.30427632,-0.034626216,0.84745765,0.3868665,0.3017503,0.83388156,0.07863292,1.6949153,0.27295357,0.18263146,0.43256578,-0.013160914,0.29361582,0.24217132,0.25493422,-0.04810673,economy_welfare,0.15131581,0.24211602,0.00051829213,0.9921004,0.004264635,0.52244586,0.9977039,0.5089101,0.01168162,0.00030415886,0.075142466,social_solidarity
macron2023_c008,macron2023,macron,fr,2023-12-31,new_year_address,8,25,0.333,149,81,0.28494745,0.21104231,0.4161184,-0.023977041,1.2345679,0.48488083,0.40187854,0.99835527,0.20651403,2.4691358,0.3029214,0.23300827,0.72203946,0.03558576,0.0,0.20824349,0.18187162,0.25822368,-0.03996767,0.0,0.33519244,0.30033496,0.90296054,0.09504886,3.7037036,0.25002003,0.19608536,0.22861843,-0.067697614,0.0,0.27174777,0.21654633,0.17598684,-0.057142824,0.0,0.351332,0.26467416,0.7319079,0.04309842,0.0,0.3409236,0.24323355,0.77138156,0.054809123,0.24707663,0.18461506,0.09375,-0.09464592,security_military,0.09539473,0.99419135,0.9996295,0.0013763896,0.3272382,0.9989162,0.9952355,0.9981049,0.15127839,0.7168136,0.13132633,security_military
macron2023_c009,macron2023,macron,fr,2023-12-31,new_year_address,9,25,0.375,97,58,0.23639572,0.16790108,0.20559211,-0.07252878,1.7241379,0.29801375,0.20003559,0.6365132,0.019646943,0.0,0.20893604,0.12566361,0.24177632,-0.058399618,0.0,0.22274905,0.18434784,0.34375,-0.025462106,1.7241379,0.34895998,0.29752868,0.91611844,0.1088164,1.7241379,0.24831262,0.17137003,0.21546052,-0.06940502,0.0,0.2107551,0.1443775,0.024671054,-0.1181355,0.0,0.31595957,0.23409691,0.5805921,0.007725984,0.0,0.23943332,0.15354982,0.28782895,-0.046681166,0.2635624,0.17855951,0.1299342,-0.07816014,democracy_institutions,0.27960527,0.7636601,0.02966156,0.000105959916,0.6597341,0.9981827,0.8873511,0.647241,0.0001650686,0.00021824206,0.016593179,democracy_institutions
macron2023_c010,macron2023,macron,fr,2023-12-31,new_year_address,10,25,0.417,96,57,0.29851383,0.24087012,0.4786184,-0.0104106665,1.754386,0.23918408,0.17157896,0.32730263,-0.039182723,0.0,0.2943994,0.18571344,0.6924342,0.027063757,0.0,0.21790206,0.19789925,0.31414473,-0.030309096,0.0,0.22113717,0.16928665,0.44243422,-0.019006416,0.0,0.2609461,0.20462775,0.26151314,-0.056771547,0.0,0.326824,0.23755695,0.49177632,-0.0020665824,0.0,0.47059995,0.35906065,0.93914473,0.16236636,0.0,0.27707788,0.20482093,0.48519737,-0.009036601,0.33343866,0.2693928,0.43585527,-0.008283883,future_reform_technology,0.24671054,0.98077494,0.6220002,0.5573635,0.8216889,0.90013826,0.9941232,0.7595822,0.4421547,0.00307537,0.44465515,social_solidarity
macron2023_c011,macron2023,macron,fr,2023-12-31,new_year_address,11,25,0.458,134,73,0.41746214,0.31465942,0.8799342,0.108537644,2.739726,0.36112487,0.2651499,0.84375,0.08275807,0.0,0.3196422,0.22128725,0.77138156,0.052306533,1.369863,0.22069904,0.18161055,0.3338816,-0.027512118,0.0,0.34776288,0.25590733,0.9128289,0.1076193,0.0,0.37468386,0.29040402,0.7417763,0.056966215,1.369863,0.3312291,0.2625299,0.52138156,0.0023384988,0.0,0.47809792,0.4126073,0.9490132,0.16986433,2.739726,0.33394682,0.24501294,0.73519737,0.04783234,0.33977333,0.24616028,0.50164473,-0.0019492209,future_reform_technology,0.03618425,0.93755466,0.0008676725,0.3586899,0.14051306,0.2989517,0.9018775,0.07577264,0.00022960827,0.00028406718,0.024168445,national_identity
macron2023_c012,macron2023,macron,fr,2023-12-31,new_year_address,12,25,0.5,146,85,0.29712066,0.2094941,0.46875,-0.011803836,2.3529413,0.3696754,0.2828283,0.8667763,0.091308594,0.0,0.4529916,0.3606553,0.97203946,0.18565595,3.5294118,0.22756769,0.19059016,0.37006578,-0.020643473,0.0,0.2802298,0.21056962,0.7450658,0.040086225,0.0,0.29959524,0.23001258,0.38980263,-0.018122405,0.0,0.31468624,0.23819786,0.40953946,-0.014204353,0.0,0.48472857,0.37249488,0.95888156,0.17649499,0.0,0.31590596,0.23458323,0.6628289,0.029791474,0.33471292,0.24751332,0.44901314,-0.0070096254,economy_welfare,0.013157904,0.99849296,0.97344345,0.77368695,0.99312294,0.95808905,0.9993135,0.85500574,0.9891815,0.0009128305,0.54673815,social_solidarity
macron2023_c013,macron2023,macron,fr,2023-12-31,new_year_address,13,25,0.542,142,79,0.19067687,0.1253151,0.077302635,-0.11824763,0.0,0.20859206,0.13924792,0.1825658,-0.06977475,0.0,0.33050543,0.23775972,0.8075658,0.06316978,0.0,0.21040511,0.18306527,0.2713816,-0.03780605,0.0,0.20227364,0.15705024,0.31743422,-0.037869945,0.0,0.18717527,0.1219867,0.067434214,-0.13054237,0.0,0.2807408,0.18364602,0.23190789,-0.048149794,0.0,0.5338487,0.42420375,0.9917763,0.22561511,0.0,0.19730423,0.12714987,0.09375,-0.08881025,0.2488864,0.15244734,0.100328945,-0.09283614,future_reform_technology,0.18421048,0.1750087,0.055771697,0.9622497,0.42000479,0.9183339,0.95645154,0.71549857,0.9996633,0.0010670425,0.20426254,future_reform_technology
macron2023_c014,macron2023,macron,fr,2023-12-31,new_year_address,14,25,0.583,146,83,0.16744322,0.10460005,0.044407893,-0.14148128,2.4096386,0.14336205,0.0539628,0.027960526,-0.13500476,0.0,0.17793316,0.10181019,0.07401316,-0.0894025,0.0,0.2452844,0.19269083,0.51480263,-0.0029267669,2.4096386,0.19668873,0.13578744,0.2713816,-0.043454856,0.0,0.14342171,0.09354171,0.011513158,-0.17429593,0.0,0.15477285,0.09699747,0.0049342103,-0.17411774,0.0,0.35669467,0.26309296,0.74835527,0.04846108,0.0,0.16824427,0.097809285,0.03782895,-0.11787021,0.24379304,0.15840721,0.087171055,-0.09792951,future_reform_technology,0.23355263,0.99493474,0.00086092594,0.4759707,0.99938214,0.00865255,0.9755303,0.27381706,0.99306935,0.0027629987,0.09101787,foreign_policy
macron2023_c015,macron2023,macron,fr,2023-12-31,new_year_address,15,25,0.625,162,96,0.36658052,0.2890372,0.74835527,0.05765602,1.0416666,0.31604606,0.24113183,0.71546054,0.037679255,0.0,0.32055944,0.22004254,0.77796054,0.05322379,0.0,0.25066668,0.21948555,0.56085527,0.0024555176,1.0416666,0.27071026,0.20410363,0.6957237,0.030566677,0.0,0.33492923,0.2628963,0.5674342,0.017211586,0.0,0.3747422,0.30501342,0.77796054,0.045851618,1.0416666,0.4303358,0.3373757,0.89638156,0.1221022,0.0,0.33428133,0.25900596,0.7417763,0.04816684,0.34649768,0.28766996,0.53125,0.0047751367,future_reform_technology,0.11842102,0.9599877,0.85747,0.37799978,0.8708171,0.9856076,0.9995093,0.879069,0.1281155,0.014756984,0.5356754,social_solidarity
macron2023_c016,macron2023,macron,fr,2023-12-31,new_year_address,16,25,0.667,129,83,0.35591853,0.2820058,0.72203946,0.04699403,2.4096386,0.38618642,0.30416,0.89638156,0.10781962,1.2048193,0.27287862,0.18691471,0.5871711,0.0055429637,0.0,0.33024037,0.3486646,0.89638156,0.08202921,3.6144578,0.27029762,0.21667072,0.68914473,0.030154034,1.2048193,0.32867068,0.28237668,0.5378289,0.010953039,1.2048193,0.40662405,0.33561814,0.8930921,0.07773346,0.0,0.42186624,0.32434905,0.8799342,0.11363265,0.0,0.38461196,0.32703945,0.90625,0.09849748,0.41237664,0.36301327,0.8305921,0.070654094,security_military,0.0,0.7078151,0.74153364,0.0003814712,0.99765414,0.40972257,0.8316564,0.9991289,0.0016743995,0.08079155,0.7730451,crisis_resilience
macron2023_c017,macron2023,macron,fr,2023-12-31,new_year_address,17,25,0.708,116,70,0.24868673,0.1596694,0.25822368,-0.060237765,0.0,0.32541817,0.22622296,0.7450658,0.04705137,0.0,0.23979135,0.12810528,0.42269737,-0.027544305,0.0,0.26518807,0.27953148,0.64638156,0.016976908,4.285714,0.2965309,0.22072998,0.8009868,0.05638732,1.4285715,0.22272153,0.15595129,0.15296052,-0.09499611,0.0,0.33617476,0.24299133,0.5740132,0.0072841644,0.0,0.37925643,0.27890086,0.8207237,0.07102284,1.4285715,0.34868363,0.2806779,0.8042763,0.06256914,0.33253717,0.25992078,0.43256578,-0.009185374,future_reform_technology,0.019736886,0.99273914,0.9831175,0.20157737,0.98894924,0.8894208,0.35675472,0.9993894,0.00060589175,0.6620321,0.01689868,crisis_resilience
macron2023_c018,macron2023,macron,fr,2023-12-31,new_year_address,18,25,0.75,92,45,0.22967735,0.15406357,0.1825658,-0.07924715,0.0,0.15010057,0.06954457,0.03782895,-0.12826623,0.0,0.15809992,0.064831555,0.044407893,-0.109235734,0.0,0.10411943,0.06836986,0.0082236845,-0.14409173,0.0,0.14896974,0.08063168,0.077302635,-0.09117384,0.0,0.18031913,0.090404,0.054276317,-0.13739851,0.0,0.19190323,0.12648082,0.014802632,-0.13698736,0.0,0.27372223,0.16970599,0.38980263,-0.034511358,0.0,0.12150411,0.04691999,0.0016447369,-0.16461037,0.18438983,0.1272389,0.0082236845,-0.15733272,future_reform_technology,0.20723684,0.985566,0.000543152,0.008412979,0.023554333,0.004503272,0.99925196,0.02224367,0.15263121,0.0013045066,0.19095024,social_solidarity
macron2023_c019,macron2023,macron,fr,2023-12-31,new_year_address,19,25,0.792,84,45,0.45741785,0.40285438,0.9490132,0.14849335,4.4444447,0.26024956,0.17986742,0.44572368,-0.018117249,0.0,0.2616311,0.17110725,0.52796054,-0.005704552,0.0,0.23326951,0.19722569,0.42269737,-0.014941648,0.0,0.2603789,0.18201162,0.65296054,0.020235315,0.0,0.38798916,0.3228733,0.8042763,0.07027152,0.0,0.40708473,0.3565024,0.8996711,0.07819414,0.0,0.33059877,0.23622929,0.64638156,0.022365183,0.0,0.29358792,0.20564982,0.5674342,0.007473439,0.42583168,0.39772946,0.8832237,0.08410913,national_identity,0.049342096,0.99981546,0.0007900862,0.00088823045,0.50659144,0.055874635,0.99846625,0.9982926,0.030157408,0.0025509128,0.83025026,national_identity
macron2023_c020,macron2023,macron,fr,2023-12-31,new_year_address,20,25,0.833,113,60,0.32348442,0.2632134,0.5871711,0.014559925,3.3333333,0.27266836,0.17790492,0.5246711,-0.0056984425,3.3333333,0.18087468,0.082214475,0.097039476,-0.08646098,0.0,0.19425797,0.18312334,0.19901316,-0.053953186,0.0,0.21344547,0.14552316,0.38651314,-0.026698112,0.0,0.22345087,0.14211853,0.15625,-0.09426677,0.0,0.25755182,0.1832129,0.13322368,-0.07133877,0.0,0.28335643,0.19657063,0.44572368,-0.02487716,0.0,0.24657783,0.16144955,0.30427632,-0.039536655,0.27275395,0.21123452,0.16282895,-0.068968594,national_identity,0.0625,0.9841242,0.88909626,0.00010932306,0.9150149,0.0012768145,0.9975656,0.5378304,0.0006615175,0.8342888,0.07779745,social_solidarity
macron2023_c021,macron2023,macron,fr,2023-12-31,new_year_address,21,25,0.875,119,70,0.28345373,0.19110437,0.3963816,-0.025470763,1.4285715,0.19860178,0.10142275,0.12335526,-0.07976502,0.0,0.19064048,0.092651404,0.15296052,-0.076695174,0.0,0.27798867,0.21428236,0.71546054,0.029777512,2.857143,0.23648757,0.1637758,0.54769737,-0.0036560148,0.0,0.21627216,0.13113883,0.13651316,-0.10144548,0.0,0.22745049,0.14932238,0.05098684,-0.1014401,0.0,0.31952906,0.2141875,0.6003289,0.011295468,0.0,0.24061714,0.14362091,0.2911184,-0.045497343,0.3042992,0.19704098,0.30098686,-0.037423342,foreign_policy,0.11513162,0.9720456,0.00027372167,0.0004084493,0.22084616,0.0050309175,0.016737208,0.010787142,0.0055065835,0.0007466115,0.014942705,national_identity
macron2023_c022,macron2023,macron,fr,2023-12-31,new_year_address,22,25,0.917,179,107,0.35251322,0.26047313,0.7121711,0.043588728,0.93457943,0.23759526,0.15586102,0.31743422,-0.040771544,0.0,0.2283659,0.12744473,0.36348686,-0.038969755,0.0,0.23603831,0.18857676,0.4555921,-0.012172848,0.93457943,0.26775965,0.19636604,0.6825658,0.027616069,0.0,0.30916083,0.21723546,0.43585527,-0.008556813,0.93457943,0.30723664,0.2256509,0.37993422,-0.02165395,0.0,0.3463157,0.24343684,0.70888156,0.038082123,0.0,0.22949287,0.13053775,0.24835527,-0.05662161,0.29330873,0.23012577,0.25164473,-0.048413813,national_identity,0.0032895207,0.97346866,0.00019185213,0.0005316133,0.0074968887,0.017526368,0.9594688,0.0058938786,0.0019475032,0.00053161324,0.009840805,national_identity
macron2023_c023,macron2023,macron,fr,2023-12-31,new_year_address,23,25,0.958,81,48,0.28353283,0.22878616,0.39967105,-0.025391668,0.0,0.22276601,0.14311567,0.25164473,-0.055600792,0.0,0.29378706,0.18874554,0.68914473,0.026451409,0.0,0.22231203,0.19385436,0.33717105,-0.025899127,0.0,0.26782537,0.21340224,0.68585527,0.027681783,0.0,0.28124744,0.21209443,0.32072368,-0.036470205,2.0833333,0.33530042,0.23113601,0.56085527,0.006409824,0.0,0.4243368,0.32217744,0.8865132,0.1161032,2.0833333,0.2693116,0.17333797,0.40296054,-0.016802877,0.336973,0.25777173,0.46217105,-0.0047495365,future_reform_technology,0.19736844,0.94158703,0.00059302105,0.00035836728,0.1980642,0.06356951,0.99814695,0.0011116681,0.00056588004,0.00014341719,0.008187909,social_solidarity
macron2023_c024,macron2023,macron,fr,2023-12-31,new_year_address,24,25,1.0,167,97,0.5357995,0.46322024,0.9950658,0.226875,5.1546392,0.29170266,0.18455788,0.61019737,0.013335854,0.0,0.3073353,0.19464183,0.7417763,0.039999634,1.0309278,0.25937992,0.21334103,0.6069079,0.011168763,0.0,0.276987,0.19913808,0.7384868,0.036843404,0.0,0.41308248,0.3367834,0.8700658,0.09536484,1.0309278,0.42268384,0.33072245,0.9259868,0.09379324,1.0309278,0.40038037,0.28230783,0.85361844,0.092146784,0.0,0.31908867,0.23401144,0.68585527,0.032974184,0.4634577,0.4274726,0.95888156,0.121735156,national_identity,0.06907898,0.9971661,0.05174954,0.124905184,0.96538115,0.3769671,0.99896175,0.6589664,0.4215518,0.0027522566,0.39723676,social_solidarity
macron2024_c000,macron2024,macron,fr,2024-12-31,new_year_address,0,22,0.0,81,51,0.32178593,0.24871546,0.5805921,0.012861431,1.9607843,0.2560826,0.1598239,0.40953946,-0.02228421,0.0,0.22398242,0.13544494,0.3305921,-0.04335323,0.0,0.21790431,0.15969157,0.31743422,-0.030306846,0.0,0.35841286,0.28596961,0.9292763,0.11826928,1.9607843,0.2809257,0.21572326,0.31743422,-0.03679195,1.9607843,0.25635195,0.18345939,0.1299342,-0.072538644,0.0,0.30627573,0.19988257,0.5444079,-0.0019578636,0.0,0.24566498,0.17612202,0.29769737,-0.0404495,0.29631066,0.25202942,0.2680921,-0.045411885,democracy_institutions,0.3486842,0.9996692,0.00021739137,0.0001035056,0.62463707,0.9937648,0.99857855,0.57397693,0.0008009536,0.00030475328,0.9881538,national_identity
macron2024_c001,macron2024,macron,fr,2024-12-31,new_year_address,1,22,0.048,97,59,0.29867116,0.2495884,0.4819079,-0.01025334,0.0,0.29555225,0.19516447,0.62335527,0.01718545,0.0,0.27679092,0.20560716,0.6200658,0.009455264,0.0,0.18330672,0.16756551,0.15625,-0.06490444,0.0,0.25501937,0.17878348,0.6299342,0.0148757845,0.0,0.26085997,0.19731332,0.25822368,-0.056857675,0.0,0.34737638,0.28292942,0.6299342,0.018485785,0.0,0.3518731,0.25277603,0.73519737,0.04363951,3.3898306,0.3166864,0.22544128,0.66611844,0.030571908,0.34183413,0.29009953,0.5082237,0.000111579895,future_reform_technology,0.10526317,0.90376234,0.00046734812,0.0028449097,0.017442483,0.0011672309,0.99216896,0.9944988,0.89947516,0.000563675,0.0014866153,crisis_resilience
macron2024_c002,macron2024,macron,fr,2024-12-31,new_year_address,2,22,0.095,154,89,0.48907876,0.40124702,0.97861844,0.18015426,4.494382,0.29768437,0.20026475,0.62664473,0.019317567,0.0,0.22342345,0.12044375,0.32730263,-0.043912202,0.0,0.23067504,0.19468465,0.38651314,-0.017536119,2.247191,0.21920496,0.12940583,0.42598686,-0.02093862,0.0,0.3206468,0.22667098,0.50164473,0.002929151,0.0,0.33138603,0.2788124,0.5246711,0.0024954379,0.0,0.25033522,0.14920913,0.2680921,-0.057898372,0.0,0.26981285,0.17243461,0.40625,-0.016301632,0.32548544,0.29420945,0.38651314,-0.01623711,national_identity,0.3519737,0.99975175,0.01877907,0.000328866,0.9883128,0.0036928533,0.97834337,0.043062966,0.00022254554,0.0028783479,0.93989265,national_identity
macron2024_c003,macron2024,macron,fr,2024-12-31,new_year_address,3,22,0.143,130,72,0.32485062,0.23218502,0.59375,0.015926123,2.7777777,0.1913534,0.10634948,0.090460524,-0.08701341,0.0,0.18098636,0.08746176,0.100328945,-0.08634929,0.0,0.17825402,0.13234873,0.12664473,-0.06995714,0.0,0.21087526,0.12874772,0.37335527,-0.029268324,0.0,0.2377617,0.14906377,0.1924342,-0.079955935,0.0,0.2975065,0.24824297,0.32401314,-0.03138408,0.0,0.29780382,0.18005311,0.49177632,-0.01042977,0.0,0.19036736,0.09179817,0.07072368,-0.09574713,0.25085333,0.18961683,0.1069079,-0.09086922,national_identity,0.10197368,0.9854405,0.0007870084,0.00086429267,0.060252324,0.0038693913,0.2620857,0.006837204,0.0011008767,0.0004897656,0.011233708,national_identity
macron2024_c004,macron2024,macron,fr,2024-12-31,new_year_address,4,22,0.19,123,78,0.3034972,0.2558485,0.49177632,-0.005427301,1.2820513,0.19301456,0.1140797,0.09375,-0.08535224,0.0,0.22572812,0.12430738,0.34046054,-0.04160753,0.0,0.13059826,0.08046873,0.034539472,-0.1176129,1.2820513,0.19664764,0.123183675,0.2680921,-0.04349594,0.0,0.33721316,0.27079797,0.5805921,0.019495517,1.2820513,0.37662748,0.2964787,0.79111844,0.047736883,1.2820513,0.25402635,0.17623797,0.2944079,-0.054207236,0.0,0.17312178,0.081980824,0.04769737,-0.112992704,0.33664072,0.32913724,0.4588816,-0.0050818324,crisis_resilience,0.21052635,0.90808946,0.010529713,0.16184944,0.3210341,0.28841874,0.9968025,0.99448806,0.044722572,0.0012818053,0.86755556,social_solidarity
macron2024_c005,macron2024,macron,fr,2024-12-31,new_year_address,5,22,0.238,86,48,0.25174713,0.19010666,0.27467105,-0.057177365,2.0833333,0.35369495,0.2753827,0.8075658,0.07532814,0.0,0.33146918,0.24656428,0.81085527,0.064133525,2.0833333,0.23338646,0.18758756,0.42598686,-0.014824703,0.0,0.19808047,0.10914683,0.28782895,-0.042063117,0.0,0.2984799,0.24261579,0.37993422,-0.019237727,0.0,0.5304392,0.4401505,0.9917763,0.2015486,6.25,0.2977506,0.21393703,0.48848686,-0.010482997,2.0833333,0.32341185,0.2649767,0.70888156,0.037297368,0.32348472,0.32895297,0.37993422,-0.01823783,crisis_resilience,0.18092102,0.99960256,0.9739685,0.9644556,0.9928647,0.04365028,0.99807703,0.9997817,0.02025469,0.023734687,0.9992903,crisis_resilience
macron2024_c006,macron2024,macron,fr,2024-12-31,new_year_address,6,22,0.286,83,45,0.30498946,0.23635218,0.5082237,-0.003935039,0.0,0.3144663,0.217573,0.70888156,0.036099494,0.0,0.25117046,0.15743569,0.4819079,-0.016165197,0.0,0.3015182,0.24362068,0.8207237,0.05330704,0.0,0.22968063,0.14950639,0.5049342,-0.010462955,0.0,0.32381797,0.241985,0.5180921,0.006100327,6.6666665,0.33729133,0.27355433,0.5871711,0.008400738,0.0,0.25236127,0.16250032,0.27796054,-0.05587232,0.0,0.26493055,0.1915643,0.3930921,-0.021183938,0.3222442,0.2863422,0.37006578,-0.01947835,foreign_policy,0.111842155,0.988503,0.00037191084,0.0005072813,0.3220994,0.04509957,0.99955314,0.06966822,0.00019832788,0.0012693645,0.9165588,social_solidarity
macron2024_c007,macron2024,macron,fr,2024-12-31,new_year_address,7,22,0.333,92,58,0.23796213,0.1683309,0.21217105,-0.07096237,1.7241379,0.20024222,0.124760866,0.12664473,-0.07812458,0.0,0.21538508,0.10768856,0.2680921,-0.051950574,0.0,0.20405301,0.17803772,0.23848684,-0.044158146,0.0,0.24964273,0.18266737,0.60361844,0.009499148,3.4482758,0.18701927,0.11796647,0.06414474,-0.13069837,0.0,0.25212884,0.1883001,0.10361842,-0.07676175,0.0,0.21683185,0.13686807,0.13651316,-0.09140174,0.0,0.29670948,0.21347624,0.57730263,0.010594994,0.2851793,0.22776578,0.22203948,-0.05654326,democracy_institutions,0.33552635,0.0039492464,0.02598206,0.0001618764,0.99163574,0.8611883,0.0024968276,0.12543987,0.0002203833,0.022672437,0.00091819017,foreign_policy
macron2024_c008,macron2024,macron,fr,2024-12-31,new_year_address,8,22,0.381,87,47,0.21862513,0.17286882,0.14309211,-0.09029937,0.0,0.1723715,0.11332254,0.067434214,-0.1059953,0.0,0.18280527,0.12018799,0.11677632,-0.08453038,0.0,0.14773828,0.13592522,0.05098684,-0.10047288,0.0,0.1718005,0.12086632,0.14638157,-0.06834309,0.0,0.20815808,0.16706073,0.11677632,-0.109559566,0.0,0.22289193,0.16736452,0.03782895,-0.105998665,0.0,0.25943294,0.17090721,0.31085527,-0.048800647,0.0,0.2598253,0.16746506,0.37335527,-0.026289195,0.29325724,0.23479897,0.24835527,-0.04846531,future_reform_technology,0.1644737,0.07551658,0.5633779,0.2557152,0.42679933,0.7237002,0.7240906,0.9403394,0.014538515,0.032697678,0.00063124346,crisis_resilience
macron2024_c009,macron2024,macron,fr,2024-12-31,new_year_address,9,22,0.429,88,53,0.30018285,0.22531417,0.48519737,-0.008741647,0.0,0.28164297,0.16816467,0.5542763,0.0032761693,0.0,0.28182954,0.15457223,0.6332237,0.014493883,0.0,0.3035008,0.25371584,0.83388156,0.05528964,1.8867924,0.42875767,0.36570475,0.9917763,0.18861409,7.5471697,0.2734413,0.20205474,0.30427632,-0.044276327,0.0,0.3414483,0.257277,0.6069079,0.012557715,0.0,0.35672754,0.247957,0.75164473,0.04849395,0.0,0.29586577,0.20791875,0.5740132,0.00975129,0.3758546,0.30104232,0.7121711,0.034132063,democracy_institutions,0.15789473,0.0069711166,0.00036188282,0.0022738955,0.80517304,0.9963358,0.26095408,0.023757322,0.0009985542,0.00043308618,0.000563675,democracy_institutions
macron2024_c010,macron2024,macron,fr,2024-12-31,new_year_address,10,22,0.476,101,55,0.29540795,0.215318,0.4555921,-0.013516545,0.0,0.2235839,0.13543117,0.25493422,-0.054782897,0.0,0.31483436,0.20020324,0.75164473,0.047498703,0.0,0.24581797,0.1983197,0.5180921,-0.002393186,0.0,0.26211947,0.18135352,0.65953946,0.02197589,0.0,0.33843908,0.24582255,0.58388156,0.020721436,0.0,0.2837294,0.18757921,0.24835527,-0.045161188,0.0,0.3810001,0.2656623,0.82730263,0.07276651,0.0,0.22787891,0.1484158,0.24177632,-0.05823557,0.36635303,0.28846225,0.6365132,0.024630487,future_reform_technology,0.075657904,0.87841856,0.004672731,0.015769398,0.7801604,0.35826886,0.99690664,0.19284321,0.0001952537,0.00036329866,0.013571313,social_solidarity
macron2024_c011,macron2024,macron,fr,2024-12-31,new_year_address,11,22,0.524,85,53,0.22310139,0.1672771,0.15953948,-0.085823104,0.0,0.23297425,0.15921567,0.29769737,-0.045392558,1.8867924,0.39219606,0.28575802,0.91611844,0.124860406,0.0,0.15656199,0.12624305,0.07072368,-0.091649175,0.0,0.2717048,0.2164698,0.7055921,0.03156121,0.0,0.30431437,0.24852508,0.4161184,-0.013403267,0.0,0.27894294,0.18505517,0.21217105,-0.04994765,0.0,0.387779,0.29334548,0.84046054,0.07954541,0.0,0.2490339,0.18160944,0.31414473,-0.037080586,0.3055545,0.25465435,0.30427632,-0.03616804,economy_welfare,0.075657904,0.06210312,0.00050530455,0.99301535,0.12158142,0.99936,0.9993135,0.4263216,0.017492766,0.0003175088,0.037874628,democracy_institutions
macron2024_c012,macron2024,macron,fr,2024-12-31,new_year_address,12,22,0.571,84,61,0.24653302,0.18272285,0.24835527,-0.062391475,0.0,0.2855975,0.21779147,0.57730263,0.007230699,1.6393442,0.4191923,0.3465448,0.95230263,0.15185666,0.0,0.16746157,0.12743193,0.087171055,-0.080749586,0.0,0.29225975,0.23247217,0.7878289,0.05211617,0.0,0.3787861,0.31429183,0.7615132,0.061068445,1.6393442,0.3256702,0.21631645,0.4819079,-0.0032203794,0.0,0.35391065,0.280432,0.7450658,0.045677066,0.0,0.25218838,0.1824308,0.3338816,-0.0339261,0.3468971,0.29543942,0.54111844,0.0051745474,economy_welfare,0.16447371,0.0018969199,0.0007947255,0.7374419,0.00031381086,0.430267,0.9818579,0.0014866154,0.0008295892,7.5580676e-05,0.054499876,social_solidarity
macron2024_c013,macron2024,macron,fr,2024-12-31,new_year_address,13,22,0.619,155,87,0.33947027,0.25740916,0.64638156,0.030545771,3.4482758,0.41923654,0.32750368,0.95888156,0.14086974,4.597701,0.2640378,0.1592333,0.5378289,-0.0032978654,1.1494253,0.34878752,0.33788276,0.9325658,0.100576356,3.4482758,0.29254887,0.21401039,0.79111844,0.052405283,3.4482758,0.3125135,0.24285272,0.4555921,-0.005204141,0.0,0.38322276,0.31750017,0.82730263,0.054332167,1.1494253,0.3382696,0.23650949,0.6759868,0.030036002,0.0,0.45041335,0.4204351,0.9917763,0.16429886,0.39062887,0.32977933,0.7582237,0.048906326,security_military,0.026315749,0.9948754,0.9954967,0.0007854739,0.9996125,0.50613374,0.597373,0.9972718,0.0015700477,0.9905692,0.111482814,foreign_policy
macron2024_c014,macron2024,macron,fr,2024-12-31,new_year_address,14,22,0.667,144,84,0.23177345,0.17436644,0.19572368,-0.077151045,1.1904762,0.42506596,0.346722,0.96546054,0.14669916,7.142857,0.16396686,0.09123656,0.05098684,-0.10336879,0.0,0.24639547,0.2552111,0.52138156,-0.0018156916,4.7619047,0.19722968,0.14711736,0.27796054,-0.0429139,0.0,0.1917737,0.16594498,0.0805921,-0.12594394,0.0,0.23922686,0.1992673,0.07072368,-0.08966373,0.0,0.31486273,0.23415376,0.5707237,0.006629139,0.0,0.31331098,0.29663706,0.64638156,0.027196497,0.22638884,0.21154383,0.05756579,-0.115333706,security_military,0.39473683,0.967163,0.99953175,0.00015506914,0.9988883,0.77325916,0.8645251,0.96817124,0.077308424,0.9527833,0.946572,security_military
macron2024_c015,macron2024,macron,fr,2024-12-31,new_year_address,15,22,0.714,161,104,0.21845216,0.13206694,0.13980263,-0.09047234,1.9230769,0.32926318,0.24397895,0.7615132,0.050896376,1.9230769,0.3131804,0.24845761,0.74835527,0.045844734,1.9230769,0.31647956,0.29523352,0.8700658,0.0682684,2.8846154,0.20749047,0.16812152,0.34375,-0.03265311,0.0,0.22158481,0.1719438,0.14638157,-0.09613283,0.0,0.29424632,0.2130459,0.30098686,-0.034644276,0.0,0.51789284,0.4495943,0.97861844,0.20965925,1.9230769,0.3143639,0.26197267,0.65625,0.028249413,0.31500798,0.23394248,0.36019737,-0.026714563,future_reform_technology,0.108552635,0.94157356,0.9919146,0.24644972,0.9984723,0.11706649,0.9932877,0.055387247,0.9974491,0.00077481644,0.1511374,foreign_policy
macron2024_c016,macron2024,macron,fr,2024-12-31,new_year_address,16,22,0.762,151,90,0.20030463,0.14927316,0.090460524,-0.10861987,0.0,0.13551837,0.060794882,0.02138158,-0.14284843,0.0,0.25732026,0.17400838,0.5049342,-0.010015398,2.2222223,0.18495616,0.16483709,0.16940789,-0.063255,3.3333333,0.20732158,0.16057116,0.34046054,-0.032821998,1.1111112,0.21710671,0.17139181,0.13980263,-0.10061093,0.0,0.23978548,0.16200505,0.07401316,-0.089105114,0.0,0.37778056,0.2842477,0.8174342,0.06954697,1.1111112,0.19301467,0.15971582,0.07401316,-0.09309982,0.27356982,0.21235967,0.16940789,-0.068152726,future_reform_technology,0.3125,0.98337495,0.008219692,0.8669795,0.9056044,0.9668515,0.99151343,0.6627692,0.36727032,0.0003535028,0.13324596,social_solidarity
macron2024_c017,macron2024,macron,fr,2024-12-31,new_year_address,17,22,0.81,89,57,0.24169353,0.18144669,0.22532895,-0.06723097,1.754386,0.24273932,0.17606214,0.34375,-0.035627484,0.0,0.46474433,0.39843705,0.9819079,0.19740868,3.508772,0.24330015,0.20334555,0.49835527,-0.0049110055,1.754386,0.20608032,0.15253025,0.3338816,-0.034063265,0.0,0.21219665,0.15484086,0.1299342,-0.10552099,0.0,0.37888157,0.31177032,0.8042763,0.04999098,1.754386,0.3767544,0.27088618,0.8075658,0.068520814,0.0,0.25373274,0.1905519,0.34375,-0.032381743,0.27220902,0.22114755,0.15296052,-0.06951353,economy_welfare,0.1743421,0.9926256,0.0004305571,0.9988905,0.99703056,0.05751975,0.99481016,0.9997704,0.3559428,0.00018271105,0.0071214284,crisis_resilience
macron2024_c018,macron2024,macron,fr,2024-12-31,new_year_address,18,22,0.857,88,52,0.19663359,0.13066979,0.087171055,-0.112290904,0.0,0.23067021,0.13696031,0.28782895,-0.04769659,0.0,0.25701657,0.18606398,0.50164473,-0.010319084,0.0,0.24984932,0.22785127,0.5509868,0.0016381592,1.9230769,0.19512923,0.12780988,0.25822368,-0.04501435,0.0,0.16023254,0.11134351,0.018092105,-0.1574851,0.0,0.23834558,0.16378805,0.067434214,-0.09054501,0.0,0.3975911,0.27929652,0.84703946,0.089357525,1.9230769,0.20578152,0.15013047,0.13322368,-0.080332965,0.22957061,0.1699107,0.07072368,-0.112151936,future_reform_technology,0.29605263,0.99856186,0.9885583,0.0008761799,0.99773055,0.16947459,0.5004273,0.9980732,0.9981649,0.008560892,0.013782084,national_identity
macron2024_c019,macron2024,macron,fr,2024-12-31,new_year_address,19,22,0.905,86,48,0.33950937,0.27596426,0.6496711,0.030584872,2.0833333,0.23631015,0.16069695,0.31085527,-0.04205665,0.0,0.26904404,0.17314899,0.56414473,0.0017083883,0.0,0.27615035,0.25062945,0.70230263,0.027939186,0.0,0.23860821,0.1698633,0.5575658,-0.001535371,2.0833333,0.29756933,0.23691893,0.37664473,-0.020148307,0.0,0.47567868,0.38930088,0.97203946,0.14678809,2.0833333,0.4782708,0.36158472,0.95230263,0.17003721,2.0833333,0.3219546,0.2453671,0.6990132,0.035840124,0.35175055,0.289765,0.5674342,0.010028005,crisis_resilience,0.019736826,0.9799574,0.7472472,0.14039516,0.9814534,0.79668826,0.99901885,0.997116,0.021906367,0.0034096355,0.69616497,social_solidarity
macron2024_c020,macron2024,macron,fr,2024-12-31,new_year_address,20,22,0.952,158,92,0.26431942,0.2041612,0.32730263,-0.044605076,0.0,0.24672928,0.1788401,0.36677632,-0.03163752,1.0869565,0.36836976,0.26476496,0.87335527,0.101034105,1.0869565,0.25435287,0.24682677,0.58388156,0.0061417073,0.0,0.3153627,0.25643343,0.85361844,0.07521911,1.0869565,0.26125598,0.20798716,0.26480263,-0.056461662,0.0,0.33657348,0.23535737,0.57730263,0.0076828897,0.0,0.5308082,0.42689136,0.98519737,0.22257462,0.0,0.28657484,0.20980099,0.5378289,0.00046035647,0.36210555,0.2813018,0.6069079,0.020383,future_reform_technology,0.111842096,0.48730743,0.009055263,0.52463824,0.53825516,0.1119674,0.98535615,0.9076811,0.06979493,0.00028462237,0.16539082,social_solidarity
macron2024_c021,macron2024,macron,fr,2024-12-31,new_year_address,21,22,1.0,193,112,0.43808818,0.37222824,0.92269737,0.12916368,5.357143,0.27121627,0.18790957,0.51480263,-0.007150531,0.0,0.3227867,0.2158002,0.78125,0.055451035,0.0,0.287474,0.24734475,0.7582237,0.039262846,0.0,0.3307544,0.2484239,0.8865132,0.09061082,0.0,0.3785553,0.30703956,0.7582237,0.060837656,0.89285713,0.34943673,0.26501447,0.65296054,0.020546138,0.0,0.47088635,0.37163717,0.9424342,0.16265276,0.0,0.2734949,0.19207007,0.43914473,-0.012619585,0.43055594,0.36966014,0.8930921,0.08883339,future_reform_technology,0.019736826,0.983597,0.026205415,0.012194132,0.8736466,0.53585756,0.9927813,0.07416429,0.0041420166,0.002560871,0.84421647,social_solidarity
macron2025_c000,macron2025,macron,fr,2025-12-31,new_year_address,0,17,0.0,162,93,0.41129774,0.33802408,0.8700658,0.10237324,3.2258065,0.43801105,0.34930974,0.9753289,0.15964425,1.0752689,0.29835075,0.21117288,0.6990132,0.031015098,0.0,0.25961205,0.18611953,0.61019737,0.011400893,0.0,0.2726289,0.18765965,0.70888156,0.03248532,0.0,0.44688934,0.3560285,0.93585527,0.1291717,2.1505377,0.38474876,0.3314401,0.8305921,0.055858165,1.0752689,0.2955708,0.19446948,0.47532895,-0.012662798,0.0,0.30885494,0.22975153,0.62664473,0.022740453,0.34677875,0.3126958,0.5378289,0.0050562024,security_military,0.039473653,0.99672693,0.9970593,0.0002601723,0.2605776,0.017375667,0.99939406,0.99806195,6.18086e-05,0.00018378458,0.96713203,social_solidarity
macron2025_c001,macron2025,macron,fr,2025-12-31,new_year_address,1,17,0.062,193,126,0.38974112,0.29649764,0.8305921,0.08081663,0.0,0.41662621,0.3318885,0.9555921,0.13825941,1.5873016,0.43636528,0.3638461,0.95888156,0.16902962,3.1746032,0.30006874,0.24816318,0.8174342,0.051857576,1.5873016,0.291219,0.21452522,0.78453946,0.051075414,0.7936508,0.4180901,0.35807198,0.8865132,0.10037246,0.7936508,0.4769225,0.40986878,0.9753289,0.14803192,0.0,0.32582226,0.22520629,0.6299342,0.017588675,0.7936508,0.36013275,0.2803254,0.84046054,0.07401827,0.3712803,0.37367004,0.6694079,0.029557765,crisis_resilience,0.016447365,0.9997463,0.9992161,0.9931827,0.996577,0.9921233,0.9535137,0.99403125,0.00043563012,0.0036856742,0.99804676,national_identity
macron2025_c002,macron2025,macron,fr,2025-12-31,new_year_address,2,17,0.125,173,100,0.18737184,0.100225426,0.07401316,-0.12155266,0.0,0.32766265,0.23436677,0.7582237,0.049295843,3.0,0.26692587,0.16470706,0.5575658,-0.00040978193,1.0,0.33820897,0.32626534,0.90953946,0.08999781,6.0,0.18126404,0.11829999,0.18914473,-0.05887954,0.0,0.17237268,0.100724705,0.04111842,-0.14534496,0.0,0.32658726,0.25019833,0.48848686,-0.002303332,0.0,0.28135833,0.20529237,0.43256578,-0.026875257,0.0,0.42683178,0.36019748,0.9819079,0.1407173,0.31167942,0.21263638,0.34375,-0.030043125,foreign_policy,0.15131575,0.39443418,0.97939354,0.0012668908,0.9994877,0.00086092605,0.003337405,0.05135561,0.00047842562,0.9989738,0.0009454624,foreign_policy
macron2025_c003,macron2025,macron,fr,2025-12-31,new_year_address,3,17,0.188,48,27,0.2749452,0.20511293,0.3569079,-0.033979297,0.0,0.2774351,0.21303824,0.5444079,-0.00093171,0.0,0.32530308,0.24500299,0.7878289,0.057967424,3.7037036,0.1481091,0.10382849,0.054276317,-0.10010207,0.0,0.21568912,0.14194715,0.39967105,-0.02445446,0.0,0.37940052,0.3106817,0.7680921,0.06168288,0.0,0.3368343,0.26482627,0.5805921,0.00794372,0.0,0.2716964,0.17912552,0.37664473,-0.0365372,0.0,0.3088252,0.2280162,0.62335527,0.02271071,0.25470936,0.21378082,0.11677632,-0.087013185,economy_welfare,0.019736826,0.0003473453,0.00031565438,0.004219261,0.35981396,0.015983006,0.0030634166,0.07316059,0.00012148177,0.00025613976,6.402006e-05,foreign_policy
macron2025_c004,macron2025,macron,fr,2025-12-31,new_year_address,4,17,0.25,165,97,0.20973754,0.16329134,0.1069079,-0.09918696,1.0309278,0.31981835,0.24301076,0.72203946,0.041451544,1.0309278,0.35986924,0.2581769,0.8503289,0.09253359,1.0309278,0.21469216,0.16980734,0.2944079,-0.033519,1.0309278,0.24567197,0.18510282,0.5871711,0.0055283904,1.0309278,0.26356524,0.20994242,0.27467105,-0.0541524,0.0,0.3224792,0.2633162,0.4555921,-0.0064114034,3.0927835,0.35928595,0.27679414,0.76480263,0.05105236,0.0,0.28402966,0.23327155,0.5246711,-0.0020848215,0.27541962,0.24439968,0.17269737,-0.066302925,economy_welfare,0.08552629,0.9584989,0.00051829213,0.87037706,0.086169556,0.9520419,0.978733,0.96207196,0.028517084,0.0003360055,0.013768818,social_solidarity
macron2025_c005,macron2025,macron,fr,2025-12-31,new_year_address,5,17,0.312,156,88,0.24703956,0.1568284,0.25164473,-0.06188494,0.0,0.45401907,0.33987948,0.98519737,0.17565227,0.0,0.3030904,0.20530461,0.72861844,0.03575474,0.0,0.23353884,0.17212117,0.42927632,-0.014672324,1.1363636,0.31993186,0.24022326,0.86019737,0.07978828,0.0,0.30663568,0.21081047,0.42598686,-0.011081964,0.0,0.35253215,0.25096124,0.6628289,0.023641557,0.0,0.39767566,0.31616133,0.8503289,0.089442074,1.1363636,0.3356288,0.26647335,0.75164473,0.049514323,0.29072994,0.20644851,0.23848684,-0.050992608,security_military,0.125,0.8350132,0.5222022,0.00031688946,0.9946307,0.7804952,0.9983158,0.99951875,0.00039511535,0.0014779429,0.20737518,crisis_resilience
macron2025_c006,macron2025,macron,fr,2025-12-31,new_year_address,6,17,0.375,151,92,0.27472255,0.19321278,0.3536184,-0.03420195,0.0,0.26188263,0.18166164,0.4588816,-0.016484171,0.0,0.30237192,0.2081559,0.71546054,0.035036266,1.0869565,0.23389277,0.19440454,0.43914473,-0.014318392,2.173913,0.27106494,0.22235507,0.6990132,0.030921355,0.0,0.25740814,0.19235492,0.2450658,-0.0603095,0.0,0.27308413,0.2259468,0.18585527,-0.055806458,0.0,0.37103325,0.27994505,0.79111844,0.06279966,0.0,0.23288286,0.1662772,0.25822368,-0.053231627,0.32708526,0.2534442,0.40296054,-0.014637291,future_reform_technology,0.075657904,0.8095772,0.00024346048,0.60225165,0.95795166,0.899431,0.95626813,0.03892024,0.00017366598,0.0007509958,0.09334689,foreign_policy
macron2025_c007,macron2025,macron,fr,2025-12-31,new_year_address,7,17,0.438,86,63,0.28073072,0.20754234,0.37664473,-0.028193772,0.0,0.26403466,0.20070001,0.47203946,-0.014332145,0.0,0.26391822,0.16897085,0.53453946,-0.0034174323,0.0,0.21184343,0.16687703,0.28453946,-0.03636773,0.0,0.30065966,0.23647368,0.8240132,0.060516074,1.5873016,0.36216778,0.27263907,0.70230263,0.044450134,0.0,0.34763163,0.2640477,0.6332237,0.018741041,1.5873016,0.24952093,0.17862277,0.26151314,-0.05871266,0.0,0.2711824,0.18949677,0.42269737,-0.014932096,0.3118138,0.26510105,0.34703946,-0.029908746,democracy_institutions,0.12171054,0.15584777,0.0064568706,0.26671523,0.0010691263,0.9848983,0.9989535,0.9145964,0.0005274784,0.0010525686,0.051130094,social_solidarity
macron2025_c008,macron2025,macron,fr,2025-12-31,new_year_address,8,17,0.5,124,77,0.31194663,0.23580056,0.5444079,0.0030221343,2.5974026,0.40698707,0.33777338,0.9424342,0.12862027,1.2987013,0.36524928,0.27733672,0.8667763,0.09791362,0.0,0.25230542,0.21848479,0.5740132,0.004094258,0.0,0.29737693,0.23901376,0.81085527,0.05723335,0.0,0.3671311,0.28566018,0.71875,0.049413472,0.0,0.32251436,0.25094062,0.4588816,-0.0063762367,0.0,0.46879798,0.39881343,0.9325658,0.1605644,1.2987013,0.28326395,0.185796,0.5180921,-0.0028505325,0.31042212,0.22968003,0.3338816,-0.031300426,security_military,0.009868383,0.9981667,0.9984391,0.00021402177,0.13061772,0.99595356,0.9988282,0.52658623,0.89050865,0.047381777,0.35197902,social_solidarity
macron2025_c009,macron2025,macron,fr,2025-12-31,new_year_address,9,17,0.562,142,78,0.16328603,0.0986682,0.034539472,-0.14563847,0.0,0.21340102,0.14845228,0.21217105,-0.064965785,0.0,0.2169567,0.105355084,0.27796054,-0.05037895,0.0,0.25915712,0.22292888,0.60361844,0.010945961,0.0,0.2522377,0.17713633,0.6200658,0.012094125,2.5641026,0.17335248,0.09719242,0.044407893,-0.14436516,0.0,0.2181645,0.13235545,0.03125,-0.11072609,0.0,0.2989659,0.2180754,0.50164473,-0.009267688,0.0,0.25926682,0.17046124,0.37006578,-0.02684766,0.23275071,0.14944029,0.07401316,-0.108971834,democracy_institutions,0.016447365,0.976419,0.79795074,0.0049725967,0.9095461,0.98224515,0.94881654,0.8012758,0.018617803,0.0070254076,0.85302734,democracy_institutions
macron2025_c010,macron2025,macron,fr,2025-12-31,new_year_address,10,17,0.625,156,88,0.5147078,0.45708287,0.9917763,0.20578331,5.681818,0.3408044,0.26046634,0.79111844,0.062437594,0.0,0.28413147,0.19643284,0.65296054,0.016795814,0.0,0.2427265,0.20191744,0.49177632,-0.0054846555,0.0,0.25838104,0.18942064,0.63980263,0.018237457,0.0,0.43094578,0.3572343,0.90625,0.11322814,1.1363636,0.39147347,0.32421434,0.85361844,0.06258288,2.2727273,0.35222,0.24428564,0.7384868,0.04398641,0.0,0.34880492,0.26717848,0.8075658,0.06269044,0.46759406,0.41949958,0.9621711,0.12587151,national_identity,0.08552629,0.9966561,0.2960433,0.01689868,0.8098782,0.5450436,0.9992749,0.99395543,0.007937995,0.04096065,0.8581846,social_solidarity
macron2025_c011,macron2025,macron,fr,2025-12-31,new_year_address,11,17,0.688,150,94,0.42834994,0.356223,0.90953946,0.119425446,1.0638298,0.35828057,0.25916073,0.8305921,0.079913765,0.0,0.31976718,0.23541981,0.7746711,0.052431524,0.0,0.2894424,0.24987781,0.7680921,0.04123123,2.1276596,0.31892222,0.24260429,0.8569079,0.07877864,2.1276596,0.48317045,0.4033689,0.9819079,0.16545281,0.0,0.396496,0.30119413,0.87335527,0.067605406,1.0638298,0.3683319,0.26712403,0.78453946,0.06009832,0.0,0.36667514,0.2878997,0.8667763,0.080560654,0.48476124,0.41585994,0.98519737,0.14303869,social_solidarity,0.07236844,0.9987082,0.02978831,0.0019117695,0.79318607,0.6254381,0.9962747,0.98046875,0.00023597175,0.082919836,0.3922641,national_identity
macron2025_c012,macron2025,macron,fr,2025-12-31,new_year_address,12,17,0.75,169,99,0.24578881,0.18698755,0.2450658,-0.06313568,0.0,0.3973086,0.31413215,0.9259868,0.118941784,3.030303,0.25991625,0.19382064,0.5180921,-0.0074194074,1.010101,0.2921073,0.3207177,0.78125,0.043896154,6.060606,0.24155754,0.186815,0.5707237,0.0014139563,0.0,0.23360166,0.2055994,0.18585527,-0.08411598,0.0,0.29424447,0.23643748,0.29769737,-0.034646124,0.0,0.36128074,0.2882988,0.77138156,0.05304715,0.0,0.34421843,0.30825174,0.78453946,0.05810395,0.35037464,0.30383334,0.56414473,0.008652091,security_military,0.14473683,0.9327583,0.988597,0.01010596,0.9995015,0.051272415,0.099208094,0.6268097,0.0008199321,0.6065567,0.33323193,foreign_policy
macron2025_c013,macron2025,macron,fr,2025-12-31,new_year_address,13,17,0.812,107,58,0.23134577,0.17446643,0.18914473,-0.07757872,1.7241379,0.24312289,0.14882526,0.35032895,-0.035243914,0.0,0.4114763,0.33077472,0.9457237,0.14414066,6.8965516,0.26438165,0.2531161,0.6365132,0.016170487,8.620689,0.2313477,0.18334305,0.5246711,-0.008795887,0.0,0.25836635,0.2141734,0.25164473,-0.059351295,0.0,0.2367664,0.16464603,0.05756579,-0.092124194,0.0,0.3474227,0.2621011,0.7121711,0.0391891,0.0,0.23512238,0.19037789,0.2680921,-0.0509921,0.3349791,0.2690385,0.45230263,-0.006743461,economy_welfare,0.23355263,0.99889916,0.04021909,0.7525585,0.999415,0.49292037,0.8098217,0.089255944,0.99967813,0.0006399275,0.5597714,future_reform_technology
macron2025_c014,macron2025,macron,fr,2025-12-31,new_year_address,14,17,0.875,105,58,0.27982053,0.23609224,0.37006578,-0.029103965,0.0,0.16955507,0.11949437,0.054276317,-0.108811736,0.0,0.2720878,0.20817538,0.58388156,0.004752159,0.0,0.13978814,0.1197451,0.044407893,-0.108423024,0.0,0.21874899,0.16339414,0.4194079,-0.021394596,0.0,0.3120246,0.26571172,0.44901314,-0.0056930482,0.0,0.30470076,0.20301405,0.3569079,-0.02418983,0.0,0.42400384,0.34642202,0.8832237,0.11577025,0.0,0.21877983,0.13633016,0.1924342,-0.06733465,0.371471,0.3021887,0.67269737,0.02974844,future_reform_technology,0.29934216,0.05266765,0.00873672,0.2562732,0.12803373,0.34720504,0.99846923,0.042602543,0.00091461383,0.0003583673,0.0033374047,social_solidarity
macron2025_c015,macron2025,macron,fr,2025-12-31,new_year_address,15,17,0.938,179,102,0.42656955,0.34263718,0.90296054,0.117645055,2.9411764,0.29213637,0.17286375,0.6134868,0.013769567,0.0,0.32677555,0.20111847,0.79769737,0.059439898,1.9607843,0.2817523,0.22091919,0.7384868,0.033541128,0.0,0.29720968,0.19417885,0.8075658,0.057066098,1.9607843,0.4148358,0.32286942,0.8799342,0.09711817,0.0,0.3891006,0.29899934,0.84703946,0.06021002,0.0,0.50254506,0.366386,0.96875,0.19431147,1.9607843,0.30980802,0.22233054,0.6299342,0.023693532,0.4390176,0.36315808,0.90625,0.097295046,future_reform_technology,0.06578946,0.8632764,0.00012558252,0.079585075,0.008093289,0.0060503976,0.97272736,0.55838716,0.0038618704,8.2041515e-05,0.27664167,social_solidarity
macron2025_c016,macron2025,macron,fr,2025-12-31,new_year_address,16,17,1.0,57,32,0.3467541,0.27613905,0.6990132,0.037829608,9.375,0.25031692,0.15088847,0.38322368,-0.028049886,0.0,0.22085784,0.12150648,0.30756578,-0.04647781,0.0,0.27642894,0.2021142,0.70888156,0.028217778,0.0,0.25954926,0.17114824,0.64638156,0.019405678,0.0,0.31548384,0.21137087,0.46875,-0.0022338033,0.0,0.24149,0.16950814,0.077302635,-0.087400585,0.0,0.3264291,0.22666813,0.6365132,0.01819551,0.0,0.2285636,0.14093524,0.2450658,-0.057550877,0.345173,0.2537932,0.5246711,0.0034504533,foreign_policy,0.009868383,0.95272833,0.006538825,0.00995565,0.9878529,0.37434748,0.9985018,0.1203871,0.08997298,0.0015700476,0.46745333,social_solidarity
merkel1_c000,merkel1,merkel,de,2016-12-31,new_year_address,0,12,0.0,156,90,0.28113383,0.22708017,0.38651314,-0.027790666,1.1111112,0.30491874,0.30358762,0.6792763,0.026551932,1.1111112,0.19434312,0.13405433,0.16940789,-0.07299253,0.0,0.17713363,0.17461532,0.11677632,-0.071077526,0.0,0.1785214,0.12864238,0.17269737,-0.061622187,0.0,0.28047782,0.20934093,0.31414473,-0.03723982,0.0,0.39202645,0.33298188,0.8634868,0.06313586,2.2222223,0.2300024,0.14511347,0.1825658,-0.078231186,0.0,0.3616601,0.32126147,0.8503289,0.07554561,0.28825668,0.2307137,0.23519737,-0.053465873,crisis_resilience,0.18421054,0.9986196,0.713132,0.00048500832,0.99243015,0.0020768899,0.9917043,0.99951494,0.00019411318,0.025565214,0.0012219866,crisis_resilience
merkel1_c001,merkel1,merkel,de,2016-12-31,new_year_address,1,12,0.091,87,51,0.1704972,0.12960535,0.04769737,-0.1384273,0.0,0.30248204,0.27972025,0.66611844,0.024115235,1.9607843,0.07291311,0.068498455,0.0016447369,-0.19442254,0.0,0.1160665,0.089204006,0.014802632,-0.13214466,0.0,0.09937732,0.056636326,0.011513158,-0.14076626,0.0,0.23689649,0.20888627,0.18914473,-0.08082116,0.0,0.28706825,0.23287255,0.2680921,-0.041822344,0.0,0.07590472,0.022012878,0.0016447369,-0.23232886,0.0,0.34723437,0.28759468,0.8009868,0.061119884,0.20577765,0.1789114,0.02138158,-0.1359449,security_military,0.39802635,0.9896218,0.93379396,0.008544332,0.92501855,0.77261645,0.9447913,0.99917686,0.0007138378,0.09051417,0.009214366,crisis_resilience
merkel1_c002,merkel1,merkel,de,2016-12-31,new_year_address,2,12,0.182,84,52,0.20682776,0.14717412,0.100328945,-0.10209674,0.0,0.16161436,0.12971868,0.04769737,-0.116752446,0.0,0.12513255,0.11353417,0.018092105,-0.14220311,0.0,0.09771565,0.07165289,0.0049342103,-0.1504955,0.0,0.11485498,0.07548808,0.02138158,-0.1252886,0.0,0.32344317,0.26436442,0.51480263,0.005725533,0.0,0.4061932,0.3013919,0.8865132,0.077302605,0.0,0.10168355,0.042389307,0.0049342103,-0.20655003,0.0,0.21900934,0.12678719,0.19572368,-0.067105144,0.2754374,0.24055813,0.17598684,-0.06628513,crisis_resilience,0.37171054,0.41869694,0.00010679088,8.497683e-05,0.025226828,0.024539704,0.9923416,0.38157958,0.000112792986,0.0005368274,0.0026522598,social_solidarity
merkel1_c003,merkel1,merkel,de,2016-12-31,new_year_address,3,12,0.273,87,50,0.2393501,0.22279796,0.21546052,-0.0695744,2.0,0.29846346,0.2728933,0.63980263,0.02009666,4.0,0.14321549,0.11627661,0.027960526,-0.12412016,2.0,0.16946046,0.14584869,0.090460524,-0.0787507,2.0,0.1575195,0.1168069,0.100328945,-0.08262408,0.0,0.33683127,0.29168594,0.5740132,0.01911363,2.0,0.32168308,0.25625768,0.44901314,-0.007207513,0.0,0.17871389,0.118936405,0.04111842,-0.1295197,0.0,0.4166898,0.37090993,0.9555921,0.13057533,0.3973963,0.362009,0.78453946,0.05567375,security_military,0.06578946,0.6146832,0.5493989,0.0017718027,0.32702324,0.20601411,0.99918324,0.9967523,0.00066540233,0.046746712,0.9891082,social_solidarity
merkel1_c004,merkel1,merkel,de,2016-12-31,new_year_address,4,12,0.364,103,66,0.30157483,0.27685344,0.48848686,-0.00734967,0.0,0.28828585,0.28613904,0.5871711,0.009919047,0.0,0.19532892,0.18394527,0.18585527,-0.07200673,0.0,0.241602,0.23573361,0.48519737,-0.0066091567,0.0,0.28820598,0.2519961,0.7746711,0.0480624,3.030303,0.40590882,0.37923312,0.8503289,0.08819118,1.5151515,0.34897047,0.2930536,0.6496711,0.020079881,0.0,0.22988823,0.16885853,0.17598684,-0.07834536,0.0,0.3107397,0.28027612,0.6365132,0.024625212,0.3646856,0.35810137,0.6299342,0.022963047,social_solidarity,0.075657845,0.9984782,0.94955254,0.00032313756,0.9400511,0.9981505,0.9233162,0.9594972,0.00012436227,0.3686472,0.78378165,national_identity
merkel1_c005,merkel1,merkel,de,2016-12-31,new_year_address,5,12,0.455,148,78,0.22561276,0.19904667,0.16611843,-0.08331174,1.2820513,0.422002,0.42174006,0.9621711,0.14363518,5.1282053,0.21482037,0.20211494,0.26151314,-0.052515283,1.2820513,0.23873806,0.21569249,0.47203946,-0.0094731,1.2820513,0.28356397,0.2620359,0.7615132,0.04342039,1.2820513,0.2884789,0.27448767,0.35032895,-0.02923873,2.5641026,0.35174292,0.29457015,0.65953946,0.022852331,0.0,0.29923874,0.25639233,0.51480263,-0.008994848,0.0,0.41410878,0.3697521,0.9457237,0.1279943,0.31975424,0.30632597,0.36677632,-0.021968305,security_military,0.2006579,0.99567693,0.92630374,0.00028573602,0.82168895,0.9933201,0.99395543,0.9890554,0.010228811,0.018869258,0.9672869,national_identity
merkel1_c006,merkel1,merkel,de,2016-12-31,new_year_address,6,12,0.545,97,57,0.27062133,0.1813209,0.35032895,-0.038303167,1.754386,0.14272714,0.089566745,0.024671054,-0.13563967,0.0,0.15967678,0.10804745,0.04769737,-0.10765888,0.0,0.19555418,0.16429083,0.20230263,-0.05265698,3.508772,0.27513748,0.24671522,0.7253289,0.0349939,3.508772,0.28779092,0.20302086,0.34375,-0.029926717,0.0,0.2588566,0.19244567,0.13980263,-0.070034,0.0,0.23472224,0.16108555,0.18914473,-0.07351135,0.0,0.21985498,0.17332652,0.19901316,-0.0662595,0.27692878,0.19439319,0.18585527,-0.064793766,democracy_institutions,0.37499997,0.005587386,0.03302355,0.15266675,0.9680356,0.9796287,0.127707,0.5403024,0.00089519075,0.00085090456,0.013045613,democracy_institutions
merkel1_c007,merkel1,merkel,de,2016-12-31,new_year_address,7,12,0.636,104,58,0.3049454,0.22215363,0.5049342,-0.003979087,3.4482758,0.123865664,0.090681255,0.011513158,-0.15450114,0.0,0.15650935,0.108597085,0.034539472,-0.1108263,0.0,0.25417274,0.21846253,0.5805921,0.005961582,3.4482758,0.13381295,0.09790658,0.044407893,-0.10633063,0.0,0.20353125,0.14297518,0.097039476,-0.11418639,0.0,0.26527524,0.21373081,0.15953948,-0.06361535,0.0,0.27687138,0.19663727,0.40625,-0.031362206,1.7241379,0.16665927,0.14762667,0.03125,-0.11945522,0.2833694,0.2517367,0.21217105,-0.058353156,foreign_policy,0.075657904,0.046205748,0.21601154,0.0038806999,0.9901306,0.36511707,0.291195,0.96401775,0.0011559007,0.0016549242,0.023487044,foreign_policy
merkel1_c008,merkel1,merkel,de,2016-12-31,new_year_address,8,12,0.727,180,99,0.2688303,0.19274485,0.34703946,-0.040094197,0.0,0.24538651,0.1773571,0.36019737,-0.032980293,0.0,0.22027996,0.14832553,0.30098686,-0.04705569,0.0,0.3216322,0.29177547,0.8832237,0.073421046,1.010101,0.3881985,0.33959842,0.95888156,0.14805491,2.020202,0.30011505,0.23105021,0.3930921,-0.017602593,0.0,0.38675982,0.31473145,0.8371711,0.057869226,0.0,0.3113259,0.23911239,0.56414473,0.0030923188,0.0,0.30037165,0.25548178,0.59046054,0.014257163,0.38983604,0.33148205,0.75164473,0.048113495,democracy_institutions,0.075657845,0.9156582,0.52566177,0.00029193956,0.9883014,0.95052594,0.9862577,0.99096227,0.0001713082,0.00021235658,0.97246706,crisis_resilience
merkel1_c009,merkel1,merkel,de,2016-12-31,new_year_address,9,12,0.818,129,73,0.25305885,0.19526991,0.28782895,-0.055865645,1.369863,0.20079547,0.19405985,0.1299342,-0.07757133,0.0,0.32305542,0.27343234,0.78453946,0.055719763,1.369863,0.2086863,0.18863523,0.26480263,-0.039524853,1.369863,0.36748213,0.33932596,0.93585527,0.12733854,2.739726,0.3593725,0.2976156,0.6825658,0.041654855,1.369863,0.32701755,0.25634128,0.49506578,-0.0018730462,1.369863,0.32168335,0.2607304,0.6134868,0.013449758,0.0,0.2619026,0.21976027,0.38322368,-0.024211884,0.33027127,0.28285474,0.42269737,-0.011451274,democracy_institutions,0.15131581,0.9924227,0.0004477008,0.7779331,0.85299677,0.803251,0.9988027,0.9554856,0.0014579035,0.0008167382,0.03038675,social_solidarity
merkel1_c010,merkel1,merkel,de,2016-12-31,new_year_address,10,12,0.909,154,100,0.21556455,0.13953108,0.12664473,-0.09335995,0.0,0.1665101,0.16669993,0.05098684,-0.1118567,0.0,0.4118318,0.40274715,0.9490132,0.14449614,4.0,0.16581236,0.14548838,0.08388158,-0.0823988,0.0,0.19121319,0.19712655,0.23190789,-0.04893039,0.0,0.3392782,0.29058564,0.59703946,0.02156055,0.0,0.3247829,0.23500516,0.4786184,-0.004107684,0.0,0.4261362,0.35589474,0.88980263,0.11790261,2.0,0.16097772,0.13999403,0.018092105,-0.12513676,0.28298908,0.26654136,0.20230263,-0.058733463,economy_welfare,0.05921054,0.9343353,0.00025814815,0.99973726,0.14360754,0.3491166,0.99806195,0.018107349,0.7688634,0.0005838325,0.6738895,economy_welfare
merkel1_c011,merkel1,merkel,de,2016-12-31,new_year_address,11,12,1.0,154,96,0.32161513,0.27669445,0.57730263,0.012690634,2.0833333,0.19650568,0.18512301,0.10361842,-0.08186112,0.0,0.30208406,0.26860648,0.7121711,0.034748405,3.125,0.25613284,0.20914736,0.59046054,0.007921681,1.0416666,0.24299909,0.21013054,0.5805921,0.0028555095,1.0416666,0.4545397,0.39490142,0.9490132,0.13682204,4.1666665,0.33705103,0.25891837,0.58388156,0.008160442,0.0,0.3729135,0.29203475,0.79769737,0.06467992,1.0416666,0.22422436,0.19166607,0.22532895,-0.061890125,0.41330445,0.37345475,0.84046054,0.0715819,social_solidarity,0.15131581,0.9336277,0.00080723054,0.85288954,0.54256034,0.008172064,0.9866877,0.040979832,0.00025020776,0.000506292,0.914939,social_solidarity
merkel2_c000,merkel2,merkel,de,2017-12-31,new_year_address,0,11,0.0,120,75,0.35536346,0.3245575,0.71875,0.046438962,2.6666667,0.21739893,0.19769332,0.22532895,-0.060967878,0.0,0.23437236,0.16769806,0.39967105,-0.03296329,0.0,0.1717558,0.14416784,0.097039476,-0.076455355,0.0,0.14792779,0.105194084,0.07401316,-0.09221579,0.0,0.403309,0.3326738,0.84375,0.085591346,1.3333334,0.32477215,0.25355873,0.47532895,-0.0041184425,0.0,0.23680684,0.15422754,0.20559211,-0.07142675,0.0,0.28201544,0.24737708,0.5115132,-0.004099041,0.40375322,0.34467918,0.8075658,0.062030673,social_solidarity,0.125,0.9991541,0.00033404317,0.00026170083,0.8984328,0.20545557,0.8550663,0.81677204,0.00013472915,0.00013738609,0.74400586,national_identity
merkel2_c001,merkel2,merkel,de,2017-12-31,new_year_address,1,11,0.1,118,70,0.3394551,0.24979044,0.6430921,0.030530602,2.857143,0.22574967,0.1983301,0.26480263,-0.052617133,0.0,0.30147886,0.239505,0.70888156,0.03414321,2.857143,0.20139495,0.15879357,0.23190789,-0.046816215,1.4285715,0.30830353,0.25602207,0.8371711,0.06815995,1.4285715,0.46139282,0.36500764,0.9555921,0.14367518,4.285714,0.28071383,0.2302407,0.22861843,-0.048176765,0.0,0.22658843,0.14789827,0.16611843,-0.08164516,0.0,0.22060537,0.17179705,0.20888157,-0.06550911,0.33869892,0.29304248,0.49177632,-0.0030236244,social_solidarity,0.11842102,0.9996178,0.00011959858,0.99952155,0.9174692,0.99407166,0.9993068,0.010368157,0.00035006864,9.685607e-05,0.9983451,national_identity
merkel2_c002,merkel2,merkel,de,2017-12-31,new_year_address,2,11,0.2,116,75,0.1861893,0.13843924,0.07072368,-0.1227352,0.0,0.20169288,0.17751886,0.13651316,-0.076673925,0.0,0.20698963,0.18241294,0.23190789,-0.060346022,1.3333334,0.11725348,0.08917561,0.018092105,-0.13095768,0.0,0.11593937,0.09549461,0.024671054,-0.12420421,0.0,0.23943163,0.19324645,0.19572368,-0.07828601,0.0,0.2739529,0.20238991,0.19572368,-0.05493769,0.0,0.23487277,0.1738283,0.1924342,-0.073360816,0.0,0.21297044,0.19818123,0.17269737,-0.07314405,0.21430597,0.1695562,0.034539472,-0.12741658,economy_welfare,0.036184207,0.9787736,0.81940615,0.7775533,0.87056977,0.883889,0.99020666,0.9965098,0.0003119781,0.00039743638,0.0025708675,crisis_resilience
merkel2_c003,merkel2,merkel,de,2017-12-31,new_year_address,3,11,0.3,136,80,0.3242246,0.29613006,0.59046054,0.015300095,3.75,0.2652561,0.22989774,0.4819079,-0.013110697,0.0,0.33227116,0.26958546,0.81414473,0.064935505,1.25,0.26777348,0.23522481,0.6694079,0.019562319,0.0,0.26661062,0.24714617,0.67269737,0.02646704,0.0,0.33908603,0.27706268,0.59375,0.021368384,0.0,0.36733127,0.29486006,0.7417763,0.038440675,1.25,0.3802117,0.32337442,0.8240132,0.07197812,1.25,0.27696094,0.24440706,0.4819079,-0.009153545,0.36108404,0.31091863,0.60361844,0.019361496,future_reform_technology,0.009868443,0.29715118,0.00020502215,0.0009697519,0.2621801,0.25019073,0.9992191,0.0015070488,0.00023231421,0.00017064044,0.010724796,social_solidarity
merkel2_c004,merkel2,merkel,de,2017-12-31,new_year_address,4,11,0.4,115,70,0.2637571,0.18705124,0.32072368,-0.045167387,4.285714,0.093893066,0.09069731,0.0016447369,-0.18447374,0.0,0.31265673,0.30360535,0.7450658,0.045321077,1.4285715,0.19606753,0.18036722,0.20559211,-0.052143633,1.4285715,0.17698705,0.1669012,0.16611843,-0.06315653,0.0,0.36227277,0.3077619,0.7055921,0.044555128,1.4285715,0.2792215,0.18715996,0.21546052,-0.049669087,0.0,0.46650812,0.39081714,0.9292763,0.15827453,1.4285715,0.14313477,0.11944112,0.0082236845,-0.14297971,0.35229248,0.3177057,0.5740132,0.01056993,future_reform_technology,0.18421048,0.6520545,0.0002948036,0.9574771,0.35981393,0.0268612,0.9925826,0.08748584,0.95934516,0.00031503872,0.4375231,social_solidarity
merkel2_c005,merkel2,merkel,de,2017-12-31,new_year_address,5,11,0.5,90,60,0.20891608,0.13945532,0.10361842,-0.10000841,0.0,0.24364963,0.19840193,0.3569079,-0.034717172,0.0,0.3745622,0.35627782,0.8832237,0.10722655,3.3333333,0.24385577,0.22191517,0.50164473,-0.004355386,0.0,0.21648905,0.21848118,0.40953946,-0.023654535,0.0,0.24162118,0.19897324,0.20559211,-0.07609646,0.0,0.25492543,0.18132627,0.12664473,-0.07396516,0.0,0.5718384,0.5374551,0.99835527,0.2636048,8.333333,0.20506188,0.16277742,0.12664473,-0.0810526,0.28031078,0.22831513,0.19572368,-0.06141177,future_reform_technology,0.11513156,0.037326887,0.42143276,0.36330795,0.57618433,0.7883185,0.99116975,0.12619172,0.9623383,0.00016124539,0.00936717,social_solidarity
merkel2_c006,merkel2,merkel,de,2017-12-31,new_year_address,6,11,0.6,160,98,0.28482783,0.23431367,0.41282895,-0.024096668,0.0,0.32052058,0.29693362,0.72861844,0.042153776,2.0408163,0.39813873,0.39902753,0.9259868,0.13080308,0.0,0.24908601,0.21537977,0.5378289,0.0008748472,0.0,0.23720336,0.22727077,0.5542763,-0.0029402226,0.0,0.44693115,0.43323958,0.93914473,0.12921351,2.0408163,0.35261232,0.261678,0.66611844,0.023721725,0.0,0.34067708,0.27562785,0.6924342,0.032443494,0.0,0.22687939,0.20565397,0.23190789,-0.059235096,0.3377866,0.32508343,0.4786184,-0.003935933,social_solidarity,0.013157904,0.6595697,0.0029121784,0.41881576,0.35585886,0.36153096,0.99844515,0.038286004,0.001176375,0.0002885393,0.32589588,social_solidarity
merkel2_c007,merkel2,merkel,de,2017-12-31,new_year_address,7,11,0.7,137,84,0.37001967,0.31621388,0.7615132,0.061095178,1.1904762,0.39121938,0.3664346,0.9194079,0.11285257,1.1904762,0.2757954,0.20715256,0.6134868,0.008459747,0.0,0.33896604,0.31505513,0.9128289,0.09075488,2.3809524,0.22694582,0.2111118,0.4819079,-0.013197765,0.0,0.39108092,0.33068457,0.8075658,0.073363274,1.1904762,0.36292434,0.30554986,0.7319079,0.034033746,0.0,0.35709396,0.29684913,0.7582237,0.04886037,2.3809524,0.3230545,0.291717,0.70230263,0.03694001,0.41297328,0.37955576,0.8371711,0.07125074,security_military,0.006578982,0.9963571,0.9989956,0.000593021,0.9954217,0.17441028,0.9733169,0.8593689,0.0015761827,0.0139288595,0.8800775,security_military
merkel2_c008,merkel2,merkel,de,2017-12-31,new_year_address,8,11,0.8,85,52,0.28263047,0.21821748,0.38980263,-0.026294023,3.8461537,0.32202265,0.2652247,0.7384868,0.043655843,1.9230769,0.2926247,0.24642459,0.6825658,0.025289059,3.8461537,0.34254837,0.33465236,0.92269737,0.09433721,3.8461537,0.26060206,0.227182,0.65625,0.020458475,0.0,0.38024467,0.33107328,0.7746711,0.06252703,1.9230769,0.32764116,0.28378624,0.5082237,-0.0012494326,0.0,0.36112463,0.3091938,0.7680921,0.052891046,1.9230769,0.31772256,0.26545814,0.6759868,0.031608075,0.37414363,0.31331426,0.6957237,0.032421082,foreign_policy,0.14802629,0.99368566,0.0123360995,0.9930961,0.9914142,0.7673849,0.9897811,0.78347117,0.82068515,0.00019910393,0.6218854,national_identity
merkel2_c009,merkel2,merkel,de,2017-12-31,new_year_address,9,11,0.9,121,65,0.29661745,0.23355684,0.46546054,-0.012307048,1.5384616,0.18060349,0.13086283,0.07072368,-0.097763315,0.0,0.24289863,0.19359437,0.45230263,-0.024437025,1.5384616,0.2653269,0.24491088,0.6496711,0.017115727,1.5384616,0.41394323,0.36490002,0.97861844,0.17379965,4.6153846,0.3765191,0.29702494,0.75164473,0.058801472,3.0769231,0.2926736,0.20846328,0.2911184,-0.036217004,0.0,0.38709372,0.31382632,0.8371711,0.078860134,1.5384616,0.20884065,0.17340192,0.15296052,-0.07727383,0.41826284,0.3504286,0.8634868,0.07654029,democracy_institutions,0.14144737,0.99965936,0.00019222712,0.00028573605,0.79518133,0.9497248,0.9998317,0.13660838,0.0029121782,0.000610641,0.99594563,social_solidarity
merkel2_c010,merkel2,merkel,de,2017-12-31,new_year_address,10,11,1.0,131,74,0.28345156,0.26064426,0.3930921,-0.025472939,0.0,0.1462298,0.12368019,0.034539472,-0.132137,0.0,0.19450708,0.18799552,0.17598684,-0.072828576,0.0,0.18143032,0.13905159,0.13980263,-0.066780835,0.0,0.15717065,0.13294831,0.097039476,-0.08297293,0.0,0.45445222,0.39910898,0.9457237,0.13673458,2.7027028,0.28465152,0.17745458,0.25493422,-0.044239074,0.0,0.29237235,0.20972216,0.46875,-0.015861243,0.0,0.19384223,0.1460086,0.077302635,-0.09227225,0.4307573,0.3385778,0.89638156,0.089034766,social_solidarity,0.4769737,0.4325427,0.00083772343,0.00030002996,0.20505734,0.12418397,0.9991424,0.0061929906,0.00012411964,0.00015751076,0.93280613,social_solidarity
merkel2020_c000,merkel2020,merkel,de,2019-12-31,new_year_address,0,12,0.0,125,73,0.34377167,0.31414396,0.68585527,0.03484717,0.0,0.17152284,0.16309567,0.060855262,-0.10684396,0.0,0.242773,0.22363073,0.44901314,-0.024562657,0.0,0.21057218,0.20057285,0.27467105,-0.037638977,0.0,0.19375043,0.1785861,0.24177632,-0.046393156,0.0,0.3753221,0.3232413,0.7450658,0.057604462,1.369863,0.32602012,0.2532827,0.48519737,-0.0028704703,0.0,0.41381323,0.34834188,0.8700658,0.105579644,0.0,0.26015925,0.21993142,0.37664473,-0.02595523,0.4120627,0.36798215,0.8240132,0.07034016,future_reform_technology,0.125,0.9254997,0.72330946,0.38537467,0.7082126,0.6649756,0.99807703,0.73564166,0.89616054,0.00030654372,0.85427785,social_solidarity
merkel2020_c001,merkel2020,merkel,de,2019-12-31,new_year_address,1,12,0.091,171,113,0.26429412,0.21968865,0.32401314,-0.04463038,0.88495576,0.2024382,0.1880092,0.13980263,-0.0759286,0.0,0.3723601,0.3230024,0.8799342,0.10502446,3.539823,0.19058213,0.17522787,0.18914473,-0.057629034,0.0,0.22069101,0.20383333,0.43256578,-0.019452572,0.88495576,0.2802626,0.21889228,0.31085527,-0.037455052,1.7699115,0.3014314,0.21170644,0.33717105,-0.027459204,0.0,0.5334129,0.47157207,0.9884868,0.22517928,3.539823,0.20929047,0.17718972,0.15953948,-0.07682401,0.3758173,0.32055825,0.70888156,0.03409475,future_reform_technology,0.108552635,0.9971606,0.000440763,0.37868887,0.9520307,0.102664016,0.99967426,0.08137364,0.99612314,0.0003466678,0.9407081,social_solidarity
merkel2020_c002,merkel2020,merkel,de,2019-12-31,new_year_address,2,12,0.182,99,61,0.18560019,0.16613331,0.067434214,-0.123324305,0.0,0.15140183,0.12778473,0.04111842,-0.12696497,0.0,0.12102223,0.14467959,0.011513158,-0.14631343,0.0,0.12703866,0.12199299,0.027960526,-0.1211725,0.0,0.12962577,0.13933665,0.027960526,-0.110517815,0.0,0.2628726,0.24275585,0.2713816,-0.054845035,0.0,0.34828743,0.24422923,0.6430921,0.019396842,0.0,0.5088491,0.43320447,0.97203946,0.2006155,1.6393442,0.2095468,0.19787124,0.16611843,-0.07656768,0.3282207,0.29980144,0.41282895,-0.013501853,future_reform_technology,0.32894737,0.46733174,0.1464531,0.4887714,0.8330532,0.3970029,0.9915952,0.9746408,0.112104006,0.017526364,0.20252204,social_solidarity
merkel2020_c003,merkel2020,merkel,de,2019-12-31,new_year_address,3,12,0.273,146,77,0.14827222,0.1476,0.024671054,-0.16065228,0.0,0.2253183,0.2032929,0.26151314,-0.053048506,0.0,0.188651,0.19240582,0.13980263,-0.07868466,1.2987013,0.12120412,0.1316193,0.02138158,-0.12700704,1.2987013,0.10547291,0.09592082,0.014802632,-0.13467067,0.0,0.17476371,0.16489497,0.04769737,-0.14295393,0.0,0.3031324,0.2623124,0.34703946,-0.025758177,1.2987013,0.299153,0.23142713,0.5115132,-0.009080589,1.2987013,0.23594992,0.22487333,0.27467105,-0.050164565,0.22330503,0.21858731,0.044407893,-0.11841752,future_reform_technology,0.16447371,0.06632687,0.0007962779,0.0020688097,0.92736334,0.07945998,0.17395374,0.9987479,0.00471837,0.0003912771,0.030530944,crisis_resilience
merkel2020_c004,merkel2020,merkel,de,2019-12-31,new_year_address,4,12,0.364,145,93,0.17113343,0.13832927,0.05098684,-0.13779107,1.0752689,0.13024709,0.105373845,0.014802632,-0.14811972,0.0,0.2155136,0.15956542,0.2713816,-0.05182205,0.0,0.1809178,0.15011251,0.13651316,-0.06729336,0.0,0.14639899,0.15286838,0.067434214,-0.09374459,0.0,0.22400051,0.17300649,0.16282895,-0.09371713,0.0,0.19453676,0.12320672,0.018092105,-0.13435383,0.0,0.37456203,0.3118987,0.8009868,0.066328436,2.1505377,0.15635054,0.124805346,0.014802632,-0.12976395,0.22133246,0.19851997,0.03782895,-0.12039009,future_reform_technology,0.52960527,0.8003802,0.0010712143,0.28135622,0.93205243,0.9554804,0.9291356,0.8180837,0.00028741473,0.00024251157,0.020293485,democracy_institutions
merkel2020_c005,merkel2020,merkel,de,2019-12-31,new_year_address,5,12,0.455,106,58,0.37305257,0.30090365,0.7680921,0.06412807,0.0,0.22037008,0.18002486,0.23848684,-0.05799672,0.0,0.26657662,0.23961467,0.5509868,-0.00075903535,1.7241379,0.18822214,0.14439443,0.17927632,-0.05998902,0.0,0.22776034,0.21158983,0.48848686,-0.0123832375,0.0,0.486549,0.4272042,0.98519737,0.16883135,3.4482758,0.40448287,0.33817744,0.8832237,0.07559228,0.0,0.33253253,0.26010948,0.65625,0.024298936,0.0,0.17238784,0.15010415,0.044407893,-0.113726646,0.33877298,0.31901407,0.49835527,-0.0029495656,social_solidarity,0.10197365,0.79145867,0.00015177364,0.050097767,0.020332357,0.863334,0.9988351,0.78727776,0.9163766,0.00013238187,0.83682144,social_solidarity
merkel2020_c006,merkel2020,merkel,de,2019-12-31,new_year_address,6,12,0.545,109,61,0.21995571,0.15568404,0.14967105,-0.08896878,0.0,0.18388951,0.13231003,0.0805921,-0.094477296,0.0,0.25747454,0.24308692,0.5082237,-0.009861112,0.0,0.1529004,0.13104281,0.060855262,-0.09531076,0.0,0.3504994,0.30693972,0.92269737,0.11035581,3.2786884,0.4222154,0.347618,0.89638156,0.10449776,4.9180326,0.25466442,0.17368302,0.12335526,-0.07422617,0.0,0.36884794,0.31895295,0.7878289,0.060614347,1.6393442,0.162929,0.11436025,0.024671054,-0.123185486,0.29413062,0.219277,0.26151314,-0.047591925,democracy_institutions,0.026315808,0.017636001,0.00023095727,0.0070458753,0.0076956474,0.27788922,0.9991912,0.017602196,0.96930236,0.00025365115,0.0751764,social_solidarity
merkel2020_c007,merkel2020,merkel,de,2019-12-31,new_year_address,7,12,0.636,116,67,0.29788324,0.24903172,0.47532895,-0.011041254,0.0,0.37083334,0.31695986,0.8700658,0.09246653,0.0,0.25610134,0.19638221,0.49506578,-0.011234313,0.0,0.21699002,0.17218041,0.31085527,-0.031221136,0.0,0.40980488,0.36845902,0.9753289,0.1696613,2.9850745,0.37671387,0.32078767,0.7549342,0.05899623,0.0,0.33419248,0.28332123,0.54769737,0.0053018928,0.0,0.2629249,0.21297829,0.32401314,-0.04530868,0.0,0.34589627,0.2987769,0.7944079,0.05978179,0.3343786,0.26823905,0.44243422,-0.007343948,democracy_institutions,0.105263114,0.98189265,0.0024060889,0.00011456899,0.04611975,0.96891505,0.9995636,0.48218527,0.00020184422,0.003843132,0.102372,social_solidarity
merkel2020_c008,merkel2020,merkel,de,2019-12-31,new_year_address,8,12,0.727,138,78,0.3424499,0.28198692,0.6792763,0.033525407,1.2820513,0.28876927,0.27689487,0.59046054,0.010402471,0.0,0.28831288,0.25037813,0.6694079,0.020977229,1.2820513,0.27084088,0.24400106,0.6924342,0.022629723,2.5641026,0.36153096,0.32366133,0.9325658,0.12138738,2.5641026,0.51533854,0.44659176,0.99835527,0.1976209,2.5641026,0.34827045,0.28339487,0.63980263,0.019379854,0.0,0.25039262,0.19798984,0.2713816,-0.057840973,0.0,0.25637165,0.22403784,0.35032895,-0.029742837,0.4146871,0.38772517,0.84703946,0.07296455,social_solidarity,0.06578946,0.8474793,0.013597484,0.017763343,0.82197493,0.84466547,0.99944174,0.40409586,0.00010350561,0.0004373344,0.9931362,social_solidarity
merkel2020_c009,merkel2020,merkel,de,2019-12-31,new_year_address,9,12,0.818,128,79,0.22691627,0.169884,0.17927632,-0.08200823,0.0,0.20750187,0.16230331,0.17927632,-0.07086493,2.5316455,0.19168642,0.1561282,0.15625,-0.07564923,0.0,0.37942588,0.35413447,0.95888156,0.13121472,2.5316455,0.14777356,0.1283392,0.07072368,-0.09237002,0.0,0.2522389,0.20122896,0.23190789,-0.06547874,0.0,0.26206046,0.16529642,0.15296052,-0.06683013,0.0,0.30136,0.22377366,0.5180921,-0.006873578,0.0,0.27436876,0.23258272,0.44901314,-0.011745721,0.45155233,0.3786525,0.93914473,0.10982978,foreign_policy,0.44078946,0.008569186,0.10908734,0.00068650994,0.9997434,0.22742642,0.86564344,0.10512439,0.00039977106,0.034100424,0.9964688,foreign_policy
merkel2020_c010,merkel2020,merkel,de,2019-12-31,new_year_address,10,12,0.909,90,49,0.2810696,0.2563489,0.38322368,-0.02785489,2.0408163,0.4116846,0.43678695,0.9490132,0.1333178,4.0816326,0.3053004,0.29764408,0.73519737,0.03796476,4.0816326,0.22465505,0.20375124,0.36348686,-0.023556113,0.0,0.17556596,0.16608101,0.15625,-0.064577624,0.0,0.43330485,0.4023443,0.9128289,0.115587205,0.0,0.30989635,0.28131557,0.38651314,-0.018994242,0.0,0.19191232,0.15592381,0.06414474,-0.116321266,0.0,0.30190217,0.28174683,0.60361844,0.01578769,0.3264565,0.31742904,0.3930921,-0.015266061,security_military,0.03618425,0.04369106,0.74097174,0.8134237,0.22346178,0.1390453,0.99861956,0.038901977,0.0002868541,0.00050333556,0.2206362,social_solidarity
merkel2020_c011,merkel2020,merkel,de,2019-12-31,new_year_address,11,12,1.0,93,53,0.16473274,0.12980339,0.03782895,-0.14419176,0.0,0.11257089,0.08190414,0.0049342103,-0.16579592,0.0,0.15733004,0.14584652,0.03782895,-0.11000562,0.0,0.13374549,0.10444601,0.03782895,-0.11446567,0.0,0.10723081,0.092524596,0.018092105,-0.13291277,0.0,0.25489712,0.20170566,0.23848684,-0.062820524,1.8867924,0.2529018,0.15770799,0.11677632,-0.0759888,0.0,0.37767076,0.29975107,0.81414473,0.069437176,0.0,0.18531331,0.12829301,0.06414474,-0.10080117,0.31142655,0.24241738,0.34046054,-0.030295998,future_reform_technology,0.5756579,0.016083146,0.005882446,0.05468574,0.048181538,0.13533917,0.96463925,0.0017856746,0.012588481,0.00023921927,0.2017739,social_solidarity
merkel3_c000,merkel3,merkel,de,2018-12-31,new_year_address,0,11,0.0,130,81,0.27516848,0.22860664,0.36019737,-0.033756018,0.0,0.15283191,0.12024649,0.044407893,-0.12553489,0.0,0.25778404,0.15826803,0.5115132,-0.0095516145,0.0,0.17817265,0.12788975,0.12335526,-0.07003851,0.0,0.20139393,0.1678237,0.30427632,-0.03874965,0.0,0.2399747,0.16797912,0.20230263,-0.077742934,0.0,0.29706255,0.2522714,0.32072368,-0.031828046,0.0,0.21051684,0.15161268,0.11348684,-0.09771675,0.0,0.23060845,0.17107065,0.25164473,-0.055506036,0.28209427,0.22135755,0.19901316,-0.059628278,economy_welfare,0.15131581,0.039048295,0.00041245588,0.000204223,0.62406445,0.9279858,0.9370957,0.1426494,8.836164e-05,0.00011889994,0.00021318758,social_solidarity
merkel3_c001,merkel3,merkel,de,2018-12-31,new_year_address,1,11,0.1,85,47,0.3597861,0.30640316,0.72861844,0.050861597,2.1276596,0.2836048,0.24348101,0.5674342,0.0052379966,0.0,0.29006845,0.2320833,0.6759868,0.022732794,0.0,0.29684117,0.25566465,0.8009868,0.048630014,0.0,0.42187026,0.3903253,0.9884868,0.18172668,2.1276596,0.40988564,0.3405926,0.8569079,0.092168,2.1276596,0.33931452,0.2760868,0.59375,0.0104239285,0.0,0.3058975,0.2493912,0.54111844,-0.0023360848,0.0,0.2776237,0.22252382,0.49177632,-0.008490771,0.45512247,0.37543952,0.9424342,0.11339992,democracy_institutions,0.13157892,0.9859093,0.17086223,0.0006226772,0.6677979,0.9783743,0.9950129,0.25302953,0.0005988371,0.0001823546,0.99581754,social_solidarity
merkel3_c002,merkel3,merkel,de,2018-12-31,new_year_address,2,11,0.2,90,50,0.13591048,0.114878654,0.011513158,-0.17301401,0.0,0.12222017,0.10739553,0.0082236845,-0.15614663,0.0,0.18341497,0.1176358,0.120065786,-0.08392069,0.0,0.18675148,0.15691365,0.17598684,-0.061459675,0.0,0.13441327,0.13019991,0.04769737,-0.10573031,0.0,0.1480087,0.10065706,0.014802632,-0.16970894,0.0,0.18175668,0.13042718,0.0082236845,-0.14713392,0.0,0.24779665,0.20138606,0.25493422,-0.060436934,0.0,0.16757753,0.1042299,0.034539472,-0.11853695,0.22583555,0.16710599,0.054276317,-0.115887,future_reform_technology,0.07894738,0.94876915,0.07194086,0.024307018,0.6095242,0.9971909,0.84065187,0.967225,9.6478514e-05,0.00030238242,0.20370755,democracy_institutions
merkel3_c003,merkel3,merkel,de,2018-12-31,new_year_address,3,11,0.3,92,57,0.33991742,0.2950426,0.65296054,0.030992925,1.754386,0.2103967,0.16320324,0.19572368,-0.0679701,0.0,0.22795077,0.17953628,0.3536184,-0.039384887,0.0,0.31914842,0.2886811,0.8799342,0.07093726,0.0,0.34940925,0.32571596,0.9194079,0.10926567,1.754386,0.39161387,0.34187037,0.81085527,0.07389623,1.754386,0.42910707,0.32529414,0.93914473,0.10021648,1.754386,0.43392932,0.36038953,0.8996711,0.12569574,0.0,0.27353644,0.23366547,0.44243422,-0.01257804,0.49033308,0.45286524,0.9884868,0.14861053,crisis_resilience,0.019736826,0.99742913,0.012784187,0.32167304,0.6422081,0.9723721,0.9990764,0.99703634,0.0034496884,0.000522355,0.96968514,social_solidarity
merkel3_c004,merkel3,merkel,de,2018-12-31,new_year_address,4,11,0.4,131,82,0.1228037,0.07380983,0.0049342103,-0.1861208,0.0,0.13310018,0.08834688,0.018092105,-0.14526662,0.0,0.09682358,0.042509332,0.0049342103,-0.17051208,0.0,0.1538997,0.120643646,0.067434214,-0.09431146,1.2195122,0.0588281,0.0355988,0.0016447369,-0.18131548,0.0,0.11927213,0.061005868,0.0016447369,-0.19844551,0.0,0.22522214,0.15515646,0.04769737,-0.10366845,0.0,0.17246547,0.09073262,0.03125,-0.13576812,0.0,0.16662762,0.10379049,0.027960526,-0.11948687,0.16896534,0.107045256,0.0049342103,-0.17275721,foreign_policy,0.019736845,0.905667,0.11707911,8.716188e-05,0.73478615,0.00015598026,0.15348572,0.20906566,0.0068904595,0.00016410438,0.022955457,national_identity
merkel3_c005,merkel3,merkel,de,2018-12-31,new_year_address,5,11,0.5,202,112,0.2376634,0.18369806,0.20888157,-0.07126109,0.0,0.31175628,0.25371528,0.7055921,0.03338948,0.89285713,0.16495545,0.12605555,0.054276317,-0.1023802,0.0,0.35664323,0.33092743,0.9424342,0.10843207,2.6785715,0.1314636,0.11910392,0.03125,-0.10867998,0.0,0.2932416,0.26767692,0.36348686,-0.024476051,0.0,0.41098407,0.3303698,0.90625,0.08209348,0.0,0.30432984,0.22006623,0.53125,-0.0039037466,0.89285713,0.36412162,0.32470012,0.8634868,0.07800713,0.40961254,0.37387288,0.8174342,0.06788999,foreign_policy,0.03618419,0.9890131,0.6161278,0.002296159,0.98641557,0.25063756,0.9414392,0.98063636,0.000257142,0.5623117,0.9043553,national_identity
merkel3_c006,merkel3,merkel,de,2018-12-31,new_year_address,6,11,0.6,113,62,0.20653398,0.13772558,0.097039476,-0.10239051,1.6129032,0.30394667,0.26015526,0.67269737,0.02557987,3.2258065,0.19979501,0.14460813,0.19901316,-0.067540646,0.0,0.41482192,0.3891731,0.97861844,0.16661076,4.83871,0.15968645,0.14040045,0.1069079,-0.080457136,0.0,0.2731655,0.20772387,0.30098686,-0.044552147,0.0,0.28467572,0.20659131,0.25822368,-0.044214875,0.0,0.35115874,0.2721159,0.72861844,0.04292515,0.0,0.29061273,0.2257483,0.54769737,0.0044982433,0.38185856,0.3198011,0.7253289,0.04013601,foreign_policy,0.25,0.0014186347,0.99181205,0.00023921931,0.9982143,0.0068305754,0.0015307452,0.50573707,0.00017064046,0.0018031663,0.8573207,foreign_policy
merkel3_c007,merkel3,merkel,de,2018-12-31,new_year_address,7,11,0.7,169,93,0.2810046,0.22128806,0.37993422,-0.027919888,0.0,0.2978625,0.26438516,0.6299342,0.019495696,3.2258065,0.30255398,0.2611217,0.71875,0.03521833,3.2258065,0.18329668,0.15964404,0.15296052,-0.06491448,2.1505377,0.2738901,0.24871252,0.72203946,0.033746526,0.0,0.4361757,0.36465344,0.92269737,0.11845806,1.0752689,0.30633843,0.23561606,0.36019737,-0.022552162,0.0,0.26075485,0.19645596,0.31414473,-0.047478735,1.0752689,0.24914843,0.19731143,0.31743422,-0.036966056,0.405473,0.3526865,0.81085527,0.063750446,social_solidarity,0.2006579,0.0054639652,0.9630919,0.16560154,0.9035073,0.18436332,0.99949074,0.09223707,0.00029251014,0.00084099954,0.93048984,social_solidarity
merkel3_c008,merkel3,merkel,de,2018-12-31,new_year_address,8,11,0.8,108,62,0.19440542,0.12581691,0.0805921,-0.114519075,0.0,0.1981142,0.17170928,0.120065786,-0.0802526,0.0,0.40083477,0.39497024,0.93585527,0.13349912,4.83871,0.21675874,0.17800286,0.30756578,-0.031452417,0.0,0.2189492,0.2164042,0.42269737,-0.021194384,0.0,0.2720063,0.22267655,0.2944079,-0.04571134,1.6129032,0.2485955,0.17059416,0.09375,-0.080295086,0.0,0.5249469,0.47552776,0.9819079,0.21671334,4.83871,0.17576432,0.14280167,0.05098684,-0.11035016,0.2911358,0.22306004,0.24177632,-0.05058676,future_reform_technology,0.046052635,0.0048579667,0.00012632043,0.99917036,0.8130901,0.52500355,0.99737346,0.038466193,0.87147486,0.00011279297,0.020293485,economy_welfare
merkel3_c009,merkel3,merkel,de,2018-12-31,new_year_address,9,11,0.9,81,48,0.33803245,0.30238056,0.6365132,0.029107958,0.0,0.22996047,0.1914894,0.28453946,-0.048406333,0.0,0.23922822,0.20169541,0.4194079,-0.028107435,0.0,0.26673943,0.23838672,0.65953946,0.018528268,0.0,0.24388954,0.21234216,0.58388156,0.0037459582,0.0,0.47758636,0.43593204,0.9753289,0.15986872,6.25,0.3354473,0.2978641,0.5674342,0.0065567195,0.0,0.29607046,0.22417587,0.4819079,-0.012163132,0.0,0.2745828,0.25443584,0.4555921,-0.011531681,0.45538056,0.39962968,0.9457237,0.11365801,social_solidarity,0.31578946,0.99969345,0.0011051806,0.000235052,0.3263788,0.08359067,0.99818975,0.7363532,0.00012315383,0.00023505198,0.9107044,national_identity
merkel3_c010,merkel3,merkel,de,2018-12-31,new_year_address,10,11,1.0,131,78,0.24285541,0.20883313,0.23190789,-0.06606908,0.0,0.22389182,0.18355918,0.25822368,-0.05447498,0.0,0.18881662,0.20075558,0.14309211,-0.07851903,0.0,0.18058094,0.15051728,0.13322368,-0.06763022,0.0,0.17992768,0.15437543,0.17927632,-0.060215905,0.0,0.38135225,0.35388458,0.77796054,0.063634604,3.8461537,0.32910055,0.21444683,0.51480263,0.00020995736,0.0,0.3918239,0.32093775,0.84375,0.0835903,1.2820513,0.25664642,0.2125538,0.3536184,-0.02946806,0.44192135,0.36623916,0.9128289,0.100198805,future_reform_technology,0.06578946,0.06608538,0.008172064,0.21568094,0.1134813,0.3175321,0.9605096,0.08686416,0.0007554056,0.0007916296,0.699049,social_solidarity
putin2022_c000,putin2022,putin,en,2022-12-31,new_year_address,0,11,0.0,115,91,0.34297463,0.34297463,0.6825658,0.034050137,2.1978023,0.26944706,0.26944706,0.5049342,-0.008919746,0.0,0.18029135,0.18029135,0.087171055,-0.0870443,0.0,0.25001115,0.25001115,0.5575658,0.0017999858,0.0,0.21354896,0.21354896,0.38980263,-0.026594624,0.0,0.34953344,0.34953344,0.6430921,0.031815797,1.0989012,0.33533502,0.33533502,0.56414473,0.0064444244,0.0,0.2242065,0.2242065,0.14967105,-0.08402708,0.0,0.27368274,0.27368274,0.44572368,-0.012431741,0.31768972,0.31768972,0.36348686,-0.024032831,national_identity,0.039473712,0.9903383,0.089893065,0.00011479294,0.87058353,0.0018858588,0.99529994,0.15864222,0.0002273774,0.000341295,0.0024919682,social_solidarity
putin2022_c001,putin2022,putin,en,2022-12-31,new_year_address,1,11,0.1,100,85,0.40107685,0.40107685,0.84375,0.09215236,2.3529413,0.370969,0.370969,0.87335527,0.09260219,0.0,0.23063323,0.23063323,0.37993422,-0.036702424,0.0,0.32823402,0.32823402,0.8865132,0.08002286,0.0,0.24967179,0.24967179,0.6069079,0.009528205,0.0,0.31298745,0.31298745,0.4588816,-0.004730195,1.1764706,0.34141663,0.34141663,0.60361844,0.012526035,0.0,0.34842476,0.34842476,0.71875,0.040191174,2.3529413,0.37127167,0.37127167,0.8799342,0.085157186,0.3477077,0.3477077,0.5509868,0.005985141,foreign_policy,0.013157904,0.99913234,0.08862291,0.0003156544,0.66132164,0.06884987,0.98337495,0.99589807,0.00041568943,0.015014749,0.9451468,national_identity
putin2022_c002,putin2022,putin,en,2022-12-31,new_year_address,2,11,0.2,112,96,0.3858991,0.3858991,0.81414473,0.0769746,3.125,0.36851585,0.36851585,0.8634868,0.090149045,2.0833333,0.18200193,0.18200193,0.110197365,-0.08533372,0.0,0.30192897,0.30192897,0.8240132,0.053717807,1.0416666,0.2013957,0.2013957,0.30756578,-0.038747877,0.0,0.31910294,0.31910294,0.4786184,0.0013853014,1.0416666,0.46183258,0.46183258,0.96546054,0.13294199,0.0,0.2760589,0.2760589,0.40296054,-0.032174677,1.0416666,0.35130292,0.35130292,0.81085527,0.06518844,0.34881392,0.34881392,0.5575658,0.007091373,crisis_resilience,0.10197371,0.99487036,0.9993601,9.704542e-05,0.7809132,0.0049436893,0.04457678,0.9084962,0.00017400546,0.0038244834,0.0035243414,security_military
putin2022_c003,putin2022,putin,en,2022-12-31,new_year_address,3,11,0.3,124,101,0.179577,0.179577,0.060855262,-0.1293475,0.0,0.21127509,0.21127509,0.19901316,-0.06709172,1.980198,0.14002813,0.14002813,0.024671054,-0.12730752,0.0,0.27884394,0.27884394,0.72861844,0.030632779,0.0,0.13889897,0.13889897,0.060855262,-0.10124461,0.0,0.17796937,0.17796937,0.05098684,-0.13974828,0.0,0.19163251,0.19163251,0.011513158,-0.13725808,0.0,0.18649764,0.18649764,0.05098684,-0.121735945,0.0,0.353135,0.353135,0.8174342,0.067020506,0.3021611,0.3021611,0.28125,-0.03956145,foreign_policy,0.52960527,0.1582719,0.9113771,0.00012291357,0.9783433,0.3140374,0.042483207,0.91895425,0.00032376905,0.7100443,0.04054074,foreign_policy
putin2022_c004,putin2022,putin,en,2022-12-31,new_year_address,4,11,0.4,132,112,0.25230166,0.25230166,0.28125,-0.056622833,0.89285713,0.48335224,0.48335224,0.9950658,0.20498544,2.6785715,0.1805601,0.1805601,0.09375,-0.086775556,0.0,0.21665147,0.21665147,0.30427632,-0.03155969,0.0,0.17709042,0.17709042,0.16940789,-0.06305316,0.0,0.28394204,0.28394204,0.3305921,-0.033775598,0.89285713,0.29567328,0.29567328,0.31085527,-0.03321731,0.0,0.19915189,0.19915189,0.07401316,-0.1090817,0.0,0.33590418,0.33590418,0.7549342,0.049789697,0.30017483,0.30017483,0.27796054,-0.041547716,security_military,0.6644737,0.8534859,0.99925625,0.00056588,0.26208568,0.14361507,0.95659363,0.12847047,0.00026634047,0.01685008,0.29688355,security_military
putin2022_c005,putin2022,putin,en,2022-12-31,new_year_address,5,11,0.5,147,119,0.26316217,0.26316217,0.31743422,-0.04576233,0.0,0.41407573,0.41407573,0.95230263,0.13570893,2.5210085,0.25035536,0.25035536,0.4786184,-0.01698029,0.0,0.18411356,0.18411356,0.16282895,-0.0640976,0.0,0.18564138,0.18564138,0.21546052,-0.054502204,0.0,0.3692272,0.3692272,0.72861844,0.05150956,0.84033614,0.34034815,0.34034815,0.59703946,0.011457562,0.0,0.18420058,0.18420058,0.044407893,-0.124033004,0.0,0.22702473,0.22702473,0.23519737,-0.05908975,0.32742405,0.32742405,0.40625,-0.014298499,security_military,0.22368419,0.5280467,0.99481523,0.0006745559,0.5291266,0.0045738644,0.95427066,0.17629904,0.72413933,0.10447734,0.07052758,security_military
putin2022_c006,putin2022,putin,en,2022-12-31,new_year_address,6,11,0.6,123,103,0.1778818,0.1778818,0.05756579,-0.13104269,0.0,0.26442808,0.26442808,0.47532895,-0.013938725,0.9708738,0.27478504,0.27478504,0.60361844,0.0074493885,1.9417475,0.34326634,0.34326634,0.9259868,0.09505518,0.9708738,0.19635132,0.19635132,0.26480263,-0.043792263,0.0,0.20492344,0.20492344,0.1069079,-0.112794206,0.9708738,0.3819498,0.3819498,0.81414473,0.05305922,0.9708738,0.22997138,0.22997138,0.17927632,-0.07826221,0.9708738,0.31588832,0.31588832,0.65953946,0.029773831,0.3080098,0.3080098,0.32072368,-0.033712745,foreign_policy,0.111842096,0.9990169,0.38170922,0.030879721,0.9920002,0.024798162,0.05274079,0.93578804,0.0012668908,0.045078542,0.6388353,national_identity
putin2022_c007,putin2022,putin,en,2022-12-31,new_year_address,7,11,0.7,118,106,0.250303,0.250303,0.2713816,-0.058621496,0.0,0.19751297,0.19751297,0.11348684,-0.080853835,0.9433962,0.1790295,0.1790295,0.077302635,-0.08830616,0.0,0.17669812,0.17669812,0.11348684,-0.07151304,0.0,0.13942432,0.13942432,0.06414474,-0.10071926,0.0,0.47696832,0.47696832,0.97203946,0.15925068,1.8867924,0.29071498,0.29071498,0.28453946,-0.038175613,0.0,0.191096,0.191096,0.060855262,-0.117137596,0.0,0.19717725,0.19717725,0.090460524,-0.08893724,0.3668681,0.3668681,0.64638156,0.02514556,social_solidarity,0.6875,0.9760608,0.04993535,0.01783163,0.8034149,0.025772816,0.99872816,0.007045875,0.0011695101,0.012796518,0.9417614,social_solidarity
putin2022_c008,putin2022,putin,en,2022-12-31,new_year_address,8,11,0.8,93,79,0.2446618,0.2446618,0.23848684,-0.0642627,0.0,0.3865601,0.3865601,0.8996711,0.10819331,0.0,0.2582636,0.2582636,0.51480263,-0.009072065,0.0,0.15386896,0.15386896,0.06414474,-0.0943422,0.0,0.1648013,0.1648013,0.1299342,-0.07534228,0.0,0.4097564,0.4097564,0.85361844,0.09203875,3.7974684,0.31111437,0.31111437,0.3963816,-0.017776221,0.0,0.22701705,0.22701705,0.17269737,-0.081216544,1.2658228,0.2502503,0.2502503,0.32401314,-0.035864174,0.32586947,0.32586947,0.38980263,-0.015853077,security_military,0.046052635,0.02792787,0.0071908124,0.00023968687,0.005001672,0.01637155,0.99967563,0.8954313,0.00016603847,0.12093108,0.2213086,social_solidarity
putin2022_c009,putin2022,putin,en,2022-12-31,new_year_address,9,11,0.9,80,68,0.31953225,0.31953225,0.5674342,0.010607749,0.0,0.2156125,0.2156125,0.21546052,-0.0627543,0.0,0.22152647,0.22152647,0.31085527,-0.04580918,0.0,0.21131054,0.21131054,0.27796054,-0.036900625,0.0,0.18846439,0.18846439,0.22203948,-0.051679194,0.0,0.4931081,0.4931081,0.9884868,0.17539045,4.4117646,0.36220834,0.36220834,0.72203946,0.033317745,0.0,0.2052587,0.2052587,0.09375,-0.10297489,0.0,0.21987052,0.21987052,0.20230263,-0.06624396,0.41719502,0.41719502,0.8569079,0.075472474,social_solidarity,0.26644737,0.96876764,0.00018850983,0.00026426834,0.001983903,0.002458213,0.7699895,0.0022321863,0.00010150383,0.00017813111,0.012945405,national_identity
putin2022_c010,putin2022,putin,en,2022-12-31,new_year_address,10,11,1.0,188,158,0.3681118,0.3681118,0.7549342,0.059187293,0.6329114,0.260814,0.260814,0.44901314,-0.017552793,0.6329114,0.22517484,0.22517484,0.33717105,-0.04216081,0.0,0.23139997,0.23139997,0.3930921,-0.016811192,0.0,0.18951619,0.18951619,0.22532895,-0.050627396,0.0,0.43288785,0.43288785,0.90953946,0.11517021,3.164557,0.32074273,0.32074273,0.44243422,-0.0081478655,0.6329114,0.2747443,0.2747443,0.3963816,-0.033489287,0.6329114,0.2746479,0.2746479,0.4588816,-0.011466593,0.4203697,0.4203697,0.8700658,0.07864717,social_solidarity,0.15460527,0.6775807,0.0038468714,0.00032822453,0.10199123,0.002657431,0.48645353,0.020274078,0.00052337564,0.00033209226,0.016324438,national_identity
putin2023_c000,putin2023,putin,en,2023-12-31,new_year_address,0,6,0.0,93,75,0.36699218,0.36699218,0.75164473,0.05806768,4.0,0.3199206,0.3199206,0.7253289,0.041553795,1.3333334,0.24104047,0.24104047,0.43256578,-0.026295185,0.0,0.29480535,0.29480535,0.79111844,0.046594188,0.0,0.24749587,0.24749587,0.59375,0.0073522925,1.3333334,0.31992352,0.31992352,0.49177632,0.0022058785,1.3333334,0.3334933,0.3334933,0.5444079,0.0046027005,0.0,0.3097176,0.3097176,0.5575658,0.0014840066,1.3333334,0.27313715,0.27313715,0.43585527,-0.012977332,0.3374921,0.3374921,0.46546054,-0.0042304397,foreign_policy,0.039473712,0.9283763,0.11583566,0.00017265152,0.6658453,0.14844796,0.9743373,0.43294722,0.00062025123,0.0019154998,0.7092961,social_solidarity
putin2023_c001,putin2023,putin,en,2023-12-31,new_year_address,1,6,0.2,91,82,0.50084186,0.50084186,0.9884868,0.19191736,3.6585367,0.2824921,0.2824921,0.56414473,0.004125297,0.0,0.23525321,0.23525321,0.40625,-0.03208244,0.0,0.3020916,0.3020916,0.82730263,0.05388044,0.0,0.202585,0.202585,0.32072368,-0.037558585,0.0,0.4345091,0.4345091,0.9194079,0.11679146,1.2195122,0.41144687,0.41144687,0.90953946,0.08255628,0.0,0.2713973,0.2713973,0.37006578,-0.036836296,0.0,0.31964886,0.31964886,0.6924342,0.033534378,0.44568074,0.44568074,0.9259868,0.10395819,national_identity,0.06907892,0.9992749,0.0034564098,0.00041731575,0.98054343,0.010519543,0.9995497,0.8933094,0.00018093578,0.0011424496,0.8868008,social_solidarity
putin2023_c002,putin2023,putin,en,2023-12-31,new_year_address,2,6,0.4,91,78,0.4086796,0.4086796,0.86019737,0.09975511,2.5641026,0.38337892,0.38337892,0.8865132,0.10501212,1.2820513,0.24920025,0.24920025,0.46546054,-0.018135399,0.0,0.2125938,0.2125938,0.28782895,-0.035617366,0.0,0.20816644,0.20816644,0.3536184,-0.031977147,0.0,0.47641534,0.47641534,0.96875,0.1586977,1.2820513,0.3968107,0.3968107,0.87664473,0.06792012,0.0,0.22090563,0.22090563,0.14309211,-0.08732796,0.0,0.30129847,0.30129847,0.59703946,0.015183985,0.45036328,0.45036328,0.9325658,0.10864073,social_solidarity,0.08223683,0.9997864,0.9458763,0.00062389375,0.26114243,0.012491741,0.9994663,0.07954932,0.00016701402,0.0153210815,0.9898107,national_identity
putin2023_c003,putin2023,putin,en,2023-12-31,new_year_address,3,6,0.6,84,77,0.37844384,0.37844384,0.79111844,0.06951934,1.2987013,0.25877613,0.25877613,0.43585527,-0.019590676,0.0,0.18270504,0.18270504,0.11348684,-0.08463061,0.0,0.21480551,0.21480551,0.29769737,-0.033405647,0.0,0.17479803,0.17479803,0.14967105,-0.065345556,0.0,0.39677972,0.39677972,0.8207237,0.079062074,5.194805,0.37855083,0.37855083,0.8009868,0.049660236,0.0,0.2043936,0.2043936,0.087171055,-0.10383999,0.0,0.26919293,0.26919293,0.39967105,-0.01692155,0.42125994,0.42125994,0.87335527,0.07953739,social_solidarity,0.019736886,0.99921453,0.091910526,0.008503066,0.70537925,0.1504028,0.9994947,0.11182182,0.0007717979,0.0022518474,0.99504673,social_solidarity
putin2023_c004,putin2023,putin,en,2023-12-31,new_year_address,4,6,0.8,86,72,0.30854034,0.30854034,0.52138156,-0.00038415194,0.0,0.20969024,0.20969024,0.1924342,-0.06867656,1.3888888,0.24145475,0.24145475,0.43585527,-0.025880903,0.0,0.23383982,0.23383982,0.43585527,-0.0143713355,0.0,0.23267661,0.23267661,0.53453946,-0.007466972,0.0,0.4108052,0.4108052,0.86019737,0.093087554,9.722222,0.24376613,0.24376613,0.08388158,-0.08512446,0.0,0.3153851,0.3153851,0.57730263,0.0071515143,0.0,0.18062595,0.18062595,0.05756579,-0.10548854,0.32863164,0.32863164,0.4161184,-0.0130909085,social_solidarity,0.28289473,0.95447797,0.0008040859,0.0007451558,0.015845362,0.20981352,0.99792314,0.00084759004,0.0027202792,0.00041976714,0.0025809042,social_solidarity
putin2023_c005,putin2023,putin,en,2023-12-31,new_year_address,5,6,1.0,139,107,0.4742574,0.4742574,0.96875,0.16533291,5.6074767,0.2715353,0.2715353,0.5180921,-0.006831497,0.0,0.23476717,0.23476717,0.40296054,-0.032568485,0.0,0.29954314,0.29954314,0.81085527,0.051331982,0.0,0.23698224,0.23698224,0.5509868,-0.003161341,0.0,0.43990588,0.43990588,0.9292763,0.12218824,4.6728973,0.30440825,0.30440825,0.3536184,-0.02448234,0.0,0.33799368,0.33799368,0.67269737,0.029760092,1.8691589,0.24390608,0.24390608,0.2944079,-0.042208403,0.3946423,0.3946423,0.77796054,0.052919745,national_identity,0.039473712,0.46614683,0.0044337655,0.0005193049,0.014254464,0.0012136718,0.16540764,0.0048485333,0.0005203197,0.0004494523,0.033336822,national_identity
putin2024_c000,putin2024,putin,en,2024-12-31,new_year_address,0,4,0.0,137,108,0.40991646,0.40991646,0.8667763,0.100991964,2.7777777,0.203549,0.203549,0.14309211,-0.07481781,0.0,0.20140846,0.20140846,0.20888157,-0.06592719,0.0,0.28022766,0.28022766,0.73519737,0.0320165,0.0,0.20052469,0.20052469,0.29769737,-0.039618894,0.0,0.30019343,0.30019343,0.3963816,-0.017524213,0.0,0.3272772,0.3272772,0.50164473,-0.0016133785,0.9259259,0.32113978,0.32113978,0.6069079,0.012906194,0.9259259,0.21850336,0.21850336,0.18914473,-0.06761113,0.40133184,0.40133184,0.7944079,0.059609294,national_identity,0.13157892,0.9996057,0.040941466,0.08521316,0.86054504,0.26388383,0.9980845,0.072768375,0.21783628,0.00028573605,0.9093048,national_identity
putin2024_c001,putin2024,putin,en,2024-12-31,new_year_address,1,4,0.333,123,105,0.42818302,0.42818302,0.90625,0.11925852,1.9047619,0.38663632,0.38663632,0.90296054,0.10826951,0.95238096,0.27517873,0.27517873,0.6069079,0.007843077,0.0,0.34212682,0.34212682,0.9194079,0.093915656,0.0,0.2703455,0.2703455,0.6924342,0.030201927,0.95238096,0.38456476,0.38456476,0.7944079,0.066847116,0.95238096,0.4081582,0.4081582,0.90296054,0.07926762,0.95238096,0.34957027,0.34957027,0.72203946,0.041336685,0.95238096,0.371415,0.371415,0.8832237,0.085300505,0.37632495,0.37632495,0.71546054,0.034602404,foreign_policy,0.013157904,0.9770664,0.15386674,0.0018315101,0.9801293,0.2153095,0.43338183,0.95561,0.0008642928,0.0024582131,0.10725032,foreign_policy
putin2024_c002,putin2024,putin,en,2024-12-31,new_year_address,2,4,0.667,158,132,0.34002194,0.34002194,0.65625,0.031097442,2.2727273,0.41069007,0.41069007,0.9457237,0.13232327,2.2727273,0.20570272,0.20570272,0.22532895,-0.06163293,0.0,0.24697956,0.24697956,0.52796054,-0.0012315959,0.0,0.21054438,0.21054438,0.37006578,-0.029599205,0.0,0.31020343,0.31020343,0.43914473,-0.0075142086,0.75757575,0.30244946,0.30244946,0.34046054,-0.026441127,0.0,0.28599563,0.28599563,0.45230263,-0.022237957,0.0,0.3002615,0.3002615,0.5871711,0.014147013,0.283603,0.283603,0.21875,-0.058119535,security_military,0.2894737,0.90418625,0.99880046,0.0005132578,0.7067473,0.005719129,0.8924571,0.29867035,0.0012327608,0.030014927,0.12535955,security_military
putin2024_c003,putin2024,putin,en,2024-12-31,new_year_address,3,4,1.0,113,85,0.2912434,0.2912434,0.43914473,-0.017681092,0.0,0.22884148,0.22884148,0.27796054,-0.04952532,1.1764706,0.19526868,0.19526868,0.17927632,-0.07206698,1.1764706,0.23672365,0.23672365,0.4588816,-0.011487514,0.0,0.1633938,0.1633938,0.120065786,-0.07674979,0.0,0.3220544,0.3220544,0.5115132,0.0043367445,3.5294118,0.22382337,0.22382337,0.04111842,-0.10506722,0.0,0.26664013,0.26664013,0.34375,-0.041593462,0.0,0.20826396,0.20826396,0.14638157,-0.07785052,0.33830082,0.33830082,0.48519737,-0.0034217238,social_solidarity,0.052631587,0.35830393,0.014799639,0.003311519,0.0487671,0.0036216856,0.94671994,0.0017891591,0.001036267,0.00070552726,0.10284408,social_solidarity
putin2025_c000,putin2025,putin,en,2025-12-31,new_year_address,0,5,0.0,101,89,0.32827502,0.32827502,0.6003289,0.019350529,1.1235955,0.23234215,0.23234215,0.2911184,-0.04602465,0.0,0.21471752,0.21471752,0.25822368,-0.05261813,0.0,0.2622128,0.2622128,0.62335527,0.014001653,0.0,0.22430421,0.22430421,0.46875,-0.015839368,0.0,0.4135698,0.4135698,0.87335527,0.09585217,1.1235955,0.31451142,0.31451142,0.40625,-0.0143791735,0.0,0.31709695,0.31709695,0.5871711,0.00886336,1.1235955,0.2361829,0.2361829,0.27796054,-0.049931586,0.41724586,0.41724586,0.86019737,0.07552332,social_solidarity,0.25,0.76260096,0.0003446432,0.0007763301,0.7893961,0.015483988,0.99852777,0.118232295,0.0004092474,0.00023367908,0.6275447,social_solidarity
putin2025_c001,putin2025,putin,en,2025-12-31,new_year_address,1,5,0.25,96,79,0.5381708,0.5381708,0.99835527,0.22924632,6.329114,0.31040204,0.31040204,0.70230263,0.03203523,1.2658228,0.229873,0.229873,0.37664473,-0.03746265,0.0,0.30503142,0.30503142,0.84046054,0.05682026,0.0,0.24808264,0.24808264,0.6003289,0.007939056,0.0,0.3760895,0.3760895,0.74835527,0.05837187,0.0,0.32443142,0.32443142,0.47203946,-0.0044591725,0.0,0.25894833,0.25894833,0.30756578,-0.049285263,1.2658228,0.2568929,0.2568929,0.3569079,-0.029221594,0.3976916,0.3976916,0.7878289,0.05596906,national_identity,0.15789473,0.99980015,0.02968968,0.04240879,0.6097565,0.006097562,0.96569794,0.0004416243,0.00038521326,0.00027053358,0.96884143,national_identity
putin2025_c002,putin2025,putin,en,2025-12-31,new_year_address,2,5,0.5,90,78,0.2531074,0.2531074,0.2911184,-0.055817097,0.0,0.2851703,0.2851703,0.5740132,0.006803483,2.5641026,0.18956812,0.18956812,0.14967105,-0.077767536,0.0,0.17816964,0.17816964,0.120065786,-0.07004152,0.0,0.17545971,0.17545971,0.15296052,-0.06468387,0.0,0.4018277,0.4018277,0.83388156,0.08411005,5.1282053,0.28895333,0.28895333,0.27467105,-0.039937258,0.0,0.20916057,0.20916057,0.10361842,-0.09907302,0.0,0.22039339,0.22039339,0.20559211,-0.065721095,0.3577612,0.3577612,0.59703946,0.016038656,social_solidarity,0.25986838,0.13910374,0.72330946,0.0028255833,0.0081641525,0.009821792,0.9558166,0.00039357564,0.00020784384,0.00032694527,0.024656855,social_solidarity
putin2025_c003,putin2025,putin,en,2025-12-31,new_year_address,3,5,0.75,94,78,0.37727085,0.37727085,0.78125,0.06834635,1.2820513,0.3649568,0.3649568,0.8503289,0.08658999,1.2820513,0.20221093,0.20221093,0.21217105,-0.06512472,0.0,0.2330069,0.2330069,0.40953946,-0.015204266,0.0,0.20467249,0.20467249,0.32730263,-0.035471097,0.0,0.34563863,0.34563863,0.62664473,0.027920991,1.2820513,0.29641408,0.29641408,0.31414473,-0.032476515,0.0,0.25400618,0.25400618,0.28782895,-0.05422741,0.0,0.30678877,0.30678877,0.6167763,0.020674288,0.3879575,0.3879575,0.7417763,0.046234965,security_military,0.06907892,0.99909425,0.99273914,0.00024632958,0.9185853,0.07286728,0.99857587,0.23020513,0.00019794096,0.22185606,0.18546726,national_identity
putin2025_c004,putin2025,putin,en,2025-12-31,new_year_address,4,5,1.0,172,134,0.3319459,0.3319459,0.6167763,0.0230214,0.74626863,0.2074036,0.2074036,0.17598684,-0.070963204,0.0,0.23601708,0.23601708,0.41282895,-0.031318575,0.74626863,0.22925408,0.22925408,0.37664473,-0.018957078,0.0,0.16577637,0.16577637,0.13322368,-0.07436721,0.0,0.3667429,0.3667429,0.71546054,0.049025267,4.477612,0.23719478,0.23719478,0.060855262,-0.091695815,0.0,0.3217435,0.3217435,0.6167763,0.013509899,0.0,0.20948714,0.20948714,0.16282895,-0.076627344,0.3883073,0.3883073,0.7450658,0.046584755,social_solidarity,0.09868425,0.44900003,0.0823646,0.014295687,0.02317551,0.006097562,0.6160123,0.031768616,0.00062267727,0.00091461383,0.056288198,social_solidarity
trump1_c000,trump1,trump,en,2021-01-19,farewell_address,0,28,0.0,98,85,0.43400753,0.43400753,0.91611844,0.12508303,3.5294118,0.29866612,0.29866612,0.64638156,0.020299315,0.0,0.2717336,0.2717336,0.57730263,0.0043979585,0.0,0.3065648,0.3065648,0.8503289,0.058353648,0.0,0.23130904,0.23130904,0.52138156,-0.008834541,0.0,0.31070957,0.31070957,0.44572368,-0.0070080757,1.1764706,0.3611568,0.3611568,0.71546054,0.0322662,1.1764706,0.29739213,0.29739213,0.48519737,-0.010841459,0.0,0.25273603,0.25273603,0.33717105,-0.033378452,0.3754609,0.3754609,0.70230263,0.033738345,national_identity,0.06578952,0.99915236,0.038901977,0.0007027786,0.8965008,0.11787643,0.99053264,0.11486403,0.00016636301,0.0004821762,0.65296096,national_identity
trump1_c001,trump1,trump,en,2021-01-19,farewell_address,1,28,0.037,125,104,0.250085,0.250085,0.2680921,-0.0588395,0.0,0.26155257,0.26155257,0.4555921,-0.016814232,0.0,0.2701511,0.2701511,0.5740132,0.0028154552,0.0,0.2355469,0.2355469,0.44901314,-0.0126642585,0.96153843,0.21470465,0.21470465,0.3963816,-0.025438935,0.96153843,0.38568085,0.38568085,0.8009868,0.06796321,1.9230769,0.25262696,0.25262696,0.110197365,-0.07626364,0.0,0.26441857,0.26441857,0.32730263,-0.043815017,0.0,0.20571157,0.20571157,0.1299342,-0.08040291,0.3452356,0.3452356,0.52796054,0.0035130382,social_solidarity,0.22697365,0.70296353,0.0331016,0.019456577,0.67522943,0.21762836,0.85518724,0.013415323,0.000990791,0.0008778914,0.14288844,social_solidarity
trump1_c002,trump1,trump,en,2021-01-19,farewell_address,2,28,0.074,141,127,0.26442373,0.26442373,0.3305921,-0.04450077,0.78740156,0.40605226,0.40605226,0.93914473,0.12768546,1.5748031,0.25024712,0.25024712,0.47532895,-0.017088532,0.0,0.24920237,0.24920237,0.54111844,0.0009912103,0.0,0.22250232,0.22250232,0.45230263,-0.017641261,0.78740156,0.3509227,0.3509227,0.65296054,0.033205062,1.5748031,0.3170759,0.3170759,0.4161184,-0.011814684,0.0,0.21225598,0.21225598,0.120065786,-0.095977604,0.0,0.25340673,0.25340673,0.34046054,-0.03270775,0.2961443,0.2961443,0.26480263,-0.04557824,security_military,0.2861842,0.67490816,0.9838627,0.0001733272,0.51708317,0.99166,0.4369674,0.14946929,0.01302049,0.021024458,0.0524731,democracy_institutions
trump1_c003,trump1,trump,en,2021-01-19,farewell_address,3,28,0.111,99,85,0.45872074,0.45872074,0.95230263,0.14979625,3.5294118,0.3018328,0.3018328,0.6628289,0.023465991,0.0,0.27350307,0.27350307,0.59703946,0.006167412,0.0,0.2981476,0.2981476,0.8042763,0.04993643,0.0,0.2659247,0.2659247,0.66611844,0.02578111,0.0,0.4119941,0.4119941,0.8634868,0.09427646,1.1764706,0.36694992,0.36694992,0.7384868,0.038059324,0.0,0.23595636,0.23595636,0.19572368,-0.07227723,0.0,0.32315087,0.32315087,0.7055921,0.03703639,0.4277917,0.4277917,0.8865132,0.08606917,national_identity,0.08881581,0.9879113,0.034164816,0.023593668,0.6675812,0.584627,0.99875027,0.004520818,0.0015397266,0.0010859444,0.8558963,social_solidarity
trump1_c004,trump1,trump,en,2021-01-19,farewell_address,4,28,0.148,139,121,0.405653,0.405653,0.8569079,0.0967285,0.8264463,0.2916172,0.2916172,0.6069079,0.013250411,0.0,0.20020135,0.20020135,0.20230263,-0.067134306,0.0,0.29082656,0.29082656,0.77796054,0.0426154,0.0,0.22155327,0.22155327,0.44572368,-0.018590316,0.0,0.365062,0.365062,0.7121711,0.047344357,1.6528926,0.38697797,0.38697797,0.84046054,0.05808738,0.0,0.26616824,0.26616824,0.34046054,-0.042065352,0.0,0.3627506,0.3627506,0.8569079,0.076636106,0.41919202,0.41919202,0.8667763,0.07746947,national_identity,0.016447365,0.99980086,0.013363721,0.0003535028,0.8243205,0.94329536,0.9710743,0.92934424,0.009223287,0.020351812,0.99353683,national_identity
trump1_c005,trump1,trump,en,2021-01-19,farewell_address,5,28,0.185,144,125,0.41981697,0.41981697,0.88980263,0.110892475,4.8,0.2772405,0.2772405,0.54111844,-0.0011262894,0.0,0.3150412,0.3150412,0.7549342,0.04770556,0.8,0.2685429,0.2685429,0.6792763,0.020331725,0.8,0.26407218,0.26407218,0.6628289,0.023928598,0.0,0.33966744,0.33966744,0.6003289,0.021949798,0.8,0.33290753,0.33290753,0.54111844,0.004016936,0.0,0.2822594,0.2822594,0.43585527,-0.025974184,0.0,0.2583813,0.2583813,0.36019737,-0.027733177,0.34746176,0.34746176,0.54769737,0.005739212,national_identity,0.13486844,0.9993638,0.00038975227,0.033164166,0.89823216,0.0018639286,0.9935682,0.12059408,0.0010423503,0.00025069676,0.3895465,national_identity
trump1_c006,trump1,trump,en,2021-01-19,farewell_address,6,28,0.222,113,94,0.21143359,0.21143359,0.110197365,-0.09749091,1.0638298,0.1976419,0.1976419,0.11677632,-0.08072491,0.0,0.280173,0.280173,0.62664473,0.01283735,1.0638298,0.26446277,0.26446277,0.63980263,0.016251609,1.0638298,0.18114705,0.18114705,0.18585527,-0.05899653,0.0,0.21125503,0.21125503,0.12664473,-0.10646261,1.0638298,0.2528038,0.2528038,0.11348684,-0.07608679,0.0,0.26154888,0.26154888,0.31743422,-0.046684712,2.1276596,0.16955742,0.16955742,0.04111842,-0.11655706,0.28625757,0.28625757,0.22532895,-0.055464983,foreign_policy,0.013157904,0.9471371,0.0014241793,0.011972645,0.997977,0.5939037,0.029507358,0.05736113,0.0019117695,0.000106374595,0.061621387,foreign_policy
trump1_c007,trump1,trump,en,2021-01-19,farewell_address,7,28,0.259,129,108,0.13858457,0.13858457,0.018092105,-0.17033993,0.0,0.14442492,0.14442492,0.03125,-0.13394189,0.0,0.2760673,0.2760673,0.6167763,0.008731633,3.7037036,0.28265536,0.28265536,0.7450658,0.034444198,2.7777777,0.07526338,0.07526338,0.0049342103,-0.1648802,0.0,0.17107047,0.17107047,0.03125,-0.14664717,0.0,0.28515452,0.28515452,0.26151314,-0.04373607,0.0,0.14445132,0.14445132,0.0082236845,-0.16378227,0.0,0.1833851,0.1833851,0.060855262,-0.10272938,0.23601504,0.23601504,0.0805921,-0.10570751,foreign_policy,0.12828952,0.6210239,0.022307474,0.19759925,0.97546035,0.12474516,0.015936995,0.83386457,0.00080565666,0.00094730884,0.033070363,foreign_policy
trump1_c008,trump1,trump,en,2021-01-19,farewell_address,8,28,0.296,176,137,0.21275225,0.21275225,0.11348684,-0.09617224,2.189781,0.18379173,0.18379173,0.077302635,-0.09457508,0.0,0.46442613,0.46442613,0.97861844,0.19709048,2.189781,0.17479035,0.17479035,0.10361842,-0.07342081,1.459854,0.15427792,0.15427792,0.087171055,-0.08586566,0.0,0.20543751,0.20543751,0.110197365,-0.11228013,0.0,0.25867814,0.25867814,0.13651316,-0.07021245,1.459854,0.20135632,0.20135632,0.0805921,-0.10687727,0.0,0.15200391,0.15200391,0.011513158,-0.13411057,0.22513148,0.22513148,0.05098684,-0.116591066,economy_welfare,0.84210527,0.99743414,0.00023231417,0.9991688,0.2338813,0.373533,0.9977393,0.055087827,0.5481898,0.00040211933,0.0238936,economy_welfare
trump1_c009,trump1,trump,en,2021-01-19,farewell_address,9,28,0.333,144,119,0.22669923,0.22669923,0.17598684,-0.08222526,0.84033614,0.25210202,0.25210202,0.3930921,-0.026264787,0.0,0.40642047,0.40642047,0.93914473,0.13908482,0.84033614,0.20147914,0.20147914,0.23519737,-0.046732023,0.0,0.20473048,0.20473048,0.3305921,-0.0354131,0.0,0.28906882,0.28906882,0.3536184,-0.028648823,0.84033614,0.35518095,0.35518095,0.6759868,0.026290357,0.84033614,0.31121936,0.31121936,0.56085527,0.0029857755,0.0,0.18772413,0.18772413,0.067434214,-0.098390356,0.27860832,0.27860832,0.18914473,-0.063114226,economy_welfare,0.2631579,0.93922025,0.0005112579,0.9805341,0.12929276,0.31837922,0.9859228,0.24725966,0.9942138,0.00045474793,0.06453547,future_reform_technology
trump1_c010,trump1,trump,en,2021-01-19,farewell_address,10,28,0.37,122,99,0.17191707,0.17191707,0.054276317,-0.13700743,0.0,0.20935619,0.20935619,0.18585527,-0.069010615,0.0,0.3867175,0.3867175,0.89638156,0.119381845,4.040404,0.15250798,0.15250798,0.05756579,-0.095703185,1.010101,0.153773,0.153773,0.08388158,-0.08637059,0.0,0.22613168,0.22613168,0.16940789,-0.091585964,1.010101,0.37586415,0.37586415,0.78125,0.046973556,2.020202,0.23654437,0.23654437,0.20230263,-0.07168922,0.0,0.14310262,0.14310262,0.0049342103,-0.14301187,0.26985633,0.26985633,0.13651316,-0.071866214,economy_welfare,0.11513156,0.9974885,0.0023459075,0.99958193,0.82685167,0.103612505,0.9972424,0.99164385,0.48511183,0.0051196762,0.07194901,economy_welfare
trump1_c011,trump1,trump,en,2021-01-19,farewell_address,11,28,0.407,92,76,0.16037384,0.16037384,0.03125,-0.14855066,2.631579,0.25670102,0.25670102,0.4161184,-0.021665782,0.0,0.2648819,0.2648819,0.5444079,-0.0024537444,1.3157895,0.22929516,0.22929516,0.37993422,-0.018915996,1.3157895,0.296541,0.296541,0.8042763,0.056397423,2.631579,0.23333806,0.23333806,0.1825658,-0.08437958,0.0,0.22175398,0.22175398,0.034539472,-0.10713661,0.0,0.24787283,0.24787283,0.25822368,-0.06036076,1.3157895,0.20770118,0.20770118,0.14309211,-0.07841331,0.22387916,0.22387916,0.04769737,-0.11784339,democracy_institutions,0.25986838,0.084871225,0.000103910665,0.00037118548,0.0017546144,0.99869806,0.042503078,0.0025212683,0.002142676,0.0001236358,0.0014750634,democracy_institutions
trump1_c012,trump1,trump,en,2021-01-19,farewell_address,12,28,0.444,124,107,0.24252725,0.24252725,0.22861843,-0.06639725,1.8691589,0.38348848,0.38348848,0.88980263,0.10512167,0.93457943,0.21798348,0.21798348,0.28453946,-0.04935217,0.93457943,0.31461915,0.31461915,0.8634868,0.06640799,0.0,0.21401,0.21401,0.3930921,-0.026133582,0.93457943,0.22567637,0.22567637,0.16611843,-0.09204127,0.0,0.27319372,0.27319372,0.18914473,-0.055696875,0.0,0.24038173,0.24038173,0.22203948,-0.06785186,0.0,0.2481666,0.2481666,0.30756578,-0.03794788,0.28711188,0.28711188,0.23190789,-0.05461067,security_military,0.026315808,0.90118396,0.9990978,0.00014091858,0.9946981,0.9946464,0.031261913,0.5858714,0.046055343,0.00071523245,0.56510377,security_military
trump1_c013,trump1,trump,en,2021-01-19,farewell_address,13,28,0.481,94,84,0.28615922,0.28615922,0.4194079,-0.022765279,2.3809524,0.30820388,0.30820388,0.68914473,0.029837072,0.0,0.2279842,0.2279842,0.3569079,-0.03935145,0.0,0.46178198,0.46178198,0.9884868,0.21357082,7.142857,0.18241163,0.18241163,0.19572368,-0.057731956,0.0,0.28583628,0.28583628,0.34046054,-0.031881362,0.0,0.3445298,0.3445298,0.6134868,0.015639216,0.0,0.22534148,0.22534148,0.15625,-0.082892105,0.0,0.29233834,0.29233834,0.56085527,0.0062238574,0.35646015,0.35646015,0.58388156,0.014737606,foreign_policy,0.2993421,0.9635748,0.97678024,0.029145971,0.9961042,0.6453435,0.37652284,0.8455283,0.020527786,0.004323087,0.4078787,foreign_policy
trump1_c014,trump1,trump,en,2021-01-19,farewell_address,14,28,0.519,81,70,0.21808222,0.21808222,0.13651316,-0.09084228,1.4285715,0.35847664,0.35847664,0.83388156,0.080109835,2.857143,0.18710518,0.18710518,0.13322368,-0.080230474,0.0,0.23324496,0.23324496,0.4194079,-0.014966205,0.0,0.13745226,0.13745226,0.054276317,-0.10269132,0.0,0.17177756,0.17177756,0.034539472,-0.14594008,0.0,0.24190858,0.24190858,0.0805921,-0.08698201,0.0,0.2144042,0.2144042,0.12664473,-0.09382939,0.0,0.19621074,0.19621074,0.08388158,-0.08990374,0.20954609,0.20954609,0.03125,-0.13217646,security_military,0.41447365,0.99882597,0.9893578,0.0009290034,0.894375,0.15277337,0.58604914,0.108992465,0.9871293,0.026657742,0.083777875,national_identity
trump1_c015,trump1,trump,en,2021-01-19,farewell_address,15,28,0.556,88,70,0.25181478,0.25181478,0.27796054,-0.057109714,1.4285715,0.30817133,0.30817133,0.68585527,0.029804528,1.4285715,0.16588028,0.16588028,0.05756579,-0.101455376,0.0,0.44666344,0.44666344,0.98519737,0.19845228,4.285714,0.15586911,0.15586911,0.090460524,-0.08427447,0.0,0.24897303,0.24897303,0.21875,-0.068744615,0.0,0.302639,0.302639,0.34375,-0.026251584,0.0,0.19650625,0.19650625,0.067434214,-0.11172734,0.0,0.36723697,0.36723697,0.87335527,0.08112249,0.36286715,0.36286715,0.6200658,0.021144599,foreign_policy,0.2993421,0.9979692,0.99960023,0.00018777506,0.99985117,0.0020091992,0.023253009,0.99777865,0.00032822456,0.9844563,0.9635577,foreign_policy
trump1_c016,trump1,trump,en,2021-01-19,farewell_address,16,28,0.593,88,77,0.24981071,0.24981071,0.26480263,-0.059113786,0.0,0.30664176,0.30664176,0.6825658,0.028274953,2.5974026,0.23185745,0.23185745,0.38980263,-0.035478204,0.0,0.40070677,0.40070677,0.9753289,0.15249561,1.2987013,0.18218546,0.18218546,0.1924342,-0.057958126,0.0,0.2135024,0.2135024,0.13322368,-0.104215235,0.0,0.24801457,0.24801457,0.090460524,-0.08087602,0.0,0.26906064,0.26906064,0.36677632,-0.039172947,1.2987013,0.31084287,0.31084287,0.63980263,0.024728388,0.380742,0.380742,0.72203946,0.039019465,foreign_policy,0.2927631,0.041345995,0.9737946,0.0001892475,0.9496694,0.048159145,0.039029974,0.07203007,0.0005142608,0.0012007196,0.9898989,security_military
trump1_c017,trump1,trump,en,2021-01-19,farewell_address,17,28,0.63,81,63,0.4545825,0.4545825,0.9424342,0.14565802,4.7619047,0.33776903,0.33776903,0.77796054,0.059402227,0.0,0.3168174,0.3168174,0.76480263,0.04948175,0.0,0.34424073,0.34424073,0.9292763,0.096029565,0.0,0.4022791,0.4022791,0.96546054,0.16213553,0.0,0.4387191,0.4387191,0.9259868,0.12100145,0.0,0.38217628,0.38217628,0.8174342,0.05328569,0.0,0.33844227,0.33844227,0.6792763,0.030208677,0.0,0.33043033,0.33043033,0.7253289,0.044315845,0.4163916,0.4163916,0.8503289,0.07466906,democracy_institutions,0.023026347,0.9985278,0.12069767,0.47511822,0.114963345,0.9911996,0.99986815,0.787972,0.017078072,0.0005410356,0.7887765,social_solidarity
trump1_c018,trump1,trump,en,2021-01-19,farewell_address,18,28,0.667,92,77,0.31008,0.31008,0.53125,0.0011554956,0.0,0.33858064,0.33858064,0.78125,0.060213834,0.0,0.4100265,0.4100265,0.9424342,0.14269084,0.0,0.24794742,0.24794742,0.53125,-0.00026373565,0.0,0.25892466,0.25892466,0.6430921,0.01878108,0.0,0.32712588,0.32712588,0.53125,0.009408236,1.2987013,0.36852568,0.36852568,0.74835527,0.039635092,0.0,0.26862437,0.26862437,0.36348686,-0.039609224,0.0,0.32370105,0.32370105,0.71546054,0.03758657,0.34690374,0.34690374,0.5444079,0.0051811934,economy_welfare,0.16118419,0.7730022,0.00056367513,0.28180075,0.6954415,0.30077124,0.9860443,0.75219464,0.00062146306,0.011619771,0.11230769,social_solidarity
trump1_c019,trump1,trump,en,2021-01-19,farewell_address,19,28,0.704,118,101,0.44126517,0.44126517,0.9259868,0.13234067,0.0,0.25521454,0.25521454,0.39967105,-0.023152262,0.0,0.28227097,0.28227097,0.63980263,0.014935315,0.0,0.2609113,0.2609113,0.6167763,0.012700126,0.0,0.408742,0.408742,0.97203946,0.16859843,0.990099,0.40424603,0.40424603,0.84703946,0.08652839,0.990099,0.33197588,0.33197588,0.53125,0.0030852854,0.0,0.274122,0.274122,0.3930921,-0.03411159,0.0,0.21839516,0.21839516,0.18585527,-0.067719325,0.36992154,0.36992154,0.65625,0.028198987,democracy_institutions,0.046052635,0.99949175,0.019937392,0.02330054,0.7325918,0.8231508,0.9991912,0.0553617,0.0007702933,0.00057816197,0.86703575,national_identity
trump1_c020,trump1,trump,en,2021-01-19,farewell_address,20,28,0.741,87,76,0.4501391,0.4501391,0.93585527,0.14121461,2.631579,0.36066747,0.36066747,0.84046054,0.08230066,0.0,0.39879236,0.39879236,0.9292763,0.1314567,0.0,0.25088656,0.25088656,0.56414473,0.0026753992,0.0,0.3474419,0.3474419,0.90953946,0.10729833,2.631579,0.45824778,0.45824778,0.95230263,0.14053014,3.9473684,0.36430135,0.36430135,0.73519737,0.03541076,0.0,0.30648082,0.30648082,0.54769737,-0.001752764,1.3157895,0.29839632,0.29839632,0.58388156,0.012281835,0.40241128,0.40241128,0.8009868,0.060688734,social_solidarity,0.016447365,0.9712111,0.0013458604,0.016308764,0.729327,0.9889118,0.9996899,0.022629203,0.00014596012,0.0003912771,0.8765287,social_solidarity
trump1_c021,trump1,trump,en,2021-01-19,farewell_address,21,28,0.778,101,90,0.4339355,0.4339355,0.9128289,0.125011,4.4444447,0.37677813,0.37677813,0.8799342,0.09841132,0.0,0.22864985,0.22864985,0.36677632,-0.0386858,0.0,0.3380416,0.3380416,0.90625,0.08983044,1.1111112,0.23368403,0.23368403,0.5378289,-0.006459549,0.0,0.34821236,0.34821236,0.63980263,0.03049472,1.1111112,0.47442913,0.47442913,0.96875,0.14553854,3.3333333,0.24653476,0.24653476,0.2450658,-0.061698824,0.0,0.4165907,0.4165907,0.95230263,0.1304762,0.35681367,0.35681367,0.5871711,0.015091121,crisis_resilience,0.055921078,0.8672608,0.7337381,0.00021570001,0.9299828,0.3225793,0.9201463,0.99280226,0.00022081406,0.008560891,0.029901404,crisis_resilience
trump1_c022,trump1,trump,en,2021-01-19,farewell_address,22,28,0.815,89,76,0.48747173,0.48747173,0.97203946,0.17854723,5.263158,0.29010183,0.29010183,0.59703946,0.011735022,0.0,0.21078295,0.21078295,0.2450658,-0.05655271,0.0,0.2700314,0.2700314,0.68585527,0.021820232,0.0,0.25358075,0.25358075,0.62335527,0.013437167,0.0,0.40200344,0.40200344,0.8371711,0.084285796,2.631579,0.40622208,0.40622208,0.88980263,0.07733148,1.3157895,0.26498222,0.26498222,0.3305921,-0.043251365,0.0,0.2712366,0.2712366,0.42598686,-0.014877886,0.34661132,0.34661132,0.53453946,0.004888773,national_identity,0.08223683,0.99980855,0.1929192,0.00013846347,0.5212275,0.030271873,0.97178566,0.724578,0.00014009539,0.003558804,0.68700033,national_identity
trump1_c023,trump1,trump,en,2021-01-19,farewell_address,23,28,0.852,173,146,0.48907673,0.48907673,0.9753289,0.18015224,3.4246576,0.27118325,0.27118325,0.5115132,-0.007183552,0.0,0.17498711,0.17498711,0.07072368,-0.092348546,0.0,0.23820625,0.23820625,0.46546054,-0.010004908,0.0,0.3035729,0.3035729,0.8305921,0.06342931,0.0,0.37388077,0.37388077,0.7384868,0.056163132,0.6849315,0.35676187,0.35676187,0.6924342,0.02787128,0.0,0.2434482,0.2434482,0.23519737,-0.06478539,0.0,0.33054316,0.33054316,0.72861844,0.044428676,0.3123578,0.3123578,0.35032895,-0.029364735,national_identity,0.14473683,0.93803895,0.0024060889,0.00031688946,0.23855019,0.41170204,0.6577583,0.33900654,0.00018595057,0.0018639287,0.54846185,national_identity
trump1_c024,trump1,trump,en,2021-01-19,farewell_address,24,28,0.889,84,71,0.34066164,0.34066164,0.65953946,0.03173715,1.4084507,0.25984666,0.25984666,0.43914473,-0.018520147,1.4084507,0.19378147,0.19378147,0.16611843,-0.07355419,0.0,0.20707202,0.20707202,0.25164473,-0.04113914,0.0,0.2557429,0.2557429,0.6332237,0.015599325,1.4084507,0.3032313,0.3032313,0.40953946,-0.014486343,1.4084507,0.35564145,0.35564145,0.6792763,0.026750863,1.4084507,0.25804326,0.25804326,0.30427632,-0.05019033,0.0,0.24871317,0.24871317,0.31085527,-0.03740132,0.27102405,0.27102405,0.14638157,-0.0706985,crisis_resilience,0.019736826,0.42348784,0.6133234,0.0010083435,0.70150864,0.0037727475,0.42765066,0.8796904,0.001483719,0.2557733,0.0024871177,crisis_resilience
trump1_c025,trump1,trump,en,2021-01-19,farewell_address,25,28,0.926,99,89,0.3749342,0.3749342,0.77138156,0.0660097,0.0,0.28206858,0.28206858,0.56085527,0.0037017763,0.0,0.18144259,0.18144259,0.10361842,-0.085893065,0.0,0.2307274,0.2307274,0.38980263,-0.017483756,0.0,0.22110209,0.22110209,0.43585527,-0.019041494,0.0,0.32497466,0.32497466,0.5246711,0.0072570145,4.494382,0.29691812,0.29691812,0.31743422,-0.031972468,0.0,0.16387692,0.16387692,0.024671054,-0.14435667,0.0,0.21104698,0.21104698,0.16940789,-0.075067505,0.3038264,0.3038264,0.2944079,-0.037896156,national_identity,0.21052629,0.99959236,0.19672975,0.0027900378,0.5448014,0.32311976,0.9998208,0.9891606,0.0028727483,0.0016776675,0.8988553,social_solidarity
trump1_c026,trump1,trump,en,2021-01-19,farewell_address,26,28,0.963,170,149,0.46561867,0.46561867,0.95888156,0.15669417,4.0268455,0.3630465,0.3630465,0.84703946,0.08467969,0.67114097,0.24719033,0.24719033,0.46217105,-0.020145327,0.0,0.39852074,0.39852074,0.97203946,0.15030958,1.3422819,0.28226745,0.28226745,0.7549342,0.04212387,0.0,0.34593335,0.34593335,0.6299342,0.028215706,0.67114097,0.38977417,0.38977417,0.8503289,0.06088358,0.0,0.2674781,0.2674781,0.3536184,-0.04075548,0.0,0.37330613,0.37330613,0.88980263,0.08719164,0.40260082,0.40260082,0.8042763,0.060878277,foreign_policy,0.013157904,0.9992848,0.16438228,0.0010566838,0.9699282,0.4315243,0.99226695,0.95618635,0.0008393599,0.064771704,0.75730115,national_identity
trump1_c027,trump1,trump,en,2021-01-19,farewell_address,27,28,1.0,178,156,0.4149487,0.4149487,0.87335527,0.106024206,3.2051282,0.2910832,0.2910832,0.6003289,0.012716383,0.0,0.2828592,0.2828592,0.64638156,0.015523553,0.0,0.2548865,0.2548865,0.5871711,0.0066753477,0.0,0.28185242,0.28185242,0.75164473,0.041708842,0.0,0.4127894,0.4127894,0.8667763,0.09507176,1.2820513,0.3183631,0.3183631,0.42598686,-0.010527492,0.0,0.3499861,0.3499861,0.7253289,0.041752517,0.64102566,0.23849653,0.23849653,0.28453946,-0.047617957,0.37554494,0.37554494,0.7055921,0.033822387,national_identity,0.006578982,0.21862766,0.0053536464,0.003057458,0.008594111,0.014172367,0.8082092,0.027220907,0.0005625758,0.0012918457,0.027143426,social_solidarity
trump2_c000,trump2,trump,en,,composite_excerpts,0,3,0.0,138,111,0.29368868,0.29368868,0.44572368,-0.0152358115,0.0,0.35624045,0.35624045,0.8174342,0.07787365,0.0,0.286674,0.286674,0.65953946,0.01933834,0.0,0.24388586,0.24388586,0.5049342,-0.0043253005,0.9009009,0.33142704,0.33142704,0.88980263,0.091283455,0.0,0.35477868,0.35477868,0.66611844,0.037061036,3.6036036,0.32297897,0.32297897,0.46217105,-0.0059116185,0.0,0.3335666,0.3335666,0.6628289,0.025333017,0.0,0.3140623,0.3140623,0.65296054,0.027947813,0.33841723,0.33841723,0.48848686,-0.003305316,democracy_institutions,0.07236844,0.94747835,0.045670748,0.00032950874,0.014392338,0.99564743,0.997638,0.017160233,0.00043393252,0.0015978456,0.9674256,social_solidarity
trump2_c001,trump2,trump,en,,composite_excerpts,1,3,0.5,143,115,0.26037875,0.26037875,0.30427632,-0.048545748,1.7391304,0.35654837,0.35654837,0.8207237,0.078181565,0.8695652,0.42469037,0.42469037,0.9555921,0.15735471,0.8695652,0.23751248,0.23751248,0.46217105,-0.010698676,0.8695652,0.26774475,0.26774475,0.6792763,0.027601168,1.7391304,0.3191942,0.3191942,0.4819079,0.0014765561,0.8695652,0.31430146,0.31430146,0.39967105,-0.014589131,0.0,0.27155817,0.27155817,0.37335527,-0.036675423,0.0,0.33436835,0.33436835,0.7450658,0.048253864,0.32821792,0.32821792,0.40953946,-0.013504624,economy_welfare,0.13486838,0.99935,0.022737447,0.7841538,0.9852714,0.9936549,0.9992592,0.64400125,0.0034902107,0.0051246528,0.34444344,national_identity
trump2_c002,trump2,trump,en,,composite_excerpts,2,3,1.0,128,97,0.2902892,0.2902892,0.42927632,-0.018635303,2.0618556,0.25170213,0.25170213,0.38980263,-0.026664674,0.0,0.34662592,0.34662592,0.84375,0.07929027,0.0,0.2041567,0.2041567,0.24177632,-0.044054464,2.0618556,0.18395846,0.18395846,0.20888157,-0.056185126,0.0,0.30388668,0.30388668,0.41282895,-0.01383096,2.0618556,0.27661034,0.27661034,0.19901316,-0.052280247,0.0,0.31868812,0.31868812,0.59703946,0.0104545355,0.0,0.2084598,0.2084598,0.14967105,-0.07765469,0.25507253,0.25507253,0.120065786,-0.086650014,economy_welfare,0.24671054,0.99913913,0.0071283374,0.30881527,0.9150149,0.041423477,0.9992297,0.25860673,0.7830774,0.0010987312,0.10365786,social_solidarity
trump3_c000,trump3,trump,en,2017-01-20,inaugural_address,0,17,0.0,95,78,0.39330947,0.39330947,0.83388156,0.08438498,3.8461537,0.28814214,0.28814214,0.58388156,0.009775341,0.0,0.303627,0.303627,0.7319079,0.03629136,0.0,0.31907016,0.31907016,0.87664473,0.070859,2.5641026,0.27692646,0.27692646,0.73519737,0.036782876,0.0,0.35304785,0.35304785,0.65953946,0.035330206,1.2820513,0.48867536,0.48867536,0.98519737,0.15978476,3.8461537,0.3715871,0.3715871,0.7944079,0.06335351,0.0,0.2882423,0.2882423,0.54111844,0.0021278262,0.44409764,0.44409764,0.92269737,0.10237509,crisis_resilience,0.108552635,0.9994241,0.049336493,0.09413503,0.891055,0.9399134,0.99896777,0.78444296,0.00960574,0.0010987312,0.9805434,national_identity
trump3_c001,trump3,trump,en,2017-01-20,inaugural_address,1,17,0.062,100,85,0.2945578,0.2945578,0.45230263,-0.014366686,0.0,0.23454954,0.23454954,0.30427632,-0.043817267,0.0,0.22874887,0.22874887,0.37006578,-0.03858678,0.0,0.2490428,0.2490428,0.53453946,0.0008316338,0.0,0.3349895,0.3349895,0.8996711,0.094845906,0.0,0.32093057,0.32093057,0.5049342,0.0032129288,0.0,0.26363164,0.26363164,0.15625,-0.06525895,0.0,0.29588896,0.29588896,0.4786184,-0.012344629,0.0,0.21652412,0.21652412,0.17927632,-0.06959036,0.3268379,0.3268379,0.39967105,-0.014884651,democracy_institutions,0.36513162,0.24757789,0.13164696,0.025914183,0.7354517,0.9246537,0.7956184,0.004133968,0.0016549244,0.0003770286,0.9546051,democracy_institutions
trump3_c002,trump3,trump,en,2017-01-20,inaugural_address,2,17,0.125,109,89,0.304106,0.304106,0.49835527,-0.004818499,3.3707864,0.2581172,0.2581172,0.42598686,-0.020249605,0.0,0.3907171,0.3907171,0.90953946,0.123381436,1.1235955,0.20798355,0.20798355,0.25493422,-0.040227607,0.0,0.2975319,0.2975319,0.81414473,0.05738832,0.0,0.3189878,0.3189878,0.47532895,0.0012701452,1.1235955,0.3346929,0.3346929,0.5542763,0.0058023036,0.0,0.23956972,0.23956972,0.21875,-0.068663865,0.0,0.27034402,0.27034402,0.41282895,-0.015770465,0.32273728,0.32273728,0.37335527,-0.018985271,economy_welfare,0.09539473,0.22695492,0.12538631,0.10406688,0.3115316,0.94728357,0.9431384,0.1779894,0.00041165142,0.00033863995,0.0025163612,democracy_institutions
trump3_c003,trump3,trump,en,2017-01-20,inaugural_address,3,17,0.188,80,69,0.40882957,0.40882957,0.8634868,0.09990507,1.4492754,0.2564344,0.2564344,0.41282895,-0.021932393,0.0,0.26117527,0.26117527,0.52138156,-0.0061603785,0.0,0.27862626,0.27862626,0.72203946,0.030415103,0.0,0.38280213,0.38280213,0.95230263,0.14265855,0.0,0.35113463,0.35113463,0.65625,0.033416986,0.0,0.29438066,0.29438066,0.30756578,-0.034509927,0.0,0.30936617,0.30936617,0.5509868,0.0011325777,0.0,0.2703104,0.2703104,0.40953946,-0.015804082,0.36249313,0.36249313,0.61019737,0.02077058,democracy_institutions,0.08881581,0.9662357,0.00083446014,0.0101549225,0.51342446,0.8657641,0.93421537,0.0026626128,0.0001465313,0.00045652696,0.04385456,national_identity
trump3_c004,trump3,trump,en,2017-01-20,inaugural_address,4,17,0.25,94,79,0.42446893,0.42446893,0.89638156,0.11554444,3.7974684,0.23247975,0.23247975,0.2944079,-0.045887053,0.0,0.22644144,0.22644144,0.34375,-0.04089421,0.0,0.21586621,0.21586621,0.30098686,-0.032344952,1.2658228,0.32305056,0.32305056,0.8799342,0.08290698,0.0,0.33720478,0.33720478,0.57730263,0.019487143,0.0,0.27079073,0.27079073,0.17269737,-0.058099866,0.0,0.2723689,0.2723689,0.38322368,-0.03586468,0.0,0.20338179,0.20338179,0.11677632,-0.08273269,0.29391897,0.29391897,0.25822368,-0.04780358,national_identity,0.016447365,0.9944987,0.07456762,0.0055495324,0.91949356,0.8629591,0.9992145,0.7998335,0.001006378,0.0023920652,0.38528433,social_solidarity
trump3_c005,trump3,trump,en,2017-01-20,inaugural_address,5,17,0.312,118,104,0.28971708,0.28971708,0.42598686,-0.019207418,1.9230769,0.29360664,0.29360664,0.6167763,0.015239835,0.0,0.39521062,0.39521062,0.92269737,0.12787497,0.96153843,0.17550886,0.17550886,0.110197365,-0.0727023,0.0,0.308322,0.308322,0.84046054,0.06817843,0.0,0.34418836,0.34418836,0.6167763,0.02647072,0.96153843,0.34617963,0.34617963,0.62664473,0.017289042,0.0,0.36654222,0.36654222,0.78125,0.05830863,2.8846154,0.27632922,0.27632922,0.47532895,-0.009785265,0.29131195,0.29131195,0.2450658,-0.0504106,economy_welfare,0.08223683,0.043650277,0.00017674512,0.004848533,0.002487118,0.01812472,0.8421991,0.05531065,0.00013792372,0.00028406718,0.00072648755,social_solidarity
trump3_c006,trump3,trump,en,2017-01-20,inaugural_address,6,17,0.375,136,114,0.4172461,0.4172461,0.87664473,0.10832161,1.754386,0.39220297,0.39220297,0.92269737,0.11383617,0.877193,0.3661864,0.3661864,0.8700658,0.09885076,1.754386,0.35958716,0.35958716,0.9457237,0.111376,1.754386,0.22424473,0.22424473,0.46546054,-0.015898854,0.0,0.36182386,0.36182386,0.6990132,0.044106215,0.0,0.3917434,0.3917434,0.86019737,0.0628528,0.0,0.27571946,0.27571946,0.39967105,-0.032514125,0.0,0.36680594,0.36680594,0.8700658,0.08069146,0.41269612,0.41269612,0.83388156,0.070973575,foreign_policy,0.023026347,0.9983158,0.974893,0.033281796,0.98215127,0.0751764,0.5865228,0.064594455,0.00017298902,0.90308076,0.035360735,national_identity
trump3_c007,trump3,trump,en,2017-01-20,inaugural_address,7,17,0.438,91,79,0.31133386,0.31133386,0.54111844,0.0024093688,0.0,0.26777735,0.26777735,0.49177632,-0.010589451,0.0,0.38939026,0.38939026,0.90296054,0.12205461,0.0,0.28712377,0.28712377,0.7549342,0.03891261,2.5316455,0.21017013,0.21017013,0.36677632,-0.029973447,0.0,0.2992069,0.2992069,0.38322368,-0.01851073,0.0,0.3215286,0.3215286,0.44572368,-0.0073619783,0.0,0.29371905,0.29371905,0.47203946,-0.014514536,1.2658228,0.2657995,0.2657995,0.3963816,-0.020314991,0.30986714,0.30986714,0.32730263,-0.031855404,economy_welfare,0.14802635,0.8334602,0.12220859,0.9948001,0.7759446,0.012100386,0.86532366,0.086864166,0.0014103586,0.00024826112,0.007018599,economy_welfare
trump3_c008,trump3,trump,en,2017-01-20,inaugural_address,8,17,0.5,83,70,0.3516801,0.3516801,0.7055921,0.042755604,0.0,0.32631385,0.32631385,0.75164473,0.04794705,0.0,0.38877657,0.38877657,0.8996711,0.12144092,2.857143,0.39187667,0.39187667,0.96875,0.1436655,2.857143,0.2983992,0.2983992,0.8174342,0.058255628,0.0,0.34637445,0.34637445,0.6332237,0.02865681,1.4285715,0.34087408,0.34087408,0.6003289,0.011983484,0.0,0.3578183,0.3578183,0.7615132,0.049584717,0.0,0.32643586,0.32643586,0.72203946,0.04032138,0.38457686,0.38457686,0.72861844,0.04285431,foreign_policy,0.06907892,0.99926496,0.010228809,0.7510552,0.8703564,0.9672868,0.9196786,0.019719128,0.0009057335,0.00036188282,0.11631158,national_identity
trump3_c009,trump3,trump,en,2017-01-20,inaugural_address,9,17,0.562,96,82,0.35185176,0.35185176,0.70888156,0.042927265,0.0,0.43611568,0.43611568,0.97203946,0.15774888,0.0,0.44791967,0.44791967,0.96875,0.18058401,3.6585367,0.2983178,0.2983178,0.8075658,0.05010663,1.2195122,0.2560305,0.2560305,0.6365132,0.015886918,0.0,0.3194159,0.3194159,0.48519737,0.0016982555,0.0,0.37272078,0.37272078,0.7746711,0.043830186,0.0,0.28482342,0.28482342,0.44901314,-0.023410171,0.0,0.3705979,0.3705979,0.87664473,0.084483415,0.37725738,0.37725738,0.71875,0.03553483,security_military,0.0032894611,0.9979771,0.9951843,0.84727407,0.9965837,0.961171,0.9982658,0.98704207,0.32124704,0.6627419,0.031514283,social_solidarity
trump3_c010,trump3,trump,en,2017-01-20,inaugural_address,10,17,0.625,92,85,0.30541658,0.30541658,0.5115132,-0.0035079122,4.7058825,0.2990359,0.2990359,0.65296054,0.020669103,0.0,0.3843471,0.3843471,0.8930921,0.11701146,0.0,0.389831,0.389831,0.96546054,0.14161985,1.1764706,0.2831678,0.2831678,0.7582237,0.043024227,0.0,0.34118018,0.34118018,0.60361844,0.023462534,0.0,0.34799907,0.34799907,0.6365132,0.019108474,1.1764706,0.30141002,0.30141002,0.52138156,-0.0068235695,0.0,0.296895,0.296895,0.5805921,0.010780513,0.38770992,0.38770992,0.7384868,0.045987368,foreign_policy,0.07236844,0.86130506,0.004223366,0.039899886,0.858576,0.6603093,0.99679005,0.037361998,0.29163608,0.0005193049,0.51543695,social_solidarity
trump3_c011,trump3,trump,en,2017-01-20,inaugural_address,11,17,0.688,99,89,0.39867422,0.39867422,0.84046054,0.08974972,1.1235955,0.36825502,0.36825502,0.86019737,0.089888215,1.1235955,0.2465291,0.2465291,0.4588816,-0.020806551,0.0,0.48296446,0.48296446,0.9950658,0.2347533,2.247191,0.28802925,0.28802925,0.77138156,0.04788567,0.0,0.42162958,0.42162958,0.8930921,0.10391194,0.0,0.35719556,0.35719556,0.6957237,0.028304964,0.0,0.3270042,0.3270042,0.63980263,0.018770605,0.0,0.4235301,0.4235301,0.97203946,0.13741562,0.50190794,0.50190794,0.9917763,0.1601854,foreign_policy,0.10197371,0.9997556,0.8199834,0.00083446025,0.9657222,0.7210685,0.9984603,0.95091486,0.00045297577,0.16066068,0.99755615,national_identity
trump3_c012,trump3,trump,en,2017-01-20,inaugural_address,12,17,0.75,106,91,0.45440516,0.45440516,0.93914473,0.14548066,2.1978023,0.39031905,0.39031905,0.9128289,0.111952245,1.0989012,0.23149541,0.23149541,0.38651314,-0.035840243,0.0,0.27943334,0.27943334,0.7319079,0.03122218,0.0,0.24180014,0.24180014,0.5740132,0.0016565621,1.0989012,0.47024322,0.47024322,0.95888156,0.15252557,2.1978023,0.37634236,0.37634236,0.7878289,0.047451764,0.0,0.21019903,0.21019903,0.110197365,-0.09803456,0.0,0.38149545,0.38149545,0.8996711,0.09538096,0.5349539,0.5349539,0.9950658,0.19323134,social_solidarity,0.019736826,0.9994472,0.9967333,0.00012436225,0.6222298,0.1325707,0.99792916,0.056913935,8.7503e-05,0.00065637287,0.9986303,national_identity
trump3_c013,trump3,trump,en,2017-01-20,inaugural_address,13,17,0.812,80,71,0.31886286,0.31886286,0.56085527,0.009938359,1.4084507,0.22270866,0.22270866,0.24835527,-0.055658147,0.0,0.26923075,0.26923075,0.5674342,0.0018950999,0.0,0.26545373,0.26545373,0.65296054,0.017242566,0.0,0.27705884,0.27705884,0.7417763,0.036915258,0.0,0.2905643,0.2905643,0.3569079,-0.027153343,0.0,0.33580256,0.33580256,0.5707237,0.006911963,0.0,0.38234997,0.38234997,0.8305921,0.07411638,0.0,0.30878675,0.30878675,0.6200658,0.022672266,0.39042288,0.39042288,0.7549342,0.048700333,future_reform_technology,0.08881581,0.99512786,0.7466935,0.4320634,0.92103857,0.9964412,0.99927914,0.84587884,0.028836705,0.00037118542,0.21378721,social_solidarity
trump3_c014,trump3,trump,en,2017-01-20,inaugural_address,14,17,0.875,86,73,0.44540215,0.44540215,0.9325658,0.13647765,1.369863,0.30431998,0.30431998,0.6759868,0.025953174,0.0,0.32666826,0.32666826,0.7944079,0.05933261,0.0,0.29328787,0.29328787,0.78453946,0.045076713,0.0,0.23039784,0.23039784,0.5115132,-0.009745747,0.0,0.334627,0.334627,0.56085527,0.01690936,0.0,0.42501354,0.42501354,0.9325658,0.09612295,1.369863,0.41332397,0.41332397,0.8667763,0.10509038,0.0,0.3179832,0.3179832,0.6825658,0.031868726,0.41076827,0.41076827,0.8207237,0.06904572,national_identity,0.0,0.20391554,0.3788396,0.04958902,0.97830194,0.0047644526,0.766687,0.82153684,0.6991517,0.026056305,0.005463965,foreign_policy
trump3_c015,trump3,trump,en,2017-01-20,inaugural_address,15,17,0.938,108,94,0.43434423,0.4343444,0.9194079,0.12541974,0.0,0.35684946,0.35684946,0.82730263,0.07848266,1.0638298,0.22010778,0.22010772,0.2944079,-0.047227874,0.0,0.22252285,0.22252293,0.34046054,-0.025688305,0.0,0.2274143,0.22741431,0.48519737,-0.012729287,1.0638298,0.36017197,0.36017212,0.68914473,0.042454332,0.0,0.30711895,0.30711898,0.37335527,-0.02177164,0.0,0.2039545,0.20395447,0.08388158,-0.104279086,0.0,0.27597857,0.27597865,0.47203946,-0.010135919,0.37155193,0.37155187,0.6759868,0.029829383,national_identity,0.09210527,0.9968703,0.95943314,0.00017571275,0.2257578,0.0032666996,0.9989738,0.5541086,0.00013792371,0.0056748763,0.077657446,social_solidarity
trump3_c016,trump3,trump,en,2017-01-20,inaugural_address,16,17,1.0,129,105,0.46266145,0.4626613,0.9555921,0.15373695,0.0,0.33078912,0.3307889,0.7680921,0.052422315,0.0,0.33239573,0.3323957,0.8174342,0.06506008,0.0,0.2906121,0.2906121,0.7746711,0.04240094,0.0,0.30462956,0.30462953,0.83388156,0.06448598,0.0,0.38253295,0.38253284,0.7878289,0.06481531,2.857143,0.36917728,0.3691773,0.7549342,0.04028669,0.0,0.32486558,0.3248656,0.62335527,0.01663199,0.0,0.32396933,0.32396933,0.71875,0.03785485,0.43052125,0.4305212,0.88980263,0.0887987,national_identity,0.12171054,0.99976313,0.7651549,0.5602677,0.9332941,0.07052759,0.9991785,0.64274085,0.0004373344,0.0012303584,0.98406297,national_identity
