chunk_id,speech_id,leader,language,speech_date,speech_type,chunk_index,n_chunks_in_speech,relative_position,token_count,word_count,national_identity_cos,national_identity_cos_en,national_identity_pct,national_identity_rel,national_identity_kw,security_military_cos,security_military_cos_en,security_military_pct,security_military_rel,security_military_kw,economy_welfare_cos,economy_welfare_cos_en,economy_welfare_pct,economy_welfare_rel,economy_welfare_kw,foreign_policy_cos,foreign_policy_cos_en,foreign_policy_pct,foreign_policy_rel,foreign_policy_kw,democracy_institutions_cos,democracy_institutions_cos_en,democracy_institutions_pct,democracy_institutions_rel,democracy_institutions_kw,social_solidarity_cos,social_solidarity_cos_en,social_solidarity_pct,social_solidarity_rel,social_solidarity_kw,crisis_resilience_cos,crisis_resilience_cos_en,crisis_resilience_pct,crisis_resilience_rel,crisis_resilience_kw,future_reform_technology_cos,future_reform_technology_cos_en,future_reform_technology_pct,future_reform_technology_rel,future_reform_technology_kw,conflict_threat_framing_cos,conflict_threat_framing_cos_en,conflict_threat_framing_pct,conflict_threat_framing_rel,cooperation_solidarity_framing_cos,cooperation_solidarity_framing_cos_en,cooperation_solidarity_framing_pct,cooperation_solidarity_framing_rel,top_theme_emb,top_theme_margin,national_identity_nli,security_military_nli,economy_welfare_nli,foreign_policy_nli,democracy_institutions_nli,social_solidarity_nli,crisis_resilience_nli,future_reform_technology_nli,conflict_threat_framing_nli,cooperation_solidarity_framing_nli,top_theme_nli
erdogan1_c000,erdogan1,erdogan,tr,,symposium_speech,0,11,0.0,127,51,0.34148175,0.25288486,0.6775862,0.03380832,0.0,0.2735077,0.18967132,0.5086207,-0.0069611073,3.9215686,0.1654889,0.082228035,0.060344826,-0.10308054,0.0,0.24680215,0.18991749,0.5362069,-0.002869442,0.0,0.23956555,0.16118947,0.5706897,-0.00083746016,0.0,0.24326767,0.1266478,0.21896552,-0.072947636,1.9607843,0.38309377,0.2777271,0.80517244,0.051786304,0.0,0.19572356,0.13036627,0.06724138,-0.11182654,0.0,0.3267275,0.18513241,0.7051724,0.03902629,0.30170333,0.1880445,0.2913793,-0.039278865,crisis_resilience,0.12758625,0.6278371,0.0054374957,0.00047193226,0.8352149,0.0007364808,0.86488205,0.11735701,0.00011104446,0.9525741,0.0020229532,social_solidarity
erdogan1_c001,erdogan1,erdogan,tr,,symposium_speech,1,11,0.1,128,53,0.2833705,0.1787121,0.4224138,-0.02430293,3.7735848,0.20623173,0.11507159,0.15689655,-0.07423709,0.0,0.18065551,0.059689704,0.094827585,-0.08791393,0.0,0.2944222,0.20320638,0.78103447,0.044750616,1.8867924,0.39203456,0.32808772,0.96034485,0.15163155,5.6603775,0.22574407,0.10644984,0.17068966,-0.09047124,1.8867924,0.29861212,0.19369349,0.31206897,-0.032695353,0.0,0.26778656,0.197971,0.3810345,-0.03976354,0.0,0.2613724,0.12624423,0.38793105,-0.026328832,0.2941976,0.17170641,0.27413794,-0.04678461,democracy_institutions,0.17931038,0.99703634,0.029929746,9.134448e-05,0.83702135,0.99801993,0.90211487,0.92690146,8.092757e-05,0.00075688143,0.02973191,democracy_institutions
erdogan1_c002,erdogan1,erdogan,tr,,symposium_speech,2,11,0.2,141,62,0.2640317,0.16921067,0.32586208,-0.043641716,3.2258065,0.26996583,0.15997961,0.49137932,-0.010502994,0.0,0.27932072,0.18613023,0.61551726,0.010751277,1.6129032,0.27585047,0.19388907,0.6913793,0.026178882,0.0,0.3337037,0.31071746,0.8913793,0.093300685,1.6129032,0.31167525,0.19964963,0.46034482,-0.004540056,0.0,0.39519364,0.26214653,0.8672414,0.063886166,0.0,0.29823625,0.23191638,0.5224138,-0.009313852,0.0,0.32840586,0.21127225,0.712069,0.040704638,0.377242,0.21069214,0.70862067,0.0362598,democracy_institutions,0.024137914,0.9267359,0.24981311,0.2890204,0.6913932,0.3366581,0.14962845,0.99788016,0.00013058452,0.0005636751,0.026430633,crisis_resilience
erdogan1_c003,erdogan1,erdogan,tr,,symposium_speech,3,11,0.3,95,44,0.33893076,0.21098414,0.6465517,0.03125733,2.2727273,0.26085693,0.20201632,0.43965518,-0.019611895,0.0,0.22147767,0.15144521,0.31896552,-0.047091767,2.2727273,0.23065147,0.20079005,0.4086207,-0.019020125,0.0,0.3153317,0.28092912,0.83965516,0.074928686,4.5454545,0.25748566,0.16379957,0.2637931,-0.05872965,0.0,0.30664372,0.23240481,0.35689655,-0.024663746,0.0,0.3033945,0.2520132,0.55344826,-0.004155606,0.0,0.317482,0.21730898,0.65,0.029780775,0.33303094,0.20522672,0.45344827,-0.00795126,democracy_institutions,0.19310343,0.7240906,0.034488525,0.0002642683,0.8698805,0.05134372,0.012895588,0.8776473,0.00023276829,0.00066931,0.00502115,crisis_resilience
erdogan1_c004,erdogan1,erdogan,tr,,symposium_speech,4,11,0.4,107,46,0.3025747,0.21487233,0.4948276,-0.0050987303,4.347826,0.2101514,0.15092,0.19137931,-0.07031742,0.0,0.18310374,0.11746235,0.118965514,-0.0854657,0.0,0.22231014,0.18546185,0.34655172,-0.027361453,0.0,0.31345892,0.28875148,0.8362069,0.07305591,6.521739,0.24883765,0.16396071,0.23275863,-0.06737766,4.347826,0.28212807,0.20052159,0.21896552,-0.049179405,0.0,0.29846203,0.24961561,0.5258621,-0.009088069,0.0,0.27078065,0.19722977,0.43275863,-0.016920567,0.3067004,0.20493704,0.32586208,-0.03428179,democracy_institutions,0.31034482,0.00062878407,0.21617694,0.00091819017,0.2938096,0.7738152,0.45362484,0.5607338,0.00064368563,0.0005506248,0.01200735,democracy_institutions
erdogan1_c005,erdogan1,erdogan,tr,,symposium_speech,5,11,0.5,117,49,0.34209445,0.21607734,0.68793106,0.034421027,4.0816326,0.3162935,0.20576373,0.712069,0.035824686,0.0,0.2401825,0.16729298,0.41206896,-0.028386936,2.0408163,0.24993205,0.18879694,0.5603448,0.0002604574,0.0,0.47309417,0.42788208,0.9982759,0.23269115,6.122449,0.33214635,0.22214434,0.55344826,0.01593104,0.0,0.36324775,0.26295316,0.7017241,0.03194028,0.0,0.2867403,0.23555925,0.47068965,-0.0208098,0.0,0.2829541,0.18405434,0.50517243,-0.0047471225,0.3230304,0.20379776,0.4051724,-0.017951787,democracy_institutions,0.2862069,0.98488384,0.21946555,0.00029944468,0.8976056,0.9978427,0.99941045,0.8466094,0.00041894842,0.0049822694,0.21157971,social_solidarity
erdogan1_c006,erdogan1,erdogan,tr,,symposium_speech,6,11,0.6,92,44,0.2550931,0.12604442,0.29827586,-0.052580327,2.2727273,0.24874634,0.15481019,0.37068966,-0.031722486,0.0,0.21306264,0.12812763,0.25344828,-0.055506796,0.0,0.26605213,0.21191308,0.6465517,0.016380534,0.0,0.352499,0.27280018,0.9258621,0.112096,9.090909,0.22478713,0.1075778,0.1637931,-0.091428176,0.0,0.31143212,0.19871256,0.39827585,-0.019875348,4.5454545,0.33343387,0.26657784,0.6637931,0.025883764,0.0,0.3642415,0.22707163,0.85,0.07654029,0.3312348,0.15822381,0.44310346,-0.009747386,democracy_institutions,0.262069,0.018599968,0.07091265,0.00047193223,0.9603798,0.84394336,0.06159315,0.68357795,0.00025315638,0.0027954772,0.00029886057,foreign_policy
erdogan1_c007,erdogan1,erdogan,tr,,symposium_speech,7,11,0.7,93,33,0.30946535,0.18884502,0.53965515,0.0017919242,3.030303,0.23894328,0.14185134,0.31896552,-0.041525543,0.0,0.22464257,0.13170439,0.33965516,-0.043926865,3.030303,0.21896139,0.15373853,0.3224138,-0.030710205,0.0,0.38556468,0.32756507,0.95,0.14516167,12.121212,0.33237058,0.22733171,0.55689657,0.016155273,3.030303,0.2590128,0.16932546,0.12586206,-0.07229468,0.0,0.28959522,0.23419853,0.4775862,-0.017954886,0.0,0.27528742,0.16397262,0.45689654,-0.0124138,0.3071004,0.17335254,0.32931036,-0.033881813,democracy_institutions,0.39310342,0.14175786,0.061438117,0.008942055,0.34070447,0.8843393,0.76919943,0.44335938,0.010298249,0.0043738233,0.0024919678,democracy_institutions
erdogan1_c008,erdogan1,erdogan,tr,,symposium_speech,8,11,0.8,91,44,0.388672,0.24356668,0.8362069,0.08099857,9.090909,0.21975899,0.16114184,0.24310344,-0.060709834,0.0,0.2069056,0.1276434,0.23620689,-0.061663836,0.0,0.2390235,0.16235885,0.46724138,-0.010648087,0.0,0.32039374,0.28345698,0.8534483,0.07999073,6.818182,0.31062937,0.21121207,0.45689654,-0.0055859387,0.0,0.26077312,0.19021323,0.13275862,-0.07053435,0.0,0.28070682,0.23984745,0.44310346,-0.02684328,0.0,0.29323325,0.20991418,0.55344826,0.0055320263,0.34339994,0.2454903,0.51896554,0.0024177432,democracy_institutions,0.017241359,0.9966036,0.78711414,0.0076214294,0.91471064,0.9266446,0.99496907,0.8565425,0.26435834,0.0016581542,0.11864015,national_identity
erdogan1_c009,erdogan1,erdogan,tr,,symposium_speech,9,11,0.9,104,43,0.30529946,0.18093812,0.5224138,-0.0023739636,4.6511626,0.25583836,0.1622687,0.4051724,-0.024630457,0.0,0.22865161,0.14872378,0.37068966,-0.039917827,0.0,0.24909222,0.17177093,0.55344826,-0.00057937205,0.0,0.39124292,0.35830408,0.95689654,0.15083991,4.6511626,0.3076275,0.20006534,0.4362069,-0.008587807,0.0,0.27927393,0.19532251,0.19137931,-0.052033544,0.0,0.20501307,0.1673931,0.094827585,-0.102537036,0.0,0.234687,0.15090063,0.25689656,-0.05301422,0.22629507,0.13214794,0.056896552,-0.11468713,democracy_institutions,0.40344828,0.7594039,0.7010995,0.06587475,0.7676899,0.982815,0.96276945,0.034586214,0.046486307,0.002773783,0.07230848,democracy_institutions
erdogan1_c010,erdogan1,erdogan,tr,,symposium_speech,10,11,1.0,132,52,0.2766716,0.18324062,0.3810345,-0.031001836,5.769231,0.22822967,0.14958617,0.28448275,-0.05223915,0.0,0.2149635,0.12295188,0.27758622,-0.053605944,0.0,0.23883939,0.18300276,0.46034482,-0.010832205,0.0,0.3321015,0.3015025,0.88448274,0.09169848,0.0,0.2605853,0.15923257,0.27068967,-0.05563,0.0,0.25959566,0.16218874,0.12931034,-0.07171181,0.0,0.2526218,0.21205685,0.2913793,-0.054928303,0.0,0.21353851,0.11964624,0.16034482,-0.07416271,0.22209859,0.16026145,0.03965517,-0.11888361,democracy_institutions,0.42413792,0.98535615,0.6340903,0.066402495,0.8935883,0.9989162,0.9078243,0.5073237,0.383295,0.02430702,0.61450964,democracy_institutions
erdogan2022_c000,erdogan2022,erdogan,tr,2022-12-31,new_year_message,0,17,0.0,113,38,0.38659045,0.25208628,0.8327586,0.07891703,5.263158,0.2355619,0.16530323,0.3051724,-0.044906914,0.0,0.14104703,0.065378234,0.022413794,-0.12752241,0.0,0.23928925,0.18293732,0.47413793,-0.010382339,0.0,0.21134776,0.1277751,0.38448277,-0.029055253,0.0,0.28020903,0.14904277,0.33965516,-0.03600627,0.0,0.2724695,0.18443911,0.16034482,-0.05883798,2.631579,0.24831578,0.1766131,0.2637931,-0.05923432,0.0,0.29044026,0.15149796,0.5362069,0.002739042,0.28175306,0.19122899,0.20172414,-0.059229136,national_identity,0.35862067,0.93859005,0.0018785204,0.00020422302,0.27708158,0.014199681,0.9868407,0.25379166,0.035194553,0.003907215,0.0048203436,social_solidarity
erdogan2022_c001,erdogan2022,erdogan,tr,2022-12-31,new_year_message,1,17,0.062,111,43,0.28965673,0.1823008,0.45,-0.018016696,2.3255813,0.19946977,0.13887757,0.115517244,-0.08099905,0.0,0.16344166,0.09287282,0.05,-0.10512778,0.0,0.21046495,0.13673797,0.25,-0.03920664,0.0,0.20111614,0.14035761,0.2913793,-0.039286867,0.0,0.27015066,0.14811593,0.31551725,-0.046064645,0.0,0.37618732,0.26312035,0.7637931,0.044879854,2.3255813,0.25646776,0.18865101,0.31206897,-0.051082343,0.0,0.28269055,0.1478481,0.5017241,-0.0050106645,0.28722215,0.19394158,0.24655172,-0.05376005,crisis_resilience,0.31379312,0.99977577,0.16000333,0.00063867954,0.107771546,0.2512341,0.9995669,0.83648777,0.00035143827,0.00048595606,0.4127077,national_identity
erdogan2022_c002,erdogan2022,erdogan,tr,2022-12-31,new_year_message,2,17,0.125,110,34,0.3197707,0.19493248,0.5706897,0.012097269,5.882353,0.17951274,0.11011341,0.0637931,-0.10095608,0.0,0.15748325,0.09193009,0.036206897,-0.11108619,0.0,0.19411916,0.13386601,0.18793103,-0.055552438,0.0,0.23406424,0.17452663,0.54310346,-0.006338775,2.9411764,0.26420838,0.12679866,0.2913793,-0.05200693,0.0,0.2923656,0.18308187,0.28793103,-0.03894186,0.0,0.23784663,0.17853636,0.21551724,-0.069703475,0.0,0.2249023,0.10334757,0.21206896,-0.06279892,0.2915493,0.19963098,0.25344828,-0.049432904,national_identity,0.027586222,0.8617129,0.002917855,0.120879166,0.022780888,0.70866644,0.96286565,0.9349616,0.0014579035,0.0001641044,0.0030994155,social_solidarity
erdogan2022_c003,erdogan2022,erdogan,tr,2022-12-31,new_year_message,3,17,0.188,103,38,0.38559765,0.28625476,0.8224138,0.07792422,5.263158,0.24340177,0.19844732,0.35,-0.037067056,0.0,0.31150103,0.24418864,0.7396552,0.042931587,0.0,0.22462958,0.20736115,0.36724138,-0.025042012,0.0,0.32324073,0.2815032,0.87413794,0.082837716,5.263158,0.32923496,0.22160965,0.54310346,0.013019651,0.0,0.30899578,0.22791648,0.3810345,-0.022311687,0.0,0.37291932,0.31553802,0.7775862,0.06536922,0.0,0.28921694,0.18738504,0.52931035,0.0015157163,0.3502872,0.27163267,0.55689657,0.009305,democracy_institutions,0.051724136,0.885136,0.13980694,0.5520568,0.72370017,0.65555656,0.96492136,0.023870831,0.17217188,9.063369e-05,0.34169233,social_solidarity
erdogan2022_c004,erdogan2022,erdogan,tr,2022-12-31,new_year_message,4,17,0.25,102,37,0.26744944,0.16183157,0.34655172,-0.040223986,0.0,0.30548123,0.2066189,0.6672414,0.025012404,0.0,0.20429239,0.11198042,0.21896552,-0.06427705,0.0,0.242342,0.2100875,0.49137932,-0.007329598,0.0,0.22845563,0.17118566,0.5017241,-0.0119473785,0.0,0.21703881,0.09773925,0.1362069,-0.099176496,0.0,0.32470083,0.21138069,0.47068965,-0.0066066384,0.0,0.2614658,0.17627195,0.34310344,-0.046084315,0.0,0.38235927,0.25151715,0.89827585,0.09465805,0.296562,0.14663434,0.27758622,-0.044420213,security_military,0.16551727,0.8143483,0.980034,0.00017674515,0.9601188,0.1305623,0.14614818,0.99912554,0.00025915826,0.004485795,0.0003535028,crisis_resilience
erdogan2022_c005,erdogan2022,erdogan,tr,2022-12-31,new_year_message,5,17,0.312,115,40,0.21189216,0.105957806,0.112068966,-0.09578127,0.0,0.34500235,0.27177513,0.7844828,0.06453353,0.0,0.20136884,0.11565022,0.20517242,-0.0672006,2.5,0.25312066,0.20228595,0.5810345,0.0034490675,2.5,0.15200585,0.07972565,0.08448276,-0.08839716,0.0,0.20526893,0.09013747,0.10862069,-0.11094637,0.0,0.3720646,0.263727,0.74310344,0.04075712,2.5,0.22413218,0.14554326,0.15,-0.08341792,0.0,0.41068193,0.29614127,0.9396552,0.122980714,0.27525914,0.15987888,0.17068966,-0.06572306,security_military,0.041379333,0.86408126,0.9977569,0.52463824,0.96923697,0.008552606,0.8730255,0.99974287,0.0016809419,0.97097814,0.002441507,crisis_resilience
erdogan2022_c006,erdogan2022,erdogan,tr,2022-12-31,new_year_message,6,17,0.375,90,29,0.40903968,0.2873612,0.87068963,0.10136625,6.8965516,0.45769918,0.3595795,0.98103446,0.17723036,6.8965516,0.27356625,0.1797853,0.57758623,0.0049968064,3.4482758,0.29502207,0.23516789,0.7844828,0.045350477,0.0,0.22921541,0.15577547,0.5086207,-0.011187598,0.0,0.36253536,0.24605599,0.70862067,0.04632005,0.0,0.38460973,0.29350057,0.8189655,0.05330226,6.8965516,0.26353154,0.18432873,0.35344827,-0.044018567,0.0,0.49310023,0.38853663,0.9982759,0.205399,0.4310681,0.31945553,0.8948276,0.090085894,security_military,0.11034483,0.9974836,0.9233421,0.43692234,0.6370308,0.35633466,0.9810583,0.9592498,0.00043818902,0.49292037,0.9663471,national_identity
erdogan2022_c007,erdogan2022,erdogan,tr,2022-12-31,new_year_message,7,17,0.438,118,38,0.24539684,0.16098821,0.24655172,-0.062276587,0.0,0.22601357,0.16991264,0.27413794,-0.05445525,0.0,0.30927047,0.25591293,0.73275864,0.04070103,2.631579,0.23926878,0.176434,0.47068965,-0.010402814,2.631579,0.14530975,0.09481962,0.06724138,-0.095093265,0.0,0.239277,0.14816563,0.20172414,-0.0769383,0.0,0.5012661,0.3867901,0.98448277,0.16995865,5.263158,0.2590663,0.20466089,0.32586208,-0.04848379,0.0,0.28604588,0.19160421,0.51551723,-0.0016553402,0.30712062,0.23041278,0.33275864,-0.033861578,crisis_resilience,0.25172412,0.99973106,0.55374664,0.9970248,0.9858549,0.23766439,0.9686789,0.9997023,0.22142433,0.0015578484,0.8490974,national_identity
erdogan2022_c008,erdogan2022,erdogan,tr,2022-12-31,new_year_message,8,17,0.5,107,43,0.17609453,0.080116734,0.05,-0.13157889,0.0,0.23104571,0.18523008,0.2913793,-0.049423113,2.3255813,0.2827494,0.2424469,0.6224138,0.014179975,9.302325,0.2855778,0.19780895,0.74655175,0.03590621,9.302325,0.1307655,0.07099613,0.02586207,-0.109637514,0.0,0.18807822,0.09430127,0.070689656,-0.12813708,0.0,0.35890114,0.2786153,0.6775862,0.027593672,2.3255813,0.16062306,0.11551041,0.015517241,-0.14692704,0.0,0.29223,0.19603273,0.54310346,0.0045287907,0.26527148,0.16975519,0.12241379,-0.075710714,foreign_policy,0.068965554,0.9577545,0.00030061635,0.92059356,0.9536434,0.0004100472,0.0037072527,0.9962419,0.0006932423,0.29861918,0.001452228,crisis_resilience
erdogan2022_c009,erdogan2022,erdogan,tr,2022-12-31,new_year_message,9,17,0.562,105,49,0.33001703,0.22988975,0.61551726,0.022343606,4.0816326,0.2472256,0.18428323,0.3637931,-0.033243224,0.0,0.47156644,0.3875849,0.98448277,0.202997,4.0816326,0.24666652,0.15747388,0.52931035,-0.0030050725,0.0,0.19715196,0.12769619,0.27068967,-0.043251052,0.0,0.31034005,0.2071666,0.45344827,-0.0058752596,0.0,0.35846877,0.25684288,0.67068964,0.0271613,0.0,0.17265956,0.123922005,0.036206897,-0.13489054,0.0,0.25176853,0.16308028,0.32931036,-0.03593269,0.28244963,0.2015945,0.20517242,-0.058532566,economy_welfare,0.31379312,0.9878235,0.0015011823,0.99688846,0.7855555,0.72174317,0.9944934,0.7423736,0.01161977,0.00012460536,0.43880025,economy_welfare
erdogan2022_c010,erdogan2022,erdogan,tr,2022-12-31,new_year_message,10,17,0.625,142,53,0.27058992,0.18008468,0.3637931,-0.037083507,0.0,0.2979421,0.2275703,0.6224138,0.01747328,0.0,0.49158525,0.39646816,0.99482757,0.22301582,7.5471697,0.27501637,0.18668403,0.68793106,0.025344774,1.8867924,0.22050126,0.15258211,0.4362069,-0.019901752,0.0,0.32234502,0.20163238,0.5086207,0.006129712,1.8867924,0.44546315,0.32390776,0.96034485,0.11415568,3.7735848,0.21560018,0.15959299,0.12931034,-0.091949925,0.0,0.32461944,0.20326667,0.69482756,0.036918223,0.34572726,0.24754733,0.5258621,0.004745066,economy_welfare,0.034482718,0.998772,0.68568313,0.99917686,0.9935993,0.80984056,0.997116,0.99983233,0.59913343,0.020527788,0.03685603,crisis_resilience
erdogan2022_c011,erdogan2022,erdogan,tr,2022-12-31,new_year_message,11,17,0.688,115,42,0.2158301,0.104775056,0.12586206,-0.09184332,0.0,0.26324162,0.1756294,0.4465517,-0.017227203,0.0,0.18515462,0.12753774,0.13965517,-0.08341482,2.3809524,0.48577493,0.38454887,0.9982759,0.23610334,7.142857,0.15911917,0.08592683,0.10517241,-0.08128384,0.0,0.272854,0.13258426,0.3224138,-0.043361306,0.0,0.41478518,0.30217102,0.9155173,0.083477706,4.7619047,0.17302203,0.10777515,0.03965517,-0.13452807,0.0,0.3600157,0.24010581,0.82586205,0.07231447,0.37171167,0.2105962,0.6672414,0.030729473,foreign_policy,0.082758605,0.993255,0.0012375797,0.0002896683,0.8292847,0.00042637464,0.66809577,0.9553608,0.016466174,8.382305e-05,0.71668977,national_identity
erdogan2022_c012,erdogan2022,erdogan,tr,2022-12-31,new_year_message,12,17,0.75,131,44,0.21918282,0.11237089,0.13965517,-0.088490605,0.0,0.40321407,0.32461905,0.9293103,0.122745246,4.5454545,0.18684757,0.10366197,0.14310345,-0.08172187,0.0,0.31700307,0.24477237,0.8637931,0.06733148,0.0,0.1914719,0.14157417,0.23275863,-0.048931107,0.0,0.2046242,0.087473325,0.09827586,-0.1115911,0.0,0.32505077,0.25831014,0.4775862,-0.0062566996,0.0,0.19928867,0.11796629,0.08103448,-0.108261436,0.0,0.40711838,0.29507872,0.9327586,0.11941716,0.27245903,0.15292937,0.15689655,-0.06852317,security_military,0.06551725,0.9959693,0.994536,0.09021314,0.9106498,0.029619431,0.20521654,0.86522406,0.0033634924,0.1442091,0.0019043304,national_identity
erdogan2022_c013,erdogan2022,erdogan,tr,2022-12-31,new_year_message,13,17,0.812,116,40,0.2135388,0.14568284,0.115517244,-0.09413463,2.5,0.17093858,0.13430202,0.056896552,-0.10953024,0.0,0.22085136,0.16748387,0.31206897,-0.047718078,0.0,0.17494103,0.11753537,0.10862069,-0.07473056,0.0,0.13257769,0.06895934,0.036206897,-0.107825324,0.0,0.18967283,0.08794591,0.077586204,-0.12654248,0.0,0.28361815,0.19110453,0.22931035,-0.04768932,0.0,0.16476876,0.09768444,0.02586207,-0.14278135,0.0,0.19750038,0.093012825,0.094827585,-0.09020084,0.22924376,0.13546401,0.0637931,-0.11173844,economy_welfare,0.08275862,0.069763236,0.000106790896,0.0037580938,0.0026522598,0.0020072423,0.08411582,0.85262895,0.0016356753,0.00012558253,0.0032858332,crisis_resilience
erdogan2022_c014,erdogan2022,erdogan,tr,2022-12-31,new_year_message,14,17,0.875,81,28,0.3219443,0.21888608,0.58793104,0.014270872,3.5714285,0.20659518,0.14943945,0.16034482,-0.07387364,0.0,0.2830231,0.20316961,0.62931037,0.0144536495,3.5714285,0.36491174,0.30229825,0.94655174,0.11524014,3.5714285,0.19443548,0.15455651,0.24310344,-0.045967534,0.0,0.23006482,0.1438718,0.18448275,-0.08615048,0.0,0.23847976,0.15568094,0.060344826,-0.09282771,0.0,0.44365716,0.36546022,0.90172416,0.13610706,0.0,0.28628254,0.18271229,0.51896554,-0.00141868,0.33807385,0.23008387,0.49827588,-0.002908349,foreign_policy,0.04482758,0.96914953,0.015350576,0.006003596,0.8450434,0.083441176,0.95875067,0.18824933,0.14466164,0.0010670425,0.034815196,national_identity
erdogan2022_c015,erdogan2022,erdogan,tr,2022-12-31,new_year_message,15,17,0.938,86,31,0.33805868,0.23674932,0.6431034,0.030385256,0.0,0.27533528,0.17254281,0.512069,-0.0051335394,0.0,0.34185228,0.24408469,0.8362069,0.07328284,3.2258065,0.37317342,0.33062184,0.95,0.12350182,0.0,0.33985406,0.28335717,0.90172416,0.09945105,3.2258065,0.294976,0.19094315,0.38448277,-0.02123931,0.0,0.2876843,0.19295102,0.2637931,-0.04362318,0.0,0.4118995,0.33190542,0.8568966,0.104349405,0.0,0.33546835,0.21038489,0.74655175,0.047767133,0.40300423,0.25581595,0.8224138,0.06202203,foreign_policy,0.04827583,0.78280777,0.001030219,0.98965186,0.9495934,0.66693074,0.9582261,0.1701285,0.00035836728,0.0009869321,0.010110844,economy_welfare
erdogan2022_c016,erdogan2022,erdogan,tr,2022-12-31,new_year_message,16,17,1.0,138,50,0.3931564,0.28954917,0.8465517,0.085482985,4.0,0.25596762,0.18212894,0.4086207,-0.024501204,0.0,0.27684882,0.21992967,0.6051724,0.008279383,2.0,0.264242,0.20487534,0.6327586,0.0145704,0.0,0.21266845,0.16754034,0.3913793,-0.027734563,0.0,0.34090465,0.2187396,0.6051724,0.024689347,0.0,0.28392178,0.18515185,0.23965517,-0.047385693,0.0,0.44931006,0.376311,0.91206896,0.14175996,2.0,0.25942993,0.16127375,0.37413794,-0.028271288,0.3684715,0.2590868,0.65,0.027489305,future_reform_technology,0.06551725,0.97909576,0.105624974,0.28537196,0.59478664,0.41513598,0.9986061,0.040162582,0.06640251,0.00046371287,0.42202812,social_solidarity
erdogan2023_c000,erdogan2023,erdogan,tr,2023-12-31,new_year_message,0,19,0.0,106,39,0.32570243,0.21442,0.60172415,0.018029004,2.5641026,0.2156879,0.15682939,0.20862068,-0.06478092,0.0,0.1973202,0.14217958,0.18793103,-0.07124925,0.0,0.22193389,0.16351038,0.33620688,-0.027737707,0.0,0.2403639,0.16235074,0.57758623,-3.9115548e-05,0.0,0.36008972,0.22732753,0.68448275,0.043874413,0.0,0.3105861,0.18401945,0.3913793,-0.020721376,0.0,0.2913071,0.23032543,0.48448277,-0.01624301,0.0,0.2770634,0.15367377,0.46724138,-0.01063782,0.35888398,0.25779885,0.6051724,0.017901778,social_solidarity,0.082758605,0.76348376,0.04766911,0.237134,0.9343428,0.3339375,0.9983611,0.0017683519,0.45713675,0.00020502215,0.30486888,social_solidarity
erdogan2023_c001,erdogan2023,erdogan,tr,2023-12-31,new_year_message,1,19,0.056,95,35,0.30280298,0.21106164,0.49827588,-0.0048704445,0.0,0.2932215,0.22697483,0.6051724,0.012752682,2.857143,0.19620755,0.14155912,0.18448275,-0.07236189,0.0,0.2125482,0.15912272,0.27068967,-0.037123397,5.714286,0.17601208,0.11152616,0.15689655,-0.06439093,0.0,0.35233966,0.22109383,0.66034484,0.03612435,0.0,0.38435668,0.24873658,0.81551725,0.053049207,0.0,0.29491702,0.2283597,0.5017241,-0.012633085,2.857143,0.35369217,0.23079303,0.81551725,0.065990955,0.37736648,0.2647021,0.712069,0.036384284,crisis_resilience,0.15517241,0.016931158,0.00065126823,0.0025212683,0.04254283,0.007093863,0.99333304,0.70214725,0.00024298552,0.00031937408,0.004166256,social_solidarity
erdogan2023_c002,erdogan2023,erdogan,tr,2023-12-31,new_year_message,2,19,0.111,86,35,0.24245107,0.11385346,0.22931035,-0.06522235,0.0,0.31525803,0.24625102,0.70862067,0.034789205,2.857143,0.1492294,0.092480466,0.029310346,-0.11934003,0.0,0.24048561,0.1848909,0.4775862,-0.009185985,8.571428,0.22769433,0.17572558,0.49137932,-0.012708679,5.714286,0.3531706,0.22265014,0.6672414,0.036955297,2.857143,0.31444162,0.19814053,0.4051724,-0.01686585,0.0,0.20622644,0.14428899,0.10517241,-0.101323664,0.0,0.3634565,0.25775954,0.8465517,0.07575527,0.38228214,0.30525646,0.72931033,0.04129994,security_military,0.041379273,0.99349916,0.9894193,0.000101503836,0.9913725,0.99042207,0.99729025,0.99861145,0.00023140866,0.7899637,0.1609572,crisis_resilience
erdogan2023_c003,erdogan2023,erdogan,tr,2023-12-31,new_year_message,3,19,0.167,127,44,0.3417769,0.22610055,0.68448275,0.034103483,0.0,0.31196725,0.23513043,0.69482756,0.031498432,4.5454545,0.22540052,0.17470883,0.34310344,-0.043168917,2.2727273,0.21797282,0.17609575,0.31206897,-0.03169878,2.2727273,0.18690526,0.12278992,0.2224138,-0.053497747,0.0,0.3838125,0.26763505,0.7982759,0.06759718,0.0,0.36923993,0.25824982,0.7258621,0.037932456,0.0,0.24481514,0.17890203,0.24310344,-0.06273496,2.2727273,0.3744316,0.28401846,0.8913793,0.08673039,0.44246626,0.32417378,0.9155173,0.10148406,social_solidarity,0.0724138,0.21712996,0.9832306,0.22219338,0.99073195,0.0030693875,0.8786791,0.94742966,7.572843e-05,0.9994046,0.000886499,foreign_policy
erdogan2023_c004,erdogan2023,erdogan,tr,2023-12-31,new_year_message,4,19,0.222,84,36,0.4224493,0.29492927,0.8948276,0.114775866,0.0,0.2670289,0.18364638,0.47068965,-0.0134399235,0.0,0.2264461,0.15098915,0.35,-0.042123333,0.0,0.42594,0.32206517,0.98103446,0.17626841,11.111111,0.23635677,0.18529099,0.55344826,-0.0040462464,2.7777777,0.44285846,0.33004355,0.9293103,0.12664315,2.7777777,0.38226363,0.24757607,0.80172414,0.05095616,0.0,0.3731035,0.2998349,0.78103447,0.0655534,0.0,0.32434493,0.21003512,0.6913793,0.036643714,0.5240122,0.39740723,0.9913793,0.18303001,foreign_policy,0.051724136,0.9984513,0.6136997,0.17967446,0.9029952,0.6961649,0.9893165,0.29767406,0.009984571,0.0048203436,0.7168137,national_identity
erdogan2023_c005,erdogan2023,erdogan,tr,2023-12-31,new_year_message,5,19,0.278,85,33,0.38147563,0.25066748,0.81206894,0.0738022,3.030303,0.38329053,0.28995115,0.8810345,0.10282171,3.030303,0.290591,0.22770509,0.6637931,0.022021562,3.030303,0.38555694,0.2984777,0.96034485,0.13588534,6.060606,0.24243449,0.18415475,0.5948276,0.0020314753,0.0,0.3829291,0.27551985,0.7948276,0.06671378,0.0,0.35937664,0.2662155,0.6810345,0.028069168,3.030303,0.2688719,0.20060742,0.3913793,-0.0386782,3.030303,0.41357768,0.3225562,0.94310343,0.12587646,0.4964881,0.35461938,0.98448277,0.1555059,foreign_policy,0.07931036,0.99944395,0.9734561,0.6893056,0.9767525,0.9467692,0.99949074,0.9872158,0.008976736,0.42059958,0.8878139,social_solidarity
erdogan2023_c006,erdogan2023,erdogan,tr,2023-12-31,new_year_message,6,19,0.333,98,31,0.34536648,0.22184695,0.7017241,0.037693053,0.0,0.32511178,0.23169644,0.73275864,0.044642955,0.0,0.27572483,0.21132775,0.5948276,0.0071553886,0.0,0.43440345,0.37374476,0.98448277,0.18473186,6.451613,0.24068473,0.18861438,0.5810345,0.00028172135,0.0,0.44408938,0.32680845,0.9327586,0.12787408,6.451613,0.3762442,0.24361448,0.76724136,0.044936717,0.0,0.33719712,0.25944227,0.67068964,0.029647022,0.0,0.37323174,0.27858233,0.88448274,0.08553052,0.58080256,0.45251715,0.9982759,0.23982036,foreign_policy,0.051724136,0.79402584,0.0002653024,0.0017240939,0.8315111,0.43962708,0.9996893,0.022243667,0.00016219282,0.00012436225,0.9989246,social_solidarity
erdogan2023_c007,erdogan2023,erdogan,tr,2023-12-31,new_year_message,7,19,0.389,83,28,0.37640023,0.2590705,0.77068967,0.06872681,3.5714285,0.25035286,0.17179677,0.37758622,-0.030115962,0.0,0.23326477,0.15565002,0.39827585,-0.035304666,0.0,0.238955,0.18347071,0.4637931,-0.010716587,0.0,0.25438666,0.19436374,0.6362069,0.013983652,0.0,0.31319386,0.18890831,0.47413793,-0.0030214489,0.0,0.3692798,0.2474036,0.72931033,0.03797233,0.0,0.3574645,0.28011668,0.74310344,0.04991439,0.0,0.3531326,0.21222216,0.8086207,0.065431386,0.37298867,0.25623244,0.6810345,0.032006472,national_identity,0.027586222,0.9922894,0.69904906,0.010834135,0.9443888,0.0049149487,0.9900443,0.9970073,0.08285954,0.09195128,0.0034162789,crisis_resilience
erdogan2023_c008,erdogan2023,erdogan,tr,2023-12-31,new_year_message,8,19,0.444,125,48,0.3775738,0.22755387,0.7844828,0.06990036,4.1666665,0.24195367,0.1742758,0.33275864,-0.03851515,0.0,0.2159597,0.15874119,0.28448275,-0.05260974,0.0,0.35433865,0.2750017,0.9327586,0.10466705,6.25,0.28667694,0.21516204,0.76724136,0.04627393,2.0833333,0.4163497,0.27354985,0.8775862,0.1001344,4.1666665,0.38781065,0.2645145,0.82931036,0.056503177,0.0,0.26709443,0.20044181,0.37068966,-0.04045567,0.0,0.360716,0.23091614,0.8327586,0.073014766,0.4413298,0.3240003,0.91206896,0.10034761,foreign_policy,0.055172443,0.9978843,0.084795415,0.12581532,0.98911864,0.5715275,0.9989698,0.90494496,0.00045386096,0.00048500835,0.99285084,social_solidarity
erdogan2023_c009,erdogan2023,erdogan,tr,2023-12-31,new_year_message,9,19,0.5,87,34,0.32668322,0.16277122,0.6086207,0.019009799,2.9411764,0.40401477,0.2937586,0.9327586,0.123545945,2.9411764,0.2734754,0.18650721,0.5741379,0.004905969,2.9411764,0.30068946,0.21698402,0.80172414,0.051017866,0.0,0.20764586,0.14139757,0.34655172,-0.03275715,0.0,0.28458628,0.15970047,0.35689655,-0.031629026,0.0,0.4566574,0.32224438,0.9637931,0.12534994,2.9411764,0.25209224,0.16969998,0.28793103,-0.05545786,0.0,0.4600725,0.335227,0.99482757,0.17237127,0.39100343,0.22071135,0.77068967,0.05002123,crisis_resilience,0.03103447,0.161717,0.8090875,0.24148935,0.7898828,0.01756003,0.14596549,0.98862433,0.00014174657,0.026695773,0.00019871553,crisis_resilience
erdogan2023_c010,erdogan2023,erdogan,tr,2023-12-31,new_year_message,10,19,0.556,89,33,0.28941163,0.16500908,0.4465517,-0.01826179,0.0,0.29601407,0.19062062,0.61206895,0.015545249,0.0,0.25074127,0.18379602,0.45344827,-0.017828166,3.030303,0.33032382,0.2504906,0.88793105,0.08065222,0.0,0.19176935,0.116126396,0.23620689,-0.048633665,0.0,0.2202073,0.124804705,0.14310345,-0.096008,0.0,0.34608376,0.2503757,0.58793104,0.014776289,3.030303,0.22691911,0.16736402,0.16034482,-0.08063099,0.0,0.4171177,0.31022823,0.9534483,0.1294165,0.33604848,0.20326701,0.47413793,-0.004933715,foreign_policy,0.2758621,0.92344576,0.7930258,0.5486735,0.9675121,0.4739007,0.79232365,0.98775876,0.013808656,0.78727776,0.00030415886,crisis_resilience
erdogan2023_c011,erdogan2023,erdogan,tr,2023-12-31,new_year_message,11,19,0.611,93,37,0.36504114,0.2484555,0.73275864,0.057367712,0.0,0.35330877,0.24345951,0.80172414,0.072839946,2.7027028,0.2788063,0.2219171,0.61206895,0.010236859,2.7027028,0.26876244,0.23374629,0.67413795,0.019090846,2.7027028,0.36920714,0.30681276,0.94310343,0.12880413,5.4054055,0.43397713,0.35006544,0.9051724,0.11776182,0.0,0.3567397,0.25568455,0.66034484,0.025432229,0.0,0.26132286,0.1981292,0.33965516,-0.046227247,0.0,0.38585743,0.27945283,0.9086207,0.098156214,0.46296626,0.3588429,0.95,0.121984065,democracy_institutions,0.037931025,0.8992984,0.9068596,0.6374823,0.9409934,0.9504023,0.9992022,0.9923341,0.15443976,0.050494257,0.66164964,social_solidarity
erdogan2023_c012,erdogan2023,erdogan,tr,2023-12-31,new_year_message,12,19,0.667,94,35,0.41752458,0.29611313,0.88448274,0.10985115,8.571428,0.34519315,0.24139109,0.787931,0.064724326,0.0,0.20663583,0.13915658,0.23275863,-0.061933607,0.0,0.24129638,0.19084328,0.48793104,-0.008375213,0.0,0.19696766,0.13290386,0.2672414,-0.04343535,0.0,0.34127975,0.21988383,0.6086207,0.025064439,0.0,0.53738,0.39239678,0.99482757,0.20607251,2.857143,0.2672022,0.19366562,0.37413794,-0.040347904,0.0,0.36260182,0.22371598,0.83965516,0.0749006,0.33870146,0.2527091,0.5017241,-0.002280742,crisis_resilience,0.11034483,0.99908537,0.93015754,0.27532452,0.92213243,0.92102087,0.99861413,0.9997918,0.02266162,0.1973671,0.8065671,crisis_resilience
erdogan2023_c013,erdogan2023,erdogan,tr,2023-12-31,new_year_message,13,19,0.722,116,37,0.4947505,0.37561935,0.98103446,0.18707708,2.7027028,0.2877649,0.21256177,0.5706897,0.0072960854,0.0,0.25665015,0.1715045,0.47413793,-0.01191929,0.0,0.28982407,0.24164452,0.75689656,0.040152475,0.0,0.24627343,0.17030863,0.6086207,0.0058704168,0.0,0.4009623,0.29266313,0.8362069,0.08474699,2.7027028,0.35527864,0.2357231,0.6465517,0.02397117,0.0,0.31746355,0.24472067,0.61206895,0.0099134445,0.0,0.32228863,0.22394723,0.67413795,0.034587413,0.44356495,0.36840677,0.9189655,0.10258275,national_identity,0.14482754,0.9995851,0.23493282,0.002169992,0.85506624,0.31880316,0.9996692,0.12597652,0.003442981,0.00016964367,0.9996527,social_solidarity
erdogan2023_c014,erdogan2023,erdogan,tr,2023-12-31,new_year_message,14,19,0.778,94,28,0.33154958,0.21128532,0.6189655,0.02387616,0.0,0.3551464,0.26444146,0.81206894,0.07467759,3.5714285,0.26421455,0.17296927,0.51551723,-0.004354894,3.5714285,0.36132628,0.29294848,0.94310343,0.111654684,0.0,0.281607,0.1951759,0.75344825,0.04120399,0.0,0.3236438,0.19252685,0.512069,0.007428497,0.0,0.42693254,0.28220344,0.94310343,0.09562507,0.0,0.31791285,0.23776892,0.61551726,0.010362744,0.0,0.44153523,0.29725635,0.987931,0.15383402,0.42584777,0.28425464,0.88448274,0.08486557,foreign_policy,0.0,0.9846642,0.97470105,0.59243083,0.8384815,0.0026886722,0.7594262,0.9858004,0.00020105745,0.80802935,0.044348583,crisis_resilience
erdogan2023_c015,erdogan2023,erdogan,tr,2023-12-31,new_year_message,15,19,0.833,98,39,0.29597324,0.18417954,0.4637931,-0.011700183,0.0,0.34943998,0.25168726,0.7948276,0.06897116,2.5641026,0.22195068,0.09403601,0.32586208,-0.04661876,0.0,0.2612088,0.19583066,0.6086207,0.011537209,0.0,0.22820625,0.16310711,0.49827588,-0.012196764,0.0,0.2991069,0.15471287,0.39482757,-0.01710841,0.0,0.39414302,0.2665838,0.8637931,0.062835544,0.0,0.23743221,0.16085595,0.21206896,-0.07011789,0.0,0.40600342,0.2763329,0.9293103,0.118302196,0.33241287,0.19089708,0.4465517,-0.00856933,crisis_resilience,0.068965495,0.17763248,0.9757855,0.24472384,0.9091234,0.046464663,0.8091252,0.98535615,0.0010965895,0.27289566,0.0029810327,crisis_resilience
erdogan2023_c016,erdogan2023,erdogan,tr,2023-12-31,new_year_message,16,19,0.889,98,34,0.4980328,0.38007396,0.98448277,0.19035938,8.823529,0.340644,0.24808802,0.78103447,0.06017518,0.0,0.21373087,0.12555474,0.26034483,-0.054838568,2.9411764,0.30530167,0.22982168,0.8362069,0.055630073,0.0,0.25152266,0.18073684,0.62931037,0.011119649,0.0,0.33261448,0.22062612,0.5603448,0.016399175,0.0,0.33251646,0.25643912,0.51551723,0.0012089908,2.9411764,0.23602888,0.16614224,0.20517242,-0.07152122,0.0,0.40060407,0.29585928,0.92241377,0.11290285,0.39970994,0.28661788,0.8086207,0.05872774,national_identity,0.14827585,0.9995479,0.6399611,0.011883446,0.73048216,0.80654806,0.99898773,0.87658155,4.0377905e-05,0.05649606,0.27493504,national_identity
erdogan2023_c017,erdogan2023,erdogan,tr,2023-12-31,new_year_message,17,19,0.944,125,39,0.26670793,0.15114212,0.34310344,-0.040965497,0.0,0.27343494,0.20117877,0.50517243,-0.0070338845,0.0,0.2735715,0.20526187,0.5810345,0.0050020516,2.5641026,0.29645666,0.22763322,0.787931,0.04678507,5.1282053,0.18457097,0.11014992,0.20862068,-0.055832043,0.0,0.2657677,0.1409562,0.30172414,-0.050447613,0.0,0.4450937,0.31527847,0.95689654,0.11378622,5.1282053,0.30532843,0.232701,0.5706897,-0.0022216737,0.0,0.36078602,0.23356628,0.8362069,0.0730848,0.3736177,0.22825038,0.68448275,0.03263551,crisis_resilience,0.16896552,0.99407744,0.33068728,0.66893435,0.98196197,0.089375086,0.97974527,0.9946774,0.0019570168,0.009642974,0.019252691,crisis_resilience
erdogan2023_c018,erdogan2023,erdogan,tr,2023-12-31,new_year_message,18,19,1.0,103,36,0.3028505,0.19640991,0.5017241,-0.00482291,5.5555553,0.24408993,0.17969821,0.35344827,-0.03637889,0.0,0.21880835,0.15688938,0.30172414,-0.049761087,0.0,0.24719626,0.19816065,0.53965515,-0.0024753362,0.0,0.2155092,0.14113358,0.4086207,-0.024893805,0.0,0.2824069,0.16658023,0.35,-0.03380841,2.7777777,0.26816803,0.15995777,0.15,-0.06313944,2.7777777,0.32346794,0.2497191,0.6327586,0.015917838,0.0,0.3041171,0.19113824,0.59827584,0.016415894,0.32340997,0.23610792,0.4086207,-0.017572224,future_reform_technology,0.09310347,0.9587892,0.32327324,0.0043063057,0.9698854,0.2574091,0.9958012,0.31095585,0.28806815,0.010388216,0.20971236,social_solidarity
erdogan2024_c000,erdogan2024,erdogan,tr,2024-12-31,new_year_message,0,16,0.0,106,36,0.34218833,0.22261825,0.6913793,0.034514904,2.7777777,0.21961778,0.16763553,0.23965517,-0.060851038,0.0,0.17950624,0.1316744,0.08103448,-0.0890632,0.0,0.21911773,0.15974596,0.32586208,-0.030553862,0.0,0.21377137,0.13263497,0.39827585,-0.026631638,0.0,0.36800152,0.23561671,0.7258621,0.051786214,0.0,0.28571707,0.16961531,0.25344828,-0.0455904,0.0,0.29096216,0.22920917,0.4810345,-0.016587943,0.0,0.26783568,0.142114,0.41206896,-0.019865543,0.3539366,0.24736491,0.5810345,0.012954414,social_solidarity,0.034482777,0.77398604,0.0015639361,0.06611553,0.8357518,0.029118354,0.9761291,0.0007568814,0.04494212,0.00021696728,0.15905409,social_solidarity
erdogan2024_c001,erdogan2024,erdogan,tr,2024-12-31,new_year_message,1,16,0.067,106,32,0.46778652,0.3601914,0.9672414,0.1601131,3.125,0.37312624,0.31781238,0.87413794,0.09265742,6.25,0.20572712,0.15976292,0.22586207,-0.062842324,0.0,0.22445816,0.18305653,0.3637931,-0.025213435,0.0,0.20649967,0.13926727,0.33275864,-0.033903345,0.0,0.47491562,0.33290154,0.97068965,0.15870032,3.125,0.38137773,0.2793383,0.79137933,0.050070256,0.0,0.2546713,0.20540996,0.3086207,-0.052878797,0.0,0.3248769,0.22097374,0.69827586,0.037175685,0.3956939,0.3363086,0.7948276,0.0547117,social_solidarity,0.003448248,0.99951875,0.009926816,0.00011546746,0.09087657,0.030821329,0.99957865,0.20310426,0.0005295418,0.001107339,0.9938846,social_solidarity
erdogan2024_c002,erdogan2024,erdogan,tr,2024-12-31,new_year_message,2,16,0.133,98,34,0.30997294,0.19549224,0.5465517,0.0022995174,0.0,0.19849586,0.1484676,0.10862069,-0.08197296,0.0,0.20507249,0.12560733,0.2224138,-0.06349695,0.0,0.28492048,0.20840418,0.74310344,0.03524889,5.882353,0.4035648,0.32620114,0.9672414,0.1631618,8.823529,0.30625546,0.15659267,0.42931035,-0.009959847,0.0,0.34951264,0.23063922,0.61551726,0.018205166,2.9411764,0.2675799,0.20972136,0.37758622,-0.03997019,2.9411764,0.2392636,0.11543085,0.27758622,-0.048437625,0.30727237,0.18468861,0.33620688,-0.033709824,democracy_institutions,0.22413796,0.61735404,0.0011181937,0.0006905414,0.6270952,0.9645893,0.8914808,0.5857159,0.10715686,0.00021909604,0.05266766,democracy_institutions
erdogan2024_c003,erdogan2024,erdogan,tr,2024-12-31,new_year_message,3,16,0.2,85,32,0.38174054,0.23610327,0.81551725,0.074067116,12.5,0.21883392,0.19127744,0.23275863,-0.0616349,0.0,0.21659072,0.1241392,0.28793103,-0.051978722,0.0,0.15875217,0.11026472,0.07413793,-0.09091942,0.0,0.41486293,0.32601377,0.98103446,0.17445992,6.25,0.39430088,0.22705564,0.82931036,0.07808557,3.125,0.27304524,0.17075825,0.17413794,-0.05826223,0.0,0.19772011,0.15129066,0.07413793,-0.10982999,0.0,0.22029985,0.12361093,0.18793103,-0.067401364,0.27150193,0.18027237,0.14310345,-0.06948027,democracy_institutions,0.1517241,0.9870671,0.000854232,0.0005703157,0.2481696,0.8079157,0.9892337,0.0008830457,0.00049456954,0.00020662986,0.18410648,social_solidarity
erdogan2024_c004,erdogan2024,erdogan,tr,2024-12-31,new_year_message,4,16,0.267,93,29,0.20119719,0.13549875,0.08793104,-0.10647623,0.0,0.26817864,0.2602099,0.47413793,-0.01229018,3.4482758,0.45216972,0.38104433,0.9672414,0.18360028,10.344828,0.25109512,0.20372576,0.5706897,0.0014235228,3.4482758,0.21825334,0.15957502,0.4224138,-0.022149667,3.4482758,0.23992832,0.14871731,0.20862068,-0.07628699,0.0,0.3703957,0.28058547,0.7362069,0.03908822,3.4482758,0.2529669,0.20421061,0.29482758,-0.054583192,0.0,0.279855,0.18763982,0.49137932,-0.007846206,0.30234048,0.20691118,0.29482758,-0.03864172,economy_welfare,0.23103452,0.24274378,0.13531062,0.9298406,0.102372,0.037999377,0.012673736,0.99893296,0.7524676,0.00010190106,0.0038244836,crisis_resilience
erdogan2024_c005,erdogan2024,erdogan,tr,2024-12-31,new_year_message,5,16,0.333,82,32,0.2157818,0.13930127,0.12241379,-0.09189163,0.0,0.19027343,0.15671861,0.08448276,-0.09019539,0.0,0.350905,0.29769164,0.8465517,0.08233556,3.125,0.18914033,0.15008979,0.16724138,-0.06053126,3.125,0.164573,0.11058552,0.12241379,-0.07583001,0.0,0.2452052,0.14325997,0.2224138,-0.07101011,0.0,0.35092416,0.24505076,0.62931037,0.019616693,6.25,0.33962864,0.26400435,0.68448275,0.032078534,0.0,0.20688492,0.13123587,0.12931034,-0.0808163,0.26640338,0.20452893,0.12586206,-0.07457882,economy_welfare,0.16206896,0.5938449,0.317109,0.42220685,0.7526381,0.04175434,0.42732203,0.95703757,0.017012624,0.00025664034,0.009946031,crisis_resilience
erdogan2024_c006,erdogan2024,erdogan,tr,2024-12-31,new_year_message,6,16,0.4,110,38,0.28508884,0.16008168,0.43965518,-0.022584587,5.263158,0.26844966,0.19280463,0.4810345,-0.012019157,0.0,0.47764885,0.37142757,0.9913793,0.20907941,5.263158,0.19344227,0.1302635,0.18448275,-0.056229323,0.0,0.21631515,0.16662183,0.41551724,-0.024087861,0.0,0.34987527,0.23790997,0.6534483,0.033659965,0.0,0.32690364,0.21287446,0.4948276,-0.0044038296,2.631579,0.31705248,0.24443641,0.6051724,0.009502381,0.0,0.27121842,0.16753812,0.44310346,-0.0164828,0.29704583,0.18284512,0.28448275,-0.04393637,economy_welfare,0.33793104,0.8568423,8.382305e-05,0.99886644,0.7534213,0.37966582,0.99953806,0.9984543,0.0018172833,0.00047470423,0.0041299495,social_solidarity
erdogan2024_c007,erdogan2024,erdogan,tr,2024-12-31,new_year_message,7,16,0.467,93,34,0.38142842,0.2558543,0.8086207,0.073754996,5.882353,0.20484929,0.18391143,0.13965517,-0.07561953,0.0,0.33001345,0.2686507,0.81206894,0.061444014,2.9411764,0.20658645,0.13875729,0.22586207,-0.043085143,0.0,0.20125178,0.1543645,0.29482758,-0.039151236,0.0,0.3282811,0.20980616,0.5327586,0.012065798,0.0,0.41726208,0.29904467,0.9258621,0.08595461,0.0,0.28036386,0.22676417,0.43965518,-0.027186245,0.0,0.33505076,0.23411514,0.7396552,0.047349542,0.34961575,0.24449474,0.55344826,0.008633554,crisis_resilience,0.113793135,0.81523246,0.00023367908,0.69466525,0.5097644,0.4006321,0.97631055,0.95349205,0.00025069676,0.00027372167,0.05691394,social_solidarity
erdogan2024_c008,erdogan2024,erdogan,tr,2024-12-31,new_year_message,8,16,0.533,101,35,0.3783056,0.23261718,0.7948276,0.07063219,5.714286,0.25760257,0.18682016,0.41551724,-0.02286625,0.0,0.22770366,0.14258067,0.35689655,-0.04086578,0.0,0.26737842,0.22121069,0.65689653,0.017706826,0.0,0.23078752,0.15086868,0.5224138,-0.009615496,0.0,0.39240143,0.24530843,0.82586205,0.07618612,2.857143,0.38320276,0.22939087,0.8086207,0.05189529,0.0,0.32022634,0.23882613,0.6224138,0.012676239,0.0,0.34160525,0.21192715,0.77068967,0.053904027,0.43371934,0.29328096,0.90172416,0.09273714,social_solidarity,0.017241359,0.72289395,0.0026419465,0.021246696,0.5037841,0.0030278352,0.9668202,0.78963953,0.0010403185,0.0010382907,0.19115774,social_solidarity
erdogan2024_c009,erdogan2024,erdogan,tr,2024-12-31,new_year_message,9,16,0.6,101,37,0.2568365,0.16370678,0.30172414,-0.05083692,2.7027028,0.23506737,0.22317278,0.30172414,-0.045401454,0.0,0.21414499,0.16992645,0.2637931,-0.05442445,5.4054055,0.19651107,0.16164488,0.20172414,-0.05316052,0.0,0.15702492,0.1098022,0.09827586,-0.08337809,0.0,0.32624996,0.21940316,0.5258621,0.010034651,2.7027028,0.27281106,0.18184063,0.17068966,-0.058496416,0.0,0.24977262,0.19204064,0.27413794,-0.05777748,0.0,0.26462865,0.19621466,0.40172413,-0.02307257,0.37276238,0.27774957,0.6775862,0.031780183,social_solidarity,0.22413796,0.0044079763,0.028436035,0.61831963,0.62943304,0.024145423,0.135175,0.003854364,0.000235052,0.00039357555,0.9244493,foreign_policy
erdogan2024_c010,erdogan2024,erdogan,tr,2024-12-31,new_year_message,10,16,0.667,87,35,0.3859297,0.26446986,0.82931036,0.07825628,5.714286,0.33595937,0.26994312,0.76724136,0.055490553,0.0,0.19243543,0.13324651,0.16724138,-0.07613401,0.0,0.2619536,0.21775252,0.61551726,0.012281999,0.0,0.2276472,0.17262438,0.48793104,-0.012755811,0.0,0.41338843,0.27616212,0.87068963,0.097173125,0.0,0.3924564,0.2938647,0.8603448,0.06114894,0.0,0.16912967,0.11916722,0.029310346,-0.13842043,0.0,0.34703782,0.25008485,0.7844828,0.059336603,0.34435815,0.27937368,0.5224138,0.0033759475,social_solidarity,0.010344803,0.9894601,0.001413112,0.00013341999,0.654674,0.2597787,0.9996133,0.9824231,0.00013083978,0.24050692,0.05079946,social_solidarity
erdogan2024_c011,erdogan2024,erdogan,tr,2024-12-31,new_year_message,11,16,0.733,113,45,0.2799043,0.16592568,0.39482757,-0.027769119,0.0,0.30100238,0.2063621,0.6465517,0.020533562,0.0,0.19405337,0.13657942,0.17758621,-0.07451607,0.0,0.25007883,0.21576259,0.5637931,0.00040723383,0.0,0.2013387,0.16561481,0.29827586,-0.039064318,0.0,0.24950188,0.13798617,0.23965517,-0.06671342,0.0,0.28494263,0.18311754,0.24655172,-0.046364844,0.0,0.29754072,0.22380829,0.512069,-0.010009378,0.0,0.3105294,0.23141791,0.6224138,0.022828192,0.38939083,0.25588566,0.7603448,0.048408628,security_military,0.082758605,0.97356933,0.8143483,0.00020462219,0.9957602,0.45032918,0.1419343,0.9503419,0.00078088854,0.06380243,0.70942193,foreign_policy
erdogan2024_c012,erdogan2024,erdogan,tr,2024-12-31,new_year_message,12,16,0.8,118,43,0.31967938,0.20559506,0.5672414,0.012005955,0.0,0.35687107,0.28695667,0.8189655,0.07640225,2.3255813,0.22170448,0.15252538,0.3224138,-0.046864957,0.0,0.38078767,0.3312047,0.95689654,0.13111608,0.0,0.20067668,0.12832075,0.28793103,-0.03972633,0.0,0.26147056,0.16051686,0.28103447,-0.05474475,2.3255813,0.3070474,0.22096533,0.36724138,-0.024260074,0.0,0.3442189,0.27038342,0.69827586,0.036668807,0.0,0.42123047,0.3264448,0.9637931,0.13352925,0.45099622,0.29260838,0.9327586,0.11001402,foreign_policy,0.13793105,0.8252379,0.048903182,0.00014710471,0.98681533,0.021024458,0.030214587,0.75984967,0.00029422858,0.9790758,0.017160231,foreign_policy
erdogan2024_c013,erdogan2024,erdogan,tr,2024-12-31,new_year_message,13,16,0.867,117,41,0.35414436,0.23636472,0.71896553,0.04647094,0.0,0.32493284,0.27391788,0.72931033,0.044464022,4.878049,0.20887187,0.15189211,0.24310344,-0.05969757,0.0,0.34919843,0.2935377,0.9258621,0.09952684,2.4390244,0.21208608,0.1592123,0.38793105,-0.02831693,0.0,0.33885145,0.23141688,0.5913793,0.022636145,2.4390244,0.3212067,0.22410321,0.44310346,-0.010100782,0.0,0.376925,0.2958616,0.79137933,0.06937489,0.0,0.40562278,0.29859626,0.9258621,0.11792156,0.4824483,0.35542583,0.9741379,0.14146611,foreign_policy,0.13448274,0.9997439,0.0011116681,0.00010270021,0.9749168,0.009205456,0.99922067,0.654467,0.00031258783,0.00026478487,0.99090964,national_identity
erdogan2024_c014,erdogan2024,erdogan,tr,2024-12-31,new_year_message,14,16,0.933,82,30,0.34073436,0.19690521,0.67413795,0.033060938,3.3333333,0.34601748,0.25098363,0.79137933,0.06554866,0.0,0.26438028,0.1860528,0.51896554,-0.0041891634,0.0,0.28384706,0.21925598,0.7396552,0.03417547,0.0,0.2506224,0.17687425,0.62586206,0.01021938,0.0,0.33388126,0.20347986,0.5672414,0.017665952,0.0,0.37537414,0.2559967,0.7603448,0.044066668,0.0,0.33897114,0.27725112,0.6775862,0.031421036,0.0,0.40745685,0.2568071,0.9362069,0.119755626,0.37163526,0.24889176,0.6637931,0.03065306,security_military,0.03103453,0.6940954,0.96438855,0.32734567,0.8780138,0.909068,0.98999614,0.99420255,0.18381329,0.034586214,0.058830608,crisis_resilience
erdogan2024_c015,erdogan2024,erdogan,tr,2024-12-31,new_year_message,15,16,1.0,94,36,0.44553512,0.3034445,0.9362069,0.1378617,5.5555553,0.2932668,0.24704683,0.6086207,0.0127979815,0.0,0.24178591,0.19022664,0.4224138,-0.026783526,0.0,0.24061197,0.18385193,0.4810345,-0.009059623,0.0,0.24136671,0.16383268,0.5844827,0.0009637028,0.0,0.46938783,0.32214347,0.96034485,0.15317252,0.0,0.3498274,0.24747768,0.6189655,0.018519938,0.0,0.2502042,0.19278736,0.27758622,-0.057345897,0.0,0.2973624,0.19885267,0.5706897,0.009661168,0.3766326,0.30342254,0.7051724,0.035650402,social_solidarity,0.024137974,0.8982768,0.011179603,0.02145073,0.8070808,0.12220858,0.9983451,0.027559103,0.00055385876,0.0010083437,0.19721243,social_solidarity
erdogan2025_c000,erdogan2025,erdogan,tr,2025-12-31,new_year_message,0,17,0.0,114,36,0.31861067,0.2165207,0.5637931,0.010937244,2.7777777,0.19952786,0.1483989,0.118965514,-0.08094096,0.0,0.18456896,0.1266171,0.13275862,-0.08400048,0.0,0.22529529,0.16231602,0.37758622,-0.024376303,0.0,0.22174823,0.13695891,0.45344827,-0.018654779,0.0,0.34211582,0.20763303,0.61551726,0.025900513,0.0,0.27438027,0.15424527,0.18448275,-0.056927204,0.0,0.30010927,0.24059352,0.5362069,-0.0074408352,0.0,0.25758463,0.1420945,0.36034483,-0.030116588,0.33641374,0.23023991,0.4775862,-0.0045684576,social_solidarity,0.051724136,0.96777767,0.014009566,0.11533649,0.96789545,0.5406814,0.99741405,0.011115014,0.02796767,0.0003175088,0.644337,social_solidarity
erdogan2025_c001,erdogan2025,erdogan,tr,2025-12-31,new_year_message,1,17,0.062,108,41,0.3327759,0.22577256,0.62931037,0.025102466,2.4390244,0.50132346,0.4209097,0.9982759,0.22085464,7.3170733,0.25132573,0.16923526,0.46034482,-0.017243713,0.0,0.18246669,0.15283266,0.12931034,-0.06720491,0.0,0.20445853,0.14889115,0.31551725,-0.035944477,0.0,0.424464,0.2676568,0.8948276,0.10824868,0.0,0.40083528,0.31618255,0.88448274,0.069527805,2.4390244,0.16382384,0.118057616,0.022413794,-0.14372626,0.0,0.39874995,0.29392755,0.9189655,0.11104873,0.31661928,0.23226036,0.38448277,-0.024362922,security_military,0.10344827,0.98965186,0.9985278,9.010424e-05,0.53291136,0.0040860027,0.97477317,0.99186736,9.29642e-05,0.8780106,0.0042480794,security_military
erdogan2025_c002,erdogan2025,erdogan,tr,2025-12-31,new_year_message,2,17,0.125,111,41,0.23639554,0.14723395,0.20172414,-0.07127789,0.0,0.28316006,0.2536209,0.55689657,0.0026912391,2.4390244,0.31275958,0.25612807,0.74310344,0.04419014,2.4390244,0.34135965,0.27972913,0.9051724,0.09168805,4.878049,0.2048139,0.1370435,0.3224138,-0.035589114,0.0,0.25585353,0.14873645,0.25689656,-0.060361773,0.0,0.41609973,0.30185634,0.9189655,0.08479226,2.4390244,0.24952692,0.18981574,0.27068967,-0.058023185,0.0,0.34806478,0.24585097,0.79137933,0.06036356,0.35265833,0.23757312,0.5741379,0.011676133,crisis_resilience,0.013793111,0.9044186,0.9419886,0.8827441,0.9693096,0.005831271,0.03690806,0.99487036,0.00013289992,0.014145105,0.001694103,crisis_resilience
erdogan2025_c003,erdogan2025,erdogan,tr,2025-12-31,new_year_message,3,17,0.188,140,54,0.23101366,0.1271765,0.18448275,-0.07665977,1.8518518,0.25412035,0.20932283,0.3913793,-0.026348472,1.8518518,0.4389917,0.38163576,0.95689654,0.17042226,9.259259,0.21386707,0.14807354,0.28448275,-0.035804525,0.0,0.1824339,0.11776036,0.19137931,-0.05796911,0.0,0.3099435,0.19486529,0.4465517,-0.0062718093,0.0,0.30943194,0.22759351,0.38448277,-0.02187553,0.0,0.2601114,0.19074187,0.32931036,-0.04743871,0.0,0.23142591,0.14515975,0.24655172,-0.056275308,0.26504368,0.15495077,0.118965514,-0.07593852,economy_welfare,0.51034486,0.27575096,0.027835233,0.9980258,0.9437636,0.0939686,0.99886423,0.82758445,0.13863662,0.00025814812,0.009125637,social_solidarity
erdogan2025_c004,erdogan2025,erdogan,tr,2025-12-31,new_year_message,4,17,0.25,121,39,0.279761,0.21211052,0.38793105,-0.027912438,2.5641026,0.20612219,0.18838333,0.15,-0.07434663,0.0,0.34250742,0.2713823,0.84310347,0.07393798,2.5641026,0.20509708,0.17824483,0.2224138,-0.044574514,0.0,0.18375969,0.16487017,0.19827586,-0.056643322,2.5641026,0.26695576,0.18443513,0.3051724,-0.049259543,0.0,0.31742328,0.24729145,0.42931035,-0.013884187,0.0,0.45818222,0.38907337,0.9189655,0.15063211,5.1282053,0.21818753,0.16353159,0.1637931,-0.06951369,0.2834442,0.2307207,0.2224138,-0.057538003,future_reform_technology,0.07586205,0.30611205,0.00027053355,0.91868114,0.3273591,0.3156437,0.9843514,0.928668,0.3895175,0.0003792434,0.006551525,social_solidarity
erdogan2025_c005,erdogan2025,erdogan,tr,2025-12-31,new_year_message,5,17,0.312,133,43,0.30792466,0.21472552,0.52931035,0.00025123358,2.3255813,0.2071044,0.16480318,0.17068966,-0.07336442,0.0,0.1985747,0.12974378,0.19137931,-0.06999473,0.0,0.18194984,0.1201826,0.12586206,-0.067721754,0.0,0.23923987,0.16570994,0.5672414,-0.0011631399,2.3255813,0.3826751,0.22648573,0.79137933,0.066459805,2.3255813,0.3695997,0.25604594,0.73275864,0.03829223,4.6511626,0.21201915,0.14868343,0.118965514,-0.09553096,0.0,0.19803904,0.091685474,0.09827586,-0.08966218,0.27926576,0.19857146,0.19137931,-0.061716437,social_solidarity,0.05862069,0.60568243,0.0020870348,0.0082276575,0.00303965,0.009513279,0.93169594,0.14575255,0.00057816197,0.00053057657,0.025395475,social_solidarity
erdogan2025_c006,erdogan2025,erdogan,tr,2025-12-31,new_year_message,6,17,0.375,101,37,0.23234332,0.13763258,0.19482759,-0.07533011,0.0,0.21741122,0.19201687,0.2224138,-0.0630576,0.0,0.24287346,0.17709051,0.42931035,-0.02569598,2.7027028,0.12863636,0.07659826,0.03275862,-0.12103523,0.0,0.1724404,0.11603594,0.13965517,-0.06796262,2.7027028,0.37244123,0.22533897,0.73275864,0.056225926,2.7027028,0.33320814,0.21680887,0.5258621,0.0019006729,2.7027028,0.1888696,0.12897396,0.056896552,-0.11868051,0.0,0.20912573,0.11216693,0.14655173,-0.07857549,0.28321254,0.21718125,0.21206896,-0.057769656,social_solidarity,0.20689654,0.003930086,0.0004628085,0.013989346,0.0013564017,0.010448625,0.9996613,0.4824291,0.004783011,0.0002953798,0.2679825,social_solidarity
erdogan2025_c007,erdogan2025,erdogan,tr,2025-12-31,new_year_message,7,17,0.438,94,40,0.30426452,0.19529712,0.512069,-0.0034089088,2.5,0.20568874,0.15445724,0.14310345,-0.07478008,0.0,0.24144001,0.16926001,0.41896552,-0.027129427,2.5,0.26773196,0.17855603,0.6672414,0.018060371,0.0,0.20763081,0.15355934,0.34310344,-0.0327722,0.0,0.31416228,0.17400566,0.4810345,-0.0020530224,0.0,0.3167574,0.20928007,0.4224138,-0.01455006,2.5,0.22482261,0.16601345,0.15344827,-0.08272749,0.0,0.25796592,0.17670953,0.3637931,-0.029735297,0.32356843,0.23746404,0.41206896,-0.017413765,foreign_policy,0.15517241,0.9949886,0.0026886722,0.00045209235,0.1439908,0.84667975,0.9957931,0.27698377,0.00018093578,0.00062025123,0.07981787,social_solidarity
erdogan2025_c008,erdogan2025,erdogan,tr,2025-12-31,new_year_message,8,17,0.5,123,46,0.31072354,0.2126262,0.55,0.0030501187,0.0,0.26370054,0.22190313,0.45,-0.016768277,0.0,0.24465549,0.1605398,0.43275863,-0.02391395,0.0,0.3159478,0.2872957,0.8534483,0.06627621,2.173913,0.26681134,0.2122093,0.68448275,0.02640833,2.173913,0.3546735,0.24739811,0.67068964,0.0384582,4.347826,0.31541812,0.21246542,0.41206896,-0.015889347,2.173913,0.23809478,0.17242265,0.2224138,-0.069455326,0.0,0.3379067,0.23851292,0.75689656,0.05020547,0.39187318,0.28069913,0.78103447,0.050890982,foreign_policy,0.16896552,0.9944774,0.03211588,0.00022429059,0.89650226,0.5621615,0.9936117,0.09205325,0.00014539112,0.0021239663,0.98306066,national_identity
erdogan2025_c009,erdogan2025,erdogan,tr,2025-12-31,new_year_message,9,17,0.562,102,38,0.26943672,0.17998093,0.36034483,-0.038236707,2.631579,0.22157745,0.21014331,0.24655172,-0.05889137,0.0,0.12470953,0.05783229,0.0120689655,-0.14385991,0.0,0.22871065,0.1616841,0.3913793,-0.020960942,2.631579,0.16308063,0.09163743,0.118965514,-0.07732238,0.0,0.30441117,0.16840701,0.41896552,-0.011804134,2.631579,0.24500492,0.14845873,0.08103448,-0.08630255,0.0,0.15851314,0.09171842,0.0120689655,-0.14903696,0.0,0.22693595,0.14498232,0.22586207,-0.060765266,0.24902976,0.16367179,0.09137931,-0.09195244,social_solidarity,0.027586222,0.99915075,0.0021955152,0.0002406248,0.7559974,0.025443856,0.4062141,0.00039434474,8.66527e-05,0.00010150384,0.9859093,national_identity
erdogan2025_c010,erdogan2025,erdogan,tr,2025-12-31,new_year_message,10,17,0.625,99,36,0.26663,0.14521933,0.33965516,-0.04104343,0.0,0.354303,0.26631078,0.8086207,0.07383418,0.0,0.17196958,0.09128713,0.070689656,-0.09659986,0.0,0.23355496,0.18955353,0.42931035,-0.016116634,0.0,0.19855148,0.13324112,0.28103447,-0.041851535,0.0,0.36070886,0.22767521,0.68793106,0.044493556,2.7777777,0.319312,0.17802684,0.4362069,-0.011995465,0.0,0.17655653,0.115930066,0.04310345,-0.13099357,0.0,0.31904602,0.2307178,0.6637931,0.0313448,0.36701798,0.2825619,0.6362069,0.026035786,security_military,0.12068963,0.7514202,0.4163813,0.000100713994,0.96639466,0.005220126,0.3230063,0.6995624,0.00010720879,0.0007672924,0.9976564,foreign_policy
erdogan2025_c011,erdogan2025,erdogan,tr,2025-12-31,new_year_message,11,17,0.688,85,35,0.26100138,0.16335262,0.3086207,-0.046672046,0.0,0.25938818,0.20383063,0.42931035,-0.021080643,2.857143,0.18379815,0.14500488,0.12931034,-0.08477129,0.0,0.121957794,0.08990178,0.02586207,-0.1277138,0.0,0.13442624,0.09706864,0.046551723,-0.105976775,0.0,0.3168254,0.20693657,0.49137932,0.00061008334,2.857143,0.321539,0.19907886,0.4465517,-0.009768456,2.857143,0.22360265,0.15774943,0.14655173,-0.08394745,0.0,0.27830437,0.20537068,0.48793104,-0.009396851,0.33741948,0.26364034,0.49137932,-0.0035627186,social_solidarity,0.04482761,0.68331385,0.16525607,0.0006070756,0.9798805,0.025443858,0.99907464,0.98777056,0.00029480367,0.91259205,0.021064695,social_solidarity
erdogan2025_c012,erdogan2025,erdogan,tr,2025-12-31,new_year_message,12,17,0.75,87,34,0.26261064,0.13203847,0.31896552,-0.04506278,0.0,0.30869645,0.23624147,0.6810345,0.028227627,2.9411764,0.18798657,0.109937616,0.15,-0.08058287,0.0,0.33451247,0.3041396,0.8913793,0.08484088,0.0,0.16127579,0.09419559,0.115517244,-0.07912722,0.0,0.19817223,0.0910362,0.08448276,-0.11804308,0.0,0.27257627,0.17685795,0.1637931,-0.0587312,2.9411764,0.24570966,0.17944978,0.25,-0.061840445,0.0,0.4200092,0.32352823,0.96034485,0.13230798,0.39382166,0.22202587,0.787931,0.052839458,foreign_policy,0.21034479,0.9964928,0.99549675,0.00024729347,0.99893093,0.07160742,0.014707371,0.99887085,0.00022341638,0.9896419,0.43974736,foreign_policy
erdogan2025_c013,erdogan2025,erdogan,tr,2025-12-31,new_year_message,13,17,0.812,95,39,0.36583102,0.22589263,0.7362069,0.058157593,5.1282053,0.38612264,0.3404085,0.8913793,0.10565382,2.5641026,0.17998394,0.11863449,0.09137931,-0.088585496,0.0,0.27589312,0.23816264,0.69482756,0.026221529,2.5641026,0.26658058,0.20246825,0.6810345,0.02617757,0.0,0.31495845,0.18872902,0.48448277,-0.0012568533,0.0,0.3588075,0.26947027,0.67413795,0.027500033,0.0,0.26572248,0.2049302,0.3637931,-0.04182762,0.0,0.4247472,0.30272126,0.9775862,0.13704598,0.3698906,0.2492423,0.6534483,0.028908402,security_military,0.15517241,0.9788142,0.9054478,0.02538943,0.91685706,0.5474641,0.98096734,0.9253987,0.06517216,0.010081565,0.12829629,social_solidarity
erdogan2025_c014,erdogan2025,erdogan,tr,2025-12-31,new_year_message,14,17,0.875,115,41,0.33209062,0.23083445,0.62586206,0.024417192,2.4390244,0.2067742,0.13280658,0.1637931,-0.07369462,0.0,0.23831597,0.15404247,0.4051724,-0.03025347,0.0,0.32998586,0.28362393,0.8810345,0.08031426,0.0,0.27495933,0.21141167,0.72931033,0.034556314,2.4390244,0.34216046,0.25741342,0.6189655,0.025945157,7.3170733,0.36864656,0.25058106,0.7224138,0.03733909,0.0,0.27633226,0.23361999,0.42931035,-0.031217843,0.0,0.28722256,0.18727368,0.5258621,-0.0004786551,0.4816078,0.3692029,0.97068965,0.1406256,foreign_policy,0.15172416,0.98564917,0.021155505,0.3161581,0.8405209,0.73848057,0.9668833,0.96986395,0.004778364,0.0016842225,0.998738,national_identity
erdogan2025_c015,erdogan2025,erdogan,tr,2025-12-31,new_year_message,15,17,0.938,111,41,0.32258147,0.23011988,0.5948276,0.0149080455,0.0,0.23765221,0.15821427,0.31551725,-0.04281661,0.0,0.27236807,0.17082632,0.5603448,0.0037986338,0.0,0.2791114,0.2105689,0.7155172,0.029439792,0.0,0.2723721,0.20649669,0.7224138,0.031969085,0.0,0.3299232,0.23885047,0.5465517,0.013707906,0.0,0.41618142,0.2998466,0.92241377,0.084873945,0.0,0.33982795,0.26854235,0.68793106,0.032277852,0.0,0.3119792,0.19639637,0.62931037,0.024277985,0.4638253,0.3257404,0.9534483,0.12284309,crisis_resilience,0.19999999,0.999841,0.47901624,0.0517735,0.92227256,0.98257005,0.99784684,0.99932414,0.031484485,0.0011116682,0.6274377,national_identity
erdogan2025_c016,erdogan2025,erdogan,tr,2025-12-31,new_year_message,16,17,1.0,157,55,0.38069364,0.25677392,0.80517244,0.07302022,1.8181819,0.30016488,0.2411401,0.6431034,0.019696057,0.0,0.30909514,0.21232598,0.72931033,0.040525705,3.6363637,0.26297024,0.19539335,0.62586206,0.013298646,0.0,0.20981666,0.13615784,0.36724138,-0.030586347,0.0,0.4353362,0.28188157,0.9155173,0.119120896,1.8181819,0.31566715,0.20478171,0.41896552,-0.015640318,0.0,0.29187387,0.23429616,0.48793104,-0.01567623,0.0,0.26336807,0.15979686,0.39482757,-0.02433315,0.35543835,0.28941393,0.5844827,0.014456153,social_solidarity,0.11034483,0.70760673,0.009699092,0.2665959,0.16800208,0.12689331,0.9958297,0.009531701,0.0005527787,0.0009110513,0.083142914,social_solidarity
macron2022_c000,macron2022,macron,fr,2022-12-31,new_year_address,0,34,0.0,191,112,0.3846307,0.30750299,0.8189655,0.076957285,1.7857143,0.4455738,0.3567614,0.97068965,0.16510499,2.6785715,0.35153776,0.25483912,0.85,0.082968324,0.0,0.2811787,0.2088456,0.7258621,0.03150712,0.0,0.2921161,0.20962866,0.7844828,0.051713094,0.0,0.47061688,0.37729484,0.9672414,0.15440157,0.89285713,0.39600462,0.3017463,0.87068963,0.06469715,0.89285713,0.29492205,0.20355129,0.50517243,-0.012628049,0.0,0.3494026,0.2398108,0.80172414,0.061701387,0.39735907,0.34085992,0.80172414,0.056376874,security_military,0.003448248,0.99432516,0.99908537,0.0006070757,0.9191722,0.9700135,0.9997974,0.9972584,0.0002919395,0.2179611,0.9744591,social_solidarity
macron2022_c001,macron2022,macron,fr,2022-12-31,new_year_address,1,34,0.03,107,65,0.4708396,0.41100386,0.97068965,0.16316617,3.0769231,0.33405533,0.25870427,0.7637931,0.053586513,0.0,0.29146922,0.19805595,0.6672414,0.022899777,0.0,0.27810454,0.2487841,0.7051724,0.02843295,1.5384616,0.32178313,0.24920383,0.8637931,0.081380114,0.0,0.42823848,0.36713386,0.89827585,0.112023175,1.5384616,0.43631285,0.3579787,0.9534483,0.10500538,0.0,0.40236157,0.3305987,0.85,0.09481147,0.0,0.35927057,0.2597857,0.8224138,0.07156935,0.4562657,0.38996685,0.94655174,0.11528349,national_identity,0.017241359,0.99935126,0.45713672,0.0072047687,0.73105854,0.18919784,0.9861514,0.82370096,0.09203286,0.0008676725,0.7737297,national_identity
macron2022_c002,macron2022,macron,fr,2022-12-31,new_year_address,2,34,0.061,94,59,0.3393221,0.32508063,0.6534483,0.031648666,0.0,0.24133839,0.16509879,0.32586208,-0.039130434,0.0,0.23066865,0.15676026,0.38448277,-0.03790079,0.0,0.22475812,0.18389311,0.37068966,-0.024913475,3.3898306,0.17179456,0.115901425,0.1362069,-0.06860845,0.0,0.38156766,0.3312133,0.7844828,0.06535235,0.0,0.39846912,0.30842045,0.8810345,0.06716165,0.0,0.28440952,0.19510022,0.46034482,-0.02314058,0.0,0.34315893,0.26640192,0.7741379,0.05545771,0.47182846,0.46494165,0.9637931,0.13084626,crisis_resilience,0.09655172,0.71203196,0.22644135,0.23528406,0.89501905,0.34180215,0.99358684,0.9710194,0.2143623,0.038448133,0.1710266,social_solidarity
macron2022_c003,macron2022,macron,fr,2022-12-31,new_year_address,3,34,0.091,164,91,0.22571355,0.1600646,0.1637931,-0.08195987,0.0,0.29913196,0.22498816,0.6396552,0.018663138,1.0989012,0.22023039,0.12872031,0.3051724,-0.048339054,0.0,0.19830865,0.1965293,0.20517242,-0.051362947,2.1978023,0.1799959,0.1034073,0.17413794,-0.060407117,1.0989012,0.18947354,0.11855015,0.07413793,-0.12674177,0.0,0.42406726,0.33775756,0.9362069,0.09275979,5.4945054,0.2801913,0.18744254,0.4362069,-0.0273588,0.0,0.39082372,0.32376188,0.9155173,0.1031225,0.2870199,0.22945496,0.23965517,-0.05396229,crisis_resilience,0.2965517,0.25942674,0.99140584,0.0032287643,0.9992145,0.20585439,0.91770923,0.9895716,0.12683924,0.99946636,0.0005326521,foreign_policy
macron2022_c004,macron2022,macron,fr,2022-12-31,new_year_address,4,34,0.121,157,95,0.31528488,0.24354339,0.5603448,0.0076114535,1.0526316,0.27585024,0.18928316,0.51551723,-0.004618585,0.0,0.296324,0.21128705,0.68793106,0.027754575,1.0526316,0.22983238,0.20058453,0.40172413,-0.019839212,3.1578948,0.23525113,0.15178286,0.55,-0.005151883,1.0526316,0.34431213,0.27217054,0.62586206,0.028096825,2.1052632,0.5125102,0.41857195,0.987931,0.18120271,2.1052632,0.3065149,0.20811018,0.5741379,-0.0010352135,1.0526316,0.33801174,0.2673192,0.7603448,0.050310522,0.3395856,0.33854514,0.512069,-0.0013965964,crisis_resilience,0.29999995,0.9996862,0.01654544,0.032589745,0.9981361,0.97249323,0.99864364,0.999758,0.00022871332,0.022499971,0.99776566,crisis_resilience
macron2022_c005,macron2022,macron,fr,2022-12-31,new_year_address,5,34,0.152,138,83,0.35041577,0.26750058,0.7051724,0.04274234,1.2048193,0.264718,0.19980817,0.46034482,-0.015750825,0.0,0.51838785,0.45052034,0.9982759,0.24981841,7.2289157,0.18412319,0.14539018,0.13965517,-0.065548405,0.0,0.18582408,0.11772849,0.21551724,-0.05457893,0.0,0.35625285,0.31081367,0.67413795,0.040037543,1.2048193,0.2906223,0.2711236,0.28103447,-0.040685177,0.0,0.24356078,0.15504187,0.23965517,-0.06398933,0.0,0.2265828,0.15580899,0.21896552,-0.061118424,0.3082035,0.29926527,0.34655172,-0.03277871,economy_welfare,0.29310346,0.53023654,0.00026068083,0.999159,0.0035243412,0.011642224,0.99129707,0.20549543,0.0045605446,0.00038072714,0.6913411,economy_welfare
macron2022_c006,macron2022,macron,fr,2022-12-31,new_year_address,6,34,0.182,197,132,0.2147882,0.15672135,0.118965514,-0.092885226,0.75757575,0.20697677,0.109496206,0.16724138,-0.07349205,0.0,0.28343633,0.19818473,0.6327586,0.0148668885,1.5151515,0.27396357,0.27370372,0.68448275,0.024291977,1.5151515,0.19402617,0.13250068,0.23965517,-0.04637684,0.0,0.20205809,0.15448457,0.09137931,-0.114157215,1.5151515,0.31219435,0.2370153,0.40172413,-0.019113123,1.5151515,0.32569662,0.2348204,0.6396552,0.018146515,0.75757575,0.23326936,0.18002957,0.25344828,-0.054431856,0.31303743,0.276578,0.37413794,-0.027944773,foreign_policy,0.04482758,0.9995669,0.2510964,0.2934804,0.99980474,0.59247506,0.97649056,0.99821776,0.9991474,0.00076729234,0.99262565,foreign_policy
macron2022_c007,macron2022,macron,fr,2022-12-31,new_year_address,7,34,0.212,98,60,0.2972634,0.2449247,0.4775862,-0.010410011,3.3333333,0.24145389,0.17482883,0.32931036,-0.039014935,0.0,0.25527373,0.17003173,0.46724138,-0.01329571,0.0,0.2194283,0.19574305,0.32931036,-0.030243292,0.0,0.37077445,0.29720587,0.94655174,0.13037144,5.0,0.25462914,0.18887182,0.25344828,-0.06158617,0.0,0.32985318,0.26450032,0.5086207,-0.0014542937,3.3333333,0.33180225,0.2380438,0.65689653,0.024252146,0.0,0.24607179,0.16405761,0.30172414,-0.041629434,0.2567323,0.21250379,0.112068966,-0.084249884,democracy_institutions,0.2896552,0.9900636,0.00078854576,0.0009039678,0.46077415,0.9118884,0.89253914,0.9840477,0.0016875096,0.0001830682,0.02031291,national_identity
macron2022_c008,macron2022,macron,fr,2022-12-31,new_year_address,8,34,0.242,135,88,0.2918607,0.24160284,0.45689654,-0.015812725,0.0,0.2576983,0.1943265,0.41896552,-0.022770524,0.0,0.27003732,0.19017732,0.55344826,0.0014678836,1.1363636,0.19627261,0.16340157,0.19482759,-0.05339898,1.1363636,0.18344103,0.12723505,0.19482759,-0.056961983,0.0,0.26509154,0.19644722,0.29827586,-0.051123768,1.1363636,0.3863338,0.2953727,0.8224138,0.055026323,1.1363636,0.36220655,0.2576681,0.7603448,0.054656446,0.0,0.30293706,0.22533806,0.5948276,0.015235841,0.28306258,0.23515198,0.20862068,-0.05791962,crisis_resilience,0.062069,0.9987132,0.00016506857,0.0016072203,0.0029810327,0.0025459477,0.7577943,0.27776676,0.00017064043,0.00014285813,0.0017140385,national_identity
macron2022_c009,macron2022,macron,fr,2022-12-31,new_year_address,9,34,0.273,82,48,0.12753235,0.073040456,0.00862069,-0.18014108,0.0,0.18245262,0.10915983,0.070689656,-0.0980162,0.0,0.22862421,0.13555586,0.36724138,-0.03994523,0.0,0.09306315,0.064829186,0.0017241379,-0.15660843,0.0,0.16035464,0.104207605,0.112068966,-0.08004837,0.0,0.13884208,0.0829594,0.00862069,-0.17737323,0.0,0.2831332,0.1984366,0.22586207,-0.048174262,0.0,0.23805296,0.15268803,0.21896552,-0.06949714,0.0,0.19926228,0.1283489,0.10172414,-0.08843894,0.19092739,0.14386803,0.0120689655,-0.15005481,economy_welfare,0.14137931,0.024099445,0.89975077,0.6623598,0.4194101,0.009898063,0.24569535,0.32450962,0.9981068,0.0005193049,0.052911814,future_reform_technology
macron2022_c010,macron2022,macron,fr,2022-12-31,new_year_address,10,34,0.303,157,97,0.14662912,0.09733597,0.022413794,-0.1610443,0.0,0.22787338,0.15813792,0.28103447,-0.052595437,0.0,0.37596926,0.30347642,0.8913793,0.10739982,5.1546392,0.1049622,0.0778047,0.0120689655,-0.1447094,1.0309278,0.13486695,0.08941528,0.05,-0.10553606,0.0,0.16077292,0.11418578,0.022413794,-0.15544239,0.0,0.24956585,0.1644123,0.094827585,-0.081741616,0.0,0.20726332,0.13061222,0.10862069,-0.10028678,0.0,0.20228493,0.16037658,0.10517241,-0.08541629,0.15771052,0.12404047,0.0017241379,-0.18327168,economy_welfare,0.6103448,0.82566,0.0002551414,0.9865847,0.07399682,0.4524452,0.9342753,0.8110033,0.24721421,0.0002868541,0.06148037,economy_welfare
macron2022_c011,macron2022,macron,fr,2022-12-31,new_year_address,11,34,0.333,65,42,0.12069771,0.06690874,0.0017241379,-0.18697572,0.0,0.18613258,0.12804727,0.08103448,-0.09433624,0.0,0.31432402,0.23848024,0.75344825,0.04575458,2.3809524,0.17274082,0.14593801,0.10172414,-0.076930776,0.0,0.22342908,0.18796758,0.46724138,-0.016973928,0.0,0.13286653,0.10542383,0.005172414,-0.18334877,0.0,0.27684784,0.2092197,0.18793103,-0.05445963,0.0,0.31291673,0.23911889,0.58793104,0.0053666234,0.0,0.22217688,0.15869741,0.20172414,-0.06552434,0.20821033,0.14659774,0.02586207,-0.13277186,economy_welfare,0.16551721,0.18884699,0.79779327,0.86924356,0.9049869,0.83907574,0.91421413,0.5799358,0.8478418,0.0026265525,0.027822023,social_solidarity
macron2022_c012,macron2022,macron,fr,2022-12-31,new_year_address,12,34,0.364,148,88,0.22088562,0.15761448,0.15,-0.086787805,0.0,0.25093764,0.19170773,0.3810345,-0.02953118,0.0,0.19312268,0.13376096,0.17068966,-0.075446755,0.0,0.14250523,0.09656605,0.046551723,-0.107166365,0.0,0.19536456,0.12516104,0.24655172,-0.045038447,0.0,0.22709513,0.17111027,0.17758621,-0.08912018,0.0,0.37245777,0.2550544,0.74655175,0.0411503,1.1363636,0.27271762,0.18922672,0.41206896,-0.034832478,0.0,0.2030595,0.119791105,0.10862069,-0.084641725,0.20814055,0.16901232,0.022413794,-0.13284165,crisis_resilience,0.3344828,0.96879715,0.7638913,0.0014837189,0.18824933,0.12386817,0.99863297,0.9712384,0.0048109833,0.0012351678,0.34953275,social_solidarity
macron2022_c013,macron2022,macron,fr,2022-12-31,new_year_address,13,34,0.394,184,115,0.18061167,0.10988807,0.056896552,-0.12706175,0.0,0.27151603,0.19310962,0.49827588,-0.008952796,0.0,0.32478052,0.22512057,0.80172414,0.056211084,0.8695652,0.23308201,0.19095019,0.41896552,-0.016589582,0.8695652,0.21888945,0.16186208,0.42931035,-0.021513566,0.8695652,0.17077966,0.12065511,0.029310346,-0.14543565,0.0,0.3075638,0.22819778,0.37068966,-0.02374366,0.8695652,0.40637726,0.30668953,0.8534483,0.09882715,2.6086957,0.23097047,0.1703376,0.24310344,-0.056730747,0.24554747,0.17780948,0.08103448,-0.095434725,future_reform_technology,0.051724136,0.35720304,0.00088649907,0.99855345,0.88646954,0.9812209,0.99366724,0.9881079,0.42739674,0.0015978455,0.6190683,economy_welfare
macron2022_c014,macron2022,macron,fr,2022-12-31,new_year_address,14,34,0.424,154,90,0.13799687,0.0708987,0.018965518,-0.16967656,0.0,0.21214007,0.14233138,0.20172414,-0.06832875,0.0,0.3323065,0.23418319,0.82586205,0.063737065,0.0,0.16069727,0.13072036,0.077586204,-0.08897433,0.0,0.22129723,0.18679512,0.45,-0.019105777,0.0,0.17302932,0.14195412,0.04310345,-0.14318599,0.0,0.22423773,0.14865966,0.036206897,-0.107069746,0.0,0.36225116,0.28786814,0.7637931,0.05470106,0.0,0.16246721,0.100365125,0.022413794,-0.12523401,0.20425263,0.14026618,0.015517241,-0.13672957,economy_welfare,0.06206894,0.78784966,0.0045384313,0.47560537,0.5520568,0.84325075,0.90665317,0.7658999,0.061989464,0.00050235394,0.27391416,social_solidarity
macron2022_c015,macron2022,macron,fr,2022-12-31,new_year_address,15,34,0.455,95,61,0.23968759,0.15839848,0.21896552,-0.06798583,0.0,0.20958604,0.16010557,0.18448275,-0.07088278,0.0,0.36513984,0.27828723,0.8637931,0.0965704,0.0,0.17118037,0.14563659,0.09827586,-0.078491226,1.6393442,0.20403135,0.17923224,0.31206897,-0.036371663,0.0,0.2879963,0.27433684,0.36724138,-0.028219014,0.0,0.21429133,0.16594099,0.022413794,-0.11701614,0.0,0.3459298,0.2912529,0.7051724,0.0383797,0.0,0.17976062,0.121912256,0.056896552,-0.1079406,0.2757067,0.2415218,0.17758621,-0.06527549,economy_welfare,0.15862066,0.76053953,0.00023140867,0.9802431,0.29982218,0.8402262,0.9977261,0.050846573,0.00041004719,0.0008744717,0.15241031,social_solidarity
macron2022_c016,macron2022,macron,fr,2022-12-31,new_year_address,16,34,0.485,147,86,0.45445883,0.37886232,0.94655174,0.14678541,3.488372,0.38920102,0.28168732,0.9086207,0.10873219,0.0,0.39144194,0.28630775,0.91206896,0.1228725,1.1627907,0.30566925,0.26454812,0.83965516,0.055997655,0.0,0.32143837,0.2502637,0.8603448,0.08103536,0.0,0.34622538,0.28092518,0.6362069,0.030010074,0.0,0.5446335,0.47481292,0.9982759,0.21332604,2.3255813,0.51486886,0.4094464,0.9741379,0.20731875,1.1627907,0.34108964,0.27210456,0.76724136,0.053388417,0.36359388,0.31459916,0.62931037,0.022611678,crisis_resilience,0.024137974,0.98092175,0.00019411319,0.95392317,0.043875042,0.8037906,0.9914391,0.9994207,0.91730267,0.00043224148,0.0027202787,crisis_resilience
macron2022_c017,macron2022,macron,fr,2022-12-31,new_year_address,17,34,0.515,129,85,0.37689233,0.32779083,0.7741379,0.069218904,1.1764706,0.25551635,0.172537,0.40172413,-0.024952471,0.0,0.2989058,0.19857407,0.69482756,0.03033635,0.0,0.20835036,0.17971405,0.23620689,-0.041321233,1.1764706,0.20966408,0.1536865,0.36034483,-0.030738935,0.0,0.3289203,0.2723263,0.53965515,0.012704998,0.0,0.34435827,0.26644102,0.5810345,0.013050795,0.0,0.49802,0.4228507,0.9637931,0.19046989,1.1764706,0.27640328,0.22595657,0.4637931,-0.011297941,0.39201015,0.34338593,0.7844828,0.051027954,future_reform_technology,0.18965518,0.9997075,0.0023781236,0.0010262068,0.4591974,0.10154489,0.9997358,0.92206234,0.0010182289,0.0015823421,0.41735497,social_solidarity
macron2022_c018,macron2022,macron,fr,2022-12-31,new_year_address,18,34,0.545,121,78,0.33610287,0.24880195,0.6362069,0.028429449,1.2820513,0.46254528,0.36209506,0.98448277,0.18207645,2.5641026,0.34245735,0.22914758,0.83965516,0.073887914,0.0,0.30410907,0.28802782,0.82931036,0.054437473,0.0,0.2733478,0.20822406,0.7258621,0.032944784,0.0,0.34249458,0.27306753,0.6224138,0.02627927,0.0,0.3916045,0.30437484,0.8568966,0.060297042,1.2820513,0.47300723,0.36204457,0.94310343,0.16545713,0.0,0.42132205,0.3437786,0.9672414,0.13362083,0.4084648,0.33618626,0.8327586,0.06748259,security_military,0.041379333,0.9734182,0.99972737,0.0004556365,0.99702764,0.75573844,0.8882267,0.9934991,0.10530251,0.9952862,0.06342433,security_military
macron2022_c019,macron2022,macron,fr,2022-12-31,new_year_address,19,34,0.576,117,69,0.343906,0.27073944,0.69827586,0.03623256,2.8985507,0.47901893,0.3676176,0.987931,0.1985501,0.0,0.2871778,0.17877218,0.65,0.018608361,0.0,0.27802888,0.2172706,0.7017241,0.028357282,0.0,0.2880742,0.20672923,0.7775862,0.047671184,1.4492754,0.36259896,0.27910638,0.712069,0.04638365,1.4492754,0.32831264,0.26581204,0.50517243,-0.0029948354,0.0,0.3031644,0.21425524,0.55,-0.0043857098,0.0,0.38467574,0.3208896,0.9051724,0.09697452,0.36788726,0.31195542,0.6431034,0.02690506,security_military,0.21034479,0.9960238,0.618334,0.00062633416,0.9720456,0.26841372,0.9845012,0.92300445,0.000149713,0.5520567,0.30394801,national_identity
macron2022_c020,macron2022,macron,fr,2022-12-31,new_year_address,20,34,0.606,178,102,0.23286039,0.15248898,0.19827586,-0.07481304,1.9607843,0.22191732,0.13629615,0.25,-0.058551505,0.0,0.30352014,0.22422668,0.7155172,0.034950703,0.98039216,0.2230758,0.18524751,0.35689655,-0.026595786,0.0,0.239794,0.1938911,0.5741379,-0.00060901046,1.9607843,0.1844452,0.13567878,0.060344826,-0.1317701,0.0,0.23313493,0.16980654,0.05,-0.098172545,0.0,0.46250588,0.35417926,0.92241377,0.15495577,0.98039216,0.22372368,0.1494469,0.20862068,-0.06397754,0.27251855,0.19550256,0.16034482,-0.06846365,future_reform_technology,0.20689654,0.69131505,0.007317398,0.009970101,0.72306514,0.90808946,0.980034,0.09791746,0.99528617,0.0015578482,0.033988025,future_reform_technology
macron2022_c021,macron2022,macron,fr,2022-12-31,new_year_address,21,34,0.636,178,133,0.39041743,0.31101215,0.83965516,0.082744,2.255639,0.3035789,0.22273843,0.65689653,0.023110092,0.0,0.27302408,0.19550222,0.5672414,0.0044546425,0.0,0.24241103,0.1804899,0.4948276,-0.007260561,0.7518797,0.32288975,0.2504049,0.87068963,0.082486734,0.7518797,0.4932288,0.384341,0.9913793,0.17701349,0.0,0.34653246,0.28893507,0.5913793,0.015224993,0.0,0.3245313,0.22523728,0.6362069,0.016981184,0.0,0.2898475,0.20292431,0.5327586,0.0021462739,0.41284716,0.33289605,0.85,0.07186496,social_solidarity,0.12068969,0.9771756,0.00013605114,0.00010270019,0.5521775,0.005271083,0.99952435,0.4215965,0.00010804958,0.0003399649,0.37699577,social_solidarity
macron2022_c022,macron2022,macron,fr,2022-12-31,new_year_address,22,34,0.667,82,49,0.3366331,0.27456188,0.6396552,0.028959662,2.0408163,0.27771062,0.21321562,0.5258621,-0.002758205,0.0,0.3599967,0.30758017,0.8568966,0.09142727,0.0,0.1933198,0.1606499,0.18103448,-0.056351796,0.0,0.27217868,0.22459337,0.71896553,0.03177567,0.0,0.3788999,0.33624038,0.77068967,0.062684596,0.0,0.3070426,0.25259244,0.3637931,-0.024264872,0.0,0.41683012,0.33709866,0.8672414,0.10928002,0.0,0.2033197,0.15623112,0.115517244,-0.08438152,0.35141835,0.31462717,0.5637931,0.010436147,future_reform_technology,0.010344803,0.75536644,0.000114569004,0.0003065436,0.00023735811,0.69357675,0.99864095,0.05091731,0.00014064363,0.0001870431,0.041969772,social_solidarity
macron2022_c023,macron2022,macron,fr,2022-12-31,new_year_address,23,34,0.697,83,50,0.37707856,0.31643015,0.7775862,0.06940514,2.0,0.3299172,0.26928145,0.75689656,0.04944837,0.0,0.3418116,0.2614262,0.8327586,0.07324216,0.0,0.2267572,0.18254301,0.38448277,-0.022914395,0.0,0.2924599,0.22757968,0.7948276,0.052056894,0.0,0.38128343,0.31719163,0.78103447,0.065068126,0.0,0.36249,0.31844655,0.6913793,0.031182528,0.0,0.4486683,0.38152984,0.9086207,0.1411182,0.0,0.27751595,0.20820016,0.4775862,-0.0101852715,0.35231093,0.30504766,0.5706897,0.011328727,future_reform_technology,0.07586211,0.7256,0.00040290522,0.013261103,0.0003867204,0.0067975316,0.9390807,0.4316238,0.00038747615,0.0006487309,0.0064568706,social_solidarity
macron2022_c024,macron2022,macron,fr,2022-12-31,new_year_address,24,34,0.727,180,112,0.25690603,0.18433282,0.3051724,-0.050767392,0.0,0.2178267,0.15400949,0.22931035,-0.06264213,0.0,0.38824356,0.2927435,0.90172416,0.11967412,0.0,0.21790215,0.17520666,0.3086207,-0.03176944,0.0,0.32764146,0.2727952,0.8810345,0.087238446,0.0,0.36577168,0.3110936,0.7155172,0.049556375,0.0,0.24726903,0.15311939,0.08448276,-0.08403844,0.0,0.47893694,0.39981878,0.95,0.17138684,0.0,0.21927345,0.14054292,0.17413794,-0.06842777,0.36145312,0.28230911,0.61206895,0.020470917,future_reform_technology,0.04827583,0.6562728,0.00021527923,0.9626907,0.46502304,0.988885,0.9988948,0.052303422,0.00053892744,0.00024441307,0.76816845,social_solidarity
macron2022_c025,macron2022,macron,fr,2022-12-31,new_year_address,25,34,0.758,93,55,0.28491208,0.20289814,0.4362069,-0.022761345,0.0,0.21710417,0.16623688,0.21896552,-0.063364655,0.0,0.43745834,0.37046677,0.9534483,0.1688889,1.8181819,0.16378814,0.1299164,0.08103448,-0.08588345,3.6363637,0.22736812,0.16884512,0.48448277,-0.013034895,0.0,0.29604587,0.24264377,0.38793105,-0.020169437,0.0,0.26859313,0.19296375,0.15344827,-0.06271434,0.0,0.4708079,0.39093536,0.9396552,0.16325781,5.4545455,0.23534927,0.16703047,0.2637931,-0.05235195,0.27355593,0.20636427,0.1637931,-0.067426264,economy_welfare,0.013793111,0.90644634,0.00014825829,0.9872528,0.042922337,0.14092635,0.90380484,0.7554566,0.951346,0.00013446629,0.046033904,economy_welfare
macron2022_c026,macron2022,macron,fr,2022-12-31,new_year_address,26,34,0.788,152,92,0.36714956,0.278624,0.74655175,0.059476137,2.173913,0.2898609,0.22784564,0.5844827,0.009392083,0.0,0.29736143,0.21993124,0.6913793,0.028791994,1.0869565,0.26764846,0.22981355,0.6637931,0.017976865,0.0,0.4152081,0.36400867,0.98448277,0.17480509,3.2608695,0.35823017,0.29459792,0.6775862,0.042014867,0.0,0.31791198,0.26183474,0.43275863,-0.013395488,0.0,0.45454723,0.37038666,0.9155173,0.14699712,0.0,0.2600069,0.18280041,0.3810345,-0.027694315,0.3629189,0.27550977,0.62586206,0.021936715,democracy_institutions,0.068965495,0.72326064,0.00052133633,0.8405209,0.1123077,0.9904591,0.9522199,0.43242288,0.0034030052,0.00031999825,0.07113817,democracy_institutions
macron2022_c027,macron2022,macron,fr,2022-12-31,new_year_address,27,34,0.818,96,56,0.29560673,0.1938869,0.46034482,-0.012066692,3.5714285,0.35888183,0.24571101,0.8327586,0.07841301,0.0,0.2656743,0.17410463,0.5258621,-0.0028951466,0.0,0.31046826,0.28852823,0.8465517,0.060796663,1.7857143,0.43027115,0.35794097,0.99482757,0.18986814,1.7857143,0.33855328,0.25696224,0.5844827,0.022337973,0.0,0.36054084,0.27550825,0.68448275,0.029233366,0.0,0.37671745,0.29949176,0.787931,0.069167346,0.0,0.39013836,0.30697203,0.91206896,0.10243714,0.37414932,0.27388373,0.6913793,0.033167124,democracy_institutions,0.14827585,0.18300883,0.05926467,0.00016187638,0.8574401,0.95643115,0.9925826,0.9913642,0.0001618764,0.3063195,0.009294952,social_solidarity
macron2022_c028,macron2022,macron,fr,2022-12-31,new_year_address,28,34,0.848,114,71,0.29110712,0.25163922,0.45344827,-0.016566306,0.0,0.28968936,0.20649765,0.5810345,0.0092205405,0.0,0.40112004,0.3000433,0.9293103,0.1325506,2.8169014,0.23392631,0.21219093,0.44310346,-0.015745282,0.0,0.23427285,0.19515985,0.5465517,-0.006130159,0.0,0.32005864,0.27933052,0.5017241,0.0038433373,0.0,0.3148068,0.23461369,0.4086207,-0.016500682,0.0,0.4454356,0.3562587,0.9051724,0.13788551,0.0,0.25621504,0.20828068,0.35,-0.031486183,0.3351622,0.30031186,0.46034482,-0.005820006,economy_welfare,0.024137914,0.31804815,0.031055553,0.31221274,0.23744327,0.04694293,0.9581479,0.2736229,0.82140255,0.00043990326,0.0017007224,social_solidarity
macron2022_c029,macron2022,macron,fr,2022-12-31,new_year_address,29,34,0.879,139,82,0.36620077,0.31466377,0.7396552,0.05852735,0.0,0.28251705,0.17549202,0.5465517,0.0020482242,0.0,0.26757884,0.17539188,0.54310346,-0.0009905994,1.2195122,0.34287083,0.33209795,0.9155173,0.09319924,3.6585367,0.26069975,0.2017544,0.66034484,0.020296738,1.2195122,0.30234638,0.25193936,0.41206896,-0.013868928,1.2195122,0.28092393,0.2177479,0.20862068,-0.050383538,0.0,0.3333987,0.23299001,0.66034484,0.025848597,0.0,0.31792206,0.26447797,0.65689653,0.030220836,0.44732568,0.38891786,0.9258621,0.10634348,foreign_policy,0.17586207,0.80859673,0.65613514,0.012147169,0.99260414,0.015218294,0.6897238,0.030777596,0.0027629987,0.0012160417,0.47679278,foreign_policy
macron2022_c030,macron2022,macron,fr,2022-12-31,new_year_address,30,34,0.909,81,51,0.25296542,0.21440683,0.2913793,-0.054708004,0.0,0.3094013,0.23985602,0.68793106,0.028932482,0.0,0.3759097,0.30694294,0.88793105,0.10734025,3.9215686,0.21880627,0.21750218,0.31896552,-0.030865327,1.9607843,0.18061128,0.13294193,0.17758621,-0.05979173,0.0,0.21123742,0.17247784,0.12241379,-0.10497789,0.0,0.26779452,0.21167286,0.14655173,-0.06351295,0.0,0.25653407,0.19508427,0.31551725,-0.051016033,0.0,0.3362146,0.28042206,0.75344825,0.048513383,0.31070578,0.25272712,0.35344827,-0.030276418,economy_welfare,0.19999999,0.99687636,0.973228,0.9621787,0.99743414,0.6389479,0.97520185,0.97576237,0.24944724,0.19966376,0.33521482,foreign_policy
macron2022_c031,macron2022,macron,fr,2022-12-31,new_year_address,31,34,0.939,129,84,0.4431723,0.37544253,0.9293103,0.13549888,2.3809524,0.3667181,0.26943013,0.8534483,0.08624929,1.1904762,0.26697326,0.17159566,0.53965515,-0.0015961826,0.0,0.30309,0.26983023,0.8189655,0.053418413,1.1904762,0.2759305,0.19103488,0.7396552,0.035527483,0.0,0.41971502,0.34416032,0.88448274,0.10349971,1.1904762,0.3781684,0.3051587,0.7844828,0.046860933,0.0,0.33420825,0.25143936,0.6672414,0.026658148,0.0,0.3734013,0.3144777,0.88793105,0.085700095,0.47708327,0.45895386,0.9672414,0.13610107,national_identity,0.04482758,0.99867755,0.9601001,0.0012668909,0.9986827,0.27226636,0.99946845,0.9749407,0.0011855903,0.19946389,0.9992371,social_solidarity
macron2022_c032,macron2022,macron,fr,2022-12-31,new_year_address,32,34,0.97,167,93,0.24343461,0.14792052,0.23620689,-0.06423882,3.2258065,0.20585129,0.11506981,0.14655173,-0.074617535,0.0,0.28677848,0.1881193,0.6465517,0.01820904,0.0,0.21336362,0.18055192,0.28103447,-0.036307976,2.1505377,0.22988477,0.16270334,0.512069,-0.010518238,0.0,0.19875433,0.11726606,0.08793104,-0.11746098,0.0,0.28046525,0.19221938,0.20172414,-0.050842226,0.0,0.44154406,0.32518557,0.89827585,0.13399395,0.0,0.2045343,0.12097022,0.12241379,-0.08316691,0.2698566,0.18593816,0.12931034,-0.0711256,future_reform_technology,0.25172412,0.9996259,0.0059513734,0.9787127,0.9994621,0.11828321,0.9996868,0.16341206,0.9997822,0.00206881,0.95552707,future_reform_technology
macron2022_c033,macron2022,macron,fr,2022-12-31,new_year_address,33,34,1.0,204,126,0.40978363,0.33080345,0.87413794,0.10211021,1.5873016,0.2787085,0.19557542,0.5327586,-0.0017603338,0.0,0.32246947,0.21834183,0.79137933,0.053900033,0.0,0.24336545,0.20162156,0.50517243,-0.0063061416,0.7936508,0.27863818,0.19959012,0.74655175,0.038235173,0.0,0.39188382,0.31411976,0.8224138,0.075668514,1.5873016,0.42703417,0.31691366,0.94655174,0.0957267,0.7936508,0.53212,0.43000296,0.987931,0.22456989,0.7936508,0.30750862,0.2232832,0.6051724,0.019807398,0.45190173,0.37423253,0.9362069,0.110919535,future_reform_technology,0.041379273,0.9955446,0.002545948,0.04438998,0.9262954,0.052230854,0.998662,0.61204886,0.00030238242,0.0005213363,0.922796,social_solidarity
macron2023_c000,macron2023,macron,fr,2023-12-31,new_year_address,0,24,0.0,111,70,0.37199286,0.31383875,0.7603448,0.06431943,1.4285715,0.38918287,0.32637447,0.9051724,0.108714044,0.0,0.3095943,0.24072446,0.7362069,0.041024864,0.0,0.2293793,0.16698837,0.39827585,-0.020292297,0.0,0.2451729,0.17999427,0.60172415,0.0047698915,0.0,0.49389538,0.41303468,0.99482757,0.17768008,2.857143,0.35605636,0.31663543,0.65689653,0.024748892,0.0,0.24293089,0.16997644,0.23275863,-0.06461921,0.0,0.3000747,0.22661725,0.5810345,0.012373477,0.356943,0.33659446,0.59827584,0.015960813,social_solidarity,0.08965516,0.9822537,0.3947258,0.00088304596,0.07335534,0.57767403,0.9997762,0.10922977,9.2421134e-05,0.0005442133,0.27943507,social_solidarity
macron2023_c001,macron2023,macron,fr,2023-12-31,new_year_address,1,24,0.043,91,58,0.23988491,0.17260976,0.2224138,-0.06778851,0.0,0.32614177,0.28365523,0.7396552,0.045672953,3.4482758,0.20085606,0.11768301,0.19827586,-0.06771338,0.0,0.21097863,0.19514361,0.25344828,-0.038692966,1.7241379,0.13213316,0.07330353,0.03275862,-0.108269855,0.0,0.22996122,0.15107065,0.18103448,-0.08625409,3.4482758,0.28170934,0.21280265,0.21551724,-0.049598128,0.0,0.21589348,0.12628275,0.13275862,-0.091656625,0.0,0.35759082,0.30484283,0.8189655,0.069889605,0.2516269,0.20340389,0.094827585,-0.08935529,security_military,0.48620692,0.57021165,0.98521465,7.1140596e-05,0.99443966,0.0006758737,0.6613968,0.8886139,0.0006838353,0.9998001,0.00022341637,foreign_policy
macron2023_c002,macron2023,macron,fr,2023-12-31,new_year_address,2,24,0.087,105,58,0.3424125,0.25103942,0.69482756,0.034739077,1.7241379,0.39086094,0.30069104,0.9155173,0.11039212,0.0,0.36469045,0.2553997,0.8603448,0.09612101,1.7241379,0.2620077,0.23096152,0.6189655,0.01233612,0.0,0.22882318,0.14165138,0.50517243,-0.0115798265,0.0,0.32208806,0.23877007,0.50517243,0.0058727562,0.0,0.42046285,0.3664399,0.9293103,0.089155376,0.0,0.28333738,0.18090153,0.45689654,-0.024212718,1.7241379,0.42368278,0.35210487,0.9741379,0.13598156,0.30406213,0.2502404,0.3051724,-0.03692007,crisis_resilience,0.013793051,0.99406016,0.028625501,0.053083364,0.970854,0.0006986756,0.003081364,0.8874974,0.00014230126,0.5939037,0.00022516823,national_identity
macron2023_c003,macron2023,macron,fr,2023-12-31,new_year_address,3,24,0.13,82,54,0.24857321,0.16299419,0.2637931,-0.05910021,0.0,0.29753745,0.24267763,0.6189655,0.017068624,1.8518518,0.25164992,0.18065809,0.4637931,-0.016919523,0.0,0.13787052,0.11506264,0.03965517,-0.11180107,0.0,0.16708434,0.10083787,0.12931034,-0.073318675,0.0,0.26922137,0.18517025,0.31206897,-0.04699394,0.0,0.47805607,0.36787713,0.98103446,0.1467486,1.8518518,0.25300792,0.16242082,0.29827586,-0.054542184,0.0,0.43125343,0.29927328,0.98448277,0.14355221,0.30657592,0.21881838,0.3224138,-0.034406275,crisis_resilience,0.36206895,0.06563478,0.65665823,0.007403014,0.41608465,0.20378675,0.7227227,0.9329132,0.00022254552,0.19845225,0.0004655269,crisis_resilience
macron2023_c004,macron2023,macron,fr,2023-12-31,new_year_address,4,24,0.174,95,60,0.32942802,0.2673573,0.61206895,0.021754593,1.6666666,0.30901545,0.21123508,0.68448275,0.028546631,0.0,0.31642094,0.221501,0.76724136,0.047851503,0.0,0.3080655,0.27643317,0.84310347,0.05839391,0.0,0.3115583,0.24815084,0.82931036,0.071155295,0.0,0.30773842,0.23220362,0.43965518,-0.008476883,0.0,0.32101083,0.2254965,0.43965518,-0.010296643,0.0,0.41595906,0.2946407,0.8637931,0.10840896,0.0,0.31377035,0.21774545,0.6362069,0.026069134,0.38537312,0.30164284,0.74655175,0.044390917,future_reform_technology,0.020689607,0.9990582,0.99410033,0.19444428,0.997085,0.8166989,0.9974191,0.99147224,0.0044510416,0.028463025,0.39564487,national_identity
macron2023_c005,macron2023,macron,fr,2023-12-31,new_year_address,5,24,0.217,139,83,0.24438277,0.15181889,0.23965517,-0.063290656,1.2048193,0.23276326,0.16144523,0.29482758,-0.04770556,0.0,0.30628246,0.1938643,0.7224138,0.03771302,1.2048193,0.25650126,0.22529048,0.5948276,0.006829664,2.4096386,0.23133099,0.1836029,0.5258621,-0.009072021,1.2048193,0.22054327,0.16241899,0.14655173,-0.09567204,0.0,0.33344817,0.25469363,0.52931035,0.0021407008,0.0,0.42772257,0.32522023,0.88448274,0.12017247,1.2048193,0.27039582,0.21268508,0.42586207,-0.017305404,0.27018937,0.23192292,0.13275862,-0.070792824,future_reform_technology,0.16206896,0.74783474,0.008694533,0.17645861,0.98548245,0.75119215,0.9867517,0.654674,0.001999432,0.0005092657,0.014643825,social_solidarity
macron2023_c006,macron2023,macron,fr,2023-12-31,new_year_address,6,24,0.261,138,76,0.22438906,0.14274716,0.15689655,-0.08328436,1.3157895,0.2499491,0.1857658,0.37413794,-0.030519724,0.0,0.47625053,0.38589567,0.987931,0.20768109,5.263158,0.18627983,0.1671541,0.15344827,-0.06339176,1.3157895,0.22586939,0.1755547,0.47413793,-0.014533624,0.0,0.18391472,0.13156,0.056896552,-0.13230059,1.3157895,0.25514185,0.18107265,0.112068966,-0.07616562,0.0,0.4921393,0.39210373,0.96034485,0.1845892,2.631579,0.19630103,0.11867931,0.08103448,-0.09140019,0.25511494,0.18232808,0.10862069,-0.085867256,economy_welfare,0.027586162,0.09158502,8.818923e-05,0.9937101,0.7508498,0.77816504,0.9101469,0.048948627,0.9937709,0.00011501736,0.0149139855,future_reform_technology
macron2023_c007,macron2023,macron,fr,2023-12-31,new_year_address,7,24,0.304,184,118,0.22676143,0.15110415,0.16724138,-0.080911994,0.0,0.26829487,0.21786073,0.4775862,-0.012173951,0.0,0.46634167,0.42604288,0.98103446,0.19777223,2.542373,0.18372104,0.15238672,0.1362069,-0.06595056,0.0,0.21092856,0.16237949,0.37413794,-0.029474452,0.0,0.27864444,0.24491632,0.33275864,-0.037570864,0.0,0.2948315,0.23453048,0.29827586,-0.036475956,0.84745765,0.38725126,0.30195856,0.82931036,0.079701155,1.6949153,0.27312127,0.18235867,0.45,-0.014579952,0.29356483,0.24202311,0.2637931,-0.047417372,economy_welfare,0.1517241,0.24207123,0.0005193049,0.9920157,0.0043063057,0.5159857,0.9976904,0.5089101,0.01168162,0.00030415886,0.075142466,social_solidarity
macron2023_c008,macron2023,macron,fr,2023-12-31,new_year_address,8,24,0.348,149,81,0.28455326,0.21042812,0.42931035,-0.023120165,1.2345679,0.4846399,0.40152633,0.99482757,0.20417109,2.4691358,0.30334365,0.23318122,0.712069,0.034774214,0.0,0.20826986,0.1817624,0.23275863,-0.04140173,0.0,0.3349693,0.30030572,0.89827585,0.0945663,3.7037036,0.24949816,0.19535023,0.23620689,-0.06671715,0.0,0.2716376,0.21623683,0.15689655,-0.059669882,0.0,0.3512789,0.26435643,0.7224138,0.0437288,0.0,0.3406554,0.24260552,0.7637931,0.052954167,0.24684592,0.18393394,0.08448276,-0.09413628,security_military,0.09655172,0.99414605,0.99963456,0.0013804225,0.3343177,0.99891406,0.9952679,0.9981178,0.14196403,0.71537423,0.13238831,security_military
macron2023_c009,macron2023,macron,fr,2023-12-31,new_year_address,9,24,0.391,97,58,0.23658894,0.16815737,0.20517242,-0.071084484,1.7241379,0.29817498,0.2004002,0.62586206,0.017706156,0.0,0.20894432,0.12589489,0.24655172,-0.05962512,0.0,0.22316849,0.18486354,0.36034483,-0.026503101,1.7241379,0.34847838,0.29706043,0.91206896,0.108075365,1.7241379,0.24815029,0.1715332,0.22586207,-0.06806502,0.0,0.21086569,0.14457904,0.018965518,-0.12044178,0.0,0.31596076,0.2340881,0.59827584,0.008410662,0.0,0.23967662,0.1539331,0.28448275,-0.048024595,0.26343966,0.17894958,0.115517244,-0.07754254,democracy_institutions,0.2862069,0.7627335,0.031232351,0.000105753184,0.6577583,0.9981506,0.88468844,0.6460975,0.0001693127,0.00021612161,0.016403032,democracy_institutions
macron2023_c010,macron2023,macron,fr,2023-12-31,new_year_address,10,24,0.435,96,57,0.29811412,0.2406162,0.4810345,-0.0095593035,1.754386,0.23951705,0.17170215,0.3224138,-0.040951774,0.0,0.2945103,0.18563998,0.68448275,0.025940865,0.0,0.21823467,0.19794965,0.31551725,-0.03143692,0.0,0.22083865,0.16894679,0.44310346,-0.01956436,0.0,0.2606408,0.20431757,0.27413794,-0.055574507,0.0,0.32765102,0.23821357,0.5017241,-0.003656447,0.0,0.47035587,0.35879987,0.9362069,0.16280577,0.0,0.27713245,0.20500532,0.47068965,-0.010568768,0.33322638,0.26970655,0.45689654,-0.007755816,future_reform_technology,0.25172412,0.98074734,0.62452257,0.56433856,0.82410836,0.9023941,0.9942698,0.7598942,0.45423004,0.0031297365,0.45842445,social_solidarity
macron2023_c011,macron2023,macron,fr,2023-12-31,new_year_address,11,24,0.478,134,73,0.41833544,0.31541955,0.88793105,0.11066201,2.739726,0.36239445,0.26569307,0.84310347,0.08192563,0.0,0.32034385,0.2216081,0.7775862,0.051774412,1.369863,0.2216442,0.18220255,0.33275864,-0.0280274,0.0,0.3497212,0.2574607,0.9189655,0.10931818,0.0,0.37665427,0.29182154,0.75344825,0.06043896,1.369863,0.33219707,0.26287806,0.512069,0.0008895993,0.0,0.47915098,0.4131344,0.9534483,0.17160088,2.739726,0.334696,0.2450242,0.73275864,0.046994776,0.34108654,0.2471,0.51551723,0.00010433793,future_reform_technology,0.034482777,0.93549395,0.000872767,0.35153365,0.14506993,0.30326733,0.9010534,0.07455078,0.00023140867,0.0002807587,0.024007745,national_identity
macron2023_c012,macron2023,macron,fr,2023-12-31,new_year_address,12,24,0.522,146,85,0.29706484,0.20894814,0.47413793,-0.010608584,2.3529413,0.37076676,0.2832572,0.8672414,0.09029794,0.0,0.4527348,0.3600337,0.97068965,0.18416536,3.5294118,0.22840652,0.1914472,0.38793105,-0.021265075,0.0,0.2812526,0.21085683,0.75,0.04084958,0.0,0.2999247,0.2299945,0.40172413,-0.016290605,0.0,0.3156661,0.23884937,0.41551724,-0.015641361,0.0,0.48551023,0.3729102,0.95689654,0.17796013,0.0,0.31696957,0.2349387,0.6465517,0.029268354,0.33523613,0.247844,0.4637931,-0.0057460666,economy_welfare,0.013793111,0.99849004,0.971779,0.7710687,0.99320245,0.9570576,0.99931484,0.8562122,0.989013,0.0009128305,0.54673815,social_solidarity
macron2023_c013,macron2023,macron,fr,2023-12-31,new_year_address,13,24,0.565,142,79,0.19067687,0.1253151,0.07413793,-0.11699656,0.0,0.20859206,0.13924792,0.17413794,-0.071876764,0.0,0.33050543,0.23775972,0.81551725,0.06193599,0.0,0.21040511,0.18306527,0.24655172,-0.039266482,0.0,0.20227364,0.15705024,0.30172414,-0.038129374,0.0,0.18717527,0.1219867,0.06724138,-0.12904003,0.0,0.2807408,0.18364602,0.20517242,-0.050566673,0.0,0.5338487,0.42420375,0.99482757,0.2262986,0.0,0.19730423,0.12714987,0.08793104,-0.090396985,0.2488864,0.15244734,0.08793104,-0.09209579,future_reform_technology,0.17931032,0.1750087,0.055771697,0.9622497,0.42000479,0.9183339,0.95645154,0.71549857,0.9996633,0.0010670425,0.20426254,future_reform_technology
macron2023_c014,macron2023,macron,fr,2023-12-31,new_year_address,14,24,0.609,146,83,0.16744322,0.10460005,0.036206897,-0.14023021,2.4096386,0.14336205,0.0539628,0.02586207,-0.13710678,0.0,0.17793316,0.10181019,0.077586204,-0.09063628,0.0,0.2452844,0.19269083,0.51551723,-0.0043872,2.4096386,0.19668873,0.13578744,0.26034483,-0.043714285,0.0,0.14342171,0.09354171,0.0120689655,-0.1727936,0.0,0.15477285,0.09699747,0.0017241379,-0.17653462,0.0,0.35669467,0.26309296,0.73275864,0.049144566,0.0,0.16824427,0.097809285,0.04310345,-0.11945695,0.24379304,0.15840721,0.077586204,-0.09718916,future_reform_technology,0.2172414,0.9947646,0.0008592476,0.48694146,0.9993845,0.008881676,0.9766692,0.28185016,0.99300176,0.0027255826,0.08897849,foreign_policy
macron2023_c015,macron2023,macron,fr,2023-12-31,new_year_address,15,24,0.652,162,96,0.36693817,0.28969637,0.74310344,0.05926475,1.0416666,0.3166529,0.24190678,0.7155172,0.036184072,0.0,0.32034534,0.22002473,0.78103447,0.051775903,0.0,0.25055394,0.21949804,0.5672414,0.00088234246,1.0416666,0.27050677,0.20421465,0.70862067,0.030103758,0.0,0.33509248,0.2630665,0.5741379,0.018877178,0.0,0.37458864,0.30510563,0.75689656,0.043281168,1.0416666,0.4299789,0.3372485,0.8913793,0.122428805,0.0,0.3344464,0.25940782,0.72931033,0.04674518,0.34655914,0.28794798,0.5327586,0.0055769384,future_reform_technology,0.11034483,0.9596487,0.8582143,0.37754068,0.8704459,0.9856216,0.99950737,0.879069,0.1281155,0.014756984,0.5356754,social_solidarity
macron2023_c016,macron2023,macron,fr,2023-12-31,new_year_address,16,24,0.696,129,83,0.35591853,0.2820058,0.7224138,0.048245102,2.4096386,0.38618642,0.30416,0.8948276,0.1057176,1.2048193,0.27287862,0.18691471,0.5637931,0.0043091774,0.0,0.33024037,0.3486646,0.88448274,0.080568776,3.6144578,0.27029762,0.21667072,0.7017241,0.029894605,1.2048193,0.32867068,0.28237668,0.5362069,0.012455374,1.2048193,0.40662405,0.33561814,0.89827585,0.07531658,0.0,0.42186624,0.32434905,0.87413794,0.114316136,0.0,0.38461196,0.32703945,0.90172416,0.096910745,0.41237664,0.36301327,0.84310347,0.07139444,crisis_resilience,0.003448248,0.7061145,0.74502754,0.00038521326,0.9976904,0.41753864,0.82751477,0.9991474,0.001632489,0.08487123,0.77805966,crisis_resilience
macron2023_c017,macron2023,macron,fr,2023-12-31,new_year_address,17,24,0.739,116,70,0.2480271,0.15892664,0.26034483,-0.059646323,0.0,0.32603717,0.22633135,0.7362069,0.045568347,0.0,0.23994567,0.12808278,0.4086207,-0.028623775,0.0,0.26611662,0.28020102,0.65,0.016445026,4.285714,0.29651338,0.22039953,0.80172414,0.056110367,1.4285715,0.2222468,0.15531182,0.15344827,-0.09396851,0.0,0.3361908,0.24286821,0.5465517,0.004883319,0.0,0.38006335,0.2792448,0.80517244,0.07251325,1.4285715,0.3486039,0.28061232,0.7948276,0.060902685,0.33262682,0.25972515,0.45,-0.008355379,future_reform_technology,0.0034483075,0.9926684,0.9831661,0.19818053,0.9889385,0.8883357,0.37414733,0.9993894,0.00060589175,0.6620321,0.01689868,crisis_resilience
macron2023_c018,macron2023,macron,fr,2023-12-31,new_year_address,18,24,0.783,92,45,0.22846714,0.15281078,0.18103448,-0.07920629,0.0,0.14918512,0.06834151,0.03275862,-0.1312837,0.0,0.1575649,0.06416996,0.03965517,-0.11100455,0.0,0.103498995,0.06787479,0.00862069,-0.1461726,0.0,0.14887252,0.08009093,0.077586204,-0.09153049,0.0,0.17989022,0.08981881,0.053448275,-0.13632509,0.0,0.19176784,0.12600979,0.00862069,-0.13953963,0.0,0.27404583,0.1697706,0.41551724,-0.033504277,0.0,0.12095437,0.04609666,0.0017241379,-0.16674685,0.18406606,0.12639841,0.00862069,-0.15691614,future_reform_technology,0.23448277,0.985566,0.000543152,0.008412979,0.023554333,0.004503272,0.99925196,0.02224367,0.15263121,0.0013019645,0.1847675,social_solidarity
macron2023_c019,macron2023,macron,fr,2023-12-31,new_year_address,19,24,0.826,84,45,0.45769805,0.40382636,0.9534483,0.15002462,4.4444447,0.26014683,0.18061608,0.4362069,-0.020321995,0.0,0.26198936,0.17211291,0.5017241,-0.0065800846,0.0,0.23378424,0.19827962,0.4362069,-0.01588735,0.0,0.26020747,0.18237944,0.6534483,0.019804463,0.0,0.387554,0.32288474,0.8086207,0.07133868,0.0,0.40685564,0.35670292,0.90172416,0.07554817,0.0,0.33030254,0.2365543,0.65,0.022752434,0.0,0.29309464,0.2061932,0.55,0.0053934157,0.42563772,0.39842427,0.8810345,0.08465552,national_identity,0.051724136,0.9998158,0.0007839425,0.0009110512,0.50903225,0.055926174,0.9984269,0.9982827,0.030243214,0.002560871,0.8265718,national_identity
macron2023_c020,macron2023,macron,fr,2023-12-31,new_year_address,20,24,0.87,113,60,0.32223135,0.26205182,0.5913793,0.014557928,3.3333333,0.2720046,0.17753074,0.5017241,-0.008464217,3.3333333,0.17978306,0.081400126,0.08793104,-0.08878638,0.0,0.19256184,0.1817597,0.17758621,-0.05710976,0.0,0.21324882,0.14538781,0.39482757,-0.027154192,0.0,0.22252184,0.14145517,0.15689655,-0.093693465,0.0,0.25697586,0.18270102,0.115517244,-0.07433161,0.0,0.2816748,0.1951052,0.45,-0.0258753,0.0,0.24588557,0.16089818,0.29827586,-0.041815653,0.27191642,0.21036367,0.15,-0.06906578,national_identity,0.08965516,0.98442644,0.88875884,0.00010932306,0.9129808,0.0012943682,0.99758923,0.5305405,0.0006525407,0.84586287,0.076476626,social_solidarity
macron2023_c021,macron2023,macron,fr,2023-12-31,new_year_address,21,24,0.913,119,70,0.28384358,0.19123796,0.42586207,-0.023829848,1.4285715,0.19890752,0.101535134,0.112068966,-0.0815613,0.0,0.19095427,0.09252708,0.16034482,-0.07761517,0.0,0.2783019,0.2145074,0.70862067,0.028630301,2.857143,0.23710594,0.16447733,0.55689657,-0.0032970756,0.0,0.21636379,0.13132186,0.13275862,-0.09985152,0.0,0.22801748,0.1498362,0.04310345,-0.10328999,0.0,0.3193133,0.21390602,0.6189655,0.011763185,0.0,0.24067321,0.14337131,0.28793103,-0.047028005,0.30427286,0.19663177,0.31206897,-0.03670934,foreign_policy,0.08965516,0.9728565,0.0002726548,0.0004092475,0.22164539,0.005040703,0.01747599,0.01046884,0.0055873864,0.0007437029,0.014985889,national_identity
macron2023_c022,macron2023,macron,fr,2023-12-31,new_year_address,22,24,0.957,179,107,0.3530149,0.26107013,0.7155172,0.045341462,0.93457943,0.23725533,0.15544134,0.31206897,-0.043213487,0.0,0.22760281,0.12697828,0.35344827,-0.04096663,0.0,0.23547071,0.1879741,0.45,-0.014200881,0.93457943,0.26740378,0.19579801,0.69482756,0.02700077,0.0,0.3086694,0.21676289,0.44310346,-0.007545918,0.93457943,0.30679533,0.22560269,0.36034483,-0.024512142,0.0,0.34567192,0.24291323,0.7017241,0.03812182,0.0,0.22869891,0.1297409,0.23620689,-0.05900231,0.29263437,0.22968961,0.26034483,-0.04834783,national_identity,0.013793111,0.9722043,0.00019222712,0.0005193049,0.0071007432,0.017526368,0.9594688,0.0058938786,0.0019475032,0.00053161324,0.009840805,national_identity
macron2023_c023,macron2023,macron,fr,2023-12-31,new_year_address,23,24,1.0,81,48,0.28314805,0.22839008,0.41551724,-0.024525374,0.0,0.22258763,0.1429814,0.25344828,-0.05788119,0.0,0.29382926,0.18892035,0.6810345,0.025259823,0.0,0.22274025,0.19459933,0.35344827,-0.026931345,0.0,0.26720804,0.2126556,0.68793106,0.026805028,0.0,0.28093588,0.21185404,0.34655172,-0.035279423,2.0833333,0.3353135,0.23107794,0.5362069,0.004006028,0.0,0.42531502,0.32306457,0.8810345,0.11776492,2.0833333,0.26977438,0.1736066,0.4224138,-0.017926842,0.3372719,0.2579008,0.48448277,-0.0037102997,future_reform_technology,0.19310343,0.94158703,0.00059302105,0.00035836728,0.1980642,0.06356951,0.99814695,0.00109019,0.00055820023,0.00014510751,0.008299689,social_solidarity
macron2024_c000,macron2024,macron,fr,2024-12-31,new_year_address,0,22,0.0,130,83,0.26888025,0.19778776,0.35689655,-0.038793176,1.2048193,0.24269909,0.13747197,0.33965516,-0.037769735,0.0,0.25940296,0.1711127,0.49137932,-0.009166479,0.0,0.22219461,0.16633631,0.34310344,-0.027476981,0.0,0.35686836,0.28551698,0.9293103,0.116465345,1.2048193,0.2516972,0.18968761,0.24310344,-0.064518094,1.2048193,0.26625514,0.18803081,0.14310345,-0.06505233,0.0,0.38008636,0.26997334,0.81206894,0.07253626,2.4096386,0.2496883,0.17712815,0.31551725,-0.03801292,0.30416483,0.24365568,0.3086207,-0.03681737,democracy_institutions,0.11724138,0.99972624,0.00016931273,0.158793,0.26293647,0.98551035,0.99901885,0.96002525,0.96731776,0.0002753298,0.9331572,national_identity
macron2024_c001,macron2024,macron,fr,2024-12-31,new_year_address,1,22,0.048,89,53,0.3357252,0.27989602,0.6327586,0.028051764,3.7735848,0.29000384,0.19320533,0.58793104,0.009535015,0.0,0.16847566,0.09103373,0.0637931,-0.10009378,0.0,0.16846831,0.15166403,0.09137931,-0.08120328,1.8867924,0.21758997,0.13714391,0.41896552,-0.022813037,0.0,0.24276087,0.1705303,0.21551724,-0.07345444,0.0,0.28705677,0.23729225,0.25689656,-0.044250697,0.0,0.19775756,0.1255371,0.077586204,-0.109792545,0.0,0.22595248,0.14985184,0.21551724,-0.061748743,0.25264007,0.22976643,0.10172414,-0.08834213,national_identity,0.04482758,0.99630713,0.14241071,7.998481e-05,0.95169514,0.0005003964,0.9837225,0.82014555,8.2041515e-05,0.025589554,0.11235638,national_identity
macron2024_c002,macron2024,macron,fr,2024-12-31,new_year_address,2,22,0.095,106,60,0.41608584,0.35094407,0.8775862,0.108412415,3.3333333,0.20344853,0.11476178,0.1362069,-0.07702029,0.0,0.2023031,0.1048951,0.21551724,-0.06626634,0.0,0.21110766,0.17302352,0.26034483,-0.038563937,1.6666666,0.2097303,0.13353987,0.3637931,-0.030672714,0.0,0.25385654,0.17285536,0.25,-0.062358767,0.0,0.28232872,0.22364262,0.2224138,-0.048978746,0.0,0.2278148,0.12503672,0.17068966,-0.07973531,0.0,0.21967378,0.12499997,0.17758621,-0.06802744,0.27211073,0.24493898,0.15344827,-0.06887147,national_identity,0.5137931,0.99977964,0.0012594988,0.0003997711,0.9917803,0.009936419,0.9961381,0.009250098,0.0013537589,0.0010775025,0.78793114,national_identity
macron2024_c003,macron2024,macron,fr,2024-12-31,new_year_address,3,22,0.143,130,72,0.32652217,0.23379795,0.6051724,0.018848747,2.7777777,0.19158375,0.1066098,0.08793104,-0.08888507,0.0,0.18147561,0.08736423,0.10517241,-0.08709383,0.0,0.17956063,0.13276176,0.118965514,-0.07011096,0.0,0.21127898,0.12912999,0.3810345,-0.029124036,0.0,0.23884882,0.14999138,0.19827586,-0.077366486,0.0,0.29862574,0.24967438,0.31551725,-0.032681733,0.0,0.29820448,0.18035811,0.51896554,-0.009345621,0.0,0.19081223,0.09190953,0.070689656,-0.09688899,0.25190604,0.1901961,0.09827586,-0.08907616,national_identity,0.08620685,0.98529965,0.0007628131,0.0008584096,0.06207469,0.0036749316,0.24816959,0.006981265,0.001119285,0.00048785712,0.011926523,national_identity
macron2024_c004,macron2024,macron,fr,2024-12-31,new_year_address,4,22,0.19,123,78,0.30416885,0.25654408,0.5086207,-0.0035045743,1.2820513,0.19343382,0.1146685,0.09137931,-0.087035,0.0,0.22560796,0.124283895,0.34655172,-0.04296148,0.0,0.13107255,0.08106204,0.036206897,-0.11859904,1.2820513,0.1973612,0.1241169,0.27413794,-0.04304181,0.0,0.3379384,0.27153665,0.5810345,0.021723092,1.2820513,0.37790883,0.2978564,0.78103447,0.046601355,1.2820513,0.25450343,0.17669545,0.3051724,-0.053046674,0.0,0.17361867,0.08232431,0.05,-0.114082545,0.33686894,0.32938913,0.4810345,-0.004113257,crisis_resilience,0.19999999,0.9085774,0.010590935,0.15713686,0.32949957,0.28841874,0.9968025,0.99448806,0.044722572,0.0012818053,0.86755556,social_solidarity
macron2024_c005,macron2024,macron,fr,2024-12-31,new_year_address,5,22,0.238,86,48,0.25186074,0.19036067,0.27758622,-0.055812687,2.0833333,0.35384083,0.27547938,0.80517244,0.07337201,0.0,0.33179492,0.24686256,0.8224138,0.06322548,2.0833333,0.23328465,0.18762459,0.4224138,-0.016386941,0.0,0.19854052,0.109690025,0.27758622,-0.041862488,0.0,0.29922283,0.24315116,0.39827585,-0.01699248,0.0,0.5310613,0.44075996,0.9913793,0.19975382,6.25,0.29801473,0.21426699,0.51551723,-0.009535372,2.0833333,0.32371783,0.26496378,0.68793106,0.036016613,0.32385477,0.3295282,0.41551724,-0.017127424,crisis_resilience,0.16896552,0.99960256,0.9739685,0.9644556,0.9928647,0.045057535,0.9980733,0.9997817,0.019946937,0.024774553,0.99926496,crisis_resilience
macron2024_c006,macron2024,macron,fr,2024-12-31,new_year_address,6,22,0.286,83,45,0.3051468,0.23679696,0.51896554,-0.002526611,0.0,0.31431717,0.21743974,0.7051724,0.033848345,0.0,0.25119755,0.15721756,0.45689654,-0.017371893,0.0,0.30198032,0.24395107,0.81206894,0.052308723,0.0,0.22992729,0.14969215,0.51551723,-0.010475725,0.0,0.32428095,0.24211037,0.51896554,0.008065641,6.6666665,0.336831,0.27326068,0.55344826,0.0055235326,0.0,0.2517431,0.16195717,0.28448275,-0.055806994,0.0,0.26456165,0.1916771,0.39827585,-0.023139566,0.32207137,0.2865455,0.40172413,-0.018910825,foreign_policy,0.10689652,0.9884585,0.0003755592,0.0004994205,0.3205554,0.04564947,0.9995399,0.06847517,0.00020105744,0.0013147247,0.9148249,social_solidarity
macron2024_c007,macron2024,macron,fr,2024-12-31,new_year_address,7,22,0.333,92,58,0.23796213,0.1683309,0.21206896,-0.0697113,1.7241379,0.20024222,0.124760866,0.12241379,-0.0802266,0.0,0.21538508,0.10768856,0.28103447,-0.05318436,0.0,0.20405301,0.17803772,0.21896552,-0.04561858,0.0,0.24964273,0.18266737,0.6189655,0.009239718,3.4482758,0.18701927,0.11796647,0.0637931,-0.12919603,0.0,0.25212884,0.1883001,0.10172414,-0.07917863,0.0,0.21683185,0.13686807,0.1362069,-0.090718254,0.0,0.29670948,0.21347624,0.5672414,0.009008259,0.2851793,0.22776578,0.23275863,-0.05580291,democracy_institutions,0.33793104,0.0040701376,0.026367886,0.0001618764,0.9915134,0.8597815,0.002434382,0.12543987,0.0002203833,0.022672437,0.00091819017,foreign_policy
macron2024_c008,macron2024,macron,fr,2024-12-31,new_year_address,8,22,0.381,87,47,0.2194935,0.17356317,0.14655173,-0.08817993,0.0,0.1727893,0.11347835,0.060344826,-0.107679516,0.0,0.18378562,0.1208061,0.12586206,-0.08478382,0.0,0.14727046,0.1351668,0.053448275,-0.10240114,0.0,0.17246464,0.12124611,0.14310345,-0.06793837,0.0,0.20844448,0.16711903,0.112068966,-0.10777083,0.0,0.22335169,0.16767435,0.03275862,-0.10795578,0.0,0.26055518,0.17165929,0.33620688,-0.046994925,0.0,0.25999936,0.16729483,0.37758622,-0.027701855,0.293957,0.2350047,0.2672414,-0.047025204,future_reform_technology,0.18965515,0.07551658,0.5633779,0.2557152,0.42679933,0.7237002,0.7240906,0.9418149,0.014714449,0.03405221,0.00062633416,crisis_resilience
macron2024_c009,macron2024,macron,fr,2024-12-31,new_year_address,9,22,0.429,88,53,0.30018285,0.22531417,0.48793104,-0.0074905753,0.0,0.28164297,0.16816467,0.5362069,0.0011741519,0.0,0.28182954,0.15457223,0.6189655,0.013260096,0.0,0.3035008,0.25371584,0.82586205,0.053829208,1.8867924,0.42875767,0.36570475,0.9913793,0.18835466,7.5471697,0.2734413,0.20205474,0.32931036,-0.04277399,0.0,0.3414483,0.257277,0.57758623,0.010140836,0.0,0.35672754,0.247957,0.7362069,0.049177438,0.0,0.29586577,0.20791875,0.5603448,0.008164555,0.3758546,0.30104232,0.69482756,0.034872413,democracy_institutions,0.16551727,0.006790941,0.0003711855,0.00231864,0.8045595,0.9961681,0.25261444,0.024260739,0.00096786174,0.0004313985,0.0005770346,democracy_institutions
macron2024_c010,macron2024,macron,fr,2024-12-31,new_year_address,10,22,0.476,101,55,0.2959862,0.2160398,0.46724138,-0.011687219,0.0,0.22311115,0.13533196,0.25689656,-0.05735767,0.0,0.31452358,0.19967839,0.75689656,0.045954138,0.0,0.24653776,0.19876033,0.5224138,-0.0031338334,0.0,0.26173514,0.18125632,0.6637931,0.02133213,0.0,0.33881742,0.24660341,0.58793104,0.022602111,0.0,0.28364056,0.1874257,0.23275863,-0.047666907,0.0,0.38127226,0.26587707,0.81551725,0.073722154,0.0,0.22807154,0.14873572,0.23275863,-0.05962968,0.36795625,0.2897544,0.6465517,0.026974052,future_reform_technology,0.05862069,0.8775817,0.004848533,0.0169637,0.77805966,0.353763,0.99692464,0.19151664,0.00019335655,0.00036329866,0.013571313,social_solidarity
macron2024_c011,macron2024,macron,fr,2024-12-31,new_year_address,11,22,0.524,85,53,0.2230607,0.1675866,0.15344827,-0.08461273,0.0,0.23278531,0.15950657,0.29827586,-0.047683507,1.8867924,0.39198,0.28626078,0.9155173,0.12341055,0.0,0.15669253,0.12650335,0.070689656,-0.09297906,0.0,0.27168262,0.21697648,0.712069,0.03127961,0.0,0.30504343,0.24929261,0.4224138,-0.011171877,0.0,0.27939004,0.18561417,0.19482759,-0.051917434,0.0,0.38796258,0.29385915,0.8327586,0.08041248,0.0,0.2487517,0.18176395,0.31206897,-0.03894952,0.30602586,0.25545335,0.31896552,-0.034956336,economy_welfare,0.082758665,0.06210312,0.00050530455,0.99301535,0.12158142,0.99936,0.9993135,0.4263216,0.017492766,0.00031076217,0.037928045,democracy_institutions
macron2024_c012,macron2024,macron,fr,2024-12-31,new_year_address,12,22,0.571,84,61,0.24563581,0.1815497,0.25,-0.062037617,0.0,0.2862637,0.21795598,0.5637931,0.005794883,1.6393442,0.41910183,0.34613344,0.94655174,0.1505324,0.0,0.16754621,0.12718073,0.08793104,-0.08212538,0.0,0.2915892,0.23139262,0.78103447,0.05118619,0.0,0.3778838,0.31294176,0.7637931,0.061668485,1.6393442,0.3255697,0.21585661,0.48448277,-0.0057377815,0.0,0.35341692,0.27976143,0.72931033,0.045866817,0.0,0.25226748,0.18199433,0.33275864,-0.03543374,0.3460845,0.29393774,0.52931035,0.0051023066,economy_welfare,0.16551727,0.0019877742,0.00079162966,0.73516655,0.00029365465,0.4414322,0.98150665,0.0014579035,0.000886499,7.513915e-05,0.053849377,social_solidarity
macron2024_c013,macron2024,macron,fr,2024-12-31,new_year_address,13,22,0.619,155,87,0.34006023,0.25811538,0.6672414,0.03238681,3.4482758,0.4192076,0.32776707,0.95689654,0.13873878,4.597701,0.2649163,0.15996031,0.5224138,-0.0036531389,1.1494253,0.34932947,0.33893326,0.9293103,0.09965788,3.4482758,0.29232872,0.21421912,0.787931,0.051925704,3.4482758,0.3131169,0.24350531,0.47068965,-0.0030983984,0.0,0.3832683,0.3174476,0.81206894,0.051960826,1.1494253,0.3390627,0.23756233,0.6810345,0.03151259,0.0,0.4507928,0.42110613,0.9913793,0.16309157,0.3918544,0.33094385,0.7775862,0.050872207,security_military,0.027586222,0.99486536,0.99547917,0.00078854576,0.99961704,0.50613374,0.597373,0.9972718,0.0015700477,0.9905692,0.111482814,foreign_policy
macron2024_c014,macron2024,macron,fr,2024-12-31,new_year_address,14,22,0.667,144,84,0.23148954,0.17422515,0.18793103,-0.076183885,1.1904762,0.4234002,0.34516817,0.9637931,0.14293137,7.142857,0.16330166,0.09085071,0.046551723,-0.10526778,0.0,0.24580623,0.2546052,0.51896554,-0.0038653612,4.7619047,0.1968658,0.14661054,0.2637931,-0.043537214,0.0,0.19166782,0.1659753,0.08103448,-0.12454748,0.0,0.23937331,0.19988829,0.0637931,-0.09193416,0.0,0.31438667,0.23391604,0.5913793,0.0068365633,0.0,0.31340086,0.296813,0.6327586,0.025699645,0.22624114,0.21184924,0.053448275,-0.11474106,security_military,0.3724138,0.9675638,0.99954164,0.00015628518,0.99887085,0.7664248,0.8623372,0.96777767,0.07906798,0.9546369,0.9494823,security_military
macron2024_c015,macron2024,macron,fr,2024-12-31,new_year_address,15,22,0.714,161,104,0.21845216,0.13206694,0.1362069,-0.08922127,1.9230769,0.32926318,0.24397895,0.75344825,0.04879436,1.9230769,0.3131804,0.24845761,0.74655175,0.044610947,1.9230769,0.31647956,0.29523352,0.8568966,0.06680797,2.8846154,0.20749047,0.16812152,0.33620688,-0.032912537,0.0,0.22158481,0.1719438,0.15,-0.094630495,0.0,0.29424632,0.2130459,0.29482758,-0.037061155,0.0,0.51789284,0.4495943,0.9775862,0.21034274,1.9230769,0.3143639,0.26197267,0.6396552,0.026662678,0.31500798,0.23394248,0.3810345,-0.025974214,future_reform_technology,0.12068963,0.94409955,0.99159515,0.22715844,0.9985047,0.13223414,0.9938788,0.055387247,0.9974491,0.00077481644,0.1511374,foreign_policy
macron2024_c016,macron2024,macron,fr,2024-12-31,new_year_address,16,22,0.762,151,90,0.20058903,0.15004794,0.08448276,-0.10708439,0.0,0.13578437,0.06165167,0.018965518,-0.14468445,0.0,0.25846776,0.17581527,0.48793104,-0.010101676,2.2222223,0.1850192,0.16530347,0.15,-0.0646524,3.3333333,0.20760259,0.16130427,0.33965516,-0.03280042,1.1111112,0.2176126,0.17235075,0.13965517,-0.09860271,0.0,0.24036664,0.16292885,0.06724138,-0.09094083,0.0,0.3784836,0.28547245,0.80172414,0.07093349,1.1111112,0.19293107,0.16011952,0.07413793,-0.09477015,0.27396834,0.21337564,0.16724138,-0.06701386,future_reform_technology,0.3137931,0.98337495,0.008219692,0.8669795,0.9056044,0.9668515,0.99151343,0.66140366,0.36681655,0.0003535028,0.13875328,social_solidarity
macron2024_c017,macron2024,macron,fr,2024-12-31,new_year_address,17,22,0.81,89,57,0.24170353,0.18116093,0.22586207,-0.0659699,1.754386,0.242352,0.17549357,0.33620688,-0.038116828,0.0,0.4650311,0.39839202,0.9775862,0.19646165,3.508772,0.24380162,0.20336786,0.512069,-0.0058699697,1.754386,0.20572808,0.1522412,0.32931036,-0.034674928,0.0,0.2121273,0.15452991,0.12586206,-0.10408801,0.0,0.37749058,0.3103854,0.7775862,0.04618311,1.754386,0.37719023,0.2710801,0.7948276,0.06964013,0.0,0.25321996,0.1902225,0.33620688,-0.034481257,0.27190194,0.22050777,0.14655173,-0.06908026,economy_welfare,0.18275863,0.99258256,0.00042305805,0.99889266,0.99704784,0.053009767,0.9947391,0.9997659,0.33989608,0.00018378455,0.0072468016,crisis_resilience
macron2024_c018,macron2024,macron,fr,2024-12-31,new_year_address,18,22,0.857,88,52,0.19672622,0.13085172,0.08103448,-0.11094721,0.0,0.23077706,0.13716316,0.28793103,-0.049691767,0.0,0.25767735,0.18647707,0.4810345,-0.010892093,0.0,0.2496256,0.22782548,0.55689657,-4.5999885e-05,1.9230769,0.19543463,0.12808868,0.25,-0.04496838,0.0,0.16018455,0.11100079,0.018965518,-0.15603076,0.0,0.23793784,0.16335773,0.056896552,-0.09336963,0.0,0.3976354,0.2794587,0.84310347,0.0900853,1.9230769,0.20572104,0.15035425,0.12586206,-0.08198018,0.22975099,0.16989441,0.06724138,-0.11123121,future_reform_technology,0.2862069,0.99850756,0.98907655,0.0008575725,0.9977217,0.1720675,0.52806956,0.9979927,0.9981968,0.008694534,0.014050092,national_identity
macron2024_c019,macron2024,macron,fr,2024-12-31,new_year_address,19,22,0.905,86,48,0.3397743,0.27622098,0.65689653,0.032100886,2.0833333,0.23686662,0.16147503,0.3086207,-0.0436022,0.0,0.26920325,0.17392017,0.5465517,0.000633806,0.0,0.27662602,0.25150132,0.69827586,0.026954427,0.0,0.23877952,0.17044863,0.5637931,-0.0016234964,2.0833333,0.2980133,0.237515,0.3913793,-0.018202007,0.0,0.47580218,0.38969326,0.9741379,0.14449471,2.0833333,0.47875223,0.36223653,0.94655174,0.17120212,2.0833333,0.3219822,0.2455414,0.67068964,0.034280986,0.3522804,0.2903791,0.5672414,0.011298209,crisis_resilience,0.027586162,0.97977436,0.74908715,0.14116298,0.9813822,0.79857975,0.9990508,0.9970878,0.022575267,0.0033897832,0.70304,social_solidarity
macron2024_c020,macron2024,macron,fr,2024-12-31,new_year_address,20,22,0.952,158,92,0.26431942,0.2041612,0.32931036,-0.043354005,0.0,0.24672928,0.1788401,0.36034483,-0.033739537,1.0869565,0.36836976,0.26476496,0.87413794,0.09980032,1.0869565,0.25435287,0.24682677,0.58793104,0.0046812743,0.0,0.3153627,0.25643343,0.84310347,0.07495968,1.0869565,0.26125598,0.20798716,0.27758622,-0.054959327,0.0,0.33657348,0.23535737,0.55,0.0052660108,0.0,0.5308082,0.42689136,0.98448277,0.22325811,0.0,0.28657484,0.20980099,0.5224138,-0.0011263788,0.36210555,0.2813018,0.6224138,0.02112335,future_reform_technology,0.11034483,0.46605575,0.009268013,0.54280263,0.5161077,0.1101836,0.98494184,0.908699,0.07120272,0.0002747927,0.16052908,social_solidarity
macron2024_c021,macron2024,macron,fr,2024-12-31,new_year_address,21,22,1.0,160,94,0.42390853,0.37071067,0.89827585,0.11623511,4.255319,0.2650638,0.18605137,0.4637931,-0.015405029,0.0,0.32069308,0.21629417,0.787931,0.052123636,0.0,0.28127438,0.24749577,0.72931033,0.031602785,0.0,0.31689015,0.23688361,0.8465517,0.07648714,0.0,0.37289274,0.30813038,0.7362069,0.05667743,0.0,0.35492867,0.26822704,0.6431034,0.023621202,0.0,0.46461186,0.37339634,0.9258621,0.15706176,0.0,0.27107996,0.19450587,0.4362069,-0.016621262,0.42979994,0.37518668,0.8913793,0.088817745,future_reform_technology,0.027586222,0.99298817,0.064880855,0.05354544,0.8566925,0.79358625,0.99634296,0.13023011,0.011093566,0.0017443814,0.90328354,social_solidarity
macron2025_c000,macron2025,macron,fr,2025-12-31,new_year_address,0,16,0.0,149,88,0.37030134,0.3056502,0.75,0.06262791,3.409091,0.4490881,0.366767,0.9741379,0.16861928,1.1363636,0.2903771,0.21481077,0.66034484,0.02180767,0.0,0.23246258,0.17103207,0.41206896,-0.017209008,0.0,0.26734293,0.19835857,0.6913793,0.026939914,0.0,0.4357695,0.3463236,0.9189655,0.11955419,2.2727273,0.39156538,0.3407241,0.8534483,0.06025791,1.1363636,0.28694484,0.20030053,0.47413793,-0.020605266,0.0,0.29425865,0.21176669,0.55689657,0.006557435,0.31474596,0.283768,0.37758622,-0.026236236,security_military,0.055172384,0.9891082,0.9901306,0.0006449432,0.02913216,0.071073666,0.9984361,0.99788016,8.581069e-05,0.00035557945,0.891197,social_solidarity
macron2025_c001,macron2025,macron,fr,2025-12-31,new_year_address,1,16,0.067,193,126,0.39158934,0.29765087,0.84310347,0.08391592,0.0,0.41839468,0.3331132,0.9534483,0.13792586,1.5873016,0.43684566,0.36383376,0.95,0.16827622,3.1746032,0.3015674,0.24917012,0.80517244,0.051895812,1.5873016,0.2923694,0.21563238,0.79137933,0.051966384,0.7936508,0.41854516,0.3584137,0.8810345,0.10232985,0.7936508,0.47704574,0.41006976,0.9775862,0.14573827,0.0,0.32605925,0.22526926,0.6431034,0.01850915,0.7936508,0.36061442,0.28099233,0.82931036,0.0729132,0.37183082,0.3737669,0.67068964,0.030848622,crisis_resilience,0.024137914,0.99974686,0.9992357,0.9929678,0.99664307,0.9920774,0.9506177,0.99403125,0.00043563012,0.0036856742,0.99804676,national_identity
macron2025_c002,macron2025,macron,fr,2025-12-31,new_year_address,2,16,0.133,173,100,0.18737184,0.100225426,0.070689656,-0.12030159,0.0,0.32766265,0.23436677,0.74655175,0.047193825,3.0,0.26692587,0.16470706,0.5362069,-0.0016435683,1.0,0.33820897,0.32626534,0.89827585,0.08853738,6.0,0.18126404,0.11829999,0.18103448,-0.05913897,0.0,0.17237268,0.100724705,0.03965517,-0.14384262,0.0,0.32658726,0.25019833,0.49137932,-0.004720211,0.0,0.28135833,0.20529237,0.4465517,-0.026191771,0.0,0.42683178,0.36019748,0.98103446,0.13913056,0.31167942,0.21263638,0.36034483,-0.029302776,foreign_policy,0.1517241,0.39443418,0.97939354,0.0012668908,0.9994877,0.00086092605,0.003337405,0.055005286,0.00048785715,0.99896777,0.00096409186,foreign_policy
macron2025_c003,macron2025,macron,fr,2025-12-31,new_year_address,3,16,0.2,48,27,0.27406505,0.2041542,0.37413794,-0.033608377,0.0,0.27667278,0.21273634,0.51896554,-0.003796041,0.0,0.32414418,0.24422726,0.7982759,0.055574745,3.7037036,0.14677206,0.102448985,0.05,-0.10289954,0.0,0.21431646,0.14077315,0.4051724,-0.026086554,0.0,0.37860125,0.3101167,0.76724136,0.062385947,0.0,0.33595532,0.26417768,0.54310346,0.004647851,0.0,0.27057213,0.17794006,0.40172413,-0.036977977,0.0,0.3083427,0.22797069,0.6086207,0.020641476,0.25348234,0.21295133,0.10517241,-0.08749986,economy_welfare,0.03103453,0.00035350278,0.00032062363,0.004178429,0.35913935,0.015906392,0.0029607841,0.07369626,0.00012100821,0.0002576446,6.35219e-05,foreign_policy
macron2025_c004,macron2025,macron,fr,2025-12-31,new_year_address,4,16,0.267,165,97,0.20973754,0.16329134,0.10172414,-0.097935885,1.0309278,0.31981835,0.24301076,0.71896553,0.039349526,1.0309278,0.35986924,0.2581769,0.8534483,0.0912998,1.0309278,0.21469216,0.16980734,0.2913793,-0.034979433,1.0309278,0.24567197,0.18510282,0.6051724,0.005268961,1.0309278,0.26356524,0.20994242,0.28793103,-0.052650064,0.0,0.3224792,0.2633162,0.45344827,-0.008828282,3.0927835,0.35928595,0.27679414,0.75,0.05173585,0.0,0.28402966,0.23327155,0.5086207,-0.0036715567,0.27541962,0.24439968,0.17413794,-0.065562576,economy_welfare,0.10344827,0.95683634,0.0005072813,0.86390907,0.08897849,0.95257413,0.9799286,0.9627082,0.028463027,0.0003360055,0.013768818,social_solidarity
macron2025_c005,macron2025,macron,fr,2025-12-31,new_year_address,5,16,0.333,156,88,0.24673823,0.15643752,0.25689656,-0.0609352,0.0,0.4534263,0.3395443,0.9775862,0.17295748,0.0,0.30262142,0.20470014,0.70862067,0.034051985,0.0,0.23338991,0.17174934,0.42586207,-0.01628168,1.1363636,0.32029882,0.24082804,0.85,0.07989581,0.0,0.3060943,0.21059924,0.42586207,-0.010121018,0.0,0.3525002,0.2509487,0.6362069,0.02119273,0.0,0.39776248,0.31609008,0.8465517,0.090212375,1.1363636,0.33490765,0.2657972,0.7362069,0.04720643,0.29003662,0.2056236,0.25,-0.05094558,security_military,0.12758619,0.8350132,0.5222022,0.00031688946,0.9946307,0.7804952,0.9983158,0.99951875,0.00039511535,0.0014607494,0.20499761,crisis_resilience
macron2025_c006,macron2025,macron,fr,2025-12-31,new_year_address,6,16,0.4,151,92,0.2743829,0.19292769,0.37758622,-0.033290535,0.0,0.26213378,0.18152025,0.44310346,-0.018335044,0.0,0.30192912,0.20725054,0.7017241,0.033359677,1.0869565,0.23433705,0.19469059,0.4465517,-0.015334547,2.173913,0.27203992,0.22332086,0.7155172,0.03163691,0.0,0.25685635,0.19179863,0.26034483,-0.059358954,0.0,0.27278823,0.2254168,0.16724138,-0.058519244,0.0,0.37168783,0.28024387,0.7741379,0.06413773,0.0,0.23270479,0.16600718,0.25,-0.05499643,0.32719064,0.25302505,0.42586207,-0.013791561,future_reform_technology,0.05862069,0.81526923,0.00024584908,0.6048147,0.9585183,0.8957509,0.95606345,0.039546005,0.00017400543,0.0007613258,0.09231887,foreign_policy
macron2025_c007,macron2025,macron,fr,2025-12-31,new_year_address,7,16,0.467,86,63,0.28073072,0.20754234,0.39827585,-0.0269427,0.0,0.26403466,0.20070001,0.45344827,-0.016434163,0.0,0.26391822,0.16897085,0.512069,-0.0046512187,0.0,0.21184343,0.16687703,0.2672414,-0.037828162,0.0,0.30065966,0.23647368,0.8189655,0.060256645,1.5873016,0.36216778,0.27263907,0.7017241,0.04595247,0.0,0.34763163,0.2640477,0.5948276,0.016324162,1.5873016,0.24952093,0.17862277,0.2672414,-0.058029175,0.0,0.2711824,0.18949677,0.43965518,-0.016518831,0.3118138,0.26510105,0.3637931,-0.029168397,democracy_institutions,0.11724138,0.15046522,0.006375936,0.27011907,0.0011559009,0.98303634,0.99894536,0.91305834,0.00052542303,0.001050517,0.0498659,social_solidarity
macron2025_c008,macron2025,macron,fr,2025-12-31,new_year_address,8,16,0.533,124,77,0.31195837,0.23561132,0.55344826,0.004284948,2.5974026,0.40743142,0.33806822,0.9396552,0.1269626,1.2987013,0.3653455,0.2772348,0.8672414,0.09677607,0.0,0.25243545,0.21852618,0.57758623,0.0027638525,0.0,0.29848114,0.2400751,0.81206894,0.058078125,0.0,0.36751646,0.28569707,0.7224138,0.05130115,0.0,0.32259446,0.25094947,0.46034482,-0.008713007,0.0,0.46834236,0.3986079,0.9327586,0.16079226,1.2987013,0.2841896,0.18649322,0.512069,-0.0035116076,0.31117845,0.23000824,0.35689655,-0.029803753,security_military,0.0068965554,0.9981559,0.9984512,0.00021277167,0.13764836,0.9960392,0.99880743,0.5213493,0.8938203,0.046205755,0.3555511,social_solidarity
macron2025_c009,macron2025,macron,fr,2025-12-31,new_year_address,9,16,0.6,142,78,0.16183063,0.09741065,0.03275862,-0.14584279,0.0,0.21134071,0.14668132,0.19827586,-0.06912811,0.0,0.21495436,0.10353678,0.27413794,-0.05361508,0.0,0.25705272,0.22081783,0.59827584,0.0073811263,0.0,0.24990226,0.17496699,0.6224138,0.009499252,2.5641026,0.17122723,0.09532912,0.03275862,-0.14498807,0.0,0.21644837,0.13081771,0.02586207,-0.114859104,0.0,0.29721057,0.21653375,0.5086207,-0.010339528,0.0,0.25710255,0.16858704,0.35689655,-0.03059867,0.23016822,0.14727786,0.070689656,-0.110813975,democracy_institutions,0.024137974,0.97693753,0.7989722,0.0049533066,0.90942556,0.98231316,0.95179605,0.797872,0.018599967,0.006837205,0.8560618,democracy_institutions
macron2025_c010,macron2025,macron,fr,2025-12-31,new_year_address,10,16,0.667,156,88,0.5141071,0.4564808,0.9913793,0.20643368,5.681818,0.34050336,0.26014167,0.7775862,0.060034543,0.0,0.28443235,0.19627859,0.6362069,0.015862912,0.0,0.24245772,0.2015107,0.49827588,-0.0072138757,0.0,0.25809306,0.18901548,0.6465517,0.017690048,0.0,0.430346,0.35655573,0.90172416,0.114130706,1.1363636,0.3907211,0.32327956,0.8465517,0.05941364,2.2727273,0.35241055,0.24425913,0.7258621,0.044860452,0.0,0.34875068,0.26696503,0.7982759,0.06104946,0.46735847,0.41911936,0.96034485,0.12637627,national_identity,0.08965516,0.9966234,0.2928986,0.016801616,0.80799145,0.54673815,0.99929726,0.99390835,0.0080152685,0.04057874,0.8583628,social_solidarity
macron2025_c011,macron2025,macron,fr,2025-12-31,new_year_address,11,16,0.733,150,94,0.42898238,0.35674882,0.91206896,0.12130895,1.0638298,0.35727885,0.25835302,0.8224138,0.07681003,0.0,0.32018185,0.23566628,0.7741379,0.051612407,0.0,0.28947198,0.24969359,0.75344825,0.03980039,2.1276596,0.32046998,0.2441901,0.8568966,0.080066964,2.1276596,0.48356688,0.40397844,0.98103446,0.16735157,0.0,0.39667097,0.30138478,0.87413794,0.0653635,1.0638298,0.36956507,0.268573,0.77068967,0.062014967,0.0,0.3660062,0.28734085,0.8568966,0.078304976,0.48448518,0.4151614,0.9775862,0.14350298,social_solidarity,0.068965495,0.99878156,0.029395705,0.0018566755,0.787196,0.624408,0.9962162,0.9793145,0.00022871328,0.08605427,0.40453687,national_identity
macron2025_c012,macron2025,macron,fr,2025-12-31,new_year_address,12,16,0.8,169,99,0.24578881,0.18698755,0.25344828,-0.06188461,0.0,0.3973086,0.31413215,0.9258621,0.11683977,3.030303,0.25991625,0.19382064,0.4948276,-0.008653194,1.010101,0.2921073,0.3207177,0.76724136,0.04243572,6.060606,0.24155754,0.186815,0.58793104,0.0011545271,0.0,0.23360166,0.2055994,0.18793103,-0.08261365,0.0,0.29424447,0.23643748,0.2913793,-0.037063003,0.0,0.36128074,0.2882988,0.75689656,0.053730637,0.0,0.34421843,0.30825174,0.7775862,0.056517214,0.35037464,0.30383334,0.5603448,0.00939244,security_military,0.15862072,0.9309577,0.98872286,0.010323163,0.9995006,0.05110641,0.11459128,0.63193506,0.00080880726,0.6065567,0.33323193,foreign_policy
macron2025_c013,macron2025,macron,fr,2025-12-31,new_year_address,13,16,0.867,107,58,0.23219721,0.17539233,0.19137931,-0.075476214,1.7241379,0.24311754,0.14875653,0.34310344,-0.03735128,0.0,0.411188,0.33069056,0.9396552,0.14261857,6.8965516,0.26505244,0.2538755,0.6396552,0.0153808445,8.620689,0.23185226,0.18422061,0.5327586,-0.008550748,0.0,0.2588887,0.21487981,0.2672414,-0.057326615,0.0,0.23732123,0.16526029,0.053448275,-0.09398624,0.0,0.34766448,0.26252118,0.70862067,0.040114373,0.0,0.23513734,0.19044456,0.26034483,-0.052563876,0.33576906,0.26995087,0.47068965,-0.0052131414,economy_welfare,0.23103452,0.99889916,0.04021909,0.7525585,0.999415,0.49292037,0.8098217,0.089255944,0.99967813,0.00062878407,0.57678044,future_reform_technology
macron2025_c014,macron2025,macron,fr,2025-12-31,new_year_address,14,16,0.933,105,58,0.27982062,0.23609224,0.3913793,-0.027852803,0.0,0.1695551,0.11949438,0.053448275,-0.11091372,0.0,0.2720878,0.20817538,0.55689657,0.0035183728,0.0,0.13978817,0.11974509,0.04310345,-0.10988343,0.0,0.21874899,0.16339412,0.42586207,-0.021654025,0.0,0.3120244,0.26571172,0.4637931,-0.004190892,0.0,0.30470067,0.20301406,0.35,-0.026606798,0.0,0.4240038,0.346422,0.8775862,0.11645371,0.0,0.21877986,0.13633016,0.17068966,-0.06892136,0.37147105,0.3021887,0.66034484,0.030488849,future_reform_technology,0.32068962,0.052230854,0.008594111,0.26020142,0.12629944,0.3475371,0.99846923,0.04181299,0.00090396777,0.0003668626,0.0032476764,social_solidarity
macron2025_c015,macron2025,macron,fr,2025-12-31,new_year_address,15,16,1.0,179,102,0.42656976,0.34263718,0.9051724,0.118896335,2.9411764,0.29213637,0.17286375,0.59827584,0.01166755,0.0,0.3267753,0.20111847,0.8086207,0.058205873,1.9607843,0.28175226,0.22091919,0.73275864,0.032080665,0.0,0.29720956,0.19417885,0.8086207,0.05680655,1.9607843,0.41483587,0.32286942,0.87413794,0.098620564,0.0,0.3891005,0.29899934,0.8362069,0.05779302,0.0,0.50254524,0.366386,0.9672414,0.19499514,1.9607843,0.30980808,0.22233054,0.61551726,0.022106856,0.43901747,0.36315808,0.9086207,0.098035276,future_reform_technology,0.062069,0.8604864,0.00012436224,0.0811185,0.008283628,0.0060503976,0.97272736,0.55838716,0.0038618704,8.2041515e-05,0.27664167,social_solidarity
merkel1_c000,merkel1,merkel,de,2016-12-31,new_year_address,0,12,0.0,145,86,0.26806694,0.21045369,0.35,-0.03960648,1.1627907,0.3142733,0.3070777,0.7017241,0.033804476,1.1627907,0.18467236,0.12648192,0.1362069,-0.083897084,0.0,0.19055031,0.1912215,0.17068966,-0.05912128,0.0,0.16901222,0.12640256,0.13275862,-0.07139079,0.0,0.2645228,0.19423747,0.29482758,-0.051692516,0.0,0.38983494,0.3297315,0.84310347,0.05852747,2.3255813,0.23359072,0.1488188,0.19137931,-0.07395938,0.0,0.3709803,0.32294834,0.87068963,0.08327907,0.28519112,0.22218396,0.23620689,-0.05579108,crisis_resilience,0.14137936,0.99886864,0.9793442,0.0008492457,0.99768585,0.0032224841,0.9012926,0.9994705,0.0003107622,0.029145973,0.0011291546,crisis_resilience
merkel1_c001,merkel1,merkel,de,2016-12-31,new_year_address,1,12,0.091,87,51,0.1704972,0.12960535,0.03965517,-0.13717623,0.0,0.30248204,0.27972025,0.6534483,0.022013217,1.9607843,0.07291311,0.068498455,0.0017241379,-0.19565633,0.0,0.1160665,0.089204006,0.015517241,-0.1336051,0.0,0.09937732,0.056636326,0.00862069,-0.14102569,0.0,0.23689649,0.20888627,0.19482759,-0.07931882,0.0,0.28706825,0.23287255,0.26034483,-0.044239223,0.0,0.07590472,0.022012878,0.0017241379,-0.23164538,0.0,0.34723437,0.28759468,0.787931,0.05953315,0.20577765,0.1789114,0.018965518,-0.13520455,security_military,0.39310345,0.9891082,0.9332486,0.007831049,0.9252131,0.777891,0.9459013,0.99917686,0.0007138378,0.09051417,0.009214366,crisis_resilience
merkel1_c002,merkel1,merkel,de,2016-12-31,new_year_address,2,12,0.182,84,52,0.20731877,0.14811093,0.094827585,-0.10035466,0.0,0.16204631,0.1306031,0.03965517,-0.11842251,0.0,0.12526368,0.11390378,0.015517241,-0.14330576,0.0,0.09749541,0.07192334,0.005172414,-0.15217619,0.0,0.11468431,0.07548759,0.015517241,-0.1257187,0.0,0.32426867,0.26503193,0.51551723,0.008053362,0.0,0.40621156,0.301323,0.8913793,0.074904084,0.0,0.10197896,0.042470533,0.005172414,-0.20557114,0.0,0.21993898,0.12757234,0.18448275,-0.06776224,0.27654213,0.24177775,0.18448275,-0.06444007,crisis_resilience,0.37586206,0.41869694,0.00010679088,8.497683e-05,0.025226828,0.024539704,0.9923416,0.38157958,0.000112792986,0.0005368274,0.0026522598,social_solidarity
merkel1_c003,merkel1,merkel,de,2016-12-31,new_year_address,3,12,0.273,87,50,0.2393501,0.22279796,0.21551724,-0.06832333,2.0,0.29846346,0.2728933,0.62931037,0.017994642,4.0,0.14321549,0.11627661,0.02586207,-0.12535395,2.0,0.16946046,0.14584869,0.094827585,-0.08021113,2.0,0.1575195,0.1168069,0.10172414,-0.08288351,0.0,0.33683127,0.29168594,0.57758623,0.020615965,2.0,0.32168308,0.25625768,0.45,-0.009624392,0.0,0.17871389,0.118936405,0.046551723,-0.12883621,0.0,0.4166898,0.37090993,0.95,0.1289886,0.3973963,0.362009,0.80517244,0.056414098,security_military,0.051724136,0.6146832,0.5493989,0.0017718027,0.32702324,0.20601411,0.99918324,0.9967523,0.00066540233,0.046746712,0.9891082,social_solidarity
merkel1_c004,merkel1,merkel,de,2016-12-31,new_year_address,4,12,0.364,103,66,0.30098057,0.27585948,0.49137932,-0.0066928566,0.0,0.28719598,0.28502604,0.5672414,0.006727159,0.0,0.19447628,0.18323776,0.18103448,-0.07409316,0.0,0.24118033,0.2353307,0.48448277,-0.008491263,0.0,0.2869781,0.25098816,0.77068967,0.046575084,3.030303,0.4052084,0.3781441,0.8534483,0.0889931,1.5151515,0.34877646,0.2925477,0.6086207,0.017468989,0.0,0.22971874,0.16851678,0.17758621,-0.07783136,0.0,0.310233,0.28007597,0.6189655,0.022531778,0.36449248,0.35757208,0.6327586,0.023510277,social_solidarity,0.082758605,0.9984782,0.94955254,0.00032313756,0.9400511,0.9981505,0.9233162,0.9594972,0.00012436227,0.3686472,0.78378165,national_identity
merkel1_c005,merkel1,merkel,de,2016-12-31,new_year_address,5,12,0.455,148,78,0.22520532,0.19921184,0.16034482,-0.08246811,1.2820513,0.42117977,0.42126134,0.96034485,0.14071095,5.1282053,0.21451901,0.20235987,0.27068967,-0.05405043,1.2820513,0.23768307,0.21495833,0.45344827,-0.011988521,1.2820513,0.28393137,0.2627192,0.7637931,0.043528363,1.2820513,0.2886907,0.27503538,0.37068966,-0.02752462,2.5641026,0.3515178,0.29433078,0.6327586,0.020210326,0.0,0.29918993,0.25667036,0.52931035,-0.008360177,0.0,0.413941,0.36993697,0.94655174,0.12623978,0.31978926,0.3070826,0.39482757,-0.021192938,security_military,0.19655174,0.99567693,0.92630374,0.00028573602,0.82168895,0.9933201,0.99395543,0.9890554,0.010228811,0.018869258,0.9672869,national_identity
merkel1_c006,merkel1,merkel,de,2016-12-31,new_year_address,6,12,0.545,97,57,0.27062133,0.1813209,0.36724138,-0.037052095,1.754386,0.14272714,0.089566745,0.022413794,-0.13774168,0.0,0.15967678,0.10804745,0.04310345,-0.108892664,0.0,0.19555418,0.16429083,0.19137931,-0.05411741,3.508772,0.27513748,0.24671522,0.73275864,0.034734473,3.508772,0.28779092,0.20302086,0.3637931,-0.028424382,0.0,0.2588566,0.19244567,0.118965514,-0.072450876,0.0,0.23472224,0.16108555,0.19827586,-0.07282786,0.0,0.21985498,0.17332652,0.18103448,-0.06784624,0.27692878,0.19439319,0.18793103,-0.064053416,democracy_institutions,0.36551726,0.005587386,0.03302355,0.15266675,0.9680356,0.9796287,0.127707,0.5403024,0.00089519075,0.00085090456,0.013045613,democracy_institutions
merkel1_c007,merkel1,merkel,de,2016-12-31,new_year_address,7,12,0.636,104,58,0.3049454,0.22215363,0.51551723,-0.0027280152,3.4482758,0.123865664,0.090681255,0.00862069,-0.15660316,0.0,0.15650935,0.108597085,0.03275862,-0.112060085,0.0,0.25417274,0.21846253,0.5844827,0.004501149,3.4482758,0.13381295,0.09790658,0.04310345,-0.10659006,0.0,0.20353125,0.14297518,0.094827585,-0.112684056,0.0,0.26527524,0.21373081,0.13965517,-0.06603223,0.0,0.27687138,0.19663727,0.43275863,-0.03067872,1.7241379,0.16665927,0.14762667,0.03275862,-0.12104195,0.2833694,0.2517367,0.21896552,-0.057612807,foreign_policy,0.068965495,0.046205748,0.21601154,0.0038806999,0.9901306,0.36511707,0.291195,0.96401775,0.0011559007,0.0016549242,0.023487044,foreign_policy
merkel1_c008,merkel1,merkel,de,2016-12-31,new_year_address,8,12,0.727,180,99,0.26857325,0.19258301,0.35344827,-0.03910017,0.0,0.24585323,0.17744133,0.35689655,-0.03461559,0.0,0.2205109,0.14846908,0.3086207,-0.04805854,0.0,0.32148328,0.29159492,0.87413794,0.07181169,1.010101,0.38775992,0.33858687,0.9534483,0.14735691,2.020202,0.3008203,0.2317383,0.4051724,-0.0153950155,0.0,0.38776812,0.31502062,0.82586205,0.05646065,0.0,0.31196654,0.23969027,0.5810345,0.004416436,0.0,0.30119568,0.25541303,0.5844827,0.013494462,0.3911685,0.3322892,0.7741379,0.050186306,democracy_institutions,0.07931036,0.9156582,0.52566177,0.00029193956,0.9883014,0.95052594,0.9862577,0.99096227,0.0001713082,0.00021235658,0.97246706,crisis_resilience
merkel1_c009,merkel1,merkel,de,2016-12-31,new_year_address,9,12,0.818,129,73,0.25198126,0.19469863,0.28103447,-0.055692166,1.369863,0.20059934,0.19385208,0.12586206,-0.07986948,0.0,0.32267997,0.2734699,0.7948276,0.054110527,1.369863,0.20836598,0.18830529,0.23965517,-0.041305616,1.369863,0.3671058,0.33884752,0.9396552,0.1267028,2.739726,0.3597538,0.29783612,0.6810345,0.04353848,1.369863,0.32486746,0.2544344,0.47413793,-0.0064400136,1.369863,0.32049417,0.2597685,0.62586206,0.0129440725,0.0,0.26127732,0.21900219,0.38448277,-0.026423901,0.32968932,0.28246135,0.43965518,-0.011292875,democracy_institutions,0.1448276,0.9924227,0.0004477008,0.7779331,0.85299677,0.803251,0.9988027,0.9554856,0.0014579035,0.0008167382,0.03038675,social_solidarity
merkel1_c010,merkel1,merkel,de,2016-12-31,new_year_address,10,12,0.909,154,100,0.21595018,0.13965127,0.12931034,-0.09172325,0.0,0.16722795,0.16687635,0.046551723,-0.11324087,0.0,0.41183406,0.40211856,0.94310343,0.14326462,4.0,0.1663647,0.14577161,0.08448276,-0.08330689,0.0,0.19140905,0.19710097,0.22931035,-0.04899396,0.0,0.33984324,0.2904349,0.5948276,0.023627937,0.0,0.3251315,0.23462772,0.4810345,-0.006175965,0.0,0.428402,0.3577705,0.88793105,0.120851904,2.0,0.16185918,0.14062074,0.018965518,-0.12584203,0.2836483,0.26623994,0.22586207,-0.057333887,economy_welfare,0.055172384,0.9343353,0.00025814815,0.99973726,0.14360754,0.3491166,0.99806195,0.018107349,0.7688634,0.0005838325,0.6738895,economy_welfare
merkel1_c011,merkel1,merkel,de,2016-12-31,new_year_address,11,12,1.0,79,50,0.31984136,0.255013,0.5741379,0.012167931,4.0,0.20617399,0.1790246,0.15344827,-0.074294835,0.0,0.29256183,0.25410327,0.67413795,0.02399239,2.0,0.3032243,0.24734175,0.8224138,0.053552702,2.0,0.2646591,0.22608452,0.6672414,0.024256095,2.0,0.38602847,0.31261402,0.80517244,0.06981316,2.0,0.34897953,0.27079916,0.61206895,0.017672062,0.0,0.39512777,0.30861837,0.8362069,0.08757767,2.0,0.24550396,0.20157799,0.29482758,-0.042197257,0.3828314,0.33379588,0.7362069,0.041849196,future_reform_technology,0.013793111,0.9968885,0.000559291,0.99212325,0.84727407,0.038574696,0.99855906,0.6482019,0.00022038327,0.00024015534,0.9339146,social_solidarity
merkel2_c000,merkel2,merkel,de,2017-12-31,new_year_address,0,10,0.0,109,71,0.3316141,0.2906391,0.6224138,0.023940682,2.8169014,0.21770325,0.18507248,0.22586207,-0.06276557,0.0,0.21733877,0.14859377,0.29482758,-0.05123067,0.0,0.18656665,0.1577143,0.15689655,-0.06310494,0.0,0.13526773,0.0958657,0.053448275,-0.10513528,0.0,0.38178244,0.30781615,0.787931,0.065567136,1.4084507,0.32639048,0.24663557,0.48793104,-0.0049169958,0.0,0.2408741,0.15434048,0.22931035,-0.066676006,0.0,0.27061865,0.23000187,0.42931035,-0.017082572,0.38968349,0.32792884,0.7637931,0.048701286,social_solidarity,0.16551721,0.99951404,0.0042563495,0.00038596612,0.95840174,0.22910373,0.91090274,0.84421647,0.00021111625,0.00020502215,0.53995365,national_identity
merkel2_c001,merkel2,merkel,de,2017-12-31,new_year_address,1,10,0.111,118,70,0.33985615,0.25015515,0.66034484,0.032182723,2.857143,0.22602116,0.19866991,0.27758622,-0.054447666,0.0,0.30205745,0.24055383,0.7051724,0.033488005,2.857143,0.20194468,0.1595573,0.20862068,-0.047726914,1.4285715,0.30960208,0.25772288,0.82586205,0.06919907,1.4285715,0.46166378,0.3657289,0.9534483,0.14544848,4.285714,0.2813394,0.23087531,0.21206896,-0.049968064,0.0,0.22734663,0.1490005,0.1637931,-0.08020347,0.0,0.22091664,0.17191014,0.19827586,-0.066784576,0.33953452,0.2937737,0.5086207,-0.0014476776,social_solidarity,0.12758625,0.99961555,0.00011682841,0.99952996,0.91886336,0.994146,0.9993162,0.0094217,0.00034531674,9.7425196e-05,0.9984177,national_identity
merkel2_c002,merkel2,merkel,de,2017-12-31,new_year_address,2,10,0.222,116,75,0.18647382,0.13917196,0.06724138,-0.12119961,0.0,0.20195538,0.17788249,0.12931034,-0.07851344,0.0,0.20696473,0.18275267,0.23965517,-0.06160471,1.3333334,0.11661491,0.08873737,0.018965518,-0.13305669,0.0,0.11655954,0.09658309,0.018965518,-0.12384347,0.0,0.23989727,0.19426744,0.20517242,-0.07631804,0.0,0.2740451,0.20249921,0.18103448,-0.05726236,0.0,0.23448479,0.17382157,0.19482759,-0.07306531,0.0,0.21282417,0.19854064,0.15689655,-0.07487705,0.2140333,0.16987424,0.03275862,-0.1269489,economy_welfare,0.034482747,0.97995734,0.83270484,0.78266245,0.86891025,0.883889,0.99020666,0.9965098,0.0003119781,0.00039743638,0.0025708675,crisis_resilience
merkel2_c003,merkel2,merkel,de,2017-12-31,new_year_address,3,10,0.333,136,80,0.3249079,0.296638,0.59827584,0.017234474,3.75,0.26547676,0.23023134,0.46724138,-0.014992058,0.0,0.33234337,0.26997244,0.82931036,0.06377393,1.25,0.2675782,0.23527591,0.66034484,0.017906621,0.0,0.26632303,0.24694704,0.67413795,0.025920019,0.0,0.3399201,0.2779107,0.59827584,0.023704797,0.0,0.36777893,0.2953483,0.7155172,0.036471456,1.25,0.38006502,0.3230431,0.8086207,0.07251492,1.25,0.27729732,0.24454048,0.47413793,-0.010403901,0.36163518,0.31146675,0.61551726,0.02065298,economy_welfare,0.020689666,0.29715118,0.00020502215,0.0009697519,0.2621801,0.25019073,0.9992191,0.0015070488,0.00023231421,0.00017064044,0.010724796,social_solidarity
merkel2_c004,merkel2,merkel,de,2017-12-31,new_year_address,4,10,0.444,115,70,0.2627886,0.18635827,0.3224138,-0.04488483,4.285714,0.09489407,0.0912414,0.0017241379,-0.18557476,0.0,0.314748,0.30532777,0.7603448,0.04617855,1.4285715,0.19635507,0.18059853,0.19827586,-0.05331652,1.4285715,0.17782551,0.16751304,0.1637931,-0.0625775,0.0,0.36253327,0.3082684,0.7051724,0.046317965,1.4285715,0.28025436,0.18755156,0.19827586,-0.051053107,0.0,0.46694744,0.39100343,0.9293103,0.15939733,1.4285715,0.14375368,0.11953454,0.005172414,-0.14394754,0.3531453,0.31867874,0.57758623,0.012163103,future_reform_technology,0.16896552,0.6520545,0.0002948036,0.9574771,0.35981393,0.0268612,0.9925826,0.08748584,0.95934516,0.00031503872,0.4375231,social_solidarity
merkel2_c005,merkel2,merkel,de,2017-12-31,new_year_address,5,10,0.556,90,60,0.20816562,0.13929021,0.09827586,-0.09950781,0.0,0.2432736,0.19866146,0.34655172,-0.03719522,0.0,0.37439942,0.35738033,0.8810345,0.105829984,3.3333333,0.24281898,0.22139841,0.5017241,-0.006852612,0.0,0.21563777,0.21841568,0.41206896,-0.024765238,0.0,0.24128996,0.1992541,0.21206896,-0.07492535,0.0,0.25437495,0.18101296,0.10517241,-0.07693252,0.0,0.5719908,0.5380535,0.9982759,0.2644407,8.333333,0.2042639,0.16252303,0.118965514,-0.08343732,0.2802933,0.22893852,0.19827586,-0.060688913,future_reform_technology,0.11724138,0.037326887,0.42143276,0.36330795,0.57618433,0.7883185,0.99116975,0.12619172,0.9623383,0.00016124539,0.00936717,social_solidarity
merkel2_c006,merkel2,merkel,de,2017-12-31,new_year_address,6,10,0.667,160,98,0.28482783,0.23431367,0.43275863,-0.022845596,0.0,0.32052058,0.29693362,0.7224138,0.04005176,2.0408163,0.39813873,0.39902753,0.9189655,0.12956929,0.0,0.24908601,0.21537977,0.55,-0.00058558583,0.0,0.23720336,0.22727077,0.5603448,-0.0031996518,0.0,0.44693115,0.43323958,0.9362069,0.13071585,2.0408163,0.35261232,0.261678,0.6396552,0.021304846,0.0,0.34067708,0.27562785,0.6913793,0.03312698,0.0,0.22687939,0.20565397,0.2224138,-0.06082183,0.3377866,0.32508343,0.4948276,-0.0031955838,social_solidarity,0.017241359,0.6595697,0.0029121784,0.41881576,0.35585886,0.36153096,0.99844515,0.038286004,0.001176375,0.0002885393,0.32589588,social_solidarity
merkel2_c007,merkel2,merkel,de,2017-12-31,new_year_address,7,10,0.778,137,84,0.3704702,0.3168314,0.75344825,0.06279677,1.1904762,0.39134336,0.36632347,0.9189655,0.11087453,1.1904762,0.27532393,0.20677401,0.5913793,0.0067544878,0.0,0.3392409,0.31539446,0.90172416,0.089569315,2.3809524,0.22683519,0.21098769,0.4775862,-0.01356782,0.0,0.39105082,0.3305937,0.81206894,0.07483551,1.1904762,0.3624403,0.30499926,0.68793106,0.031132817,0.0,0.35684192,0.29661804,0.7396552,0.04929182,2.3809524,0.3230137,0.29173234,0.6810345,0.035312474,0.41304946,0.37950537,0.8534483,0.07206726,security_military,0.017241359,0.9963571,0.9989956,0.000593021,0.9954217,0.17441028,0.9733169,0.8593689,0.0015761827,0.0139288595,0.8800775,security_military
merkel2_c008,merkel2,merkel,de,2017-12-31,new_year_address,8,10,0.889,85,52,0.28263047,0.21821748,0.41206896,-0.025042951,3.8461537,0.32202265,0.2652247,0.7258621,0.041553825,1.9230769,0.2926247,0.24642459,0.6775862,0.024055272,3.8461537,0.34254837,0.33465236,0.91206896,0.09287678,3.8461537,0.26060206,0.227182,0.65689653,0.020199046,0.0,0.38024467,0.33107328,0.7741379,0.064029366,1.9230769,0.32764116,0.28378624,0.49827588,-0.0036663115,0.0,0.36112463,0.3091938,0.75344825,0.053574532,1.9230769,0.31772256,0.26545814,0.6534483,0.03002134,0.37414363,0.31331426,0.68793106,0.03316143,foreign_policy,0.13793105,0.99368566,0.0123360995,0.9930961,0.9914142,0.7673849,0.9897811,0.78347117,0.82068515,0.00019910393,0.6218854,national_identity
merkel2_c009,merkel2,merkel,de,2017-12-31,new_year_address,9,10,1.0,121,65,0.29600617,0.23299885,0.47068965,-0.011667252,1.5384616,0.17987753,0.13025358,0.06724138,-0.10059129,0.0,0.24274164,0.19337906,0.42586207,-0.025827795,1.5384616,0.26502484,0.24435568,0.6362069,0.0153532475,1.5384616,0.41139823,0.36238223,0.9775862,0.17099522,4.6153846,0.3757883,0.29634732,0.75,0.059572995,3.0769231,0.29200107,0.20800933,0.28448275,-0.039306402,0.0,0.38639423,0.31296504,0.82586205,0.07884413,1.5384616,0.20784603,0.17276227,0.13275862,-0.07985519,0.41713375,0.3496942,0.8603448,0.07615155,democracy_institutions,0.15172416,0.99965936,0.00019222712,0.00028573605,0.79518133,0.9497248,0.9998317,0.13660838,0.0029121782,0.000610641,0.99594563,social_solidarity
merkel2020_c000,merkel2020,merkel,de,2019-12-31,new_year_address,0,11,0.0,114,69,0.283275,0.25581574,0.41896552,-0.024398416,0.0,0.1630967,0.14779568,0.04310345,-0.117372125,0.0,0.22241443,0.20611906,0.33275864,-0.046155006,0.0,0.21327692,0.20917569,0.27758622,-0.03639467,0.0,0.15095383,0.14708781,0.08103448,-0.08944918,0.0,0.31349304,0.2674787,0.4775862,-0.0027222633,1.4492754,0.3058442,0.22365656,0.35344827,-0.025463283,0.0,0.41695356,0.3529579,0.87068963,0.10940346,0.0,0.25130683,0.21103463,0.32586208,-0.036394387,0.3806082,0.33661035,0.7224138,0.039626002,future_reform_technology,0.39310342,0.9679296,0.9116921,0.36523026,0.81062883,0.54601204,0.98909235,0.88577974,0.94903547,0.00058726134,0.79166,social_solidarity
merkel2020_c001,merkel2020,merkel,de,2019-12-31,new_year_address,1,11,0.1,171,113,0.2648701,0.2198573,0.33275864,-0.042803317,0.88495576,0.20239106,0.18748593,0.13275862,-0.07807776,0.0,0.37316734,0.32310832,0.8775862,0.1045979,3.539823,0.19071959,0.17519525,0.17413794,-0.058952004,0.0,0.22055657,0.20351675,0.43965518,-0.01984644,0.88495576,0.2804627,0.21843858,0.34310344,-0.035752594,1.7699115,0.30179185,0.21198581,0.32931036,-0.029515624,0.0,0.5333424,0.4710189,0.9913793,0.22579232,3.539823,0.20915586,0.17688638,0.15,-0.07854536,0.37644702,0.32094833,0.7017241,0.035464823,future_reform_technology,0.113793135,0.9971606,0.000440763,0.37868887,0.9520307,0.102664016,0.99967426,0.08137364,0.99612314,0.0003466678,0.9407081,social_solidarity
merkel2020_c002,merkel2020,merkel,de,2019-12-31,new_year_address,2,11,0.2,99,61,0.18527359,0.16609362,0.0637931,-0.12239984,0.0,0.15077564,0.12717909,0.036206897,-0.12969318,0.0,0.12024373,0.14387256,0.00862069,-0.14832571,0.0,0.12665036,0.121370696,0.029310346,-0.12302123,0.0,0.12979081,0.13951579,0.022413794,-0.1106122,0.0,0.2628107,0.24282137,0.28448275,-0.0534046,0.0,0.347907,0.24359813,0.6051724,0.016599536,0.0,0.5070656,0.43140692,0.97068965,0.19951549,1.6393442,0.20911537,0.19790596,0.14310345,-0.07858585,0.32826725,0.30032036,0.43275863,-0.012714952,future_reform_technology,0.36551726,0.47219667,0.1379384,0.4887714,0.8318272,0.39957732,0.99178034,0.97459245,0.108566426,0.019326588,0.20149879,social_solidarity
merkel2020_c003,merkel2020,merkel,de,2019-12-31,new_year_address,3,11,0.3,146,77,0.14813301,0.14701809,0.02586207,-0.15954041,0.0,0.22499102,0.20248854,0.27068967,-0.055477798,0.0,0.18906453,0.19195893,0.15344827,-0.07950491,1.2987013,0.12185767,0.1320846,0.022413794,-0.12781392,1.2987013,0.1056781,0.09563682,0.0120689655,-0.13472492,0.0,0.1746878,0.16450915,0.046551723,-0.1415275,0.0,0.30282438,0.26176953,0.33965516,-0.028483093,1.2987013,0.29990423,0.2316839,0.5327586,-0.007645875,1.2987013,0.23584609,0.22453624,0.2672414,-0.051855132,0.22381225,0.21871057,0.04310345,-0.11716995,future_reform_technology,0.19310343,0.06584469,0.00082797185,0.0019858377,0.93288255,0.08055615,0.15866259,0.9987816,0.004556114,0.00039511538,0.029703751,crisis_resilience
merkel2020_c004,merkel2020,merkel,de,2019-12-31,new_year_address,4,11,0.4,145,93,0.1712212,0.13823876,0.04310345,-0.13645223,1.0752689,0.12972116,0.1047911,0.0120689655,-0.15074766,0.0,0.21449804,0.15920416,0.2672414,-0.054071397,0.0,0.1798823,0.14889437,0.12241379,-0.06978929,0.0,0.14667368,0.15329534,0.070689656,-0.09372933,0.0,0.223801,0.17302358,0.16034482,-0.092414305,0.0,0.19344267,0.12255551,0.015517241,-0.1378648,0.0,0.37420455,0.31173834,0.7844828,0.066654444,2.1505377,0.15547726,0.124375865,0.015517241,-0.13222396,0.22089021,0.19843316,0.036206897,-0.12009199,future_reform_technology,0.51724136,0.8038291,0.0010754024,0.28135622,0.93205243,0.9554804,0.9291356,0.8180837,0.00028741473,0.00024251157,0.020293485,democracy_institutions
merkel2020_c005,merkel2020,merkel,de,2019-12-31,new_year_address,5,11,0.5,106,58,0.3725118,0.3002905,0.7637931,0.06483838,0.0,0.21953964,0.17955932,0.23620689,-0.06092918,0.0,0.26576138,0.23912236,0.5327586,-0.0028080642,1.7241379,0.18787101,0.14402181,0.1637931,-0.061800584,0.0,0.22717492,0.21123591,0.4810345,-0.013228089,0.0,0.4856791,0.42628625,0.98448277,0.16946378,3.4482758,0.40189892,0.33621505,0.88793105,0.07059145,0.0,0.33075458,0.25858825,0.6534483,0.023204476,0.0,0.17164321,0.14969376,0.046551723,-0.11605801,0.33729413,0.3178062,0.48793104,-0.0036880672,social_solidarity,0.09655172,0.79145867,0.00015177364,0.05422377,0.019512549,0.8618873,0.99884635,0.7866228,0.91968757,0.00013238187,0.83682144,social_solidarity
merkel2020_c006,merkel2020,merkel,de,2019-12-31,new_year_address,6,11,0.6,109,61,0.21941422,0.15517238,0.14310345,-0.088259205,0.0,0.1843445,0.13270575,0.077586204,-0.09612432,0.0,0.25674433,0.24255106,0.4775862,-0.0118251145,0.0,0.15341869,0.131658,0.0637931,-0.0962529,0.0,0.35078478,0.30714658,0.92241377,0.11038177,3.2786884,0.42208713,0.347785,0.8913793,0.10587183,4.9180326,0.25466108,0.17382056,0.10862069,-0.07664639,0.0,0.3694625,0.31990567,0.76724136,0.061912388,1.6393442,0.16302118,0.11432175,0.02586207,-0.12468004,0.29402667,0.21916811,0.27068967,-0.046955526,democracy_institutions,0.03103447,0.017636001,0.00023095727,0.0070458753,0.0076956474,0.27788922,0.9991912,0.017602196,0.96930236,0.00025216964,0.07544844,social_solidarity
merkel2020_c007,merkel2020,merkel,de,2019-12-31,new_year_address,7,11,0.7,116,67,0.2989336,0.24985391,0.48448277,-0.008739829,0.0,0.37098438,0.3172207,0.87068963,0.090515554,0.0,0.25654724,0.19649236,0.47068965,-0.012022197,0.0,0.2172493,0.17263018,0.30172414,-0.03242229,0.0,0.40925378,0.36769348,0.97068965,0.16885076,2.9850745,0.37716803,0.3209996,0.75689656,0.060952723,0.0,0.3347871,0.28351533,0.5327586,0.0034796298,0.0,0.2634911,0.21301773,0.35,-0.04405901,0.0,0.34648535,0.29927546,0.78103447,0.058784127,0.33534884,0.26872882,0.46724138,-0.005633354,democracy_institutions,0.100000024,0.9818579,0.0023688741,0.00011614594,0.045416046,0.97184587,0.9995661,0.48730743,0.00020263402,0.003869391,0.10456872,social_solidarity
merkel2020_c008,merkel2020,merkel,de,2019-12-31,new_year_address,8,11,0.8,138,78,0.34163702,0.2816572,0.6810345,0.03396359,1.2820513,0.29001352,0.27817202,0.5913793,0.0095447,0.0,0.28836507,0.25096858,0.6534483,0.019795626,1.2820513,0.2698428,0.24346268,0.6775862,0.02017121,2.5641026,0.36270398,0.3244328,0.9327586,0.12230097,2.5641026,0.51564884,0.44769067,0.9982759,0.19943354,2.5641026,0.34997958,0.2854842,0.6224138,0.018672109,0.0,0.25135505,0.19905236,0.28103447,-0.05619505,0.0,0.2581127,0.2253313,0.36724138,-0.02958852,0.41489312,0.38793802,0.8568966,0.07391092,social_solidarity,0.06551725,0.84994,0.013584393,0.017560028,0.82275945,0.84466547,0.99944174,0.40409586,0.00010350561,0.0004373344,0.9931362,social_solidarity
merkel2020_c009,merkel2020,merkel,de,2019-12-31,new_year_address,9,11,0.9,128,79,0.22682585,0.16986428,0.17068966,-0.080847576,0.0,0.20898771,0.16352612,0.17758621,-0.07148111,2.5316455,0.19164385,0.15600365,0.1637931,-0.07692559,0.0,0.38012308,0.35467473,0.9534483,0.13045149,2.5316455,0.14734904,0.12755555,0.07413793,-0.09305397,0.0,0.25231847,0.20101297,0.24655172,-0.063896835,0.0,0.2626055,0.16567263,0.1362069,-0.06870198,0.0,0.30074453,0.2229949,0.53965515,-0.006805569,0.0,0.2759799,0.2342305,0.46034482,-0.011721313,0.45263028,0.37981206,0.9396552,0.11164808,foreign_policy,0.41379315,0.008694534,0.10150035,0.00068117114,0.9997434,0.22712632,0.8787572,0.10649297,0.00037263773,0.036117923,0.99670774,foreign_policy
merkel2020_c010,merkel2020,merkel,de,2019-12-31,new_year_address,10,11,1.0,90,49,0.28131098,0.25674903,0.40172413,-0.026362449,2.0408163,0.4114082,0.43705177,0.94655174,0.13093936,4.0816326,0.30641305,0.29896632,0.7258621,0.037843615,4.0816326,0.22554007,0.20519044,0.3810345,-0.024131522,0.0,0.1756162,0.16647504,0.15344827,-0.06478681,0.0,0.43403548,0.4035002,0.9086207,0.11782017,0.0,0.31028938,0.2816255,0.38793105,-0.021018088,0.0,0.19292507,0.15734671,0.0637931,-0.11462504,0.0,0.30207798,0.282036,0.5913793,0.0143767595,0.32748914,0.3189216,0.42931035,-0.013493061,security_military,0.037931025,0.042942394,0.750187,0.8045787,0.22346178,0.13933781,0.99864364,0.039011665,0.00028741476,0.000506292,0.22550188,social_solidarity
merkel3_c000,merkel3,merkel,de,2018-12-31,new_year_address,0,9,0.0,119,77,0.26169765,0.21476674,0.31551725,-0.045975775,0.0,0.1687623,0.12966934,0.05,-0.111706525,0.0,0.26171497,0.15859884,0.49827588,-0.0068544745,0.0,0.20364255,0.1608311,0.21551724,-0.046029046,0.0,0.1961281,0.17058806,0.25344828,-0.04427491,0.0,0.21019527,0.14097589,0.118965514,-0.10602003,0.0,0.30351242,0.25790948,0.34310344,-0.027795047,0.0,0.23278764,0.1753377,0.18793103,-0.07476246,0.0,0.24276015,0.17694533,0.2913793,-0.044941068,0.2764541,0.21134308,0.18103448,-0.06452811,economy_welfare,0.15517244,0.02737649,0.0012065897,0.00011797477,0.73753643,0.92109185,0.06394842,0.18133567,0.00010071399,0.00013083978,0.00011213408,democracy_institutions
merkel3_c001,merkel3,merkel,de,2018-12-31,new_year_address,1,9,0.125,85,47,0.35872447,0.30516168,0.7258621,0.05105105,2.1276596,0.2829111,0.24260384,0.55344826,0.0024422705,0.0,0.2893231,0.23092093,0.65689653,0.020753652,0.0,0.29651585,0.2549113,0.79137933,0.04684426,0.0,0.42048228,0.38890165,0.987931,0.18007927,2.1276596,0.40865254,0.33933544,0.8568966,0.09243724,2.1276596,0.33711562,0.2742887,0.55689657,0.005808145,0.0,0.3046724,0.24830309,0.5637931,-0.0028777122,0.0,0.27758488,0.22234929,0.4810345,-0.010116339,0.4545671,0.37448382,0.94310343,0.113584906,democracy_institutions,0.13103443,0.9860174,0.17081468,0.00058726134,0.66649675,0.9781876,0.99492484,0.25778842,0.00057031563,0.00018271105,0.9957602,social_solidarity
merkel3_c002,merkel3,merkel,de,2018-12-31,new_year_address,2,9,0.25,90,50,0.13571475,0.11475873,0.0120689655,-0.17195867,0.0,0.121981904,0.10776781,0.005172414,-0.15848692,0.0,0.18374649,0.118101195,0.12241379,-0.08482295,0.0,0.18696043,0.15713006,0.16034482,-0.062711164,0.0,0.13360234,0.12967809,0.03965517,-0.106800675,0.0,0.1483196,0.10102059,0.015517241,-0.1678957,0.0,0.18151762,0.13021106,0.005172414,-0.14978985,0.0,0.2480214,0.20152166,0.26034483,-0.05952871,0.0,0.16768499,0.10462642,0.036206897,-0.12001623,0.22630447,0.16755232,0.060344826,-0.11467773,future_reform_technology,0.10000001,0.9486028,0.07185941,0.024307018,0.6095242,0.9971909,0.84065187,0.967225,9.6478514e-05,0.00030238242,0.20370755,democracy_institutions
merkel3_c003,merkel3,merkel,de,2018-12-31,new_year_address,3,9,0.375,92,57,0.33991742,0.2950426,0.6637931,0.032243997,1.754386,0.2103967,0.16320324,0.19482759,-0.070072114,0.0,0.22795077,0.17953628,0.36034483,-0.040618673,0.0,0.31914842,0.2886811,0.87068963,0.06947683,0.0,0.34940925,0.32571596,0.9155173,0.10900624,1.754386,0.39161387,0.34187037,0.81551725,0.075398564,1.754386,0.42910707,0.32529414,0.95,0.0977996,1.754386,0.43392932,0.36038953,0.8948276,0.12637922,0.0,0.27353644,0.23366547,0.45344827,-0.014164776,0.49033308,0.45286524,0.98103446,0.14935088,crisis_resilience,0.034482718,0.99742913,0.012784187,0.32167304,0.6422081,0.97170866,0.99904895,0.9969426,0.0037727475,0.00050728134,0.97031033,social_solidarity
merkel3_c004,merkel3,merkel,de,2018-12-31,new_year_address,4,9,0.5,131,82,0.121238135,0.07305024,0.005172414,-0.18643528,0.0,0.13254076,0.08838975,0.015517241,-0.14792806,0.0,0.09584039,0.041850246,0.005172414,-0.17272905,0.0,0.15267159,0.11971329,0.060344826,-0.097,1.2195122,0.05803504,0.03491008,0.0017241379,-0.18236798,0.0,0.11785119,0.060109504,0.0017241379,-0.19836411,0.0,0.22460464,0.15481168,0.03965517,-0.106702834,0.0,0.17109826,0.08983044,0.03275862,-0.13645184,0.0,0.16632304,0.103867605,0.029310346,-0.12137818,0.16741244,0.106298506,0.005172414,-0.17356975,foreign_policy,0.020689655,0.90117306,0.12231338,8.767405e-05,0.74017435,0.00015416334,0.14651415,0.22025855,0.006400731,0.00016378425,0.023241926,national_identity
merkel3_c005,merkel3,merkel,de,2018-12-31,new_year_address,5,9,0.625,202,112,0.23750383,0.18370987,0.20862068,-0.0701696,0.0,0.31200612,0.25409445,0.69827586,0.031537294,0.89285713,0.16531974,0.12707584,0.056896552,-0.1032497,0.0,0.3560635,0.33073083,0.9362069,0.10639189,2.6785715,0.13192981,0.120149985,0.029310346,-0.1084732,0.0,0.29295403,0.26778138,0.3810345,-0.023261279,0.0,0.4113772,0.33106053,0.91206896,0.08006972,0.0,0.3052363,0.22127736,0.5672414,-0.0023137927,0.89285713,0.3647594,0.325617,0.8534483,0.077058166,0.40911272,0.37366483,0.8362069,0.06813052,foreign_policy,0.024137914,0.9889492,0.6123097,0.0022300123,0.98628414,0.25063756,0.9414392,0.98063636,0.000257142,0.5623117,0.9043553,national_identity
merkel3_c006,merkel3,merkel,de,2018-12-31,new_year_address,6,9,0.75,113,62,0.20650652,0.1376067,0.09137931,-0.101166904,1.6129032,0.30373916,0.26008824,0.66034484,0.023270339,3.2258065,0.19958916,0.1447529,0.19482759,-0.06898028,0.0,0.41497058,0.38968372,0.9775862,0.16529898,4.83871,0.15952641,0.1406315,0.10862069,-0.0808766,0.0,0.27340126,0.20789994,0.32586208,-0.042814046,0.0,0.2843206,0.20638274,0.24310344,-0.046986878,0.0,0.35095188,0.2720682,0.71896553,0.043401778,0.0,0.29089198,0.2261404,0.53965515,0.0031907558,0.3824507,0.32039925,0.73275864,0.0414685,foreign_policy,0.25862068,0.0014186347,0.99181205,0.00023921931,0.9982143,0.0068305754,0.0015307452,0.49670413,0.00016931274,0.0018102111,0.87125593,foreign_policy
merkel3_c007,merkel3,merkel,de,2018-12-31,new_year_address,7,9,0.875,169,93,0.2824412,0.2223301,0.4086207,-0.025232226,0.0,0.29902434,0.26538825,0.6362069,0.018555522,3.2258065,0.3035617,0.26182985,0.71896553,0.034992248,3.2258065,0.18496114,0.16138552,0.14655173,-0.06471045,2.1505377,0.27517396,0.24997562,0.7362069,0.03477095,0.0,0.43823913,0.36632723,0.92241377,0.12202382,1.0752689,0.3084323,0.23727849,0.37758622,-0.02287516,0.0,0.2626936,0.19789371,0.34655172,-0.04485649,1.0752689,0.25003895,0.19742648,0.3224138,-0.037662268,0.4062717,0.35310388,0.82931036,0.0652895,social_solidarity,0.18620688,0.0054639652,0.9630919,0.16560154,0.9035073,0.18436332,0.99949074,0.09223707,0.00029251014,0.00084099954,0.93048984,social_solidarity
merkel3_c008,merkel3,merkel,de,2018-12-31,new_year_address,8,9,1.0,108,62,0.19524825,0.12644057,0.077586204,-0.11242518,0.0,0.19839472,0.17166758,0.10517241,-0.082074106,0.0,0.4011051,0.3952542,0.9258621,0.13253567,4.83871,0.21770848,0.17888802,0.3051724,-0.03196311,0.0,0.2192425,0.21682933,0.43275863,-0.021160513,0.0,0.27226517,0.22303967,0.31896552,-0.04395014,1.6129032,0.24932176,0.17098853,0.09137931,-0.08198571,0.0,0.5262215,0.47649157,0.98103446,0.21867141,4.83871,0.17698747,0.14386785,0.053448275,-0.11071375,0.29245672,0.22362411,0.25689656,-0.048525482,future_reform_technology,0.055172384,0.0048579667,0.00012632043,0.99914414,0.80867237,0.5106185,0.9973581,0.03750274,0.8666412,0.000114122384,0.019985154,economy_welfare
putin2022_c000,putin2022,putin,en,2022-12-31,new_year_address,0,11,0.0,108,87,0.32014415,0.32014415,0.5810345,0.012470722,1.1494253,0.25903982,0.25903982,0.42586207,-0.021429002,0.0,0.17104131,0.17104131,0.06724138,-0.09752813,0.0,0.24665746,0.24665746,0.5258621,-0.0030141324,0.0,0.20305783,0.20305783,0.3086207,-0.037345186,0.0,0.3331328,0.3331328,0.5637931,0.016917497,1.1494253,0.34013796,0.34013796,0.5672414,0.008830488,0.0,0.22163877,0.22163877,0.14310345,-0.08591133,0.0,0.26826003,0.26826003,0.41551724,-0.019441187,0.3030071,0.3030071,0.30172414,-0.037975103,national_identity,0.013793111,0.99182004,0.547706,0.00012558252,0.9688414,0.00307537,0.9898892,0.38641605,0.00025414696,0.00048406242,0.0015070488,national_identity
putin2022_c001,putin2022,putin,en,2022-12-31,new_year_address,1,11,0.1,100,85,0.40062523,0.40062523,0.8568966,0.092951804,2.3529413,0.3706444,0.3706444,0.8637931,0.09017557,0.0,0.22967461,0.22967461,0.37758622,-0.038894832,0.0,0.32760948,0.32760948,0.8775862,0.077937886,0.0,0.24912547,0.24912547,0.61551726,0.008722454,0.0,0.3124128,0.3124128,0.46724138,-0.003802508,1.1764706,0.34081724,0.34081724,0.5741379,0.009509772,0.0,0.34776008,0.34776008,0.712069,0.04020998,2.3529413,0.37149808,0.37149808,0.8775862,0.08379686,0.3471653,0.3471653,0.54310346,0.006183088,foreign_policy,0.013793111,0.99908537,0.08593914,0.00032567108,0.6699608,0.06717858,0.9847377,0.99589807,0.00041568954,0.014813884,0.9443054,national_identity
putin2022_c002,putin2022,putin,en,2022-12-31,new_year_address,2,11,0.2,112,96,0.38571367,0.38571367,0.82586205,0.07804024,3.125,0.36906338,0.36906338,0.8603448,0.088594556,2.0833333,0.18174715,0.18174715,0.112068966,-0.086822286,0.0,0.30183405,0.30183405,0.8086207,0.052162454,1.0416666,0.20035252,0.20035252,0.28448275,-0.04005049,0.0,0.3187685,0.3187685,0.4948276,0.0025531948,1.0416666,0.4619429,0.4619429,0.9672414,0.13063544,0.0,0.27573195,0.27573195,0.4224138,-0.03181815,1.0416666,0.3515132,0.3515132,0.80517244,0.06381199,0.34913558,0.34913558,0.55,0.008153379,crisis_resilience,0.10689658,0.9948803,0.99937004,9.7235126e-05,0.7799091,0.0046909326,0.04375231,0.9120061,0.00017813114,0.004166256,0.003541531,security_military
putin2022_c003,putin2022,putin,en,2022-12-31,new_year_address,3,11,0.3,124,101,0.18075645,0.18075645,0.060344826,-0.12691697,0.0,0.21233264,0.21233264,0.20517242,-0.068136185,1.980198,0.13991924,0.13991924,0.018965518,-0.1286502,0.0,0.27912384,0.27912384,0.71896553,0.02945225,0.0,0.13931115,0.13931115,0.060344826,-0.10109186,0.0,0.17828876,0.17828876,0.05,-0.13792655,0.0,0.1919758,0.1919758,0.0120689655,-0.13933167,0.0,0.18720064,0.18720064,0.053448275,-0.12034947,0.0,0.35360172,0.35360172,0.81206894,0.065900505,0.30242878,0.30242878,0.29827586,-0.038553417,foreign_policy,0.5137931,0.15951176,0.91050565,0.00012460534,0.97830194,0.31261915,0.043793183,0.91873574,0.00032567108,0.71463424,0.041133627,foreign_policy
putin2022_c004,putin2022,putin,en,2022-12-31,new_year_address,4,11,0.4,132,112,0.2522362,0.2522362,0.28793103,-0.055437237,0.89285713,0.48326954,0.48326954,0.9913793,0.20280072,2.6785715,0.18120225,0.18120225,0.09827586,-0.08736719,0.0,0.21715552,0.21715552,0.29827586,-0.032516077,0.0,0.17738667,0.17738667,0.16034482,-0.06301634,0.0,0.2838121,0.2838121,0.35344827,-0.0324032,0.89285713,0.29592326,0.29592326,0.30172414,-0.035384208,0.0,0.1997944,0.1997944,0.08448276,-0.107755706,0.0,0.33620542,0.33620542,0.75,0.048504204,0.29981452,0.29981452,0.28793103,-0.041167676,security_military,0.63793105,0.86281466,0.99923575,0.0005747862,0.26521388,0.14203095,0.9558167,0.12792476,0.00026478487,0.017045315,0.29188833,security_military
putin2022_c005,putin2022,putin,en,2022-12-31,new_year_address,5,11,0.5,147,119,0.2616635,0.2616635,0.31206897,-0.046009928,0.0,0.4136696,0.4136696,0.95,0.13320076,2.5210085,0.24971794,0.24971794,0.4465517,-0.018851504,0.0,0.18353455,0.18353455,0.13275862,-0.066137046,0.0,0.18428022,0.18428022,0.20517242,-0.056122795,0.0,0.36801994,0.36801994,0.72931033,0.051804632,0.84033614,0.33923712,0.33923712,0.5637931,0.007929653,0.0,0.18356347,0.18356347,0.05,-0.12398663,0.0,0.22704528,0.22704528,0.22931035,-0.060655937,0.32705998,0.32705998,0.4224138,-0.0139222145,security_military,0.22068965,0.51537603,0.99435806,0.0006745559,0.5291266,0.0045738644,0.95427066,0.17629904,0.72413933,0.10447734,0.07052758,security_military
putin2022_c006,putin2022,putin,en,2022-12-31,new_year_address,6,11,0.6,123,103,0.1778818,0.1778818,0.053448275,-0.12979162,0.0,0.26442808,0.26442808,0.45689654,-0.016040742,0.9708738,0.27478504,0.27478504,0.5844827,0.006215602,1.9417475,0.34326634,0.34326634,0.9189655,0.093594745,0.9708738,0.19635132,0.19635132,0.25689656,-0.044051692,0.0,0.20492344,0.20492344,0.10517241,-0.11129187,0.9708738,0.3819498,0.3819498,0.7948276,0.05064234,0.9708738,0.22997138,0.22997138,0.18103448,-0.07757872,0.9708738,0.31588832,0.31588832,0.6431034,0.028187096,0.3080098,0.3080098,0.33965516,-0.032972395,foreign_policy,0.12413794,0.99901694,0.38281903,0.030157411,0.99206203,0.024892801,0.052497383,0.9282138,0.0012994274,0.045078542,0.6388353,national_identity
putin2022_c007,putin2022,putin,en,2022-12-31,new_year_address,7,11,0.7,118,106,0.25111064,0.25111064,0.27068967,-0.05656278,0.0,0.19770694,0.19770694,0.10172414,-0.082761884,0.9433962,0.17951919,0.17951919,0.08448276,-0.08905025,0.0,0.17711794,0.17711794,0.112068966,-0.07255365,0.0,0.1398208,0.1398208,0.0637931,-0.10058221,0.0,0.47748354,0.47748354,0.9775862,0.16126823,1.8867924,0.29054612,0.29054612,0.27758622,-0.04076135,0.0,0.19203863,0.19203863,0.060344826,-0.11551148,0.0,0.19742952,0.19742952,0.09137931,-0.0902717,0.36769783,0.36769783,0.6396552,0.026715636,social_solidarity,0.7,0.9760608,0.04993535,0.01783163,0.8034149,0.025772816,0.99872816,0.0070938612,0.0011138391,0.01312127,0.941034,social_solidarity
putin2022_c008,putin2022,putin,en,2022-12-31,new_year_address,8,11,0.8,93,79,0.24498701,0.24498701,0.24310344,-0.06268641,0.0,0.38629213,0.38629213,0.89827585,0.10582331,0.0,0.2580909,0.2580909,0.48448277,-0.010478526,0.0,0.15422694,0.15422694,0.06724138,-0.09544465,0.0,0.164668,0.164668,0.12586206,-0.07573502,0.0,0.4098363,0.4098363,0.8603448,0.093620986,3.7974684,0.3111835,0.3111835,0.39482757,-0.020123959,0.0,0.22768554,0.22768554,0.16724138,-0.07986456,1.2658228,0.24997878,0.24997878,0.31896552,-0.03772244,0.3262481,0.3262481,0.41896552,-0.014734089,security_military,0.037931025,0.027769245,0.0072468016,0.00023875265,0.0050407033,0.015498881,0.9996762,0.8947895,0.00016603847,0.12247073,0.22567247,social_solidarity
putin2022_c009,putin2022,putin,en,2022-12-31,new_year_address,9,11,0.9,80,68,0.32048064,0.32048064,0.5844827,0.01280722,0.0,0.21638066,0.21638066,0.21206896,-0.064088166,0.0,0.22229397,0.22229397,0.32931036,-0.046275467,0.0,0.21163939,0.21163939,0.2637931,-0.038032204,0.0,0.1889874,0.1889874,0.22586207,-0.051415607,0.0,0.49320692,0.49320692,0.987931,0.17699161,4.4117646,0.36305267,0.36305267,0.69827586,0.031745195,0.0,0.20538494,0.20538494,0.10172414,-0.10216516,0.0,0.2207343,0.2207343,0.19482759,-0.06696692,0.41745323,0.41745323,0.8637931,0.07647103,social_solidarity,0.28965515,0.9697997,0.00018595054,0.00026221236,0.0019800398,0.0024534282,0.7665559,0.0022540423,0.00010032139,0.00017536993,0.0130707845,national_identity
putin2022_c010,putin2022,putin,en,2022-12-31,new_year_address,10,11,1.0,149,131,0.35942164,0.35942164,0.72931033,0.051748216,0.0,0.22394797,0.22394797,0.2637931,-0.05652085,0.7633588,0.21703109,0.21703109,0.2913793,-0.05153835,0.0,0.21406744,0.21406744,0.28793103,-0.03560415,0.0,0.18488291,0.18488291,0.21206896,-0.055520102,0.0,0.45586228,0.45586228,0.94310343,0.13964698,3.053435,0.32248837,0.32248837,0.45689654,-0.008819103,0.7633588,0.24569811,0.24569811,0.24655172,-0.061851993,0.0,0.23881826,0.23881826,0.27413794,-0.04888296,0.4246078,0.4246078,0.8775862,0.083625615,social_solidarity,0.2137931,0.99933463,0.0003500686,0.00036829791,0.0022738953,0.020804493,0.9974516,0.0104992315,0.00012219558,0.00029023443,0.3218329,national_identity
putin2023_c000,putin2023,putin,en,2023-12-31,new_year_address,0,6,0.0,86,71,0.38021234,0.38021234,0.80172414,0.07253891,2.8169014,0.35016477,0.35016477,0.7982759,0.06969595,1.4084507,0.26238263,0.26238263,0.50517243,-0.006186813,0.0,0.31676394,0.31676394,0.8603448,0.067092344,0.0,0.26873225,0.26873225,0.69827586,0.028329238,1.4084507,0.34732804,0.34732804,0.6465517,0.03111273,1.4084507,0.36770564,0.36770564,0.712069,0.036398172,0.0,0.3164416,0.3164416,0.60172415,0.008891493,1.4084507,0.28176445,0.28176445,0.4948276,-0.0059367716,0.36077064,0.36077064,0.6086207,0.019788444,foreign_policy,0.05862069,0.96279573,0.32103413,0.0013537587,0.15759009,0.6562178,0.9358027,0.5898345,0.01707807,0.003416279,0.6461253,national_identity
putin2023_c001,putin2023,putin,en,2023-12-31,new_year_address,1,6,0.2,91,82,0.5015365,0.5015365,0.987931,0.19386306,3.6585367,0.28222117,0.28222117,0.53965515,0.0017523468,0.0,0.23479915,0.23479915,0.40172413,-0.033770293,0.0,0.30214766,0.30214766,0.81551725,0.052476063,0.0,0.20237021,0.20237021,0.3051724,-0.0380328,0.0,0.43487188,0.43487188,0.91206896,0.118656576,1.2195122,0.41128552,0.41128552,0.9086207,0.07997805,0.0,0.2706316,0.2706316,0.4051724,-0.03691849,0.0,0.3194443,0.3194443,0.6672414,0.03174308,0.44544417,0.44544417,0.92241377,0.10446197,national_identity,0.07586205,0.9992721,0.0033147437,0.00041084853,0.9804313,0.010519543,0.9995497,0.8933094,0.00018093578,0.0011424496,0.8868008,social_solidarity
putin2023_c002,putin2023,putin,en,2023-12-31,new_year_address,2,6,0.4,91,78,0.40887094,0.40887094,0.8672414,0.10119751,2.5641026,0.38370848,0.38370848,0.88793105,0.103239655,1.2820513,0.24879563,0.24879563,0.44310346,-0.019773811,0.0,0.21264443,0.21264443,0.27413794,-0.037027165,0.0,0.20865208,0.20865208,0.35,-0.031750932,0.0,0.47687835,0.47687835,0.9741379,0.16066304,1.2820513,0.3971445,0.3971445,0.8775862,0.065837026,0.0,0.22073942,0.22073942,0.13965517,-0.08681068,0.0,0.3019151,0.3019151,0.58793104,0.01421389,0.45050317,0.45050317,0.9293103,0.10952097,social_solidarity,0.08620685,0.9997864,0.9458763,0.0006324767,0.26817408,0.012419666,0.9994569,0.079014674,0.00016636302,0.015014747,0.98975134,national_identity
putin2023_c003,putin2023,putin,en,2023-12-31,new_year_address,3,6,0.6,84,77,0.37795568,0.37795568,0.79137933,0.07028225,1.2987013,0.25810412,0.25810412,0.4224138,-0.022364706,0.0,0.18275091,0.18275091,0.115517244,-0.08581853,0.0,0.21504384,0.21504384,0.29482758,-0.03462775,0.0,0.17487422,0.17487422,0.14655173,-0.065528795,0.0,0.39652315,0.39652315,0.8327586,0.08030784,5.194805,0.3785777,0.3785777,0.787931,0.04727024,0.0,0.20466858,0.20466858,0.09137931,-0.10288152,0.0,0.26912305,0.26912305,0.41896552,-0.018578172,0.42075634,0.42075634,0.87413794,0.07977414,social_solidarity,0.041379273,0.99922216,0.09252365,0.008830245,0.7040584,0.14829372,0.9994986,0.11581065,0.00075540575,0.002269469,0.9949983,social_solidarity
putin2023_c004,putin2023,putin,en,2023-12-31,new_year_address,4,6,0.8,86,72,0.30944404,0.30944404,0.5362069,0.0017706156,0.0,0.20944314,0.20944314,0.18103448,-0.071025684,1.3888888,0.24129753,0.24129753,0.41551724,-0.027271912,0.0,0.23382404,0.23382404,0.43965518,-0.015847549,0.0,0.23142993,0.23142993,0.52931035,-0.008973077,0.0,0.4107716,0.4107716,0.8637931,0.0945563,9.722222,0.24340603,0.24340603,0.07413793,-0.08790144,0.0,0.31506622,0.31506622,0.5948276,0.007516116,0.0,0.1809676,0.1809676,0.060344826,-0.10673362,0.32896203,0.32896203,0.4362069,-0.012020171,social_solidarity,0.26896548,0.9539661,0.000816738,0.0007613258,0.0155287115,0.20890427,0.997979,0.00083446025,0.0027737825,0.00042223287,0.0024630073,social_solidarity
putin2023_c005,putin2023,putin,en,2023-12-31,new_year_address,5,6,1.0,110,88,0.51988953,0.51988953,0.99482757,0.21221611,6.818182,0.26931053,0.26931053,0.48793104,-0.0111582875,0.0,0.22381599,0.22381599,0.33620688,-0.044753447,0.0,0.2899544,0.2899544,0.7603448,0.0402828,0.0,0.23369348,0.23369348,0.5362069,-0.006709531,0.0,0.4650318,0.4650318,0.95689654,0.1488165,4.5454545,0.30469072,0.30469072,0.34655172,-0.026616752,0.0,0.30412894,0.30412894,0.5603448,-0.0034211576,1.1363636,0.23934117,0.23934117,0.28103447,-0.04836005,0.38732296,0.38732296,0.75,0.046340764,national_identity,0.037931025,0.9407081,0.013821962,0.00083283335,0.6782737,0.038466197,0.7453984,0.011653465,0.00055277866,0.0005043191,0.12384166,national_identity
putin2024_c000,putin2024,putin,en,2024-12-31,new_year_address,0,4,0.0,130,104,0.3713042,0.3713042,0.75689656,0.06363079,1.9230769,0.19423959,0.19423959,0.094827585,-0.086229235,0.0,0.20193517,0.20193517,0.20862068,-0.06663427,0.0,0.29403222,0.29403222,0.7775862,0.044360623,0.0,0.18661457,0.18661457,0.21896552,-0.05378844,0.0,0.28019,0.28019,0.33620688,-0.036025316,0.0,0.33789858,0.33789858,0.5603448,0.0065911114,0.96153843,0.32074872,0.32074872,0.62931037,0.013198614,0.96153843,0.22370356,0.22370356,0.20517242,-0.063997656,0.39421287,0.39421287,0.79137933,0.053230673,foreign_policy,0.020689666,0.9995461,0.5299933,0.15921742,0.98398626,0.31436622,0.9911269,0.1284158,0.23353153,0.00031503872,0.8701565,national_identity
putin2024_c001,putin2024,putin,en,2024-12-31,new_year_address,1,4,0.333,123,105,0.42818302,0.42818302,0.9086207,0.120509595,1.9047619,0.38663632,0.38663632,0.90172416,0.106167495,0.95238096,0.27517873,0.27517873,0.58793104,0.006609291,0.0,0.34212682,0.34212682,0.9086207,0.09245522,0.0,0.2703455,0.2703455,0.7051724,0.029942498,0.95238096,0.38456476,0.38456476,0.80172414,0.06834945,0.95238096,0.4081582,0.4081582,0.9051724,0.07685074,0.95238096,0.34957027,0.34957027,0.7155172,0.042020172,0.95238096,0.371415,0.371415,0.87413794,0.08371377,0.37632495,0.37632495,0.69827586,0.035342753,national_identity,0.0,0.9783019,0.16238002,0.0017477857,0.9809491,0.22867286,0.45616752,0.95292586,0.0008393598,0.002491968,0.103047,foreign_policy
putin2024_c002,putin2024,putin,en,2024-12-31,new_year_address,2,4,0.667,158,132,0.33913523,0.33913523,0.65,0.031461805,2.2727273,0.41002345,0.41002345,0.94310343,0.12955463,2.2727273,0.20586014,0.20586014,0.22931035,-0.0627093,0.0,0.24678257,0.24678257,0.5327586,-0.0028890222,0.0,0.2103073,0.2103073,0.37068966,-0.030095711,0.0,0.31023717,0.31023717,0.45,-0.0059781373,0.75757575,0.30181956,0.30181956,0.33275864,-0.029487908,0.0,0.28586203,0.28586203,0.46724138,-0.021688074,0.0,0.29989585,0.29989585,0.57758623,0.0121946335,0.28326637,0.28326637,0.21551724,-0.057715833,security_military,0.29310346,0.8993868,0.9988121,0.00051125785,0.7118317,0.0056091314,0.8947205,0.29867035,0.0012327608,0.030014927,0.12535955,security_military
putin2024_c003,putin2024,putin,en,2024-12-31,new_year_address,3,4,1.0,72,56,0.27712554,0.27712554,0.38448277,-0.030547887,0.0,0.25161406,0.25161406,0.38448277,-0.028854758,1.7857143,0.18141374,0.18141374,0.10172414,-0.0871557,0.0,0.21101175,0.21101175,0.25689656,-0.03865984,0.0,0.18401462,0.18401462,0.20172414,-0.056388393,0.0,0.3467756,0.3467756,0.6431034,0.030560285,1.7857143,0.22805786,0.22805786,0.046551723,-0.10324961,0.0,0.22921537,0.22921537,0.17413794,-0.078334734,0.0,0.20320922,0.20320922,0.112068966,-0.084492,0.32064342,0.32064342,0.39827585,-0.020338774,social_solidarity,0.25862065,0.00016799537,0.00014425986,9.7615666e-05,6.6700304e-05,0.0006771943,0.9787736,0.0005506248,0.00013499252,0.00020906502,0.004764453,social_solidarity
putin2025_c000,putin2025,putin,en,2025-12-31,new_year_address,0,5,0.0,94,85,0.27326035,0.27326035,0.37068966,-0.03441307,0.0,0.21649137,0.21649137,0.21551724,-0.06397745,0.0,0.21323967,0.21323967,0.25689656,-0.05532977,0.0,0.25435925,0.25435925,0.5913793,0.004687652,0.0,0.2089566,0.2089566,0.35344827,-0.031446412,0.0,0.40162435,0.40162435,0.84310347,0.085409045,1.1764706,0.2994848,0.2994848,0.31896552,-0.03182268,0.0,0.3021797,0.3021797,0.5465517,-0.0053704083,1.1764706,0.20820373,0.20820373,0.1362069,-0.07949749,0.40037793,0.40037793,0.81206894,0.05939573,social_solidarity,0.25172418,0.0020072423,0.00015177361,0.025117494,0.0010464257,0.027822025,0.91293955,0.44444415,0.0018639289,0.00016346472,0.19843282,social_solidarity
putin2025_c001,putin2025,putin,en,2025-12-31,new_year_address,1,5,0.25,96,79,0.5380626,0.5380626,0.9982759,0.23038915,6.329114,0.30977267,0.30977267,0.6913793,0.029303849,1.2658228,0.22972913,0.22972913,0.3810345,-0.03884031,0.0,0.30467838,0.30467838,0.8327586,0.055006787,0.0,0.24786472,0.24786472,0.61206895,0.0074617118,0.0,0.3751282,0.3751282,0.74655175,0.058912903,0.0,0.32355082,0.32355082,0.46724138,-0.0077566504,0.0,0.25867817,0.25867817,0.3224138,-0.048871934,1.2658228,0.2555806,0.2555806,0.34655172,-0.032120615,0.39680976,0.39680976,0.7982759,0.055827558,national_identity,0.16551727,0.9998001,0.029090755,0.042792153,0.6160123,0.0062655346,0.9650862,0.00044421834,0.0003958876,0.00027053358,0.96884143,national_identity
putin2025_c002,putin2025,putin,en,2025-12-31,new_year_address,2,5,0.5,90,78,0.2531074,0.2531074,0.29482758,-0.054566026,0.0,0.2851703,0.2851703,0.5603448,0.0047014654,2.5641026,0.18956812,0.18956812,0.15689655,-0.07900132,0.0,0.17816964,0.17816964,0.115517244,-0.071501955,0.0,0.17545971,0.17545971,0.15,-0.0649433,0.0,0.4018277,0.4018277,0.8465517,0.08561239,5.1282053,0.28895333,0.28895333,0.2672414,-0.042354137,0.0,0.20916057,0.20916057,0.112068966,-0.098389536,0.0,0.22039339,0.22039339,0.19137931,-0.06730783,0.3577612,0.3577612,0.60172415,0.016779006,social_solidarity,0.2862069,0.13910374,0.72330946,0.0028255833,0.0081641525,0.009821792,0.9558166,0.00039666126,0.0002098831,0.00032567105,0.02525085,social_solidarity
putin2025_c003,putin2025,putin,en,2025-12-31,new_year_address,3,5,0.75,94,78,0.37727085,0.37727085,0.78103447,0.06959742,1.2820513,0.3649568,0.3649568,0.85,0.084487975,1.2820513,0.20221093,0.20221093,0.21206896,-0.06635851,0.0,0.2330069,0.2330069,0.41551724,-0.016664699,0.0,0.20467249,0.20467249,0.31896552,-0.035730526,0.0,0.34563863,0.34563863,0.62931037,0.029423326,1.2820513,0.29641408,0.29641408,0.3051724,-0.034893394,0.0,0.25400618,0.25400618,0.30172414,-0.053543925,0.0,0.30678877,0.30678877,0.60172415,0.019087553,0.3879575,0.3879575,0.75344825,0.046975315,security_military,0.068965554,0.99909073,0.9926968,0.00024489083,0.91546947,0.07362964,0.9985869,0.22458647,0.00019678476,0.22601399,0.18568864,national_identity
putin2025_c004,putin2025,putin,en,2025-12-31,new_year_address,4,5,1.0,159,128,0.4239399,0.4239399,0.90172416,0.11626649,0.78125,0.2544788,0.2544788,0.39482757,-0.02599001,0.0,0.2624997,0.2624997,0.5086207,-0.0060697496,0.78125,0.26194394,0.26194394,0.61206895,0.012272343,0.0,0.20948629,0.20948629,0.35689655,-0.03091672,0.0,0.4590616,0.4590616,0.95,0.14284629,4.6875,0.2901163,0.2901163,0.27413794,-0.04119116,0.0,0.3173719,0.3173719,0.6086207,0.009821802,0.0,0.25635347,0.25635347,0.35344827,-0.03134775,0.4651907,0.4651907,0.95689654,0.12420851,social_solidarity,0.04827583,0.98632365,0.25954401,0.100337386,0.6329566,0.03825006,0.99528164,0.15575144,0.00031197804,0.0020507437,0.7426551,social_solidarity
trump1_c000,trump1,trump,en,2021-01-19,farewell_address,0,28,0.0,85,74,0.3083524,0.3083524,0.5327586,0.0006789863,1.3513514,0.28281125,0.28281125,0.55,0.0023424327,0.0,0.2859375,0.2859375,0.6396552,0.017368048,0.0,0.2787524,0.2787524,0.712069,0.029080793,0.0,0.22326964,0.22326964,0.4637931,-0.01713337,0.0,0.3073681,0.3073681,0.43275863,-0.008847207,1.3513514,0.28541058,0.28541058,0.25,-0.045896888,0.0,0.27189067,0.27189067,0.4086207,-0.035659432,0.0,0.2381933,0.2381933,0.27068967,-0.049507916,0.35668945,0.35668945,0.5913793,0.015707254,foreign_policy,0.0724138,0.99967366,0.023264105,0.008140463,0.8584814,0.13268304,0.9804314,0.019475214,0.00017164304,0.00030002996,0.58758813,national_identity
trump1_c001,trump1,trump,en,2021-01-19,farewell_address,1,28,0.037,84,68,0.25199303,0.25199303,0.28448275,-0.055680394,0.0,0.24739972,0.24739972,0.36724138,-0.033069104,0.0,0.23181552,0.23181552,0.3913793,-0.036753923,0.0,0.2226518,0.2226518,0.35,-0.027019799,1.4705882,0.17827058,0.17827058,0.16724138,-0.062132433,1.4705882,0.35305005,0.35305005,0.6637931,0.036834747,2.9411764,0.24498916,0.24498916,0.077586204,-0.086318314,0.0,0.23179255,0.23179255,0.18448275,-0.07575755,0.0,0.19461934,0.19461934,0.077586204,-0.09308188,0.3174165,0.3174165,0.3913793,-0.02356571,social_solidarity,0.2724138,0.084568314,0.0004583129,0.0002774886,0.0016646335,0.0275591,0.43662205,0.005230278,0.00109019,0.0010362669,0.09721884,social_solidarity
trump1_c002,trump1,trump,en,2021-01-19,farewell_address,2,28,0.074,141,127,0.26497155,0.26497155,0.33620688,-0.04270187,0.78740156,0.40602407,0.40602407,0.9362069,0.12555525,1.5748031,0.2503435,0.2503435,0.45,-0.018225938,0.0,0.2485742,0.2485742,0.5465517,-0.001097396,0.0,0.22237936,0.22237936,0.45689654,-0.018023655,0.78740156,0.35153735,0.35153735,0.65689653,0.03532204,1.5748031,0.3170671,0.3170671,0.42586207,-0.014240384,0.0,0.21239178,0.21239178,0.12241379,-0.09515832,0.0,0.25349188,0.25349188,0.33965516,-0.03420934,0.2967009,0.2967009,0.28103447,-0.044281304,security_military,0.27931035,0.66747284,0.9841699,0.0001733272,0.5256123,0.99166,0.4369674,0.14946929,0.01302049,0.021024458,0.0524731,democracy_institutions
trump1_c003,trump1,trump,en,2021-01-19,farewell_address,3,28,0.111,99,85,0.45835423,0.45835423,0.95689654,0.15068081,3.5294118,0.30183798,0.30183798,0.65,0.02136916,0.0,0.27341008,0.27341008,0.5706897,0.004840642,0.0,0.2978162,0.2978162,0.7982759,0.048144594,0.0,0.2664355,0.2664355,0.6775862,0.026032493,0.0,0.41222754,0.41222754,0.8672414,0.096012235,1.1764706,0.3663463,0.3663463,0.70862067,0.03503883,0.0,0.23585616,0.23585616,0.20172414,-0.07169394,0.0,0.3228698,0.3228698,0.6775862,0.03516859,0.42838115,0.42838115,0.88793105,0.08739895,national_identity,0.08965516,0.9879113,0.034164816,0.024925414,0.67082393,0.5877065,0.9987744,0.0045208177,0.0015978455,0.0011095015,0.8588666,social_solidarity
trump1_c004,trump1,trump,en,2021-01-19,farewell_address,4,28,0.148,139,121,0.40537426,0.40537426,0.8603448,0.097700834,0.8264463,0.29217544,0.29217544,0.60172415,0.01170662,0.0,0.20129678,0.20129678,0.20172414,-0.06727266,0.0,0.29119745,0.29119745,0.7637931,0.041525856,0.0,0.22318916,0.22318916,0.46034482,-0.017213851,0.0,0.36620334,0.36620334,0.71896553,0.04998803,1.6528926,0.3878551,0.3878551,0.8327586,0.05654764,0.0,0.26781118,0.26781118,0.38448277,-0.039738923,0.0,0.36271048,0.36271048,0.84310347,0.07500926,0.41962695,0.41962695,0.87068963,0.07864475,national_identity,0.027586222,0.999797,0.015058138,0.00033863998,0.82304406,0.93983054,0.9714829,0.9322377,0.009689717,0.020665685,0.9938787,national_identity
trump1_c005,trump1,trump,en,2021-01-19,farewell_address,5,28,0.185,144,125,0.4201822,0.4201822,0.8913793,0.112508774,4.8,0.2772279,0.2772279,0.5224138,-0.0032409132,0.0,0.3156336,0.3156336,0.7637931,0.047064155,0.8,0.2686438,0.2686438,0.67068964,0.018972203,0.8,0.26477116,0.26477116,0.67068964,0.024368152,0.0,0.3404101,0.3404101,0.60172415,0.024194807,0.8,0.33310187,0.33310187,0.5224138,0.0017943978,0.0,0.28292575,0.28292575,0.45344827,-0.024624348,0.0,0.2588127,0.2588127,0.37068966,-0.028888524,0.3481011,0.3481011,0.5465517,0.0071189106,national_identity,0.12758619,0.9993822,0.00039357555,0.035310797,0.9007919,0.0019494022,0.9931162,0.12059408,0.0010423503,0.00025069676,0.3895465,national_identity
trump1_c006,trump1,trump,en,2021-01-19,farewell_address,6,28,0.222,113,94,0.21004066,0.21004066,0.10517241,-0.097632766,1.0638298,0.19564384,0.19564384,0.09827586,-0.08482498,0.0,0.27870157,0.27870157,0.6086207,0.010132134,1.0638298,0.2638081,0.2638081,0.62931037,0.014136508,1.0638298,0.17989326,0.17989326,0.17068966,-0.060509756,0.0,0.20968351,0.20968351,0.115517244,-0.1065318,1.0638298,0.25171027,0.25171027,0.09827586,-0.079597205,0.0,0.26020852,0.26020852,0.33275864,-0.047341585,2.1276596,0.16808374,0.16808374,0.03965517,-0.11961748,0.28488818,0.28488818,0.22931035,-0.05609402,foreign_policy,0.020689666,0.9471371,0.0014241793,0.011972645,0.997977,0.5821644,0.033273943,0.057998065,0.0019267346,0.000107838765,0.060252324,foreign_policy
trump1_c007,trump1,trump,en,2021-01-19,farewell_address,7,28,0.259,129,108,0.13791338,0.13791338,0.015517241,-0.16976005,0.0,0.14420277,0.14420277,0.029310346,-0.13626605,0.0,0.2763716,0.2763716,0.60172415,0.0078021586,3.7037036,0.28220007,0.28220007,0.7362069,0.032528475,2.7777777,0.07500598,0.07500598,0.005172414,-0.16539703,0.0,0.17063335,0.17063335,0.02586207,-0.14558196,0.0,0.28366578,0.28366578,0.23620689,-0.047641695,0.0,0.1439658,0.1439658,0.00862069,-0.1635843,0.0,0.18295358,0.18295358,0.0637931,-0.10474764,0.23494412,0.23494412,0.07413793,-0.10603808,foreign_policy,0.13448274,0.6114689,0.021656679,0.19095021,0.9756234,0.1266771,0.016497836,0.83886963,0.00080723054,0.000981172,0.032512866,foreign_policy
trump1_c008,trump1,trump,en,2021-01-19,farewell_address,8,28,0.296,176,137,0.21162027,0.21162027,0.10862069,-0.09605315,2.189781,0.18356997,0.18356997,0.07413793,-0.096898854,0.0,0.46486443,0.46486443,0.9741379,0.196295,2.189781,0.17477575,0.17477575,0.10517241,-0.074895844,1.459854,0.15411898,0.15411898,0.08793104,-0.08628403,0.0,0.20490885,0.20490885,0.10172414,-0.11130646,0.0,0.25897682,0.25897682,0.12241379,-0.07233065,1.459854,0.20225069,0.20225069,0.08793104,-0.10529941,0.0,0.15196681,0.15196681,0.0120689655,-0.13573441,0.22454607,0.22454607,0.05,-0.116436124,economy_welfare,0.8517241,0.9975032,0.00023140866,0.99916714,0.23581159,0.39035964,0.9978045,0.057532974,0.54722214,0.00040211933,0.0238936,economy_welfare
trump1_c009,trump1,trump,en,2021-01-19,farewell_address,9,28,0.333,144,119,0.22783105,0.22783105,0.17413794,-0.079842374,0.84033614,0.2521624,0.2521624,0.38793105,-0.028306425,0.0,0.40658042,0.40658042,0.9327586,0.13801098,0.84033614,0.20211332,0.20211332,0.21206896,-0.047558278,0.0,0.2056768,0.2056768,0.32586208,-0.034726217,0.0,0.28976098,0.28976098,0.37413794,-0.02645433,0.84033614,0.3557362,0.3557362,0.6534483,0.024428725,0.84033614,0.3122093,0.3122093,0.5844827,0.0046592057,0.0,0.1883594,0.1883594,0.06724138,-0.099341825,0.2794815,0.2794815,0.19482759,-0.0615007,economy_welfare,0.27931035,0.93922025,0.0005112579,0.9805341,0.12929276,0.31837922,0.9859228,0.23449428,0.9942195,0.00046280847,0.06678189,future_reform_technology
trump1_c010,trump1,trump,en,2021-01-19,farewell_address,10,28,0.37,122,99,0.17295876,0.17295876,0.046551723,-0.13471466,0.0,0.20973165,0.20973165,0.18793103,-0.07073717,0.0,0.38775843,0.38775843,0.89827585,0.119188994,4.040404,0.15265572,0.15265572,0.056896552,-0.09701587,1.010101,0.15457925,0.15457925,0.09137931,-0.08582376,0.0,0.22690684,0.22690684,0.17413794,-0.08930847,1.010101,0.3767407,0.3767407,0.7741379,0.045433223,2.020202,0.23705274,0.23705274,0.20862068,-0.070497364,0.0,0.14382729,0.14382729,0.00862069,-0.14387393,0.2708255,0.2708255,0.1362069,-0.07015669,economy_welfare,0.12413794,0.9975322,0.0022872274,0.99958515,0.82969904,0.106783696,0.9970479,0.99158704,0.48389226,0.0051446073,0.06963659,economy_welfare
trump1_c011,trump1,trump,en,2021-01-19,farewell_address,11,28,0.407,92,76,0.16099486,0.16099486,0.029310346,-0.14667857,2.631579,0.25699928,0.25699928,0.41206896,-0.023469537,0.0,0.26570296,0.26570296,0.52931035,-0.0028664768,1.3157895,0.229111,0.229111,0.39482757,-0.020560592,1.3157895,0.29705462,0.29705462,0.80517244,0.056651607,2.631579,0.23371364,0.23371364,0.19137931,-0.082501665,0.0,0.22137049,0.22137049,0.029310346,-0.10993698,0.0,0.2478844,0.2478844,0.25689656,-0.05966571,1.3157895,0.2082563,0.2082563,0.13965517,-0.079444915,0.22445051,0.22445051,0.046551723,-0.116531685,democracy_institutions,0.2758621,0.090896755,0.00010431732,0.00037482666,0.0017409837,0.9988236,0.04117217,0.0024822764,0.0021364214,0.00012339457,0.0014779429,democracy_institutions
trump1_c012,trump1,trump,en,2021-01-19,farewell_address,12,28,0.444,124,107,0.24252725,0.24252725,0.23275863,-0.06514618,1.8691589,0.38348848,0.38348848,0.88448274,0.103019655,0.93457943,0.21798348,0.21798348,0.29827586,-0.050585955,0.93457943,0.31461915,0.31461915,0.85,0.06494756,0.0,0.21401,0.21401,0.40172413,-0.026393011,0.93457943,0.22567637,0.22567637,0.16724138,-0.090538934,0.0,0.27319372,0.27319372,0.17758621,-0.058113754,0.0,0.24038173,0.24038173,0.22586207,-0.06716837,0.0,0.2481666,0.2481666,0.3051724,-0.039534613,0.28711188,0.28711188,0.24310344,-0.05387032,security_military,0.034482718,0.89916563,0.9991152,0.00013927704,0.99461514,0.99471873,0.04642142,0.6202191,0.0451206,0.00071523245,0.56510377,security_military
trump1_c013,trump1,trump,en,2021-01-19,farewell_address,13,28,0.481,94,84,0.28615922,0.28615922,0.44310346,-0.021514207,2.3809524,0.30820388,0.30820388,0.6775862,0.027735054,0.0,0.2279842,0.2279842,0.3637931,-0.040585235,0.0,0.46178198,0.46178198,0.9913793,0.21211039,7.142857,0.18241163,0.18241163,0.18793103,-0.057991385,0.0,0.28583628,0.28583628,0.36034483,-0.030379027,0.0,0.3445298,0.3445298,0.5844827,0.013222337,0.0,0.22534148,0.22534148,0.15689655,-0.08220862,0.0,0.29233834,0.29233834,0.5465517,0.004637122,0.35646015,0.35646015,0.58793104,0.015477955,foreign_policy,0.31379312,0.9635748,0.97678024,0.029145971,0.9961042,0.6453435,0.37652284,0.8474951,0.020312909,0.004086003,0.409634,foreign_policy
trump1_c014,trump1,trump,en,2021-01-19,farewell_address,14,28,0.519,81,70,0.21830556,0.21830556,0.13275862,-0.08936787,1.4285715,0.35853964,0.35853964,0.82931036,0.07807082,2.857143,0.1873128,0.1873128,0.14655173,-0.08125664,0.0,0.23364064,0.23364064,0.43275863,-0.016030952,0.0,0.13731812,0.13731812,0.056896552,-0.10308489,0.0,0.1723156,0.1723156,0.036206897,-0.14389971,0.0,0.24256065,0.24256065,0.070689656,-0.088746816,0.0,0.21464407,0.21464407,0.12586206,-0.09290603,0.0,0.19660646,0.19660646,0.08448276,-0.09109476,0.21051979,0.21051979,0.029310346,-0.13046241,security_military,0.39655173,0.998862,0.9890554,0.00094730896,0.89444417,0.15665647,0.5621014,0.108283214,0.98668766,0.026280282,0.08351589,national_identity
trump1_c015,trump1,trump,en,2021-01-19,farewell_address,15,28,0.556,88,70,0.2515637,0.2515637,0.27413794,-0.056109726,1.4285715,0.30773467,0.30773467,0.67413795,0.027265847,1.4285715,0.1652546,0.1652546,0.053448275,-0.10331485,0.0,0.44567686,0.44567686,0.987931,0.19600527,4.285714,0.15577641,0.15577641,0.094827585,-0.0846266,0.0,0.24856372,0.24856372,0.22931035,-0.067651585,0.0,0.30260342,0.30260342,0.33620688,-0.028704047,0.0,0.19621883,0.19621883,0.070689656,-0.11133127,0.0,0.3669132,0.3669132,0.8603448,0.07921198,0.36167443,0.36167443,0.6189655,0.02069223,foreign_policy,0.31379306,0.99808824,0.9996133,0.00018631405,0.99985343,0.0019024751,0.024353381,0.9977873,0.0003150387,0.9842003,0.9621521,foreign_policy
trump1_c016,trump1,trump,en,2021-01-19,farewell_address,16,28,0.593,88,77,0.24981071,0.24981071,0.2672414,-0.057862714,0.0,0.30664176,0.30664176,0.67068964,0.026172936,2.5974026,0.23185745,0.23185745,0.39482757,-0.03671199,0.0,0.40070677,0.40070677,0.9741379,0.15103517,1.2987013,0.18218546,0.18218546,0.18448275,-0.058217555,0.0,0.2135024,0.2135024,0.12931034,-0.1027129,0.0,0.24801457,0.24801457,0.08793104,-0.0832929,0.0,0.26906064,0.26906064,0.39482757,-0.03848946,1.2987013,0.31084287,0.31084287,0.62586206,0.023141652,0.380742,0.380742,0.7258621,0.039759815,foreign_policy,0.30344826,0.04065485,0.97290814,0.00018998804,0.9491534,0.048360992,0.039231926,0.07552084,0.0005305765,0.0012007196,0.9898989,security_military
trump1_c017,trump1,trump,en,2021-01-19,farewell_address,17,28,0.63,81,63,0.45451772,0.45451772,0.95,0.1468443,4.7619047,0.33770064,0.33770064,0.77068967,0.057231814,0.0,0.31707346,0.31707346,0.77068967,0.048504025,0.0,0.34473985,0.34473985,0.92241377,0.09506826,0.0,0.40218556,0.40218556,0.9637931,0.16178255,0.0,0.43938416,0.43938416,0.9258621,0.123168856,0.0,0.38225144,0.38225144,0.7982759,0.05094397,0.0,0.33838946,0.33838946,0.67413795,0.030839354,0.0,0.33073014,0.33073014,0.71896553,0.04302892,0.4175024,0.4175024,0.8672414,0.076520205,democracy_institutions,0.013793111,0.9985278,0.12069767,0.47511822,0.114963345,0.9911996,0.99986815,0.78386444,0.016246215,0.0005452766,0.79174066,social_solidarity
trump1_c018,trump1,trump,en,2021-01-19,farewell_address,18,28,0.667,92,77,0.30975696,0.30975696,0.54310346,0.00208354,0.0,0.3384881,0.3384881,0.7741379,0.05801928,0.0,0.41075057,0.41075057,0.9362069,0.14218113,0.0,0.24722657,0.24722657,0.54310346,-0.0024450272,0.0,0.25840718,0.25840718,0.65,0.018004164,0.0,0.32707947,0.32707947,0.52931035,0.010864168,1.2987013,0.36844885,0.36844885,0.71896553,0.037141383,0.0,0.26959085,0.26959085,0.39827585,-0.037959248,0.0,0.3233521,0.3233521,0.68448275,0.03565088,0.34690446,0.34690446,0.53965515,0.005922258,economy_welfare,0.16206896,0.75976056,0.00057031575,0.28101084,0.6984323,0.30149058,0.9862046,0.7509639,0.0006361912,0.011709839,0.110087894,social_solidarity
trump1_c019,trump1,trump,en,2021-01-19,farewell_address,19,28,0.704,118,101,0.44138324,0.44138324,0.9258621,0.13370982,0.0,0.25546446,0.25546446,0.39827585,-0.025004357,0.0,0.28277776,0.28277776,0.62586206,0.014208317,0.0,0.26066652,0.26066652,0.60172415,0.010994926,0.0,0.40936452,0.40936452,0.9741379,0.16896151,0.990099,0.4041537,0.4041537,0.85,0.0879384,0.990099,0.3325214,0.3325214,0.51896554,0.001213938,0.0,0.2747273,0.2747273,0.41896552,-0.032822788,0.0,0.21875641,0.21875641,0.16724138,-0.06894481,0.36992222,0.36992222,0.65689653,0.028940022,democracy_institutions,0.04827583,0.9994956,0.020889208,0.02330054,0.7325918,0.8231508,0.9991912,0.0553617,0.0007702933,0.00057816197,0.86703575,national_identity
trump1_c020,trump1,trump,en,2021-01-19,farewell_address,20,28,0.741,87,76,0.44993675,0.44993675,0.9396552,0.14226332,2.631579,0.36161405,0.36161405,0.8362069,0.08114523,0.0,0.39931428,0.39931428,0.92241377,0.13074484,0.0,0.25135833,0.25135833,0.5741379,0.0016867369,0.0,0.34761056,0.34761056,0.9086207,0.10720755,2.631579,0.45783132,0.45783132,0.94655174,0.14161602,3.9473684,0.364608,0.364608,0.7051724,0.03330052,0.0,0.30816603,0.30816603,0.57758623,0.0006159246,1.3157895,0.2987114,0.2987114,0.5741379,0.01101017,0.4029438,0.4029438,0.8189655,0.06196159,social_solidarity,0.0068965554,0.9705206,0.0013432378,0.016308762,0.7338335,0.989066,0.999688,0.022759158,0.00014482441,0.00039977103,0.89363474,social_solidarity
trump1_c021,trump1,trump,en,2021-01-19,farewell_address,21,28,0.778,101,90,0.4338158,0.4338158,0.9189655,0.12614238,4.4444447,0.37750405,0.37750405,0.8775862,0.09703523,0.0,0.22896838,0.22896838,0.37413794,-0.039601058,0.0,0.3380914,0.3380914,0.8948276,0.08841981,1.1111112,0.23371272,0.23371272,0.53965515,-0.0066902936,0.0,0.34848303,0.34848303,0.65,0.03226772,1.1111112,0.47519842,0.47519842,0.97068965,0.14389095,3.3333333,0.24692775,0.24692775,0.25344828,-0.06062235,0.0,0.4176073,0.4176073,0.95689654,0.12990609,0.35673505,0.35673505,0.5948276,0.015752852,crisis_resilience,0.051724136,0.867701,0.7318259,0.00021612161,0.93023676,0.3231665,0.92199206,0.99269676,0.00021995336,0.00865255,0.02990141,crisis_resilience
trump1_c022,trump1,trump,en,2021-01-19,farewell_address,22,28,0.815,89,76,0.48713055,0.48713055,0.9741379,0.17945713,5.263158,0.28955656,0.28955656,0.57758623,0.009087741,0.0,0.2105375,0.2105375,0.25,-0.058031946,0.0,0.27059734,0.27059734,0.6810345,0.020925745,0.0,0.2536599,0.2536599,0.6327586,0.013256893,0.0,0.4014728,0.4014728,0.83965516,0.0852575,2.631579,0.40634942,0.40634942,0.8948276,0.07504195,1.3157895,0.264905,0.264905,0.36034483,-0.042645097,0.0,0.2713684,0.2713684,0.4465517,-0.016332805,0.34673777,0.34673777,0.5362069,0.0057555735,national_identity,0.0793103,0.9998063,0.18914637,0.00014036924,0.5195213,0.03030055,0.97161114,0.73573655,0.000141194,0.0035866161,0.68594944,national_identity
trump1_c023,trump1,trump,en,2021-01-19,farewell_address,23,28,0.852,173,146,0.48863363,0.48863363,0.9775862,0.18096021,3.4246576,0.27092412,0.27092412,0.4948276,-0.0095447,0.0,0.17480421,0.17480421,0.07413793,-0.09376523,0.0,0.23855591,0.23855591,0.45689654,-0.011115685,0.0,0.30344552,0.30344552,0.8224138,0.06304251,0.0,0.373887,0.373887,0.74310344,0.057671696,0.6849315,0.3570463,0.3570463,0.6637931,0.025738835,0.0,0.24339871,0.24339871,0.23620689,-0.06415139,0.0,0.3300653,0.3300653,0.7155172,0.04236409,0.3125571,0.3125571,0.37068966,-0.028425097,national_identity,0.15517241,0.9397753,0.002327694,0.00031688946,0.23855019,0.41170204,0.6577583,0.33900654,0.00018595057,0.0018639287,0.54846185,national_identity
trump1_c024,trump1,trump,en,2021-01-19,farewell_address,24,28,0.889,84,71,0.34066164,0.34066164,0.67068964,0.03298822,1.4084507,0.25984666,0.25984666,0.43275863,-0.020622164,1.4084507,0.19378147,0.19378147,0.17413794,-0.074787974,0.0,0.20707202,0.20707202,0.22931035,-0.042599574,0.0,0.2557429,0.2557429,0.6396552,0.015339896,1.4084507,0.3032313,0.3032313,0.41551724,-0.012984008,1.4084507,0.35564145,0.35564145,0.65,0.024333984,1.4084507,0.25804326,0.25804326,0.31896552,-0.049506843,0.0,0.24871317,0.24871317,0.3086207,-0.038988054,0.27102405,0.27102405,0.13965517,-0.06995815,national_identity,0.020689666,0.4115838,0.6183772,0.0009811718,0.6998701,0.003685674,0.4408153,0.878627,0.0015188509,0.2697342,0.0024296436,crisis_resilience
trump1_c025,trump1,trump,en,2021-01-19,farewell_address,25,28,0.926,99,89,0.37494445,0.37494445,0.76724136,0.067271024,0.0,0.2824712,0.2824712,0.54310346,0.0020023882,0.0,0.1816448,0.1816448,0.10862069,-0.08692464,0.0,0.23055065,0.23055065,0.4051724,-0.019120947,0.0,0.22105378,0.22105378,0.4465517,-0.019349232,0.0,0.32562646,0.32562646,0.5224138,0.009411156,4.494382,0.29756838,0.29756838,0.3086207,-0.03373909,0.0,0.16356444,0.16356444,0.018965518,-0.14398566,0.0,0.21138135,0.21138135,0.15344827,-0.07631987,0.30437544,0.30437544,0.31551725,-0.03660676,national_identity,0.2241379,0.9995987,0.19775413,0.0027791907,0.54673815,0.32459995,0.9998201,0.98879886,0.002688672,0.0016711375,0.8967045,social_solidarity
trump1_c026,trump1,trump,en,2021-01-19,farewell_address,26,28,0.963,170,149,0.4652803,0.4652803,0.9637931,0.15760687,4.0268455,0.36313343,0.36313343,0.8465517,0.08266461,0.67114097,0.24716568,0.24716568,0.43965518,-0.02140376,0.0,0.3985154,0.3985154,0.97068965,0.14884381,1.3422819,0.28175914,0.28175914,0.75689656,0.04135613,0.0,0.3458227,0.3458227,0.6327586,0.029607385,0.67114097,0.38940382,0.38940382,0.83965516,0.05809635,0.0,0.2669683,0.2669683,0.36724138,-0.040581793,0.0,0.3729954,0.3729954,0.8810345,0.08529419,0.40318245,0.40318245,0.82586205,0.06220025,foreign_policy,0.0068965554,0.9993013,0.15578356,0.0010754025,0.9695412,0.4279719,0.9934166,0.9554856,0.0008312097,0.06723979,0.745954,national_identity
trump1_c027,trump1,trump,en,2021-01-19,farewell_address,27,28,1.0,123,109,0.4323646,0.4323646,0.9155173,0.12469119,3.6697247,0.29624012,0.29624012,0.61551726,0.0157713,0.0,0.29235297,0.29235297,0.67068964,0.023783535,0.0,0.2664683,0.2664683,0.6534483,0.016796693,0.0,0.32597592,0.32597592,0.8775862,0.08557291,0.0,0.45126063,0.45126063,0.9396552,0.13504532,1.8348624,0.35065687,0.35065687,0.62586206,0.019349396,0.0,0.39577627,0.39577627,0.83965516,0.08822617,0.9174312,0.26775837,0.26775837,0.4051724,-0.01994285,0.40286428,0.40286428,0.81551725,0.06188208,social_solidarity,0.024137914,0.9957519,0.78257936,0.5183024,0.8248679,0.89477223,0.99975604,0.11556087,0.008644178,0.0012545945,0.76065063,social_solidarity
trump2_c000,trump2,trump,en,,composite_excerpts,0,2,0.0,99,80,0.2815585,0.2815585,0.4051724,-0.02611491,1.25,0.3553044,0.3553044,0.81551725,0.07483557,0.0,0.2761693,0.2761693,0.59827584,0.0075998604,0.0,0.26209843,0.26209843,0.6224138,0.012426838,1.25,0.29301244,0.29301244,0.7982759,0.05260943,0.0,0.37354845,0.37354845,0.7396552,0.05733314,2.5,0.36303163,0.36303163,0.69482756,0.031724155,0.0,0.29347593,0.29347593,0.4948276,-0.014074177,0.0,0.3333948,0.3333948,0.7258621,0.045693576,0.38477367,0.38477367,0.7396552,0.043791473,security_military,0.017241359,0.9990582,0.85570043,0.025130948,0.97727877,0.80524963,0.9992431,0.89097196,0.09786358,0.022759156,0.9913139,social_solidarity
trump2_c001,trump2,trump,en,,composite_excerpts,1,2,1.0,104,82,0.22806104,0.22806104,0.17758621,-0.07961239,1.2195122,0.3620815,0.3620815,0.83965516,0.08161268,1.2195122,0.44056326,0.44056326,0.96034485,0.17199382,1.2195122,0.22528985,0.22528985,0.37413794,-0.024381742,0.0,0.24252513,0.24252513,0.59827584,0.002122119,2.4390244,0.2670356,0.2670356,0.3086207,-0.049179703,0.0,0.30027866,0.30027866,0.3224138,-0.031028807,0.0,0.26448902,0.26448902,0.35689655,-0.043061078,0.0,0.33279258,0.33279258,0.7224138,0.04509136,0.30911267,0.30911267,0.35,-0.03186953,economy_welfare,0.12068969,0.9994363,0.5723643,0.9497452,0.87976795,0.9697281,0.96483856,0.98365986,0.0010870042,0.058480125,0.17917123,national_identity
trump3_c000,trump3,trump,en,2017-01-20,inaugural_address,0,16,0.0,115,101,0.37777638,0.37777638,0.787931,0.07010296,2.970297,0.29153505,0.29153505,0.5948276,0.011066228,0.0,0.2998492,0.2998492,0.69827586,0.031279773,0.0,0.31849545,0.31849545,0.8672414,0.06882386,0.990099,0.34329584,0.34329584,0.9051724,0.10289283,0.0,0.3620699,0.3620699,0.69827586,0.0458546,0.990099,0.42272553,0.42272553,0.9327586,0.09141806,2.970297,0.38152307,0.38152307,0.8189655,0.07397297,0.0,0.28258502,0.28258502,0.49827588,-0.0051161945,0.43159348,0.43159348,0.89827585,0.09061128,crisis_resilience,0.027586222,0.999539,0.051415123,0.0015218157,0.89331526,0.5203745,0.99894947,0.23268318,0.00033469603,0.0005452767,0.99567264,national_identity
trump3_c001,trump3,trump,en,2017-01-20,inaugural_address,1,16,0.067,107,86,0.30385065,0.30385065,0.50517243,-0.0038227737,1.1627907,0.22415078,0.22415078,0.2672414,-0.056318045,0.0,0.32046402,0.32046402,0.7844828,0.051894575,1.1627907,0.20942344,0.20942344,0.24310344,-0.040248156,0.0,0.31205285,0.31205285,0.8327586,0.071649835,0.0,0.31611708,0.31611708,0.48793104,-9.8228455e-05,0.0,0.289766,0.289766,0.27068967,-0.041541457,0.0,0.26800483,0.26800483,0.38793105,-0.039545268,0.0,0.22986622,0.22986622,0.23965517,-0.057834998,0.3166409,0.3166409,0.38793105,-0.024341285,democracy_institutions,0.04827583,0.97159094,0.29589072,0.095391594,0.74871993,0.9858003,0.98574555,0.11792722,0.009196553,0.0018858585,0.042802148,democracy_institutions
trump3_c002,trump3,trump,en,2017-01-20,inaugural_address,2,16,0.133,90,77,0.40799013,0.40799013,0.8637931,0.1003167,2.5974026,0.33034533,0.33034533,0.7603448,0.04987651,0.0,0.31345403,0.31345403,0.75,0.044884592,0.0,0.2437846,0.2437846,0.5086207,-0.005886987,0.0,0.33274686,0.33274686,0.88793105,0.09234385,0.0,0.38066214,0.38066214,0.7775862,0.06444684,1.2987013,0.37360936,0.37360936,0.75344825,0.042301893,0.0,0.2933186,0.2933186,0.49137932,-0.014231503,0.0,0.33509246,0.33509246,0.74310344,0.047391236,0.37743044,0.37743044,0.71896553,0.03644824,democracy_institutions,0.024137974,0.8560919,0.66779786,0.3092323,0.14669742,0.9915216,0.9942475,0.9662198,0.00012363578,0.0006166298,0.009984569,social_solidarity
trump3_c003,trump3,trump,en,2017-01-20,inaugural_address,3,16,0.2,93,74,0.40052533,0.40052533,0.8534483,0.09285191,2.7027028,0.27772343,0.27772343,0.52931035,-0.00274539,0.0,0.286031,0.286031,0.6431034,0.017461568,0.0,0.26084417,0.26084417,0.6051724,0.011172578,0.0,0.36649266,0.36649266,0.9362069,0.12608965,0.0,0.33110875,0.33110875,0.55,0.014893442,0.0,0.3007704,0.3007704,0.32586208,-0.030537069,0.0,0.30405915,0.30405915,0.55689657,-0.0034909546,0.0,0.2537525,0.2537525,0.34310344,-0.03394872,0.33922404,0.33922404,0.50517243,-0.0017581582,democracy_institutions,0.082758605,0.927429,0.0015731121,0.00074661145,0.657181,0.8514594,0.9944343,0.0014325365,0.00026272482,0.00031688946,0.021287354,social_solidarity
trump3_c004,trump3,trump,en,2017-01-20,inaugural_address,4,16,0.267,163,146,0.3786793,0.3786793,0.7982759,0.07100588,2.739726,0.28920835,0.28920835,0.5741379,0.008739531,0.0,0.3748294,0.3748294,0.88448274,0.10625997,0.6849315,0.18462726,0.18462726,0.14310345,-0.06504433,0.6849315,0.33452886,0.33452886,0.8948276,0.09412585,0.0,0.39180237,0.39180237,0.8189655,0.075587064,0.6849315,0.34785008,0.34785008,0.60172415,0.016542614,0.0,0.37744433,0.37744433,0.7982759,0.069894224,2.0547945,0.26137954,0.26137954,0.3913793,-0.02632168,0.30811357,0.30811357,0.34310344,-0.032868624,democracy_institutions,0.010344863,0.89358836,0.0026163394,0.011789214,0.2664527,0.13072868,0.99855906,0.67869973,0.00021527924,0.0017308301,0.0030396495,social_solidarity
trump3_c005,trump3,trump,en,2017-01-20,inaugural_address,5,16,0.333,136,114,0.41663778,0.41663778,0.8810345,0.108964354,1.754386,0.3915464,0.3915464,0.92241377,0.11107758,0.877193,0.36713403,0.36713403,0.87068963,0.098564595,1.754386,0.35975653,0.35975653,0.9396552,0.110084936,1.754386,0.22390011,0.22390011,0.47068965,-0.016502902,0.0,0.3614971,0.3614971,0.69482756,0.045281798,0.0,0.3914545,0.3914545,0.85,0.060147017,0.0,0.2759418,0.2759418,0.42586207,-0.031608313,0.0,0.3671492,0.3671492,0.8637931,0.079447985,0.41277283,0.41277283,0.8465517,0.071790636,foreign_policy,0.017241418,0.99832237,0.97455615,0.03310942,0.9822367,0.073330455,0.5853382,0.0647865,0.00017197855,0.89885527,0.035594653,national_identity
trump3_c006,trump3,trump,en,2017-01-20,inaugural_address,6,16,0.4,91,79,0.31266135,0.31266135,0.55689657,0.0049879253,0.0,0.26911575,0.26911575,0.48448277,-0.0113530755,0.0,0.39009768,0.39009768,0.9086207,0.12152824,0.0,0.28815818,0.28815818,0.75,0.038486585,2.5316455,0.2112767,0.2112767,0.37758622,-0.029126316,0.0,0.30087423,0.30087423,0.4086207,-0.015341073,0.0,0.32321876,0.32321876,0.4637931,-0.008088708,0.0,0.2942129,0.2942129,0.49827588,-0.013337195,1.2658228,0.2677887,0.2677887,0.4086207,-0.019912511,0.31194657,0.31194657,0.36724138,-0.029035628,economy_welfare,0.15862072,0.839931,0.12074952,0.9948001,0.7701192,0.012100386,0.86532366,0.086864166,0.0014103586,0.00024826112,0.007018599,economy_welfare
trump3_c007,trump3,trump,en,2017-01-20,inaugural_address,7,16,0.467,83,70,0.35243803,0.35243803,0.712069,0.04476461,0.0,0.32621694,0.32621694,0.74310344,0.045748115,0.0,0.3885752,0.3885752,0.9051724,0.12000576,2.857143,0.39152515,0.39152515,0.9672414,0.14185356,2.857143,0.2987911,0.2987911,0.81551725,0.0583881,0.0,0.34652063,0.34652063,0.6396552,0.030305326,1.4285715,0.34027368,0.34027368,0.5706897,0.0089662075,0.0,0.35789156,0.35789156,0.74655175,0.050341457,0.0,0.32644635,0.32644635,0.7017241,0.038745135,0.38514236,0.38514236,0.74310344,0.044160157,foreign_policy,0.062069,0.99926496,0.010228809,0.7510552,0.8703564,0.9672868,0.9196786,0.018941708,0.000969752,0.00036329866,0.119922526,national_identity
trump3_c008,trump3,trump,en,2017-01-20,inaugural_address,8,16,0.533,96,82,0.3522327,0.3522327,0.70862067,0.04455927,0.0,0.43610215,0.43610215,0.9672414,0.15563333,0.0,0.44774646,0.44774646,0.9637931,0.17917702,3.6585367,0.29778326,0.29778326,0.7948276,0.048111662,1.2195122,0.2558365,0.2558365,0.6431034,0.015433475,0.0,0.31975785,0.31975785,0.49827588,0.0035425425,0.0,0.37303984,0.37303984,0.75,0.04173237,0.0,0.285003,0.285003,0.4637931,-0.022547096,0.0,0.37072515,0.37072515,0.8672414,0.083023936,0.377409,0.377409,0.7155172,0.036426812,security_military,0.0034483075,0.9979771,0.9951843,0.84727407,0.9965837,0.961171,0.9982658,0.98704207,0.32124704,0.6627419,0.031514283,social_solidarity
trump3_c009,trump3,trump,en,2017-01-20,inaugural_address,9,16,0.6,92,85,0.30618876,0.30618876,0.5258621,-0.0014846623,4.7058825,0.29901165,0.29901165,0.6327586,0.018542826,0.0,0.38422862,0.38422862,0.8948276,0.11565918,0.0,0.38953984,0.38953984,0.9637931,0.13986824,1.1764706,0.28264898,0.28264898,0.7603448,0.04224597,0.0,0.34172654,0.34172654,0.61206895,0.025511235,0.0,0.34779066,0.34779066,0.59827584,0.016483188,1.1764706,0.30114555,0.30114555,0.54310346,-0.006404549,0.0,0.29666924,0.29666924,0.5637931,0.008968025,0.38862398,0.38862398,0.75689656,0.047641784,foreign_policy,0.068965495,0.86130506,0.004223366,0.038901985,0.8603591,0.6543152,0.9968458,0.037397135,0.28826848,0.0005274784,0.5120216,social_solidarity
trump3_c010,trump3,trump,en,2017-01-20,inaugural_address,10,16,0.667,99,89,0.39867422,0.39867422,0.85,0.091000795,1.1235955,0.36825502,0.36825502,0.8568966,0.0877862,1.1235955,0.2465291,0.2465291,0.4362069,-0.022040337,0.0,0.48296446,0.48296446,0.99482757,0.23329286,2.247191,0.28802925,0.28802925,0.7741379,0.047626242,0.0,0.42162958,0.42162958,0.88793105,0.10541427,0.0,0.35719556,0.35719556,0.6672414,0.025888085,0.0,0.3270042,0.3270042,0.6465517,0.019454092,0.0,0.4235301,0.4235301,0.97068965,0.13582888,0.50190794,0.50190794,0.987931,0.16092575,foreign_policy,0.10689652,0.9997589,0.81805646,0.00079627795,0.9656899,0.7297846,0.99856746,0.94891727,0.0004601059,0.17483254,0.99751776,national_identity
trump3_c011,trump3,trump,en,2017-01-20,inaugural_address,11,16,0.733,106,91,0.45440516,0.45440516,0.94310343,0.14673173,2.1978023,0.39031905,0.39031905,0.91206896,0.10985023,1.0989012,0.23149541,0.23149541,0.38793105,-0.03707403,0.0,0.27943334,0.27943334,0.7224138,0.029761747,0.0,0.24180014,0.24180014,0.5913793,0.0013971329,1.0989012,0.47024322,0.47024322,0.9637931,0.15402791,2.1978023,0.37634236,0.37634236,0.77068967,0.045034885,0.0,0.21019903,0.21019903,0.115517244,-0.097351074,0.0,0.38149545,0.38149545,0.8948276,0.09379423,0.5349539,0.5349539,0.99482757,0.1939717,social_solidarity,0.020689666,0.99945575,0.9967333,0.00012436225,0.6222298,0.1325707,0.99792916,0.056913935,8.7503e-05,0.00065637287,0.9986303,national_identity
trump3_c012,trump3,trump,en,2017-01-20,inaugural_address,12,16,0.8,80,71,0.31995314,0.31995314,0.57758623,0.012279719,1.4084507,0.22311285,0.22311285,0.26034483,-0.05735597,0.0,0.26927185,0.26927185,0.55,0.00070241094,0.0,0.26540712,0.26540712,0.6431034,0.015735522,0.0,0.2773236,0.2773236,0.74310344,0.036920592,0.0,0.2914558,0.2914558,0.37758622,-0.024759501,0.0,0.3358966,0.3358966,0.53965515,0.0045891404,0.0,0.382856,0.382856,0.8224138,0.07530591,0.0,0.30930775,0.30930775,0.61206895,0.021606535,0.39085308,0.39085308,0.76724136,0.04987088,future_reform_technology,0.07931036,0.99512786,0.7466935,0.4320634,0.92103857,0.99641335,0.9993081,0.85776806,0.02806074,0.000366147,0.21345915,social_solidarity
trump3_c013,trump3,trump,en,2017-01-20,inaugural_address,13,16,0.867,86,73,0.44540215,0.44540215,0.9327586,0.13772872,1.369863,0.30431998,0.30431998,0.6637931,0.023851156,0.0,0.32666826,0.32666826,0.80517244,0.058098823,0.0,0.29328787,0.29328787,0.77068967,0.04361628,0.0,0.23039784,0.23039784,0.51896554,-0.010005176,0.0,0.334627,0.334627,0.5706897,0.018411696,0.0,0.42501354,0.42501354,0.9396552,0.09370607,1.369863,0.41332397,0.41332397,0.8603448,0.105773866,0.0,0.3179832,0.3179832,0.66034484,0.03028199,0.41076827,0.41076827,0.83965516,0.06978607,crisis_resilience,0.0068965554,0.20406419,0.37872472,0.0493136,0.97758573,0.0047552,0.7721443,0.8273666,0.6786465,0.026155617,0.0056200367,foreign_policy
trump3_c014,trump3,trump,en,2017-01-20,inaugural_address,14,16,0.933,108,94,0.43517947,0.43517947,0.92241377,0.12750605,0.0,0.35836142,0.35836142,0.82586205,0.0778926,1.0638298,0.22146785,0.22146785,0.31551725,-0.047101587,0.0,0.22218786,0.22218786,0.33965516,-0.027483732,0.0,0.2280424,0.2280424,0.4948276,-0.0123606175,1.0638298,0.36119628,0.36119628,0.6913793,0.044980973,0.0,0.30826747,0.30826747,0.37413794,-0.023039997,0.0,0.20517248,0.20517248,0.09827586,-0.10237762,0.0,0.27774453,0.27774453,0.48448277,-0.009956688,0.37230995,0.37230995,0.67413795,0.031327754,national_identity,0.09655172,0.99686414,0.95824814,0.00018164382,0.22558714,0.0034162786,0.9989738,0.5574237,0.00013792371,0.005522651,0.07703025,social_solidarity
trump3_c015,trump3,trump,en,2017-01-20,inaugural_address,15,16,1.0,110,91,0.46341234,0.46341234,0.96034485,0.15573892,0.0,0.32807246,0.32807246,0.75,0.047603637,0.0,0.33123773,0.33123773,0.8189655,0.06266829,0.0,0.2938522,0.2938522,0.7741379,0.044180617,0.0,0.32233584,0.32233584,0.8672414,0.08193283,0.0,0.37743455,0.37743455,0.7603448,0.061219245,3.2967033,0.3714304,0.3714304,0.7396552,0.040122926,0.0,0.34163427,0.34163427,0.69482756,0.03408417,0.0,0.32799459,0.32799459,0.70862067,0.040293366,0.43792728,0.43792728,0.9051724,0.09694508,national_identity,0.09310347,0.99975747,0.732209,0.73048216,0.925027,0.20721474,0.99938816,0.4232196,0.0002769473,0.0004529758,0.9798806,national_identity
