chunk_id,speech_id,leader,language,speech_date,speech_type,chunk_index,n_chunks_in_speech,relative_position,token_count,word_count,national_identity_cos,national_identity_cos_en,national_identity_pct,national_identity_rel,national_identity_kw,security_military_cos,security_military_cos_en,security_military_pct,security_military_rel,security_military_kw,economy_welfare_cos,economy_welfare_cos_en,economy_welfare_pct,economy_welfare_rel,economy_welfare_kw,foreign_policy_cos,foreign_policy_cos_en,foreign_policy_pct,foreign_policy_rel,foreign_policy_kw,democracy_institutions_cos,democracy_institutions_cos_en,democracy_institutions_pct,democracy_institutions_rel,democracy_institutions_kw,social_solidarity_cos,social_solidarity_cos_en,social_solidarity_pct,social_solidarity_rel,social_solidarity_kw,crisis_resilience_cos,crisis_resilience_cos_en,crisis_resilience_pct,crisis_resilience_rel,crisis_resilience_kw,future_reform_technology_cos,future_reform_technology_cos_en,future_reform_technology_pct,future_reform_technology_rel,future_reform_technology_kw,conflict_threat_framing_cos,conflict_threat_framing_cos_en,conflict_threat_framing_pct,conflict_threat_framing_rel,cooperation_solidarity_framing_cos,cooperation_solidarity_framing_cos_en,cooperation_solidarity_framing_pct,cooperation_solidarity_framing_rel,top_theme_emb,top_theme_margin,national_identity_nli,security_military_nli,economy_welfare_nli,foreign_policy_nli,democracy_institutions_nli,social_solidarity_nli,crisis_resilience_nli,future_reform_technology_nli,conflict_threat_framing_nli,cooperation_solidarity_framing_nli,top_theme_nli
erdogan1_c000,erdogan1,erdogan,tr,,symposium_speech,0,13,0.0,110,47,0.47001058,0.44439802,0.31414473,-0.027579337,2.1276596,0.4348171,0.4446661,0.17927632,-0.042733192,0.0,0.45065072,0.41781443,0.36348686,-0.020793915,0.0,0.50011647,0.4692083,0.7253289,0.026676595,0.0,0.4658962,0.46826816,0.5378289,0.0063791573,2.1276596,0.44076568,0.41782653,0.17598684,-0.0567874,4.255319,0.5167497,0.45667103,0.49506578,0.0010977983,0.0,0.55631745,0.53032947,0.66611844,0.02579242,0.0,0.40502125,0.41222766,0.23848684,-0.033495814,0.4290348,0.43743327,0.18914473,-0.047889203,foreign_policy,0.05921048,0.5291417,0.10347652,0.00083446014,0.9232816,0.6730842,0.78882736,0.098382086,0.00063743425,0.001199549,0.014104308,foreign_policy
erdogan1_c001,erdogan1,erdogan,tr,,symposium_speech,1,13,0.083,150,62,0.5385842,0.50713414,0.76480263,0.040994257,3.2258065,0.4634997,0.45943648,0.38980263,-0.014050603,3.2258065,0.44498792,0.42704722,0.33717105,-0.026456714,0.0,0.46478924,0.44771272,0.43585527,-0.008650631,1.6129032,0.4770268,0.4782074,0.65953946,0.017509758,3.2258065,0.49706566,0.42571485,0.49177632,-0.00048741698,3.2258065,0.56765914,0.49292082,0.84375,0.052007258,0.0,0.48835915,0.44206727,0.25822368,-0.042165875,0.0,0.45722574,0.43252942,0.65625,0.018708676,0.4571193,0.4415281,0.36677632,-0.019804716,crisis_resilience,0.078947365,0.8765023,0.01096574,0.00019147785,0.66909647,0.022737443,0.8331889,0.18086497,0.00010932307,0.67276186,0.0016072205,national_identity
erdogan1_c002,erdogan1,erdogan,tr,,symposium_speech,2,13,0.167,106,41,0.44384027,0.43739653,0.15625,-0.05374965,0.0,0.48993957,0.495633,0.6069079,0.012389272,0.0,0.50937116,0.5063293,0.7582237,0.037926525,2.4390244,0.50278026,0.46653855,0.7417763,0.029340386,0.0,0.5320717,0.52978504,0.92269737,0.07255468,2.4390244,0.4476673,0.43818304,0.20559211,-0.04988578,0.0,0.57460546,0.52749234,0.8667763,0.058953583,0.0,0.49238837,0.46816257,0.27796054,-0.03813666,0.0,0.465891,0.4543681,0.7055921,0.02737394,0.45383334,0.4334157,0.3536184,-0.02309066,democracy_institutions,0.055921078,0.1390453,0.025932683,0.46854746,0.03087972,0.99425304,0.073879816,0.999675,6.949274e-05,0.00018740872,0.00078088866,crisis_resilience
erdogan1_c003,erdogan1,erdogan,tr,,symposium_speech,3,13,0.25,88,40,0.5797001,0.5300721,0.95230263,0.0821102,5.0,0.5268574,0.49095052,0.84703946,0.049307078,0.0,0.522566,0.4867724,0.81414473,0.051121384,0.0,0.5488756,0.5180887,0.9292763,0.0754357,0.0,0.59552526,0.54216087,0.9884868,0.13600823,2.5,0.5143397,0.47316715,0.64638156,0.016786605,0.0,0.58177865,0.51464784,0.8865132,0.066126764,0.0,0.621259,0.55450845,0.91611844,0.090733945,0.0,0.44871992,0.43551326,0.5740132,0.010202855,0.49687544,0.45893487,0.59703946,0.019951433,democracy_institutions,0.03618419,0.46722537,0.18388656,0.0014607494,0.84853345,0.05033063,0.9389409,0.5431056,0.00027425666,0.0040701376,0.005050509,social_solidarity
erdogan1_c004,erdogan1,erdogan,tr,,symposium_speech,4,13,0.333,95,44,0.48297536,0.47021967,0.3930921,-0.014614552,2.2727273,0.43849117,0.44627148,0.21546052,-0.039059132,0.0,0.46646142,0.42091084,0.4786184,-0.0049832165,2.2727273,0.49444377,0.46734822,0.6792763,0.021003902,0.0,0.50834453,0.5161052,0.84703946,0.0488275,4.5454545,0.44071501,0.38527578,0.17269737,-0.056838065,0.0,0.5239327,0.45691904,0.56085527,0.008280814,0.0,0.5237564,0.4852895,0.46875,-0.006768644,0.0,0.438232,0.41164142,0.48848686,-0.0002850592,0.4788949,0.4125538,0.5115132,0.0019708872,democracy_institutions,0.16776317,0.72340715,0.034004062,0.0002642683,0.8698805,0.05134372,0.012895588,0.8776473,0.00023276829,0.0006563728,0.0048579667,crisis_resilience
erdogan1_c005,erdogan1,erdogan,tr,,symposium_speech,5,13,0.417,107,46,0.54507184,0.55395687,0.81085527,0.047481924,4.347826,0.48715842,0.51016986,0.5707237,0.00960812,0.0,0.4787019,0.47359014,0.54769737,0.007257253,0.0,0.5519503,0.51878977,0.93914473,0.0785104,0.0,0.59356976,0.58411634,0.98519737,0.13405272,6.521739,0.4897555,0.46383953,0.44572368,-0.007797569,4.347826,0.54145724,0.49560624,0.6924342,0.025805354,0.0,0.54029447,0.53358674,0.58388156,0.00976944,0.0,0.42563152,0.43301547,0.37993422,-0.012885541,0.44921964,0.444288,0.31414473,-0.027704358,democracy_institutions,0.046052635,0.0006202513,0.20850109,0.00091461366,0.2923932,0.7777222,0.4473396,0.5633779,0.00062511285,0.00053682737,0.012241275,democracy_institutions
erdogan1_c006,erdogan1,erdogan,tr,,symposium_speech,6,13,0.5,117,49,0.5416411,0.4916436,0.78125,0.0440512,4.0816326,0.5059899,0.513793,0.71875,0.028439611,0.0,0.48925632,0.47018206,0.63980263,0.017811686,2.0408163,0.53749824,0.4984153,0.90296054,0.06405836,0.0,0.6043538,0.5842454,0.99835527,0.14483675,6.122449,0.51089776,0.44806594,0.61019737,0.013344675,0.0,0.55169284,0.49742916,0.7450658,0.03604096,0.0,0.55159456,0.5037293,0.65296054,0.021069527,0.0,0.44470426,0.4494577,0.5509868,0.0061872005,0.48885328,0.47520632,0.56414473,0.011929274,democracy_institutions,0.09539473,0.98395544,0.22175993,0.0002965355,0.8958876,0.9978427,0.99941045,0.8466094,0.00041894842,0.0049822694,0.21157971,social_solidarity
erdogan1_c007,erdogan1,erdogan,tr,,symposium_speech,7,13,0.583,92,44,0.47892535,0.44996768,0.37006578,-0.018664569,2.2727273,0.50164115,0.48893717,0.6825658,0.024090856,0.0,0.48858282,0.4606336,0.6332237,0.017138183,0.0,0.48852962,0.47989917,0.6332237,0.01508975,0.0,0.53937614,0.53697264,0.93585527,0.07985911,9.090909,0.4389117,0.39786792,0.16940789,-0.058641374,0.0,0.516556,0.47508538,0.48848686,0.00090414286,4.5454545,0.5610889,0.5603351,0.6957237,0.030563891,0.0,0.4728691,0.4567235,0.7680921,0.034352034,0.45529056,0.42041218,0.36348686,-0.021633446,democracy_institutions,0.24013156,0.018599968,0.07091265,0.00047193223,0.9603798,0.8433798,0.0606962,0.67864645,0.00025216967,0.0026061658,0.00030061638,foreign_policy
erdogan1_c008,erdogan1,erdogan,tr,,symposium_speech,8,13,0.667,93,33,0.5147293,0.49920475,0.60361844,0.017139405,3.030303,0.47261846,0.47045425,0.4786184,-0.0049318373,0.0,0.4654179,0.42163134,0.46546054,-0.006026745,3.030303,0.47401598,0.45487747,0.5082237,0.0005761087,0.0,0.51565844,0.51016563,0.8667763,0.056141406,12.121212,0.4572189,0.42536438,0.24177632,-0.040334195,3.030303,0.46969968,0.45677364,0.20888157,-0.0459522,0.0,0.5010778,0.46795216,0.31414473,-0.029447258,0.0,0.4542806,0.45264494,0.62664473,0.015763551,0.4577666,0.4494997,0.37993422,-0.01915741,democracy_institutions,0.26315784,0.1407648,0.060321487,0.0089334035,0.34356198,0.88388896,0.7681576,0.4444442,0.010293274,0.0042563486,0.0024919678,democracy_institutions
erdogan1_c009,erdogan1,erdogan,tr,,symposium_speech,9,13,0.75,91,44,0.5576763,0.5131071,0.8667763,0.0600864,9.090909,0.44064313,0.43026757,0.23519737,-0.036907166,0.0,0.46192083,0.41399792,0.44901314,-0.009523809,0.0,0.45638782,0.43078226,0.34375,-0.017052054,0.0,0.48753047,0.5026064,0.7417763,0.028013438,6.818182,0.47418678,0.41992772,0.3536184,-0.023366302,0.0,0.4758598,0.40675914,0.23519737,-0.03979209,0.0,0.53716147,0.49431568,0.5542763,0.0066364408,0.0,0.40248185,0.40823698,0.22532895,-0.03603521,0.45746818,0.44478565,0.37006578,-0.01945582,national_identity,0.125,0.9964619,0.7874412,0.0076436205,0.9144819,0.92730576,0.99504673,0.8555497,0.26836583,0.0016198055,0.11987101,national_identity
erdogan1_c010,erdogan1,erdogan,tr,,symposium_speech,10,13,0.833,104,43,0.52839684,0.5041366,0.6792763,0.030806929,4.6511626,0.48994786,0.49129543,0.61019737,0.0123975575,0.0,0.48309392,0.44981688,0.59046054,0.011649281,0.0,0.51674056,0.4980037,0.8207237,0.04330069,0.0,0.5875902,0.59110475,0.97203946,0.12807319,4.6511626,0.5136521,0.46618736,0.6332237,0.016099006,0.0,0.5042654,0.45242327,0.40625,-0.011386454,0.0,0.50526285,0.47915578,0.3569079,-0.025262177,0.0,0.41348296,0.4155447,0.2911184,-0.0250341,0.4662536,0.45097888,0.45230263,-0.010670394,democracy_institutions,0.15131575,0.7623798,0.70048517,0.064830884,0.7661187,0.98274064,0.9625061,0.035914496,0.048903182,0.0028671587,0.07152631,democracy_institutions
erdogan1_c011,erdogan1,erdogan,tr,,symposium_speech,11,13,0.917,132,52,0.54726756,0.5237971,0.82730263,0.04967764,5.769231,0.54225993,0.51929283,0.91611844,0.06470963,0.0,0.5396962,0.48984838,0.86019737,0.06825158,0.0,0.54508626,0.5230273,0.9128289,0.07164639,0.0,0.59912896,0.56306976,0.9917763,0.13961193,0.0,0.48492387,0.42915875,0.40953946,-0.012629211,0.0,0.5239277,0.4750104,0.5575658,0.008275807,0.0,0.51310545,0.47925565,0.37664473,-0.017419577,0.0,0.46259463,0.47335172,0.68914473,0.024077564,0.49792424,0.48701492,0.61019737,0.021000236,democracy_institutions,0.075657845,0.9851861,0.63815904,0.066402495,0.8935883,0.9989162,0.9078243,0.5073237,0.383295,0.02430702,0.61450964,democracy_institutions
erdogan1_c012,erdogan1,erdogan,tr,,symposium_speech,12,13,1.0,75,29,0.47065395,0.4348476,0.32730263,-0.026935965,10.344828,0.49237144,0.4675244,0.62335527,0.014821142,0.0,0.47625816,0.46025318,0.53125,0.004813522,3.4482758,0.48086897,0.45329237,0.56414473,0.007429093,0.0,0.5570937,0.57223123,0.95888156,0.09757665,10.344828,0.4821001,0.40553334,0.3930921,-0.015452981,3.4482758,0.4670719,0.42661566,0.19901316,-0.04857999,0.0,0.4977733,0.47843325,0.29769737,-0.03275174,0.0,0.41602373,0.4428704,0.30427632,-0.022493333,0.46856654,0.4589234,0.46546054,-0.008357465,democracy_institutions,0.3355263,0.19482698,7.5728436e-05,0.2921912,0.0010754024,0.9722043,0.15358883,0.017375665,0.00012195718,0.00034329997,0.074837625,democracy_institutions
erdogan2022_c000,erdogan2022,erdogan,tr,2022-12-31,new_year_message,0,18,0.0,85,32,0.607404,0.52237374,0.9917763,0.10981408,6.25,0.47424513,0.46215189,0.49177632,-0.003305167,0.0,0.4726344,0.4412974,0.51480263,0.0011897683,0.0,0.47418737,0.4514702,0.5115132,0.00074750185,0.0,0.47358155,0.46714103,0.60361844,0.014064521,0.0,0.5232514,0.4614614,0.70230263,0.025698334,0.0,0.5404619,0.45493627,0.6825658,0.024810016,0.0,0.528069,0.48625374,0.5049342,-0.0024560094,0.0,0.45120144,0.42806542,0.6003289,0.012684375,0.49766132,0.47513643,0.6069079,0.02073732,national_identity,0.28947365,0.9527228,0.3054901,0.13273925,0.7862948,0.4087487,0.9845903,0.8270613,0.66519314,0.0015099909,0.04636741,social_solidarity
erdogan2022_c001,erdogan2022,erdogan,tr,2022-12-31,new_year_message,1,18,0.059,82,28,0.43438092,0.45919222,0.13322368,-0.063209,7.142857,0.40594375,0.40191898,0.067434214,-0.07160655,0.0,0.3317163,0.30107695,0.0049342103,-0.13972834,0.0,0.34322846,0.3446384,0.0082236845,-0.13021141,0.0,0.33895576,0.33897385,0.0049342103,-0.12056127,0.0,0.3923096,0.34635323,0.034539472,-0.105243474,0.0,0.39798486,0.37855035,0.02138158,-0.11766702,3.5714285,0.41396284,0.36096686,0.024671054,-0.11656219,0.0,0.3744927,0.38286114,0.10361842,-0.06402436,0.3358214,0.36603713,0.0049342103,-0.14110261,national_identity,0.06578947,0.9977305,0.0010063781,0.00031076215,0.017012622,0.0031788659,0.99895155,0.035045635,0.00034531674,0.025516605,0.00995565,social_solidarity
erdogan2022_c002,erdogan2022,erdogan,tr,2022-12-31,new_year_message,2,18,0.118,102,37,0.45296222,0.39143702,0.19901316,-0.044627696,2.7027028,0.36155242,0.39078107,0.0082236845,-0.11599788,0.0,0.36156645,0.3373374,0.03125,-0.10987818,0.0,0.3767722,0.37837636,0.024671054,-0.09666768,0.0,0.37274843,0.37988728,0.018092105,-0.0867686,2.7027028,0.41656944,0.40218166,0.100328945,-0.08098364,0.0,0.4799266,0.41466215,0.26151314,-0.035725296,2.7027028,0.4246725,0.39975134,0.03782895,-0.105852515,0.0,0.3333608,0.35991982,0.018092105,-0.10515627,0.34572846,0.3743947,0.02138158,-0.13119555,crisis_resilience,0.062499985,0.8057851,0.026937889,0.00048123577,0.04497357,0.99076784,0.93418527,0.8737005,0.0015792595,0.00016378424,0.018617803,democracy_institutions
erdogan2022_c003,erdogan2022,erdogan,tr,2022-12-31,new_year_message,3,18,0.176,97,31,0.49196303,0.45608443,0.42269737,-0.005626887,6.451613,0.4076746,0.41693577,0.07072368,-0.06987569,0.0,0.415963,0.39015573,0.16282895,-0.055481642,0.0,0.39489794,0.37818837,0.06414474,-0.078541934,0.0,0.4438328,0.4362892,0.38980263,-0.015684217,0.0,0.4563132,0.4121825,0.23848684,-0.041239887,0.0,0.50134575,0.4324879,0.3930921,-0.014306128,0.0,0.50333345,0.47565436,0.3305921,-0.02719158,0.0,0.3696254,0.36493757,0.090460524,-0.068891674,0.38077667,0.37357324,0.05756579,-0.09614733,national_identity,0.02960527,0.80685264,0.064542845,0.39210403,0.4520521,0.60112536,0.97187257,0.54794794,0.45737907,0.0006154273,0.06412401,social_solidarity
erdogan2022_c004,erdogan2022,erdogan,tr,2022-12-31,new_year_message,4,18,0.235,143,53,0.45330408,0.41644228,0.20230263,-0.044285834,1.8867924,0.44936827,0.45808792,0.29769737,-0.02818203,0.0,0.42982852,0.39646214,0.23848684,-0.041616112,0.0,0.41032642,0.39980528,0.09375,-0.06311345,0.0,0.43247443,0.4371404,0.30756578,-0.027042598,3.7735848,0.39497888,0.3810953,0.044407893,-0.1025742,0.0,0.47647697,0.4465825,0.2450658,-0.039174914,0.0,0.5230554,0.48013538,0.4555921,-0.007469654,0.0,0.42601448,0.39086127,0.38980263,-0.012502581,0.42350793,0.36451936,0.14967105,-0.053416073,future_reform_technology,0.14802632,0.7217432,0.19444425,0.037169296,0.89081776,0.2910816,0.9050604,0.9827572,0.00019794097,0.00023597173,0.0078007574,crisis_resilience
erdogan2022_c005,erdogan2022,erdogan,tr,2022-12-31,new_year_message,5,18,0.294,100,29,0.4569975,0.44070062,0.24177632,-0.040592402,0.0,0.5095272,0.49584424,0.7384868,0.03197691,0.0,0.46961772,0.4316315,0.49506578,-0.0018269122,3.4482758,0.45143494,0.44625884,0.30427632,-0.022004932,3.4482758,0.44988525,0.4385767,0.44901314,-0.009631783,0.0,0.43527114,0.3866929,0.16282895,-0.062281936,0.0,0.50712633,0.5035163,0.42269737,-0.00852555,0.0,0.48923275,0.43763888,0.26151314,-0.04129228,0.0,0.50124,0.44936746,0.8996711,0.06272295,0.40323922,0.38266551,0.1069079,-0.07368478,security_military,0.24342105,0.50219727,0.9376404,0.13574682,0.8949445,0.06816436,0.8029035,0.9886134,0.00017468637,0.9571978,0.0010464257,crisis_resilience
erdogan2022_c006,erdogan2022,erdogan,tr,2022-12-31,new_year_message,6,18,0.353,96,38,0.5269896,0.49037474,0.6759868,0.029399663,5.263158,0.5762372,0.5612772,0.98519737,0.0986869,2.631579,0.4413942,0.406925,0.2944079,-0.030050427,0.0,0.46697032,0.44024652,0.45230263,-0.0064695477,0.0,0.42137957,0.39889783,0.26151314,-0.038137466,0.0,0.487159,0.41964746,0.42598686,-0.010394067,0.0,0.55998355,0.53537565,0.7944079,0.04433167,7.894737,0.549704,0.4885918,0.6430921,0.019178987,0.0,0.5344362,0.4931388,0.9753289,0.09591916,0.463684,0.43336126,0.43256578,-0.01324001,security_military,0.19078946,0.99952894,0.9694401,0.00020502217,0.9138593,0.33415475,0.9440738,0.9982959,0.004736749,0.30290636,0.98270756,national_identity
erdogan2022_c007,erdogan2022,erdogan,tr,2022-12-31,new_year_message,7,18,0.412,116,37,0.5121756,0.4229056,0.5805921,0.014585704,0.0,0.5596697,0.5017365,0.95230263,0.082119375,2.7027028,0.49614626,0.45544013,0.6792763,0.024701625,2.7027028,0.48643893,0.45165136,0.6200658,0.012999058,2.7027028,0.4391461,0.39735848,0.35032895,-0.02037093,0.0,0.49188223,0.4048319,0.46217105,-0.0056708455,0.0,0.61119944,0.5389612,0.96546054,0.09554756,5.4054055,0.5498469,0.47396097,0.64638156,0.019321859,0.0,0.51158094,0.45579255,0.93585527,0.07306388,0.50309336,0.45071015,0.65625,0.02616936,crisis_resilience,0.013157904,0.99966663,0.97014105,0.99603146,0.97348124,0.37648705,0.9985364,0.99892044,0.55904937,0.4547143,0.9849563,national_identity
erdogan2022_c008,erdogan2022,erdogan,tr,2022-12-31,new_year_message,8,18,0.471,109,35,0.40996796,0.38506746,0.06414474,-0.08762196,0.0,0.45381904,0.4370944,0.34046054,-0.023731261,2.857143,0.47810856,0.472682,0.5444079,0.0066639185,5.714286,0.4235152,0.41718316,0.12664473,-0.04992467,5.714286,0.3850187,0.36609054,0.060855262,-0.074498326,0.0,0.39300743,0.3771262,0.04111842,-0.10454565,0.0,0.5588778,0.5324634,0.79111844,0.043225944,2.857143,0.49116904,0.44953588,0.2680921,-0.039355993,0.0,0.43314707,0.43334585,0.43256578,-0.005369991,0.41686854,0.38078842,0.1299342,-0.060055465,crisis_resilience,0.24671054,0.013325147,0.0044857943,0.74139327,0.9652994,0.046291903,0.02072506,0.980053,0.01657725,0.98950076,0.0051797135,crisis_resilience
erdogan2022_c009,erdogan2022,erdogan,tr,2022-12-31,new_year_message,9,18,0.529,115,57,0.47008184,0.4109416,0.31743422,-0.02750808,1.754386,0.38794407,0.3921529,0.027960526,-0.089606225,0.0,0.6195939,0.5788808,0.9917763,0.14814928,8.77193,0.4816865,0.39968103,0.5805921,0.00824663,3.508772,0.4857043,0.3917578,0.72203946,0.02618727,0.0,0.46490103,0.3895791,0.2944079,-0.03265205,0.0,0.55207324,0.45506847,0.75164473,0.03642136,0.0,0.48827058,0.45444393,0.25493422,-0.042254448,0.0,0.41850945,0.37122774,0.33717105,-0.02000761,0.4457071,0.3800912,0.27467105,-0.03121689,economy_welfare,0.24013156,0.84137,0.0001578186,0.96882665,0.92531437,0.014559518,0.19398582,0.70876724,0.008745182,0.00026895347,0.007861459,economy_welfare
erdogan2022_c010,erdogan2022,erdogan,tr,2022-12-31,new_year_message,10,18,0.588,85,32,0.5792749,0.47197017,0.9490132,0.08168498,3.125,0.46574104,0.43512446,0.41282895,-0.01180926,0.0,0.6298391,0.5879635,0.9950658,0.15839449,3.125,0.48506522,0.42832676,0.6069079,0.0116253495,0.0,0.44658598,0.37766534,0.42598686,-0.012931049,0.0,0.5595624,0.46139464,0.84703946,0.062009305,0.0,0.6453065,0.51395786,0.9884868,0.12965465,0.0,0.5259687,0.45391783,0.4819079,-0.004556358,0.0,0.45446557,0.40501016,0.6332237,0.015948504,0.52144814,0.45907202,0.77796054,0.044524133,economy_welfare,0.006578982,0.99815416,0.0049725967,0.99949473,0.751557,0.7484442,0.99897975,0.9862046,0.07765744,0.00055385876,0.43102464,economy_welfare
erdogan2022_c011,erdogan2022,erdogan,tr,2022-12-31,new_year_message,11,18,0.647,92,35,0.43504,0.37567374,0.13980263,-0.06254992,0.0,0.44642,0.45251745,0.27796054,-0.031130284,0.0,0.51286197,0.4841208,0.7746711,0.04141733,8.571428,0.4538717,0.41770464,0.32730263,-0.019568175,2.857143,0.3967138,0.35882676,0.13322368,-0.06280324,0.0,0.46488586,0.37155014,0.2911184,-0.03266722,2.857143,0.58217555,0.47638792,0.88980263,0.06652367,5.714286,0.4563684,0.40682343,0.110197365,-0.07415664,0.0,0.4257607,0.40262598,0.38651314,-0.012756377,0.44851208,0.38356578,0.30098686,-0.028411925,crisis_resilience,0.11513156,0.9963713,0.7237246,0.32809874,0.9640602,0.43638185,0.5871148,0.99982566,0.7066461,0.022542967,0.023666898,crisis_resilience
erdogan2022_c012,erdogan2022,erdogan,tr,2022-12-31,new_year_message,12,18,0.706,115,42,0.44826514,0.42206585,0.17269737,-0.04932478,0.0,0.43438476,0.42299774,0.17598684,-0.043165535,0.0,0.4483075,0.4065652,0.34703946,-0.023137122,2.3809524,0.5286015,0.50688803,0.8832237,0.055161655,7.142857,0.4057808,0.34352636,0.17598684,-0.05373624,0.0,0.49009323,0.43528706,0.45230263,-0.007459849,0.0,0.63224995,0.5553486,0.98519737,0.11659807,4.7619047,0.467426,0.39558423,0.14309211,-0.06309903,0.0,0.44111478,0.44335237,0.51480263,0.0025977194,0.4881227,0.4334798,0.5575658,0.0111986995,crisis_resilience,0.10197365,0.99360543,0.0013070537,0.00028910328,0.8299059,0.00043139845,0.67920524,0.9553608,0.016466174,8.382305e-05,0.71668977,national_identity
erdogan2022_c013,erdogan2022,erdogan,tr,2022-12-31,new_year_message,13,18,0.765,131,44,0.4642458,0.41137463,0.2680921,-0.03334412,0.0,0.518336,0.51493,0.81085527,0.0407857,4.5454545,0.46918058,0.42642093,0.48848686,-0.0022640526,0.0,0.46455747,0.44260752,0.42927632,-0.008882403,0.0,0.40416482,0.34791207,0.16282895,-0.05535221,0.0,0.44837284,0.36600474,0.20888157,-0.04918024,0.0,0.5184963,0.4635293,0.51480263,0.0028443933,0.0,0.46794596,0.405698,0.14638157,-0.062579066,0.0,0.5108552,0.48120788,0.9325658,0.072338134,0.45753363,0.41726565,0.37335527,-0.019390374,security_military,0.29605263,0.9959693,0.994536,0.09021314,0.9106498,0.029619431,0.20521654,0.86522406,0.0033634924,0.1442091,0.0019043304,national_identity
erdogan2022_c014,erdogan2022,erdogan,tr,2022-12-31,new_year_message,14,18,0.824,116,40,0.4552893,0.40633267,0.22532895,-0.04230061,2.5,0.4245714,0.42168474,0.110197365,-0.052978903,0.0,0.5155851,0.4802595,0.7878289,0.044140488,0.0,0.41362315,0.40765876,0.100328945,-0.059816718,0.0,0.3795791,0.32679254,0.03782895,-0.079937935,0.0,0.42996836,0.37267363,0.14638157,-0.06758472,0.0,0.524238,0.45688388,0.5674342,0.008586109,0.0,0.544969,0.4893484,0.60361844,0.014443994,0.0,0.3770185,0.36574203,0.1069079,-0.061498553,0.39640367,0.36267912,0.090460524,-0.08052033,economy_welfare,0.18421048,0.07221029,0.000105546875,0.0037580938,0.0026522598,0.0020072423,0.08411582,0.85262895,0.0016356753,0.00012558253,0.0032858332,crisis_resilience
erdogan2022_c015,erdogan2022,erdogan,tr,2022-12-31,new_year_message,15,18,0.882,81,28,0.4563976,0.43150693,0.23190789,-0.041192323,3.5714285,0.44260722,0.43395334,0.24835527,-0.034943074,0.0,0.46233046,0.42017055,0.45230263,-0.009114176,3.5714285,0.4542529,0.463587,0.3305921,-0.019186974,3.5714285,0.41236866,0.39203024,0.20559211,-0.047148377,0.0,0.44452775,0.4019801,0.1924342,-0.053025335,0.0,0.45479983,0.42903203,0.12664473,-0.06085205,0.0,0.58139926,0.5269379,0.8009868,0.050874233,0.0,0.38917404,0.39128512,0.15953948,-0.04934302,0.39757276,0.38631958,0.09375,-0.07935125,future_reform_technology,0.3486842,0.96914953,0.015350576,0.006003596,0.8450434,0.083441176,0.95875067,0.18300885,0.13910376,0.0010649627,0.034326304,national_identity
erdogan2022_c016,erdogan2022,erdogan,tr,2022-12-31,new_year_message,16,18,0.941,86,31,0.5530435,0.49846166,0.84703946,0.05545357,0.0,0.4988462,0.4883458,0.65625,0.021295905,0.0,0.55291015,0.50777054,0.8996711,0.08146551,3.2258065,0.55042845,0.50052524,0.9325658,0.07698858,0.0,0.5784379,0.53289646,0.96875,0.11892089,3.2258065,0.53286695,0.46971825,0.72203946,0.035313874,0.0,0.56228656,0.5016936,0.81085527,0.046634674,0.0,0.6050291,0.5437834,0.87664473,0.07450408,0.0,0.50121343,0.45874214,0.89638156,0.06269637,0.5611583,0.49504027,0.92269737,0.0842343,democracy_institutions,0.03618419,0.7874208,0.0010423503,0.9898303,0.9488462,0.6504673,0.95961094,0.17881246,0.00034734534,0.0010122859,0.0100038955,economy_welfare
erdogan2022_c017,erdogan2022,erdogan,tr,2022-12-31,new_year_message,17,18,1.0,154,55,0.55866456,0.50471354,0.87335527,0.061074644,3.6363637,0.47018617,0.46617144,0.44901314,-0.007364124,0.0,0.4721834,0.45185465,0.5115132,0.00073876977,1.8181819,0.45896313,0.4570843,0.36019737,-0.014476746,0.0,0.4234603,0.41821077,0.27796054,-0.036056727,0.0,0.50628746,0.45597357,0.5674342,0.008734375,0.0,0.5345082,0.47518754,0.6332237,0.018856347,0.0,0.61151314,0.5620365,0.8930921,0.08098811,1.8181819,0.4270067,0.4170273,0.39967105,-0.011510372,0.45980626,0.4344127,0.3930921,-0.017117739,future_reform_technology,0.019736826,0.9425067,0.021864556,0.08218026,0.5059812,0.13153537,0.9980582,0.047381777,0.004829722,0.0008778914,0.309754,social_solidarity
erdogan2023_c000,erdogan2023,erdogan,tr,2023-12-31,new_year_message,0,19,0.0,82,30,0.55039567,0.48234558,0.84046054,0.05280575,6.6666665,0.42143828,0.4152829,0.10361842,-0.05611202,0.0,0.4432307,0.4210462,0.31414473,-0.028213948,0.0,0.44030637,0.42069638,0.22861843,-0.033133507,0.0,0.3933126,0.39293224,0.1069079,-0.06620443,0.0,0.47346956,0.42705026,0.34375,-0.024083525,0.0,0.49731356,0.4224277,0.36348686,-0.018338323,0.0,0.55487585,0.49846622,0.6628289,0.024350822,0.0,0.3954462,0.39006805,0.17598684,-0.043070853,0.45353767,0.44236675,0.35032895,-0.02338633,national_identity,0.17763162,0.5847455,0.38329494,0.4506011,0.9046084,0.5886527,0.99306935,0.02525085,0.5645787,0.00022960824,0.36817846,social_solidarity
erdogan2023_c001,erdogan2023,erdogan,tr,2023-12-31,new_year_message,1,19,0.056,86,31,0.5181302,0.47097945,0.62335527,0.020540267,0.0,0.5094951,0.50297517,0.73519737,0.03194478,3.2258065,0.43260473,0.4046182,0.24835527,-0.038839906,0.0,0.45699304,0.43583357,0.34703946,-0.016446829,6.451613,0.40556023,0.3704559,0.17269737,-0.053956807,0.0,0.48748806,0.44739285,0.43256578,-0.010065019,0.0,0.60673535,0.52752733,0.95230263,0.09108347,0.0,0.5278474,0.46707636,0.50164473,-0.0026776195,0.0,0.47564846,0.4735012,0.77138156,0.0371314,0.43566602,0.44069588,0.22203948,-0.041257977,crisis_resilience,0.21710527,0.07507463,0.00039127714,0.0008088074,0.1566847,0.006394523,0.89107865,0.19551727,0.00017298904,0.0003053489,0.00059302105,social_solidarity
erdogan2023_c002,erdogan2023,erdogan,tr,2023-12-31,new_year_message,2,19,0.111,82,32,0.5043253,0.46025473,0.5180921,0.0067353547,0.0,0.5167278,0.5174197,0.7944079,0.039177507,3.125,0.43449104,0.4254461,0.25493422,-0.0369536,0.0,0.51777816,0.4929688,0.8305921,0.044338286,3.125,0.5371678,0.51250654,0.9325658,0.077650756,3.125,0.5388522,0.47585145,0.75164473,0.041299134,3.125,0.52388185,0.45693144,0.5542763,0.008229971,0.0,0.5470472,0.4851197,0.6167763,0.01652217,3.125,0.48334926,0.45038986,0.81085527,0.0448322,0.5081572,0.4894751,0.6957237,0.031233191,democracy_institutions,0.10197371,0.9773384,0.47475293,0.00024632958,0.8946975,0.51781476,0.9995711,0.9983959,9.49829e-05,0.3946675,0.19674905,social_solidarity
erdogan2023_c003,erdogan2023,erdogan,tr,2023-12-31,new_year_message,3,19,0.167,113,44,0.4959598,0.45300788,0.44243422,-0.0016301274,0.0,0.5190072,0.47934818,0.8174342,0.041456908,2.2727273,0.4226919,0.40132186,0.1924342,-0.048752725,0.0,0.49270684,0.49271867,0.6628289,0.019266963,6.818182,0.45411727,0.41869277,0.47203946,-0.0053997636,2.2727273,0.49803334,0.46620733,0.5049342,0.00048026443,0.0,0.5449369,0.48955372,0.71546054,0.029285014,0.0,0.50288564,0.43567634,0.32401314,-0.027639389,0.0,0.4703564,0.49106288,0.74835527,0.03183934,0.49061638,0.49392927,0.5740132,0.013692379,security_military,0.10197365,0.928051,0.40648648,0.00017298902,0.9978342,0.10315988,0.99547917,0.993795,0.00012681478,0.9996526,0.78384376,foreign_policy
erdogan2023_c004,erdogan2023,erdogan,tr,2023-12-31,new_year_message,4,19,0.222,111,37,0.6025156,0.521966,0.9884868,0.10492566,0.0,0.4558221,0.4517964,0.3569079,-0.021728188,2.7027028,0.4935105,0.4622209,0.66611844,0.022065878,2.7027028,0.553777,0.51830494,0.95230263,0.08033711,8.1081085,0.5267484,0.4427565,0.90296054,0.06723139,2.7027028,0.5954275,0.56209314,0.93914473,0.09787443,2.7027028,0.6004565,0.47126305,0.9292763,0.084804595,0.0,0.5887604,0.4970039,0.8305921,0.058235347,2.7027028,0.45308298,0.46538746,0.6134868,0.014565915,0.52531207,0.52350825,0.7944079,0.048388064,national_identity,0.03618419,0.98894924,0.9020502,0.87831426,0.90410155,0.74945414,0.9935744,0.9401683,0.00480631,0.067147985,0.71062833,social_solidarity
erdogan2023_c005,erdogan2023,erdogan,tr,2023-12-31,new_year_message,5,19,0.278,115,50,0.5880717,0.5403493,0.97203946,0.09048179,2.0,0.50389135,0.5057226,0.70230263,0.02634105,2.0,0.55790913,0.514998,0.9128289,0.086464494,2.0,0.58945274,0.572401,0.9917763,0.11601287,6.0,0.491657,0.47497413,0.7582237,0.032139957,0.0,0.54634356,0.4994768,0.8009868,0.048790485,0.0,0.5574204,0.5160376,0.7746711,0.04176849,2.0,0.5515492,0.47748685,0.6496711,0.021024168,2.0,0.4836216,0.5172049,0.81414473,0.045104533,0.53002405,0.5300851,0.8240132,0.05310005,foreign_policy,0.019736826,0.9988028,0.90865594,0.29665422,0.984978,0.84702116,0.99021614,0.9129572,0.0013804225,0.04192072,0.2926711,national_identity
erdogan2023_c006,erdogan2023,erdogan,tr,2023-12-31,new_year_message,6,19,0.333,98,31,0.5140911,0.47854578,0.59703946,0.016501158,0.0,0.5296874,0.5072643,0.86019737,0.052137107,0.0,0.4762481,0.44918758,0.52796054,0.004803449,0.0,0.59531504,0.56021225,0.9950658,0.12187517,6.451613,0.46558556,0.43324995,0.53453946,0.0060685277,0.0,0.57624865,0.51129776,0.8996711,0.078695565,6.451613,0.5973009,0.5297979,0.92269737,0.081649005,0.0,0.56213975,0.48036015,0.7055921,0.03161472,0.0,0.5313045,0.51223963,0.9621711,0.092787415,0.6281792,0.57877845,0.99835527,0.15125519,foreign_policy,0.07236844,0.7910554,0.00026947918,0.0016229668,0.8307615,0.44311842,0.99969465,0.02159469,0.00017502783,0.00012509298,0.99896973,social_solidarity
erdogan2023_c007,erdogan2023,erdogan,tr,2023-12-31,new_year_message,7,19,0.389,83,28,0.5196382,0.46095,0.6299342,0.022048265,3.5714285,0.46976382,0.45451224,0.44243422,-0.0077864826,0.0,0.45258904,0.41157067,0.37993422,-0.018855602,0.0,0.41371036,0.39701623,0.10361842,-0.059729517,0.0,0.4435615,0.380996,0.38651314,-0.015955538,0.0,0.5043707,0.42115015,0.5444079,0.006817609,0.0,0.5385835,0.4636628,0.6694079,0.022931635,0.0,0.52194035,0.47873187,0.44901314,-0.008584678,0.0,0.43834054,0.4142121,0.49506578,-0.00017651916,0.41917828,0.39697206,0.14638157,-0.057745725,crisis_resilience,0.039473712,0.99216133,0.70568365,0.0101402085,0.9451215,0.0047644516,0.99003476,0.9970708,0.07930386,0.086131126,0.0034229348,crisis_resilience
erdogan2023_c008,erdogan2023,erdogan,tr,2023-12-31,new_year_message,8,19,0.444,125,48,0.5269712,0.43633026,0.67269737,0.029381305,4.1666665,0.44341564,0.42669666,0.25822368,-0.034134656,0.0,0.425452,0.4051363,0.21217105,-0.045992643,0.0,0.50175107,0.44878018,0.73519737,0.028311193,6.25,0.5049298,0.44311106,0.8207237,0.04541275,2.0833333,0.5488731,0.47239432,0.81085527,0.051320046,4.1666665,0.5585551,0.4664634,0.7878289,0.042903244,0.0,0.49149212,0.43342176,0.27467105,-0.039032906,0.0,0.44911504,0.4304083,0.5805921,0.010597974,0.5011935,0.47620782,0.6430921,0.024269521,democracy_institutions,0.009868443,0.9978173,0.08933536,0.13494682,0.9887826,0.5628974,0.9989995,0.9032089,0.00045920842,0.00048500835,0.99285084,social_solidarity
erdogan2023_c009,erdogan2023,erdogan,tr,2023-12-31,new_year_message,9,19,0.5,87,34,0.5724167,0.49679396,0.9128289,0.07482681,2.9411764,0.603545,0.55354047,0.9950658,0.12599471,2.9411764,0.52524126,0.4951192,0.82730263,0.05379662,2.9411764,0.5190039,0.49830726,0.84375,0.045564055,0.0,0.5047692,0.47443634,0.8174342,0.045252174,0.0,0.51936466,0.44200295,0.6759868,0.021811575,0.0,0.6317242,0.5495957,0.9819079,0.1160723,2.9411764,0.5583405,0.48803017,0.6825658,0.027815461,0.0,0.55716544,0.51583654,0.9950658,0.11864838,0.51970387,0.46865752,0.7582237,0.042779863,security_military,0.013157904,0.15084007,0.81032884,0.22590722,0.79129744,0.018564349,0.15027806,0.9889064,0.0001465313,0.027572185,0.00019871553,crisis_resilience
erdogan2023_c010,erdogan2023,erdogan,tr,2023-12-31,new_year_message,10,19,0.556,89,33,0.51138365,0.45926028,0.5740132,0.013793737,0.0,0.5091647,0.4884935,0.7319079,0.031614393,0.0,0.48406383,0.43910378,0.6003289,0.012619197,3.030303,0.46759355,0.45477915,0.4555921,-0.0058463216,0.0,0.446364,0.37366375,0.4194079,-0.013153046,0.0,0.4296193,0.38263416,0.13980263,-0.06793377,0.0,0.5468314,0.49402463,0.72861844,0.031179547,3.030303,0.52116215,0.4607871,0.43914473,-0.009362876,0.0,0.5057212,0.45682347,0.90953946,0.06720415,0.44656146,0.39495325,0.28453946,-0.030362546,security_military,0.0032894611,0.92753166,0.79755676,0.547706,0.9674871,0.4821853,0.7885221,0.98775876,0.013808656,0.78727776,0.00030415886,crisis_resilience
erdogan2023_c011,erdogan2023,erdogan,tr,2023-12-31,new_year_message,11,19,0.611,93,37,0.57443154,0.52250695,0.92269737,0.07684162,0.0,0.55873585,0.53295773,0.9490132,0.08118555,2.7027028,0.52290356,0.50012404,0.8207237,0.051458925,2.7027028,0.57747614,0.53573483,0.9819079,0.10403627,2.7027028,0.58896935,0.5209974,0.9753289,0.12945232,5.4054055,0.5455909,0.5044044,0.7944079,0.048037797,0.0,0.5860861,0.52304727,0.90296054,0.07043421,0.0,0.56592983,0.49272677,0.72861844,0.0354048,0.0,0.5186386,0.494325,0.9457237,0.08012155,0.5669376,0.5164159,0.9457237,0.09001362,foreign_policy,0.006578982,0.8992984,0.9068596,0.6374823,0.9409934,0.9504023,0.9992022,0.9923341,0.15443976,0.050494257,0.66164964,social_solidarity
erdogan2023_c012,erdogan2023,erdogan,tr,2023-12-31,new_year_message,12,19,0.667,94,35,0.55508816,0.47381097,0.85361844,0.057498246,8.571428,0.45251402,0.44704396,0.31743422,-0.025036275,0.0,0.4449709,0.39430225,0.3338816,-0.02647373,0.0,0.4485648,0.4062416,0.2911184,-0.024875075,0.0,0.46870798,0.41592923,0.5707237,0.009190947,0.0,0.5018131,0.43765604,0.53453946,0.0042600334,0.0,0.61934435,0.5180048,0.96875,0.10369247,2.857143,0.52513546,0.4687819,0.47203946,-0.005389571,0.0,0.45543018,0.41467968,0.63980263,0.016913116,0.45411634,0.41384435,0.3569079,-0.022807658,crisis_resilience,0.11513156,0.99908537,0.93015754,0.2802223,0.9205846,0.92160493,0.998606,0.9997877,0.023487039,0.20055768,0.80649084,crisis_resilience
erdogan2023_c013,erdogan2023,erdogan,tr,2023-12-31,new_year_message,13,19,0.722,116,37,0.5624683,0.48137712,0.88980263,0.064878374,2.7027028,0.47785634,0.4490609,0.5115132,0.00030604005,0.0,0.44371408,0.40282187,0.32730263,-0.027730554,0.0,0.44675317,0.41760674,0.27467105,-0.026686698,0.0,0.44894755,0.39905939,0.43914473,-0.010569483,0.0,0.5148349,0.45476282,0.6496711,0.0172818,2.7027028,0.5171181,0.4279498,0.50164473,0.0014662147,0.0,0.5334464,0.46690232,0.5378289,0.0029213428,0.0,0.41548848,0.3957922,0.30098686,-0.023028582,0.4714369,0.43100956,0.4819079,-0.005487114,national_identity,0.24013156,0.9995514,0.22927624,0.0023006375,0.85615206,0.3316607,0.9996769,0.13028543,0.0033439074,0.00016964367,0.9996527,social_solidarity
erdogan2023_c014,erdogan2023,erdogan,tr,2023-12-31,new_year_message,14,19,0.778,94,28,0.5294925,0.44967377,0.6957237,0.03190258,0.0,0.49459985,0.47600362,0.6332237,0.017049551,3.5714285,0.46483156,0.41884565,0.46217105,-0.0066130757,3.5714285,0.52831614,0.5004042,0.8799342,0.054876268,0.0,0.50220674,0.43202972,0.8042763,0.04268971,0.0,0.50772107,0.4607219,0.59046054,0.010167986,0.0,0.6230223,0.5052423,0.9753289,0.107370436,0.0,0.5048007,0.43319035,0.35032895,-0.025724351,0.0,0.4858716,0.43699583,0.84375,0.04735455,0.5061195,0.43639648,0.6825658,0.029195487,crisis_resilience,0.09539473,0.9846642,0.97470105,0.59243083,0.8384815,0.0026886722,0.7594262,0.9858004,0.00020105745,0.80802935,0.044348583,crisis_resilience
erdogan2023_c015,erdogan2023,erdogan,tr,2023-12-31,new_year_message,15,19,0.833,98,39,0.5050529,0.42619503,0.52138156,0.007463008,0.0,0.5162176,0.49124986,0.78125,0.03866729,2.5641026,0.47920915,0.4384439,0.5542763,0.0077645183,0.0,0.47041303,0.45411533,0.4786184,-0.003026843,0.0,0.46511963,0.41282076,0.53125,0.005602598,0.0,0.46327382,0.41403347,0.27467105,-0.034279257,0.0,0.5623125,0.494529,0.81414473,0.046660602,0.0,0.5056039,0.44757482,0.36348686,-0.02492112,0.0,0.4850874,0.42698127,0.83388156,0.04657033,0.41614652,0.37966657,0.12664473,-0.060777485,crisis_resilience,0.03289473,0.17763248,0.9757855,0.24739604,0.9085368,0.046464663,0.8091252,0.98535615,0.0010965895,0.27289566,0.0029810327,crisis_resilience
erdogan2023_c016,erdogan2023,erdogan,tr,2023-12-31,new_year_message,16,19,0.889,98,34,0.68451476,0.6217255,0.99835527,0.18692484,8.823529,0.54279786,0.54493076,0.9194079,0.065247566,0.0,0.4992306,0.45680642,0.70230263,0.027785957,2.9411764,0.5082959,0.5184314,0.7878289,0.03485602,0.0,0.5029812,0.49582112,0.8075658,0.043464154,0.0,0.5475571,0.49554518,0.8075658,0.050004035,0.0,0.5700886,0.52027607,0.8503289,0.054436743,2.9411764,0.5388003,0.47014254,0.5674342,0.00827527,0.0,0.55116975,0.4982034,0.9917763,0.11265269,0.52365553,0.4658636,0.7878289,0.04673153,national_identity,0.078947365,0.9995479,0.6399611,0.011883446,0.73048216,0.80654806,0.99898773,0.87658155,4.0377905e-05,0.058185082,0.27923846,national_identity
erdogan2023_c017,erdogan2023,erdogan,tr,2023-12-31,new_year_message,17,19,0.944,125,39,0.46016586,0.41495723,0.25822368,-0.037424058,0.0,0.46113384,0.44508034,0.38322368,-0.01641646,0.0,0.48646712,0.4449054,0.6200658,0.015022486,2.5641026,0.4613595,0.40627247,0.3930921,-0.012080371,5.1282053,0.39879483,0.36762762,0.14309211,-0.060722202,0.0,0.4345466,0.393758,0.15953948,-0.06300649,0.0,0.5424736,0.49766642,0.7055921,0.026821733,5.1282053,0.5485561,0.50202143,0.6299342,0.01803106,0.0,0.46760896,0.4162526,0.72861844,0.029091895,0.47564688,0.40806705,0.5049342,-0.0012771189,crisis_resilience,0.075657904,0.99453074,0.34820172,0.66502994,0.9823217,0.08694166,0.980262,0.9944126,0.0019800398,0.009531702,0.018887345,national_identity
erdogan2023_c018,erdogan2023,erdogan,tr,2023-12-31,new_year_message,18,19,1.0,126,42,0.50736487,0.4620307,0.5378289,0.009774953,4.7619047,0.46953803,0.44572246,0.43585527,-0.008012265,0.0,0.45171088,0.43681985,0.37006578,-0.019733757,0.0,0.4537047,0.44901142,0.31743422,-0.019735157,0.0,0.39532304,0.3861732,0.120065786,-0.064193994,0.0,0.47289723,0.43266666,0.3338816,-0.024655849,4.7619047,0.52045476,0.4650553,0.53125,0.0048028827,2.3809524,0.56213284,0.5136799,0.70230263,0.031607807,0.0,0.4263245,0.4035617,0.3963816,-0.012192577,0.44162387,0.43217653,0.24835527,-0.035300136,future_reform_technology,0.16447371,0.8104602,0.029816542,0.010189338,0.95261824,0.14718705,0.99712163,0.34026593,0.03053094,0.012383786,0.187207,social_solidarity
erdogan2024_c000,erdogan2024,erdogan,tr,2024-12-31,new_year_message,0,16,0.0,112,38,0.54604137,0.4688272,0.81414473,0.048451453,5.263158,0.43045005,0.4184718,0.1299342,-0.047100246,0.0,0.43362522,0.40522048,0.25164473,-0.037819415,0.0,0.42826158,0.42381045,0.14967105,-0.045178294,0.0,0.39437324,0.38825566,0.11348684,-0.065143794,0.0,0.45409423,0.43151027,0.22532895,-0.04345885,0.0,0.5130125,0.43753934,0.47203946,-0.0026393533,0.0,0.5637121,0.49286187,0.7253289,0.03318709,0.0,0.3939556,0.3793098,0.17269737,-0.044561476,0.44380292,0.4303547,0.26480263,-0.03312108,national_identity,0.08881581,0.6648396,0.001006378,0.038865484,0.81334966,0.031588875,0.97695684,0.00069054146,0.0073458273,0.00017571272,0.13869494,social_solidarity
erdogan2024_c001,erdogan2024,erdogan,tr,2024-12-31,new_year_message,1,16,0.067,106,32,0.5501332,0.5007566,0.8371711,0.052543312,3.125,0.5173913,0.48454997,0.8042763,0.039841026,6.25,0.4352706,0.4023117,0.25822368,-0.03617403,0.0,0.43568027,0.4183347,0.1924342,-0.037759602,0.0,0.40375718,0.38233575,0.15625,-0.055759847,0.0,0.5097528,0.45778972,0.59703946,0.01219973,3.125,0.52058595,0.48946035,0.53453946,0.0049340725,0.0,0.50220954,0.468514,0.31743422,-0.028315485,0.0,0.4322627,0.4110294,0.4194079,-0.006254375,0.4627759,0.43703783,0.4194079,-0.014148116,national_identity,0.03289479,0.9995244,0.011061473,0.00011546746,0.09087657,0.030821329,0.99957865,0.20310426,0.0005295418,0.001107339,0.9938846,social_solidarity
erdogan2024_c002,erdogan2024,erdogan,tr,2024-12-31,new_year_message,2,16,0.133,98,34,0.45595834,0.4277572,0.22861843,-0.04163158,0.0,0.37845647,0.39620054,0.018092105,-0.099093825,0.0,0.42117673,0.39768684,0.1825658,-0.050267905,0.0,0.4887435,0.42955965,0.6365132,0.015303642,5.882353,0.5237068,0.51287264,0.89638156,0.06418976,8.823529,0.46456668,0.39394194,0.28782895,-0.032986403,0.0,0.45954323,0.40104187,0.15625,-0.056108654,2.9411764,0.5342208,0.49496332,0.54111844,0.003695786,2.9411764,0.403093,0.3907393,0.22861843,-0.035424054,0.43238214,0.41849336,0.20559211,-0.044541866,democracy_institutions,0.25986838,0.61735404,0.0011181937,0.0006905414,0.6270952,0.9645893,0.8914808,0.58906645,0.115510985,0.00021909604,0.05266766,democracy_institutions
erdogan2024_c003,erdogan2024,erdogan,tr,2024-12-31,new_year_message,3,16,0.2,85,32,0.57184184,0.4935633,0.90953946,0.07425192,12.5,0.43261233,0.41820967,0.15625,-0.04493797,0.0,0.45812908,0.42673057,0.42598686,-0.013315558,0.0,0.40913117,0.39381593,0.087171055,-0.0643087,0.0,0.5356215,0.5138053,0.9292763,0.07610449,6.25,0.5177719,0.4596437,0.6694079,0.02021882,3.125,0.4986478,0.3965119,0.37664473,-0.017004073,0.0,0.5035182,0.4481219,0.33717105,-0.027006805,0.0,0.35661107,0.3616508,0.05098684,-0.08190599,0.4324849,0.45116067,0.20888157,-0.044439107,democracy_institutions,0.019736826,0.9870671,0.000854232,0.0005703157,0.2481696,0.8079157,0.9892337,0.0008830457,0.00049456954,0.00020662986,0.18410648,social_solidarity
erdogan2024_c004,erdogan2024,erdogan,tr,2024-12-31,new_year_message,4,16,0.267,93,29,0.4729696,0.41123766,0.34375,-0.024620324,0.0,0.46811613,0.4617026,0.43256578,-0.009434164,3.4482758,0.5852368,0.5534785,0.9621711,0.11379215,10.344828,0.49593335,0.4554305,0.6957237,0.022493482,3.4482758,0.48010156,0.4336205,0.6759868,0.020584524,3.4482758,0.46933496,0.4072072,0.32401314,-0.02821812,0.0,0.6234859,0.52445006,0.97861844,0.10783404,3.4482758,0.5759375,0.5065584,0.7878289,0.04541248,0.0,0.46295065,0.42988348,0.6924342,0.024433583,0.51437134,0.44603133,0.71546054,0.037447333,crisis_resilience,0.016447365,0.24274378,0.13531062,0.9294494,0.103748634,0.037999377,0.012673736,0.99893296,0.7524676,0.00010190106,0.0038244836,crisis_resilience
erdogan2024_c005,erdogan2024,erdogan,tr,2024-12-31,new_year_message,5,16,0.333,82,32,0.44405627,0.39035478,0.15953948,-0.053533643,0.0,0.4005603,0.38920262,0.05756579,-0.07699001,0.0,0.53305364,0.49756956,0.8503289,0.061609,3.125,0.46230754,0.40688798,0.40296054,-0.01113233,3.125,0.4033912,0.35315013,0.15296052,-0.05612582,0.0,0.47755998,0.41893858,0.37664473,-0.019993097,0.0,0.544938,0.48685503,0.71875,0.029286146,6.25,0.5529149,0.5059068,0.65953946,0.022389889,0.0,0.40635234,0.3862544,0.24835527,-0.032164723,0.46893463,0.44020408,0.47203946,-0.007989377,economy_welfare,0.13157892,0.5938449,0.317109,0.42220685,0.7526381,0.04175434,0.42732203,0.95703757,0.017012624,0.00026375282,0.009736684,crisis_resilience
erdogan2024_c006,erdogan2024,erdogan,tr,2024-12-31,new_year_message,6,16,0.4,110,38,0.502678,0.44230643,0.5082237,0.005088061,5.263158,0.4616822,0.4548459,0.38651314,-0.015868098,0.0,0.5705823,0.51903,0.9457237,0.099137634,5.263158,0.4398499,0.4458332,0.21875,-0.03358996,0.0,0.43486357,0.39951026,0.31743422,-0.024653465,0.0,0.4953072,0.44918364,0.4819079,-0.0022458732,0.0,0.51230276,0.4638258,0.46217105,-0.0033491254,2.631579,0.5493568,0.50182426,0.63980263,0.01883179,0.0,0.4489017,0.41664296,0.57730263,0.010384649,0.42803612,0.41089022,0.17927632,-0.04888788,economy_welfare,0.30592108,0.8568423,8.382305e-05,0.99886644,0.7534213,0.37966582,0.99953806,0.9984543,0.0018172833,0.00047470423,0.0041299495,social_solidarity
erdogan2024_c007,erdogan2024,erdogan,tr,2024-12-31,new_year_message,7,16,0.467,93,34,0.5348183,0.43169492,0.7319079,0.037228376,5.882353,0.4333796,0.41192627,0.16282895,-0.044170707,0.0,0.5408828,0.5053383,0.8667763,0.06943819,2.9411764,0.42487258,0.41520047,0.1299342,-0.048567295,0.0,0.43588525,0.38806558,0.32401314,-0.023631781,0.0,0.49855745,0.43782148,0.5082237,0.0010043681,0.0,0.55234796,0.48775122,0.7549342,0.036696076,0.0,0.5332949,0.46725008,0.53453946,0.0027698874,0.0,0.41113114,0.38779742,0.28453946,-0.02738592,0.4441316,0.40173823,0.2680921,-0.03279239,economy_welfare,0.111842096,0.81523246,0.00023367908,0.69466525,0.5097644,0.40544873,0.97637814,0.95349205,0.00025069676,0.00027372167,0.05691394,social_solidarity
erdogan2024_c008,erdogan2024,erdogan,tr,2024-12-31,new_year_message,8,16,0.533,101,35,0.51298636,0.46351987,0.58388156,0.015396446,5.714286,0.48794806,0.48256344,0.57730263,0.010397762,0.0,0.40941882,0.39338088,0.13980263,-0.062025815,0.0,0.49377236,0.47872812,0.6694079,0.020332485,0.0,0.43765092,0.42687476,0.33717105,-0.021866113,0.0,0.4857399,0.47007543,0.4194079,-0.011813194,2.857143,0.5574672,0.4796558,0.77796054,0.04181534,0.0,0.5441084,0.4977212,0.6003289,0.013583362,0.0,0.4530943,0.4589973,0.6167763,0.01457724,0.5146391,0.49742907,0.7253289,0.037715077,crisis_resilience,0.108552635,0.72289395,0.0026419465,0.021246696,0.5037841,0.0030278352,0.9668202,0.78963953,0.0010403185,0.0010382907,0.19115774,social_solidarity
erdogan2024_c009,erdogan2024,erdogan,tr,2024-12-31,new_year_message,9,16,0.6,101,37,0.47027823,0.42980832,0.32072368,-0.027311683,2.7027028,0.5118083,0.49083683,0.7549342,0.03425798,0.0,0.4425313,0.42118448,0.30427632,-0.028913349,5.4054055,0.49642926,0.46389616,0.70230263,0.022989392,0.0,0.44023123,0.3931259,0.3569079,-0.019285798,0.0,0.5137927,0.46196377,0.6365132,0.016239613,2.7027028,0.5622728,0.5255428,0.8075658,0.046620905,0.0,0.5363524,0.47216523,0.54769737,0.0058273673,0.0,0.45016727,0.45095056,0.59375,0.011650205,0.5308595,0.49756384,0.83388156,0.05393547,crisis_resilience,0.052631617,0.0044079763,0.028436035,0.61831963,0.62943304,0.024145423,0.135175,0.003854364,0.000235052,0.00039357555,0.9244493,foreign_policy
erdogan2024_c010,erdogan2024,erdogan,tr,2024-12-31,new_year_message,10,16,0.667,87,35,0.5447457,0.4516382,0.8075658,0.047155768,5.714286,0.4455616,0.40032187,0.27467105,-0.03198871,0.0,0.40443158,0.35716188,0.120065786,-0.067013055,0.0,0.43970346,0.4057033,0.21217105,-0.033736408,0.0,0.44437736,0.3925624,0.3963816,-0.015139669,0.0,0.5161897,0.44109535,0.65625,0.018636614,0.0,0.54005337,0.4270394,0.6759868,0.024401486,0.0,0.4481126,0.3828631,0.077302635,-0.08241242,0.0,0.3959473,0.37887508,0.17927632,-0.042569757,0.44862017,0.42451733,0.30427632,-0.028303832,national_identity,0.13157898,0.9894601,0.001413112,0.00013341999,0.654674,0.2597787,0.9996133,0.9818579,0.00013007545,0.24050692,0.05079946,social_solidarity
erdogan2024_c011,erdogan2024,erdogan,tr,2024-12-31,new_year_message,11,16,0.733,113,45,0.4520734,0.402296,0.1924342,-0.04551652,0.0,0.44166887,0.39450803,0.24177632,-0.03588143,0.0,0.3690787,0.32144696,0.044407893,-0.10236594,0.0,0.4484868,0.45543003,0.28782895,-0.024953067,0.0,0.4333766,0.39912802,0.31085527,-0.026140422,0.0,0.36840606,0.3495117,0.014802632,-0.12914702,0.0,0.4652694,0.3946408,0.18585527,-0.050382495,0.0,0.44864964,0.37114948,0.08388158,-0.081875384,0.0,0.36973405,0.34965265,0.09375,-0.068783015,0.4189526,0.35608935,0.14309211,-0.057971388,democracy_institutions,0.023026317,0.97356933,0.8143483,0.00020462219,0.9957602,0.45032918,0.1419343,0.9503419,0.00078088854,0.06380243,0.70942193,foreign_policy
erdogan2024_c012,erdogan2024,erdogan,tr,2024-12-31,new_year_message,12,16,0.8,118,43,0.44379473,0.4277556,0.15296052,-0.05379519,0.0,0.48569328,0.47221005,0.5542763,0.008142978,2.3255813,0.40682435,0.38175502,0.13322368,-0.064620286,0.0,0.46452713,0.50359476,0.42598686,-0.008912742,0.0,0.45176214,0.40808213,0.4588816,-0.007754892,0.0,0.42860454,0.39117256,0.13651316,-0.06894854,2.3255813,0.491169,0.4855073,0.3305921,-0.024482876,0.0,0.52086174,0.47611988,0.42598686,-0.009663284,0.0,0.44657314,0.4680403,0.56414473,0.008056074,0.45301914,0.44793522,0.34703946,-0.02390486,security_military,0.0953947,0.8252379,0.048903182,0.00015059266,0.98680264,0.021024458,0.030214587,0.75984967,0.00029422858,0.9790758,0.017160231,foreign_policy
erdogan2024_c013,erdogan2024,erdogan,tr,2024-12-31,new_year_message,13,16,0.867,117,41,0.53211373,0.47374028,0.7121711,0.034523815,0.0,0.5325816,0.5307293,0.8700658,0.05503133,4.878049,0.44399452,0.40186608,0.3305921,-0.027450114,0.0,0.46142325,0.4694783,0.3963816,-0.012016624,2.4390244,0.44279552,0.4093547,0.37335527,-0.016721517,0.0,0.53354925,0.49162763,0.7319079,0.03599617,2.4390244,0.49758315,0.474645,0.36677632,-0.01806873,0.0,0.5868013,0.5287466,0.8174342,0.05627626,0.0,0.5065706,0.48899746,0.9194079,0.068053514,0.49721527,0.4922402,0.6003289,0.020291269,security_military,0.052631617,0.9997439,0.0011116681,0.00010270021,0.9749168,0.009205456,0.99922067,0.654467,0.00031258783,0.00025414693,0.99102324,national_identity
erdogan2024_c014,erdogan2024,erdogan,tr,2024-12-31,new_year_message,14,16,0.933,82,30,0.5206081,0.431292,0.6365132,0.023018211,3.3333333,0.47777206,0.47210002,0.5082237,0.00022175908,0.0,0.48488858,0.4413471,0.6069079,0.013443947,0.0,0.43711472,0.4317987,0.20559211,-0.036325157,0.0,0.43352818,0.4072076,0.31414473,-0.025988847,0.0,0.5010643,0.4472292,0.53125,0.0035112202,0.0,0.55308163,0.49947754,0.7582237,0.03742975,0.0,0.55909336,0.5074066,0.68914473,0.028568327,0.0,0.39245692,0.40071988,0.16611843,-0.046060145,0.43819082,0.42152688,0.23519737,-0.038733184,crisis_resilience,0.06907898,0.7036513,0.9640855,0.32082132,0.8770167,0.90800285,0.99021614,0.9940428,0.20024472,0.032620545,0.05728197,crisis_resilience
erdogan2024_c015,erdogan2024,erdogan,tr,2024-12-31,new_year_message,15,16,1.0,114,43,0.5762045,0.48291096,0.9292763,0.07861456,4.6511626,0.4551804,0.43647236,0.3536184,-0.022369891,0.0,0.4545705,0.42766464,0.40296054,-0.016874135,0.0,0.45605725,0.43918532,0.33717105,-0.017382622,0.0,0.3904767,0.38776737,0.0805921,-0.06904033,0.0,0.51704836,0.4562819,0.6628289,0.019495279,0.0,0.5327829,0.45533618,0.6134868,0.01713103,0.0,0.53285867,0.4706362,0.53125,0.002333641,0.0,0.41149157,0.38941717,0.28782895,-0.027025491,0.45256802,0.43713093,0.34046054,-0.024355978,national_identity,0.26644737,0.7750094,0.011158032,0.09041372,0.86891025,0.07741297,0.99863833,0.039862495,0.0008559007,0.0016581544,0.12231339,social_solidarity
erdogan2025_c000,erdogan2025,erdogan,tr,2025-12-31,new_year_message,0,19,0.0,82,23,0.54946953,0.4691555,0.83388156,0.051879615,4.347826,0.4549371,0.44742936,0.35032895,-0.022613198,0.0,0.45619982,0.41755038,0.40953946,-0.015244812,0.0,0.42923447,0.42959568,0.15296052,-0.044205397,0.0,0.41867003,0.4063654,0.23519737,-0.040847003,0.0,0.4733888,0.43871027,0.34046054,-0.02416429,0.0,0.53409433,0.46850914,0.62664473,0.018442452,0.0,0.5459723,0.49473357,0.61019737,0.015447259,0.0,0.42948312,0.40248168,0.41282895,-0.009033948,0.46577597,0.4439227,0.44572368,-0.0111480355,national_identity,0.20723683,0.8161134,0.09893638,0.0063883206,0.63906056,0.6540113,0.9459138,0.07030385,0.0077180504,0.00045474785,0.41111085,social_solidarity
erdogan2025_c001,erdogan2025,erdogan,tr,2025-12-31,new_year_message,1,19,0.056,101,38,0.5560734,0.5060607,0.8634868,0.05848351,2.631579,0.5171231,0.48996833,0.8009868,0.039572805,5.263158,0.44220114,0.4128645,0.29769737,-0.029243499,0.0,0.46984315,0.43432993,0.47532895,-0.003596723,0.0,0.41898465,0.38144246,0.23848684,-0.04053238,0.0,0.5236953,0.4584472,0.7121711,0.02614221,0.0,0.53353024,0.47973663,0.6200658,0.017878354,2.631579,0.5214614,0.44747144,0.44572368,-0.0090636015,0.0,0.48088646,0.44213367,0.8009868,0.042369395,0.46322003,0.44818038,0.42927632,-0.013703972,national_identity,0.0625,0.8624675,0.9694979,0.0013354007,0.9603983,0.0013354009,0.99186736,0.8979193,0.00013289992,0.37799975,0.0014607494,social_solidarity
erdogan2025_c002,erdogan2025,erdogan,tr,2025-12-31,new_year_message,2,19,0.111,121,48,0.52587855,0.4418922,0.6694079,0.028288633,2.0833333,0.52914166,0.4776168,0.8569079,0.051591367,4.1666665,0.45725724,0.42755592,0.4161184,-0.014187396,0.0,0.47625673,0.4423184,0.53125,0.002816856,4.1666665,0.44494796,0.40371698,0.40296054,-0.014569074,0.0,0.5113082,0.43022338,0.6134868,0.013755113,0.0,0.5581926,0.48154032,0.78125,0.04254073,2.0833333,0.4964593,0.45659584,0.28782895,-0.034065723,0.0,0.4352304,0.42982256,0.46217105,-0.0032866597,0.45412734,0.42758852,0.36019737,-0.02279666,security_military,0.075657904,0.24492694,0.5551941,0.0002482611,0.23899393,0.0033439079,0.8533026,0.7383862,7.0863265e-05,0.00470006,0.0010691264,social_solidarity
erdogan2025_c003,erdogan2025,erdogan,tr,2025-12-31,new_year_message,3,19,0.167,81,26,0.4920655,0.41125983,0.42598686,-0.0055244267,0.0,0.44694543,0.43190604,0.28453946,-0.03060487,0.0,0.6314659,0.5824355,0.99835527,0.16002128,15.384615,0.5030515,0.42889047,0.74835527,0.029611647,0.0,0.49631754,0.41840583,0.77138156,0.036800504,0.0,0.4792559,0.41251063,0.38980263,-0.018297166,0.0,0.5661392,0.4716732,0.83388156,0.05048734,0.0,0.5572069,0.486372,0.67269737,0.0266819,0.0,0.4324553,0.3977551,0.42598686,-0.0060617626,0.48413306,0.43129128,0.5378289,0.0072090626,economy_welfare,0.16447371,0.24463359,0.00010150382,0.5351592,0.8709029,0.0016040893,0.00041165142,0.011029472,0.00018093575,0.000119598575,0.0007808887,foreign_policy
erdogan2025_c004,erdogan2025,erdogan,tr,2025-12-31,new_year_message,4,19,0.222,94,39,0.43818736,0.42156962,0.14638157,-0.059402555,2.5641026,0.41463482,0.40663463,0.090460524,-0.062915474,2.5641026,0.45348948,0.4831136,0.3930921,-0.017955154,5.1282053,0.36913872,0.3775574,0.011513158,-0.104301155,0.0,0.41806388,0.38094133,0.23190789,-0.041453153,0.0,0.45590144,0.45706117,0.23519737,-0.041651636,0.0,0.45146686,0.42121065,0.100328945,-0.06418502,0.0,0.5042534,0.46123388,0.34375,-0.026271641,0.0,0.33973652,0.34630346,0.03125,-0.09878054,0.35934067,0.36563832,0.027960526,-0.117583334,economy_welfare,0.049342096,0.2870678,0.39152226,0.9989433,0.09492912,0.11027938,0.9994777,0.94212186,0.9094858,0.0002242906,0.10841884,social_solidarity
erdogan2025_c005,erdogan2025,erdogan,tr,2025-12-31,new_year_message,5,19,0.278,121,39,0.46576244,0.37712628,0.28125,-0.03182748,2.5641026,0.45375514,0.4226989,0.33717105,-0.023795158,0.0,0.49214607,0.4581427,0.65625,0.020701438,2.5641026,0.43089005,0.40946132,0.16282895,-0.04254982,0.0,0.42685091,0.39315653,0.28453946,-0.032666117,2.5641026,0.4833171,0.4263293,0.39967105,-0.014235973,0.0,0.5144552,0.4619494,0.4786184,-0.0011966825,0.0,0.5701201,0.5406866,0.7582237,0.039595068,5.1282053,0.40677267,0.36996144,0.25493422,-0.03174439,0.4402605,0.404732,0.2450658,-0.036663502,future_reform_technology,0.10197371,0.31263226,0.00027159211,0.92703366,0.3364673,0.3068385,0.98410887,0.932176,0.34054002,0.00037336594,0.006481978,social_solidarity
erdogan2025_c006,erdogan2025,erdogan,tr,2025-12-31,new_year_message,6,19,0.333,133,43,0.45894238,0.42873853,0.25493422,-0.038647532,2.3255813,0.39201325,0.39257288,0.034539472,-0.085537046,0.0,0.35934204,0.33371857,0.027960526,-0.1121026,0.0,0.39731288,0.3842176,0.067434214,-0.07612699,0.0,0.39069855,0.37838554,0.087171055,-0.06881848,2.3255813,0.49359858,0.44307816,0.46546054,-0.0039545,2.3255813,0.51665413,0.44784695,0.49177632,0.0010022521,4.6511626,0.4578113,0.41112763,0.11677632,-0.07271373,0.0,0.34066838,0.36173528,0.034539472,-0.09784868,0.39295626,0.39475846,0.08388158,-0.083967745,crisis_resilience,0.026315778,0.6160123,0.0021157034,0.008168108,0.0031358358,0.009223286,0.9347832,0.14202352,0.000582694,0.00053057657,0.025395475,social_solidarity
erdogan2025_c007,erdogan2025,erdogan,tr,2025-12-31,new_year_message,7,19,0.389,101,37,0.41472593,0.35828495,0.090460524,-0.08286399,0.0,0.41666687,0.3957929,0.097039476,-0.060883433,0.0,0.38412493,0.3611853,0.0805921,-0.0873197,2.7027028,0.3721373,0.34479535,0.018092105,-0.101302564,0.0,0.37571132,0.35649195,0.027960526,-0.08380571,2.7027028,0.47759223,0.45057875,0.37993422,-0.01996085,2.7027028,0.5418469,0.47090787,0.70230263,0.02619499,2.7027028,0.4700049,0.415125,0.16611843,-0.060520142,0.0,0.3631674,0.3561707,0.07072368,-0.07534966,0.4305057,0.396174,0.19572368,-0.04641831,crisis_resilience,0.3223684,0.003930086,0.0004628085,0.013989346,0.0013564017,0.010448625,0.9996613,0.48303872,0.004810984,0.0003017926,0.26937366,social_solidarity
erdogan2025_c008,erdogan2025,erdogan,tr,2025-12-31,new_year_message,8,19,0.444,94,40,0.52241284,0.44116074,0.6496711,0.02482292,2.5,0.39853975,0.40677077,0.04769737,-0.079010546,0.0,0.43763506,0.38906607,0.27467105,-0.033809572,2.5,0.45212096,0.4424703,0.30756578,-0.021318913,0.0,0.3936819,0.38919568,0.110197365,-0.06583512,0.0,0.49058732,0.40885907,0.4555921,-0.0069657564,0.0,0.51637053,0.4475669,0.48519737,0.0007186532,2.5,0.50361836,0.4422027,0.34046054,-0.02690667,0.0,0.4093476,0.41567314,0.27467105,-0.02916947,0.47212756,0.44639522,0.49177632,-0.0047964454,national_identity,0.16447371,0.99492985,0.002667804,0.00044945235,0.14490347,0.8500715,0.99583375,0.27096224,0.00018164382,0.0006214631,0.08014123,social_solidarity
erdogan2025_c009,erdogan2025,erdogan,tr,2025-12-31,new_year_message,9,19,0.5,123,46,0.49681035,0.4624079,0.44901314,-0.00077956915,0.0,0.4665116,0.4506839,0.4161184,-0.011038691,0.0,0.4016341,0.39497307,0.110197365,-0.06981054,0.0,0.5051939,0.490443,0.7680921,0.031754017,2.173913,0.5053318,0.45257574,0.8240132,0.045814782,2.173913,0.5352596,0.49215358,0.7384868,0.037706524,4.347826,0.5378169,0.46719438,0.65625,0.022165,2.173913,0.49722588,0.4632529,0.2944079,-0.033299148,0.0,0.42558998,0.41540188,0.37664473,-0.012927085,0.49122277,0.474389,0.57730263,0.014298767,democracy_institutions,0.055921078,0.99455196,0.03087972,0.00022429059,0.89650226,0.5621615,0.9936117,0.09205325,0.00014539112,0.0021239663,0.98306066,national_identity
erdogan2025_c010,erdogan2025,erdogan,tr,2025-12-31,new_year_message,10,19,0.556,102,38,0.46688163,0.434251,0.29769737,-0.030708283,2.631579,0.46366495,0.45423168,0.3930921,-0.013885349,0.0,0.3756528,0.3454924,0.05098684,-0.09579185,0.0,0.4682792,0.43941042,0.46217105,-0.0051606596,2.631579,0.41521934,0.3772313,0.21217105,-0.044297695,0.0,0.49894708,0.4484147,0.5115132,0.0013940036,2.631579,0.47487596,0.42184377,0.23190789,-0.040775925,0.0,0.46931916,0.38884795,0.15953948,-0.061205864,0.0,0.3821113,0.37297234,0.1299342,-0.056405753,0.44464433,0.4207802,0.2713816,-0.03227967,social_solidarity,0.049342126,0.99916553,0.0021615503,0.00024156632,0.75725627,0.025226824,0.40615517,0.00039977103,8.547616e-05,0.00010071401,0.9851719,national_identity
erdogan2025_c011,erdogan2025,erdogan,tr,2025-12-31,new_year_message,11,19,0.611,99,36,0.4680072,0.41538882,0.30427632,-0.02958271,0.0,0.48806658,0.45848608,0.58388156,0.010516286,0.0,0.38406512,0.35898936,0.077302635,-0.087379515,0.0,0.44176415,0.44114238,0.23519737,-0.031675726,0.0,0.43490392,0.38199136,0.32072368,-0.024613112,0.0,0.506199,0.47777486,0.56085527,0.008645922,2.7777777,0.48917228,0.45082286,0.32072368,-0.026479602,0.0,0.42034408,0.38795736,0.03125,-0.110180944,0.0,0.44255167,0.44172946,0.52796054,0.0040346086,0.503777,0.46167213,0.6628289,0.026853025,security_military,0.023026288,0.77143484,0.42298126,0.00010150382,0.96652126,0.005189787,0.3060083,0.6995624,0.00010720879,0.0007672924,0.9976564,foreign_policy
erdogan2025_c012,erdogan2025,erdogan,tr,2025-12-31,new_year_message,12,19,0.667,85,35,0.50185513,0.41006196,0.49506578,0.004265219,0.0,0.4915806,0.43500745,0.6167763,0.0140303075,2.857143,0.37771565,0.3394545,0.060855262,-0.09372899,0.0,0.3973802,0.38149324,0.07072368,-0.07605967,0.0,0.3906633,0.35289526,0.08388158,-0.068853736,0.0,0.46414852,0.40690523,0.28125,-0.03340456,2.857143,0.5078329,0.43287864,0.42927632,-0.007818997,2.857143,0.45165625,0.40183476,0.097039476,-0.07886878,0.0,0.41690415,0.37867653,0.31743422,-0.021612912,0.42862976,0.41074714,0.1825658,-0.048294246,security_military,0.12171051,0.68331385,0.16525607,0.0006070756,0.9798805,0.027690256,0.9990053,0.98806196,0.00029308183,0.9138304,0.022243667,social_solidarity
erdogan2025_c013,erdogan2025,erdogan,tr,2025-12-31,new_year_message,13,19,0.722,87,34,0.46676844,0.41446427,0.2911184,-0.030821472,0.0,0.5179076,0.51635927,0.8075658,0.04035732,2.9411764,0.39062375,0.3648429,0.090460524,-0.08082089,0.0,0.46879417,0.4706483,0.46875,-0.004645705,0.0,0.45324853,0.41226324,0.46217105,-0.0062685013,0.0,0.44751668,0.39200842,0.20230263,-0.0500364,0.0,0.51764035,0.5261743,0.5082237,0.0019884706,2.9411764,0.5051542,0.4552242,0.3536184,-0.025370836,0.0,0.48553512,0.49127233,0.84046054,0.04701805,0.44719687,0.41076452,0.28782895,-0.029727131,security_military,0.2993421,0.996557,0.9956262,0.00024729347,0.99893093,0.07160742,0.014707371,0.99887085,0.00022341638,0.9896419,0.43974736,foreign_policy
erdogan2025_c014,erdogan2025,erdogan,tr,2025-12-31,new_year_message,14,19,0.778,95,39,0.53728116,0.45080504,0.74835527,0.03969124,5.1282053,0.5150492,0.49591282,0.7680921,0.03749892,2.5641026,0.4254427,0.3788125,0.20888157,-0.04600194,0.0,0.41828322,0.41150373,0.120065786,-0.05515665,2.5641026,0.47882742,0.41098103,0.67269737,0.019310385,0.0,0.48856273,0.43580192,0.43585527,-0.008990347,0.0,0.47612956,0.4355216,0.24177632,-0.03952232,0.0,0.49242413,0.44144356,0.28125,-0.0381009,0.0,0.43799782,0.43832737,0.48519737,-0.00051924586,0.4389228,0.4290273,0.23848684,-0.03800121,security_military,0.019736826,0.97830194,0.90540594,0.025124969,0.9162971,0.55302256,0.9816304,0.9242787,0.06517215,0.009689718,0.12089216,social_solidarity
erdogan2025_c015,erdogan2025,erdogan,tr,2025-12-31,new_year_message,15,19,0.833,115,41,0.50808173,0.4548183,0.5444079,0.010491818,2.4390244,0.4320456,0.42553884,0.14309211,-0.04550469,0.0,0.42872706,0.3858248,0.23190789,-0.042717576,0.0,0.47467327,0.4471304,0.52138156,0.0012333989,0.0,0.4746875,0.45998847,0.6299342,0.015170455,2.4390244,0.47666883,0.45521992,0.36348686,-0.020884246,7.3170733,0.5202093,0.46313137,0.52796054,0.0045574307,0.0,0.47078425,0.44388413,0.17269737,-0.05974078,0.0,0.43966237,0.43267098,0.5049342,0.0011453032,0.5286977,0.5124799,0.81414473,0.051773727,democracy_institutions,0.08552629,0.985328,0.022928093,0.31426093,0.84195566,0.7392342,0.96687347,0.96986395,0.004778364,0.0016842225,0.998738,national_identity
erdogan2025_c016,erdogan2025,erdogan,tr,2025-12-31,new_year_message,16,19,0.889,111,41,0.51099885,0.44143024,0.5674342,0.013408929,0.0,0.43545747,0.41818786,0.18585527,-0.04209283,0.0,0.44058213,0.38765216,0.28453946,-0.03086251,0.0,0.44302058,0.42944643,0.24835527,-0.03041929,0.0,0.4565192,0.38870737,0.48848686,-0.0029978454,0.0,0.48736763,0.45169917,0.42927632,-0.01018545,0.0,0.5452416,0.48363805,0.72203946,0.029589713,0.0,0.54017687,0.4630496,0.5805921,0.00965184,0.0,0.4304397,0.43249512,0.4161184,-0.008077353,0.50760627,0.49115446,0.68914473,0.030682266,crisis_resilience,0.14144737,0.999841,0.47901624,0.0517735,0.92227256,0.98273236,0.99786353,0.99933726,0.03456177,0.0011581581,0.6300591,national_identity
erdogan2025_c017,erdogan2025,erdogan,tr,2025-12-31,new_year_message,17,19,0.944,122,41,0.51504815,0.42214954,0.6069079,0.01745823,2.4390244,0.43107527,0.41183573,0.13651316,-0.046475023,0.0,0.51436156,0.45422253,0.78125,0.042916924,4.878049,0.4098788,0.39241183,0.090460524,-0.06356108,0.0,0.38840657,0.38324946,0.07401316,-0.07111046,0.0,0.47504586,0.4063375,0.36019737,-0.02250722,0.0,0.49186972,0.40514,0.33717105,-0.023782164,0.0,0.51396155,0.46400374,0.37993422,-0.016563475,0.0,0.38598663,0.33957732,0.14309211,-0.052530438,0.45062917,0.40120566,0.32401314,-0.026294827,economy_welfare,0.1743421,0.75788957,0.013146587,0.66443145,0.11739494,0.6278371,0.999213,0.008235631,0.0019916527,0.00054740964,0.11951086,social_solidarity
erdogan2025_c018,erdogan2025,erdogan,tr,2025-12-31,new_year_message,18,19,1.0,111,42,0.53736454,0.47045594,0.7582237,0.039774626,2.3809524,0.4522215,0.4389571,0.31414473,-0.025328785,0.0,0.43797952,0.40342152,0.27796054,-0.033465117,0.0,0.44984263,0.4335864,0.29769737,-0.02359724,2.3809524,0.3912502,0.38222426,0.097039476,-0.06826684,0.0,0.5098189,0.46651095,0.6003289,0.012265831,4.7619047,0.51912755,0.44792867,0.5246711,0.003475666,0.0,0.5392786,0.48764044,0.5707237,0.008753598,0.0,0.40129668,0.37775415,0.21217105,-0.03722039,0.45846033,0.43771976,0.38980263,-0.018463671,national_identity,0.15789479,0.9606944,0.0015188509,0.037750274,0.8971503,0.066266425,0.9985786,0.19833575,0.04272219,0.00028741473,0.77619916,social_solidarity
macron2022_c000,macron2022,macron,fr,2022-12-31,new_year_address,0,35,0.0,198,115,0.5291348,0.5213103,0.68914473,0.031544894,1.7391304,0.57754594,0.55939615,0.9917763,0.09999564,2.6086957,0.45934886,0.40522814,0.43256578,-0.012095779,0.0,0.51991415,0.4766236,0.85361844,0.046474278,0.0,0.4746473,0.44154614,0.62664473,0.015130281,0.0,0.5904738,0.5211357,0.9259868,0.09292069,0.8695652,0.5555084,0.50180835,0.7680921,0.039856493,0.8695652,0.5181856,0.4362731,0.40296054,-0.012339413,0.0,0.4946497,0.452731,0.87335527,0.056132644,0.5787735,0.4924272,0.96546054,0.1018495,security_military,0.06578946,0.97982264,0.9993346,0.00030834455,0.927503,0.9379537,0.9997897,0.993819,0.00018128946,0.07864238,0.97093683,social_solidarity
macron2022_c001,macron2022,macron,fr,2022-12-31,new_year_address,1,35,0.029,107,65,0.55990654,0.5860385,0.87664473,0.062316626,3.0769231,0.5160276,0.50725424,0.77796054,0.03847733,0.0,0.47803035,0.43760973,0.54111844,0.006585717,0.0,0.5411801,0.51024914,0.90953946,0.0677402,1.5384616,0.5198339,0.5020876,0.8865132,0.06031689,0.0,0.5690886,0.5116918,0.87664473,0.0715355,1.5384616,0.58886576,0.50270957,0.90625,0.073213875,0.0,0.5879474,0.52673864,0.82730263,0.0574224,0.0,0.4937631,0.46640947,0.8700658,0.055246025,0.55621606,0.5045074,0.91611844,0.07929206,foreign_policy,0.0032894611,0.9993475,0.45519862,0.0072047687,0.7314424,0.1860812,0.9862709,0.8245503,0.09191052,0.00084924564,0.7788176,national_identity
macron2022_c002,macron2022,macron,fr,2022-12-31,new_year_address,2,35,0.059,94,59,0.510701,0.5386472,0.56414473,0.013111085,0.0,0.45317012,0.4600466,0.32730263,-0.024380177,0.0,0.49791557,0.45262635,0.68914473,0.02647093,0.0,0.47991762,0.45314714,0.56085527,0.0064777434,3.3898306,0.4514283,0.43139857,0.4555921,-0.008088738,0.0,0.5411762,0.5119246,0.7680921,0.04362312,0.0,0.5733875,0.5124757,0.86019737,0.057735622,0.0,0.6086841,0.5178305,0.8865132,0.078159094,0.0,0.45840207,0.42840695,0.6628289,0.019885004,0.56494755,0.50244904,0.9325658,0.08802354,future_reform_technology,0.026315808,0.72036827,0.23846151,0.23187503,0.8945133,0.34004673,0.9937709,0.97142875,0.2137052,0.037274282,0.16899405,social_solidarity
macron2022_c003,macron2022,macron,fr,2022-12-31,new_year_address,3,35,0.088,164,91,0.41353524,0.41960377,0.08388158,-0.08405468,0.0,0.50351244,0.48172265,0.6990132,0.025962144,1.0989012,0.4271189,0.39646304,0.22203948,-0.04432574,0.0,0.44710654,0.44962293,0.27796054,-0.026333332,2.1978023,0.4549201,0.404876,0.4786184,-0.004596919,1.0989012,0.4614146,0.40950155,0.26151314,-0.036138475,0.0,0.60742813,0.5628755,0.9555921,0.09177625,5.4945054,0.48786348,0.43280762,0.24835527,-0.042661548,0.0,0.4970579,0.46614656,0.8832237,0.05854085,0.4864118,0.41915685,0.5542763,0.009487808,crisis_resilience,0.25657892,0.25689605,0.9911355,0.0032287643,0.9992145,0.20585439,0.91770923,0.9895716,0.12683924,0.99946636,0.0005326521,foreign_policy
macron2022_c004,macron2022,macron,fr,2022-12-31,new_year_address,4,35,0.118,157,95,0.46939573,0.4783117,0.31085527,-0.02819419,1.0526316,0.48543522,0.4767897,0.54769737,0.00788492,0.0,0.49247175,0.45936322,0.65953946,0.021027118,1.0526316,0.46612018,0.46690577,0.44572368,-0.007319689,3.1578948,0.4755619,0.4325602,0.63980263,0.016044855,1.0526316,0.500621,0.4704051,0.5246711,0.0030679405,2.1052632,0.5459423,0.503351,0.7253289,0.030290425,2.1052632,0.5162754,0.4704703,0.38980263,-0.014249623,1.0526316,0.48363104,0.47901314,0.8174342,0.04511398,0.5283315,0.49070325,0.8075658,0.051407516,crisis_resilience,0.06578946,0.9996862,0.01654544,0.032589745,0.9981361,0.97249323,0.99864364,0.99975896,0.00022385306,0.022499971,0.99776566,crisis_resilience
macron2022_c005,macron2022,macron,fr,2022-12-31,new_year_address,5,35,0.147,138,83,0.4980739,0.47365242,0.46875,0.00048398972,1.2048193,0.43258345,0.41106588,0.14967105,-0.044966847,0.0,0.581522,0.5448273,0.9555921,0.11007735,7.2289157,0.4399082,0.37666616,0.22203948,-0.033531666,0.0,0.39517397,0.34902024,0.11677632,-0.064343065,0.0,0.54052615,0.503579,0.7615132,0.04297307,1.2048193,0.48277014,0.45758802,0.29769737,-0.032881737,0.0,0.48769087,0.4096056,0.2450658,-0.042834163,0.0,0.3962425,0.3568297,0.1825658,-0.042274565,0.5291722,0.46678036,0.8174342,0.05224818,economy_welfare,0.19407892,0.53023654,0.00026068083,0.999159,0.0035243412,0.011642224,0.99129707,0.20549543,0.0045605446,0.00038072714,0.6913411,economy_welfare
macron2022_c006,macron2022,macron,fr,2022-12-31,new_year_address,6,35,0.176,197,132,0.40779024,0.39638823,0.05756579,-0.08979967,0.75757575,0.42812574,0.40736145,0.120065786,-0.04942456,0.0,0.48309183,0.43389443,0.5871711,0.011647195,1.5151515,0.45962536,0.44629773,0.37335527,-0.013814509,1.5151515,0.4432366,0.40904975,0.37993422,-0.016280442,0.0,0.4266197,0.38785723,0.1299342,-0.07093337,1.5151515,0.53783786,0.4707861,0.65953946,0.022185981,1.5151515,0.58094823,0.5189735,0.79769737,0.050423205,0.75757575,0.40792543,0.40620854,0.2680921,-0.030591637,0.44849953,0.40215713,0.29769737,-0.028424472,future_reform_technology,0.1381579,0.9995669,0.2510964,0.28035772,0.999807,0.59247506,0.97649056,0.99821776,0.9991474,0.00076729234,0.99262565,foreign_policy
macron2022_c007,macron2022,macron,fr,2022-12-31,new_year_address,7,35,0.206,98,60,0.45713437,0.47089338,0.2450658,-0.04045555,3.3333333,0.4525378,0.4594561,0.32072368,-0.025012493,0.0,0.4452775,0.4034317,0.34046054,-0.026167125,0.0,0.46439862,0.45789686,0.42269737,-0.00904125,0.0,0.5412991,0.5177991,0.93914473,0.08178207,5.0,0.4449913,0.4019592,0.19572368,-0.05256179,0.0,0.5350361,0.47973698,0.63980263,0.019384205,3.3333333,0.5677663,0.50358975,0.7384868,0.03724128,0.0,0.40340516,0.38954026,0.23190789,-0.035111904,0.45237008,0.39073843,0.33717105,-0.024553925,democracy_institutions,0.2006579,0.9900636,0.00078854576,0.0009039678,0.46077415,0.9118884,0.89253914,0.9840477,0.0016875096,0.0001802305,0.020119477,national_identity
macron2022_c008,macron2022,macron,fr,2022-12-31,new_year_address,8,35,0.235,135,88,0.47797382,0.4828965,0.36019737,-0.019616097,0.0,0.43964356,0.44339252,0.23190789,-0.037906736,0.0,0.46660075,0.44083607,0.4819079,-0.0048438907,1.1363636,0.45348215,0.44182077,0.31414473,-0.019957721,1.1363636,0.4306932,0.44481248,0.30098686,-0.028823823,0.0,0.4775222,0.4465928,0.37335527,-0.020030886,1.1363636,0.5667497,0.49258286,0.84046054,0.05109781,1.1363636,0.62092054,0.5543785,0.90953946,0.09039551,0.0,0.40672278,0.41313505,0.25164473,-0.03179428,0.4814803,0.44635534,0.52138156,0.0045562983,future_reform_technology,0.06907892,0.9987132,0.00016506857,0.0016072203,0.0029810327,0.0025459477,0.7577943,0.27776676,0.00017064043,0.00014285813,0.0017140385,national_identity
macron2022_c009,macron2022,macron,fr,2022-12-31,new_year_address,9,35,0.265,82,48,0.43185234,0.4267596,0.12335526,-0.065737575,0.0,0.47802502,0.46522737,0.51480263,0.0004747212,0.0,0.5077574,0.4433968,0.7417763,0.03631279,0.0,0.47518337,0.4431423,0.5246711,0.0017434955,0.0,0.46669954,0.44178903,0.5444079,0.0071825087,0.0,0.47370926,0.39475358,0.34703946,-0.023843825,0.0,0.56237644,0.48906344,0.8174342,0.046724558,0.0,0.56265116,0.5121926,0.71546054,0.03212613,0.0,0.40726876,0.38719213,0.26151314,-0.031248301,0.45264262,0.39697605,0.34375,-0.024281383,crisis_resilience,0.075657904,0.024099445,0.89975077,0.6623598,0.4194101,0.009821794,0.25251073,0.32450962,0.9981068,0.0005193049,0.052911814,future_reform_technology
macron2022_c010,macron2022,macron,fr,2022-12-31,new_year_address,10,35,0.294,157,97,0.3911392,0.39672625,0.034539472,-0.10645071,0.0,0.4536851,0.42576683,0.3338816,-0.023865193,0.0,0.5566149,0.5381553,0.90953946,0.08517024,5.1546392,0.43166047,0.38675535,0.16940789,-0.0417794,1.0309278,0.4281928,0.39946532,0.2944079,-0.031324238,0.0,0.45135924,0.39806288,0.21546052,-0.046193838,0.0,0.49840295,0.43337315,0.37335527,-0.017248929,0.0,0.47982424,0.43882057,0.20888157,-0.050700784,0.0,0.4058199,0.39290428,0.2450658,-0.03269717,0.41832393,0.38471332,0.13651316,-0.058600068,economy_welfare,0.5361842,0.82566,0.0002551414,0.9865847,0.07399682,0.4524452,0.9342753,0.8110033,0.24721421,0.0002868541,0.06148037,economy_welfare
macron2022_c011,macron2022,macron,fr,2022-12-31,new_year_address,11,35,0.324,65,42,0.4545748,0.44819814,0.21217105,-0.043015122,0.0,0.45208865,0.41243756,0.30756578,-0.025461644,0.0,0.56280446,0.5043402,0.9292763,0.091359824,2.3809524,0.50978714,0.46256855,0.7944079,0.03634727,0.0,0.4649548,0.42849573,0.52796054,0.0054377615,0.0,0.49531516,0.43513197,0.48519737,-0.002237916,0.0,0.57575047,0.49003184,0.8700658,0.06009859,0.0,0.590739,0.512936,0.8371711,0.060213983,0.0,0.4161545,0.39135677,0.30756578,-0.02236256,0.4794003,0.42343736,0.51480263,0.0024763048,economy_welfare,0.05921048,0.20197058,0.7976356,0.86921585,0.9052804,0.83732086,0.9127283,0.583411,0.84600604,0.0025261848,0.027585283,social_solidarity
macron2022_c012,macron2022,macron,fr,2022-12-31,new_year_address,12,35,0.353,148,88,0.46633133,0.4703294,0.28453946,-0.031258583,0.0,0.53448594,0.5059878,0.87335527,0.05693564,0.0,0.48094016,0.4440533,0.56414473,0.009495527,0.0,0.49157718,0.45052165,0.65625,0.018137306,0.0,0.4678914,0.44737214,0.56085527,0.008374363,0.0,0.543224,0.48319155,0.78125,0.045670897,0.0,0.60182416,0.5040945,0.9325658,0.08617228,1.1363636,0.56822586,0.4957197,0.7417763,0.037700832,0.0,0.47897205,0.4431584,0.79111844,0.040454984,0.490337,0.42295974,0.5707237,0.013413012,crisis_resilience,0.05921054,0.96856016,0.78122634,0.0014409428,0.18952109,0.119665086,0.9986276,0.9695268,0.004796976,0.0012351678,0.34953275,social_solidarity
macron2022_c013,macron2022,macron,fr,2022-12-31,new_year_address,13,35,0.382,184,115,0.35812968,0.38265532,0.0016447369,-0.13946024,0.0,0.45317924,0.44191772,0.3305921,-0.024371058,0.0,0.5083919,0.49130946,0.7549342,0.03694728,0.8695652,0.43383914,0.4177084,0.18585527,-0.03960073,0.8695652,0.37849784,0.384968,0.03125,-0.08101919,0.8695652,0.40404665,0.37931237,0.06414474,-0.093506426,0.0,0.49579608,0.47063076,0.3569079,-0.019855797,0.8695652,0.56255835,0.5100288,0.7121711,0.032033324,2.6086957,0.3850962,0.37084448,0.13651316,-0.05342087,0.44618955,0.3875423,0.28125,-0.03073445,economy_welfare,0.042763114,0.35720304,0.00088649907,0.99855345,0.88646954,0.9812209,0.99366724,0.9881079,0.42739674,0.0015978455,0.6190683,economy_welfare
macron2022_c014,macron2022,macron,fr,2022-12-31,new_year_address,14,35,0.412,154,90,0.3781175,0.40222597,0.011513158,-0.119472414,0.0,0.45104235,0.45831203,0.30427632,-0.026507944,0.0,0.51813793,0.52612406,0.79769737,0.046693295,0.0,0.45823094,0.45537573,0.3536184,-0.01520893,0.0,0.398588,0.4230535,0.13980263,-0.06092903,0.0,0.42975008,0.39894402,0.14309211,-0.067802995,0.0,0.5116323,0.49551648,0.45230263,-0.0040195584,0.0,0.57767266,0.5512821,0.79111844,0.04714763,0.0,0.38686022,0.41386843,0.14638157,-0.051656842,0.4276526,0.41204655,0.16940789,-0.049271405,economy_welfare,0.0065789223,0.78784966,0.0045384313,0.46927705,0.5398324,0.84325075,0.90665317,0.7658999,0.061989464,0.00050235394,0.27391416,social_solidarity
macron2022_c015,macron2022,macron,fr,2022-12-31,new_year_address,15,35,0.441,95,61,0.47247183,0.4583326,0.34046054,-0.025118083,0.0,0.45850778,0.44351107,0.37006578,-0.019042522,0.0,0.54351366,0.5043178,0.87335527,0.07206902,0.0,0.48953563,0.41866785,0.6430921,0.016095757,1.6393442,0.4383399,0.4173473,0.34046054,-0.021177143,0.0,0.5646593,0.50696003,0.86019737,0.06710622,0.0,0.5300782,0.46204424,0.60361844,0.014426291,0.0,0.5972458,0.5255319,0.85361844,0.06672078,0.0,0.39008254,0.36129054,0.16282895,-0.048434526,0.4749308,0.4010374,0.49835527,-0.0019932091,economy_welfare,0.013157904,0.76053953,0.00023140867,0.9802431,0.29982218,0.8402262,0.9977261,0.050846573,0.00041004719,0.00088132435,0.15171777,social_solidarity
macron2022_c016,macron2022,macron,fr,2022-12-31,new_year_address,16,35,0.471,147,86,0.57536614,0.58102155,0.9259868,0.07777622,3.488372,0.56447804,0.5407853,0.95888156,0.08692774,0.0,0.5653633,0.51126724,0.93585527,0.09391865,1.1627907,0.55122596,0.50330293,0.93585527,0.07778609,0.0,0.5058211,0.47149682,0.82730263,0.046304077,0.0,0.56742984,0.50231844,0.87335527,0.06987676,0.0,0.70774376,0.5984082,0.99835527,0.19209188,2.3255813,0.6392218,0.5535997,0.9457237,0.10869676,1.1627907,0.5271238,0.47519755,0.95888156,0.088606745,0.55491054,0.46120858,0.9128289,0.07798654,crisis_resilience,0.039473712,0.98092175,0.00019411319,0.95392317,0.043875042,0.8037906,0.9914391,0.9994207,0.91730267,0.00043224148,0.0027202787,crisis_resilience
macron2022_c017,macron2022,macron,fr,2022-12-31,new_year_address,17,35,0.5,129,85,0.47996217,0.499035,0.37664473,-0.017627746,1.1764706,0.48835996,0.46722367,0.59046054,0.01080966,0.0,0.49837223,0.44921762,0.6957237,0.02692759,0.0,0.49640286,0.4489774,0.6990132,0.022962987,1.1764706,0.45860404,0.46176553,0.5049342,-0.00091299415,0.0,0.5196128,0.45549303,0.6792763,0.022059709,0.0,0.5725912,0.4934185,0.8569079,0.056939304,0.0,0.637634,0.5832596,0.93914473,0.10710895,1.1764706,0.4576277,0.46656936,0.65953946,0.01911065,0.5219845,0.5024334,0.78125,0.045060515,future_reform_technology,0.08223683,0.9997075,0.0023781236,0.0010262068,0.4591974,0.09973295,0.9997367,0.92206234,0.0010182289,0.0015823421,0.41735497,social_solidarity
macron2022_c018,macron2022,macron,fr,2022-12-31,new_year_address,18,35,0.529,121,78,0.4989084,0.4815814,0.4819079,0.0013184845,1.2820513,0.516569,0.49682215,0.7878289,0.03901872,2.5641026,0.48649272,0.4362266,0.62335527,0.015048087,0.0,0.4798742,0.47729784,0.5575658,0.0064343214,0.0,0.4806604,0.4551854,0.6792763,0.021143377,0.0,0.5374346,0.4683929,0.74835527,0.039881498,0.0,0.5616526,0.4887402,0.8009868,0.04600072,1.2820513,0.6277499,0.53864884,0.9292763,0.09722489,0.0,0.43530673,0.4303431,0.46546054,-0.003210336,0.5225191,0.4539718,0.78453946,0.04559511,future_reform_technology,0.12828946,0.9734182,0.99972737,0.0004556365,0.99702764,0.75573844,0.8882267,0.9934991,0.10530251,0.9952862,0.06342433,security_military
macron2022_c019,macron2022,macron,fr,2022-12-31,new_year_address,19,35,0.559,117,69,0.48235214,0.52632856,0.38980263,-0.015237778,2.8985507,0.57726514,0.5633233,0.9884868,0.099714845,0.0,0.5178248,0.46968138,0.7944079,0.046380192,0.0,0.55643797,0.5220547,0.9621711,0.0829981,0.0,0.5011886,0.47843334,0.79769737,0.041671544,1.4492754,0.5985192,0.51613647,0.9424342,0.100966126,1.4492754,0.5297082,0.47402203,0.6003289,0.014056325,0.0,0.5276483,0.4592818,0.49835527,-0.002876699,0.0,0.5082867,0.509687,0.9259868,0.06976965,0.57869387,0.5193372,0.9621711,0.101769865,security_military,0.026315749,0.99619037,0.6170296,0.0006287841,0.9710468,0.26269996,0.9831661,0.9229698,0.00014768039,0.54389304,0.30393514,national_identity
macron2022_c020,macron2022,macron,fr,2022-12-31,new_year_address,20,35,0.588,178,102,0.42153457,0.44295543,0.1069079,-0.07605535,1.9607843,0.43591344,0.42859477,0.19572368,-0.041636854,0.0,0.49400142,0.4833226,0.67269737,0.022556782,0.98039216,0.47168687,0.47364804,0.49506578,-0.0017530024,0.0,0.4211509,0.42988604,0.25164473,-0.03836614,1.9607843,0.44449592,0.36732614,0.18914473,-0.053057164,0.0,0.52734816,0.4737054,0.5871711,0.011696279,0.0,0.6237756,0.5712128,0.9259868,0.09325057,0.98039216,0.4139197,0.41551015,0.29769737,-0.024597377,0.46469882,0.40874,0.44243422,-0.012225181,future_reform_technology,0.25328946,0.6862124,0.007417381,0.009836048,0.71716046,0.90323025,0.979482,0.09901191,0.99522626,0.0015578482,0.033988025,future_reform_technology
macron2022_c021,macron2022,macron,fr,2022-12-31,new_year_address,21,35,0.618,178,133,0.5297855,0.51198,0.6990132,0.032195598,2.255639,0.43258834,0.4133231,0.15296052,-0.04496196,0.0,0.41705072,0.3672521,0.16940789,-0.054393917,0.0,0.45917594,0.42078906,0.36348686,-0.014263928,0.7518797,0.44422847,0.44341645,0.3930921,-0.015288562,0.7518797,0.5432427,0.45878673,0.78453946,0.045689613,0.0,0.49662074,0.43856212,0.36019737,-0.019031137,0.0,0.50084925,0.45221418,0.31085527,-0.029675782,0.0,0.399103,0.37368816,0.20230263,-0.039414078,0.5032862,0.44809175,0.65953946,0.02636218,social_solidarity,0.08552629,0.9771756,0.00013605114,0.00010270019,0.5521775,0.005271083,0.99952435,0.4215965,0.00010804958,0.0003399649,0.37699577,social_solidarity
macron2022_c022,macron2022,macron,fr,2022-12-31,new_year_address,22,35,0.647,82,49,0.5157627,0.5274825,0.61019737,0.01817277,2.0408163,0.47546488,0.44211027,0.49506578,-0.0020854175,0.0,0.5078814,0.4611286,0.74835527,0.036436766,0.0,0.51711166,0.49221927,0.82730263,0.043671787,0.0,0.4775901,0.4510861,0.6628289,0.018073082,0.0,0.5734237,0.5105188,0.88980263,0.0758706,0.0,0.54165864,0.4800776,0.6990132,0.026006758,0.0,0.6052735,0.5265871,0.8799342,0.07474846,0.0,0.37996554,0.387627,0.120065786,-0.05855152,0.5038341,0.47932303,0.66611844,0.026910126,social_solidarity,0.009868443,0.75536644,0.000114569004,0.00030061635,0.00023828691,0.6948724,0.9986169,0.050893713,0.00014397842,0.00018814208,0.043650277,social_solidarity
macron2022_c023,macron2022,macron,fr,2022-12-31,new_year_address,23,35,0.676,83,50,0.5087102,0.4921248,0.54769737,0.01112029,2.0,0.47329095,0.45940405,0.4819079,-0.004259348,0.0,0.49103814,0.44968247,0.6496711,0.019593507,0.0,0.47364962,0.4168656,0.5049342,0.00020974874,0.0,0.46060926,0.41690698,0.5115132,0.0010922253,0.0,0.56989276,0.47546452,0.8799342,0.072339684,0.0,0.566257,0.4861978,0.8371711,0.05060512,0.0,0.6105943,0.52313864,0.88980263,0.080069244,0.0,0.42604864,0.38930696,0.3930921,-0.012468427,0.51563525,0.4355831,0.7384868,0.03871125,future_reform_technology,0.009868443,0.7287,0.00040055232,0.013363722,0.00038371206,0.006758088,0.9397477,0.43276227,0.00039051397,0.0006602275,0.0065833814,social_solidarity
macron2022_c024,macron2022,macron,fr,2022-12-31,new_year_address,24,35,0.706,180,112,0.48744988,0.4979032,0.41282895,-0.010140032,0.0,0.43129292,0.44011384,0.13980263,-0.046257377,0.0,0.55052817,0.53570396,0.88980263,0.07908353,0.0,0.5167193,0.4729312,0.8174342,0.04327941,0.0,0.51157236,0.4893431,0.8569079,0.05205533,0.0,0.59337515,0.5482302,0.93585527,0.095822066,0.0,0.51877195,0.45213103,0.5180921,0.0031200647,0.0,0.6117645,0.5458573,0.89638156,0.08123946,0.0,0.38244176,0.37371638,0.13322368,-0.056075305,0.493087,0.45503634,0.59046054,0.016162992,social_solidarity,0.039473712,0.6562728,0.00021527923,0.9626907,0.46502304,0.988885,0.9988948,0.052303422,0.00053892744,0.00024441307,0.76816845,social_solidarity
macron2022_c025,macron2022,macron,fr,2022-12-31,new_year_address,25,35,0.735,93,55,0.46227872,0.5193692,0.26480263,-0.035311192,0.0,0.44857374,0.45389086,0.2944079,-0.02897656,0.0,0.54297554,0.5300309,0.8700658,0.07153091,1.8181819,0.4909639,0.4865858,0.6496711,0.017524034,3.6363637,0.4692192,0.45666456,0.57730263,0.009702176,0.0,0.5105934,0.46412396,0.6069079,0.013040334,0.0,0.5551422,0.50774765,0.76480263,0.039490342,0.0,0.5949039,0.5655335,0.84703946,0.06437886,5.4545455,0.4468125,0.41789773,0.5674342,0.008295447,0.4968691,0.44281194,0.59375,0.019945085,economy_welfare,0.023026347,0.90644634,0.00014825829,0.9872528,0.042922337,0.1387533,0.89912134,0.7554566,0.951346,0.00013446629,0.046033904,economy_welfare
macron2022_c026,macron2022,macron,fr,2022-12-31,new_year_address,26,35,0.765,152,92,0.50323415,0.5307867,0.51480263,0.005644232,2.173913,0.47157666,0.46974075,0.46546054,-0.005973637,0.0,0.5128163,0.49504167,0.7680921,0.041371673,1.0869565,0.5488105,0.49878788,0.9259868,0.07537061,0.0,0.5750527,0.54825616,0.96546054,0.11553565,3.2608695,0.56304836,0.51971865,0.8569079,0.06549528,0.0,0.5584816,0.4647849,0.78453946,0.042829692,0.0,0.5836102,0.51019275,0.8075658,0.05308515,0.0,0.41730684,0.40094,0.32401314,-0.021210223,0.5007413,0.47435963,0.6365132,0.0238173,democracy_institutions,0.039473712,0.72326064,0.00052133633,0.8405209,0.1123077,0.9904591,0.9522199,0.43242288,0.0034030052,0.00031999825,0.07113817,democracy_institutions
macron2022_c027,macron2022,macron,fr,2022-12-31,new_year_address,27,35,0.794,96,56,0.47954062,0.5032939,0.37335527,-0.0180493,3.5714285,0.55863917,0.53480554,0.9457237,0.08108887,0.0,0.50758004,0.46226513,0.7384868,0.036135405,0.0,0.6043872,0.57385916,0.99835527,0.13094735,1.7857143,0.5995999,0.57481575,0.9950658,0.14008287,1.7857143,0.5160137,0.45820463,0.65296054,0.018460602,0.0,0.5636519,0.4750239,0.82730263,0.048000038,0.0,0.5621854,0.50609577,0.70888156,0.031660378,0.0,0.51915777,0.50556636,0.95230263,0.0806407,0.5380522,0.48903254,0.8634868,0.0611282,foreign_policy,0.0032894611,0.18330105,0.05781161,0.00016187639,0.8580062,0.9546897,0.99253935,0.9915216,0.0001634647,0.31478736,0.009276985,social_solidarity
macron2022_c028,macron2022,macron,fr,2022-12-31,new_year_address,28,35,0.824,114,71,0.46511367,0.4854575,0.2713816,-0.032476246,0.0,0.5089336,0.49361876,0.72861844,0.031383306,0.0,0.53052616,0.49172556,0.84046054,0.059081525,2.8169014,0.4924804,0.45738262,0.65953946,0.019040525,0.0,0.5001031,0.48035198,0.79111844,0.040586084,0.0,0.51992977,0.4608956,0.6825658,0.022376686,0.0,0.591742,0.52068055,0.9128289,0.0760901,0.0,0.65704405,0.5722865,0.97861844,0.12651902,0.0,0.41363758,0.41469514,0.2944079,-0.024879485,0.4858284,0.43764132,0.54769737,0.0089043975,future_reform_technology,0.06578952,0.35133886,0.03132112,0.33225623,0.2091767,0.054802597,0.9610615,0.2695659,0.8184468,0.00043990326,0.0017007224,social_solidarity
macron2022_c029,macron2022,macron,fr,2022-12-31,new_year_address,29,35,0.853,139,82,0.48417443,0.5072342,0.40296054,-0.013415486,0.0,0.4739346,0.45648468,0.48848686,-0.0036157072,0.0,0.45990092,0.39277664,0.43914473,-0.011543721,1.2195122,0.5041609,0.48996907,0.7582237,0.030721009,3.6585367,0.48112205,0.45880717,0.68585527,0.021605015,1.2195122,0.4720365,0.4148544,0.3305921,-0.02551657,1.2195122,0.5208442,0.4379846,0.54111844,0.0051923394,0.0,0.54535824,0.47375184,0.6069079,0.014833212,0.0,0.43743655,0.4198498,0.4819079,-0.001080513,0.50138885,0.45381618,0.64638156,0.024464846,foreign_policy,0.07236844,0.80859673,0.65613514,0.012147169,0.99260414,0.015218294,0.6897238,0.030777596,0.0027629987,0.0012160417,0.47679278,foreign_policy
macron2022_c030,macron2022,macron,fr,2022-12-31,new_year_address,30,35,0.882,81,51,0.41033003,0.44148853,0.067434214,-0.08725989,0.0,0.51040447,0.49609616,0.74835527,0.03285417,0.0,0.48593986,0.44015333,0.61019737,0.014495224,3.9215686,0.4955337,0.4716472,0.6924342,0.022093832,1.9607843,0.44214153,0.41481167,0.37006578,-0.017375499,0.0,0.4681013,0.414495,0.32072368,-0.029451787,0.0,0.54035616,0.48792297,0.6792763,0.024704278,0.0,0.5595324,0.4885487,0.6924342,0.029007375,0.0,0.50706303,0.45996046,0.92269737,0.06854597,0.49934155,0.4292794,0.62335527,0.022417545,security_military,0.055921078,0.99687636,0.973228,0.96235603,0.99743414,0.632446,0.9758546,0.976038,0.2431479,0.19994186,0.3333947,foreign_policy
macron2022_c031,macron2022,macron,fr,2022-12-31,new_year_address,31,35,0.912,129,84,0.5212441,0.5117861,0.63980263,0.023654193,2.3809524,0.5245085,0.50224566,0.84046054,0.04695818,1.1904762,0.43549275,0.3762406,0.26480263,-0.035951883,0.0,0.5015971,0.48162138,0.7319079,0.028157234,1.1904762,0.45746085,0.41978312,0.49835527,-0.0020561814,0.0,0.54047644,0.4593968,0.7582237,0.04292336,1.1904762,0.53908515,0.46676907,0.67269737,0.023433268,0.0,0.5379544,0.46496898,0.56085527,0.0074293613,0.0,0.487359,0.4429521,0.8503289,0.048841923,0.5791085,0.485679,0.96875,0.102184474,security_military,0.08223683,0.9986646,0.9606206,0.0012668909,0.99864894,0.272218,0.9994736,0.97583157,0.0011559009,0.19856878,0.9992191,social_solidarity
macron2022_c032,macron2022,macron,fr,2022-12-31,new_year_address,32,35,0.941,167,93,0.41686127,0.40923488,0.100328945,-0.08072865,3.2258065,0.3685428,0.36066383,0.014802632,-0.10900751,0.0,0.41379938,0.37787658,0.15953948,-0.05764526,0.0,0.4009496,0.38985965,0.0805921,-0.072490275,2.1505377,0.39653397,0.36599585,0.1299342,-0.062983066,0.0,0.4234235,0.35378146,0.120065786,-0.07412958,0.0,0.48251295,0.4209767,0.2911184,-0.03313893,0.0,0.5587089,0.515234,0.68585527,0.028183877,0.0,0.31739813,0.3142733,0.0082236845,-0.12111893,0.44602013,0.38705772,0.27796054,-0.030903876,future_reform_technology,0.39473686,0.9996295,0.0057861554,0.9781563,0.9994642,0.11809239,0.99968433,0.15897244,0.99978256,0.0021721078,0.95585793,future_reform_technology
macron2022_c033,macron2022,macron,fr,2022-12-31,new_year_address,33,35,0.971,173,105,0.50578344,0.5010251,0.52796054,0.008193523,1.9047619,0.47107035,0.4482749,0.4588816,-0.0064799488,0.0,0.50779974,0.45913833,0.7450658,0.036355108,0.0,0.48702684,0.44740602,0.62664473,0.013586968,0.95238096,0.4751496,0.436804,0.6365132,0.01563257,0.0,0.60817873,0.5376167,0.96546054,0.110625654,0.95238096,0.6052742,0.5268111,0.9424342,0.08962232,0.95238096,0.67126137,0.60270995,0.9884868,0.14073634,0.95238096,0.46257687,0.4295316,0.68585527,0.024059802,0.5824009,0.4984139,0.9753289,0.105476916,future_reform_technology,0.023026288,0.9951937,0.00094730896,0.011072161,0.91446275,0.016785491,0.9987721,0.73961055,0.0003156544,0.00042140938,0.71633023,social_solidarity
macron2022_c034,macron2022,macron,fr,2022-12-31,new_year_address,34,35,1.0,43,27,0.53472507,0.5256846,0.72861844,0.037135154,7.4074073,0.49848574,0.4773283,0.65296054,0.020935446,0.0,0.51832163,0.46991128,0.8009868,0.046876997,0.0,0.47901288,0.43789768,0.5509868,0.0055730045,0.0,0.487155,0.46008927,0.73519737,0.027637959,0.0,0.56595445,0.50106674,0.8667763,0.06840137,3.7037036,0.56297255,0.48386922,0.8240132,0.047320664,0.0,0.574927,0.4961213,0.77796054,0.044401944,0.0,0.4782344,0.41629452,0.7878289,0.039717346,0.58554125,0.49003154,0.97861844,0.108617246,social_solidarity,0.042763114,0.9998166,0.35331663,0.22507578,0.9604163,0.453988,0.9995636,0.9524637,0.10854279,0.0037874572,0.8875462,national_identity
macron2023_c000,macron2023,macron,fr,2023-12-31,new_year_address,0,25,0.0,135,80,0.53731567,0.505713,0.7549342,0.03972575,1.25,0.5096034,0.48025265,0.7417763,0.032053083,0.0,0.4663463,0.42610613,0.47532895,-0.005098343,0.0,0.49041128,0.44997156,0.64638156,0.01697141,0.0,0.4428587,0.39852464,0.37664473,-0.016658336,0.0,0.6035876,0.52647173,0.9555921,0.10603455,2.5,0.5248974,0.46074438,0.5805921,0.009245515,0.0,0.5260242,0.43313044,0.48519737,-0.0045008063,0.0,0.45072296,0.40102208,0.59703946,0.012205899,0.57491416,0.47556,0.9555921,0.097990155,social_solidarity,0.2006579,0.99216896,0.43338186,0.00043733438,0.37387583,0.066934206,0.9997498,0.23484507,6.5282664e-05,0.00038072708,0.19559409,social_solidarity
macron2023_c001,macron2023,macron,fr,2023-12-31,new_year_address,1,25,0.042,91,58,0.41659015,0.41160065,0.097039476,-0.08099976,0.0,0.51644063,0.5135573,0.78453946,0.038890332,3.4482758,0.38194668,0.34276095,0.07072368,-0.08949795,0.0,0.41491044,0.41894615,0.110197365,-0.058529437,1.7241379,0.42092073,0.37735346,0.24835527,-0.038596302,0.0,0.40075514,0.36732152,0.054276317,-0.09679794,3.4482758,0.46873194,0.44215518,0.20230263,-0.046919942,0.0,0.47799295,0.45478296,0.1924342,-0.052532077,0.0,0.4854404,0.454731,0.8371711,0.04692334,0.44176716,0.3820442,0.25164473,-0.035156846,security_military,0.5361842,0.59089726,0.9856076,7.141901e-05,0.9944987,0.0006732405,0.66672057,0.89100754,0.0006615175,0.9998024,0.00022341637,foreign_policy
macron2023_c002,macron2023,macron,fr,2023-12-31,new_year_address,2,25,0.083,105,58,0.5132634,0.5462087,0.59046054,0.015673488,1.7241379,0.54192454,0.54025185,0.9128289,0.06437424,0.0,0.5778588,0.5361291,0.95230263,0.10641417,1.7241379,0.55281603,0.54907167,0.9457237,0.07937616,0.0,0.5097565,0.46553487,0.8503289,0.050239474,0.0,0.5462942,0.49556616,0.79769737,0.048741132,0.0,0.5923438,0.55745083,0.91611844,0.076691926,0.0,0.5273299,0.4713046,0.49177632,-0.003195107,1.7241379,0.5341145,0.51843435,0.96875,0.095597416,0.52109027,0.45898935,0.7746711,0.044166267,economy_welfare,0.0065789223,0.9943196,0.029340029,0.052279215,0.9712111,0.0007096704,0.0030337367,0.8834373,0.00014202362,0.5939037,0.00022516823,national_identity
macron2023_c003,macron2023,macron,fr,2023-12-31,new_year_address,3,25,0.125,82,54,0.47566336,0.45924225,0.35032895,-0.021926552,0.0,0.51892877,0.49330676,0.81414473,0.04137847,1.8518518,0.52124137,0.4491204,0.81085527,0.04979673,0.0,0.47457442,0.4389282,0.5180921,0.0011345446,0.0,0.44098827,0.42100137,0.36677632,-0.01852876,0.0,0.50648844,0.45235604,0.5707237,0.008935362,0.0,0.6563662,0.5613632,0.9917763,0.14071435,1.8518518,0.55645835,0.5017793,0.6694079,0.025933325,0.0,0.5401746,0.49457574,0.9819079,0.10165754,0.5321207,0.46886483,0.84375,0.055196702,crisis_resilience,0.17763156,0.06563478,0.65665823,0.0073600826,0.41608465,0.20637375,0.7227227,0.9340501,0.00021995338,0.20354916,0.00045121054,crisis_resilience
macron2023_c004,macron2023,macron,fr,2023-12-31,new_year_address,4,25,0.167,95,60,0.48674268,0.47953457,0.40625,-0.010847241,1.6666666,0.5015868,0.49071476,0.6792763,0.024036497,0.0,0.4834134,0.44963944,0.59375,0.011968762,0.0,0.49420384,0.48300314,0.6759868,0.020763963,0.0,0.4594525,0.4552824,0.5082237,-6.452203e-05,0.0,0.5099928,0.43564302,0.60361844,0.012439698,0.0,0.538082,0.48487467,0.66611844,0.022430122,0.0,0.61545694,0.52556556,0.90296054,0.08493191,0.0,0.46206045,0.43559363,0.67269737,0.023543388,0.5147394,0.44434088,0.72861844,0.037815392,future_reform_technology,0.22368425,0.999096,0.9941404,0.19636346,0.9970907,0.81563663,0.99730086,0.9914059,0.0046095722,0.028463025,0.39564487,national_identity
macron2023_c005,macron2023,macron,fr,2023-12-31,new_year_address,5,25,0.208,139,83,0.39325672,0.38246593,0.03782895,-0.10433319,1.2048193,0.40341163,0.39467847,0.06414474,-0.07413867,0.0,0.47520536,0.4410041,0.52138156,0.0037607253,1.2048193,0.4538116,0.45375836,0.32401314,-0.019628286,2.4096386,0.41000706,0.42099687,0.1924342,-0.049509972,1.2048193,0.43204415,0.37656915,0.14967105,-0.06550893,0.0,0.49359143,0.42839348,0.34703946,-0.022060454,0.0,0.5751819,0.5506571,0.78125,0.044656873,1.2048193,0.3589456,0.35553727,0.054276317,-0.079571456,0.42938346,0.39541042,0.1924342,-0.047540545,future_reform_technology,0.25986844,0.74783474,0.008694533,0.17645861,0.98548245,0.75119215,0.9867517,0.654674,0.001999432,0.0005092657,0.014643825,social_solidarity
macron2023_c006,macron2023,macron,fr,2023-12-31,new_year_address,6,25,0.25,138,76,0.38835138,0.3948964,0.027960526,-0.109238535,1.3157895,0.4292612,0.4084533,0.12335526,-0.04828909,0.0,0.5596464,0.5351375,0.9194079,0.08820179,5.263158,0.4166934,0.39953285,0.11348684,-0.056746483,1.3157895,0.43761772,0.42074353,0.3338816,-0.021899313,0.0,0.45213753,0.40848032,0.21875,-0.04541555,1.3157895,0.48034093,0.4451018,0.2680921,-0.035310954,0.0,0.6428986,0.6188873,0.9621711,0.11237359,2.631579,0.36011988,0.34066224,0.05756579,-0.078397185,0.45191145,0.40219855,0.3338816,-0.025012553,future_reform_technology,0.042763174,0.09268776,8.7502995e-05,0.99362403,0.7470166,0.7796366,0.9119473,0.04922212,0.99393195,0.00011591934,0.01504366,future_reform_technology
macron2023_c007,macron2023,macron,fr,2023-12-31,new_year_address,7,25,0.292,184,118,0.44012076,0.42471206,0.14967105,-0.05746916,0.0,0.45961565,0.4472973,0.37335527,-0.01793465,0.0,0.5943661,0.5561527,0.9819079,0.12292144,2.542373,0.48597544,0.44325507,0.6134868,0.012535572,0.0,0.44809973,0.4019344,0.43585527,-0.0114172995,0.0,0.5332163,0.44972557,0.7253289,0.035663217,0.0,0.5913024,0.5072777,0.90953946,0.07565051,0.84745765,0.6421037,0.56160843,0.9555921,0.11157864,1.6949153,0.43422198,0.4199047,0.44901314,-0.004295081,0.52766436,0.46350458,0.8042763,0.05074036,economy_welfare,0.026315808,0.24211602,0.00051829213,0.9921004,0.004264635,0.52244586,0.9977039,0.5089101,0.01168162,0.00030415886,0.075142466,social_solidarity
macron2023_c008,macron2023,macron,fr,2023-12-31,new_year_address,8,25,0.333,149,81,0.44735017,0.48920265,0.16282895,-0.05023974,1.2345679,0.5696436,0.55569667,0.96546054,0.09209332,2.4691358,0.46469417,0.42607328,0.4588816,-0.0067504644,0.0,0.4482394,0.4309038,0.28125,-0.025200486,0.0,0.49303252,0.49772727,0.7615132,0.033515483,3.7037036,0.45301726,0.4153213,0.22203948,-0.044535816,0.0,0.4820633,0.4201586,0.28125,-0.03358859,0.0,0.5253226,0.47399086,0.47532895,-0.0052024126,0.0,0.44157982,0.41371143,0.5180921,0.0030627549,0.4506498,0.3846628,0.32730263,-0.026274204,security_military,0.20394737,0.99419135,0.9996295,0.0013763896,0.3272382,0.9989162,0.9952355,0.9981049,0.15127839,0.7168136,0.13132633,security_military
macron2023_c009,macron2023,macron,fr,2023-12-31,new_year_address,9,25,0.375,97,58,0.49318063,0.53095734,0.42927632,-0.0044092834,1.7241379,0.5230844,0.5025524,0.83388156,0.045534104,0.0,0.49615997,0.44344115,0.6825658,0.024715334,0.0,0.5046911,0.46347526,0.7615132,0.03125125,1.7241379,0.57279503,0.5630836,0.9621711,0.113278,1.7241379,0.551906,0.47055024,0.8174342,0.05435291,0.0,0.521068,0.45490307,0.54769737,0.0054160953,0.0,0.57327986,0.51181453,0.77138156,0.04275483,0.0,0.4493807,0.4751331,0.5871711,0.010863632,0.535018,0.49819487,0.8503289,0.058094025,democracy_institutions,0.12828952,0.7636601,0.02966156,0.000105959916,0.6597341,0.9981827,0.8873511,0.647241,0.0001650686,0.00021824206,0.016593179,democracy_institutions
macron2023_c010,macron2023,macron,fr,2023-12-31,new_year_address,10,25,0.417,96,57,0.49770364,0.5170003,0.46546054,0.00011372566,1.754386,0.4737031,0.4818601,0.48519737,-0.0038472116,0.0,0.51131916,0.46869788,0.76480263,0.039874524,0.0,0.49412537,0.4888443,0.67269737,0.020685494,0.0,0.4848798,0.47193283,0.7121711,0.02536276,0.0,0.5135777,0.45627743,0.6299342,0.01602462,0.0,0.5412505,0.5027622,0.68585527,0.025598645,0.0,0.64308244,0.58158565,0.96546054,0.11255741,0.0,0.4399095,0.4403699,0.5082237,0.0013924241,0.5003046,0.47217834,0.6332237,0.023380578,future_reform_technology,0.2006579,0.98077494,0.6220002,0.5573635,0.8216889,0.90013826,0.9941232,0.7595822,0.4421547,0.00307537,0.44465515,social_solidarity
macron2023_c011,macron2023,macron,fr,2023-12-31,new_year_address,11,25,0.458,134,73,0.54405093,0.57173824,0.8042763,0.046461016,2.739726,0.541353,0.5321859,0.90953946,0.06380269,0.0,0.5365567,0.47648078,0.8569079,0.065112084,1.369863,0.51980865,0.4987028,0.8503289,0.046368778,0.0,0.547815,0.5139547,0.9424342,0.08829799,0.0,0.5726638,0.50593615,0.8865132,0.0751107,1.369863,0.56143403,0.4665362,0.79769737,0.04578215,0.0,0.6210558,0.561714,0.9128289,0.09053075,2.739726,0.484159,0.47289866,0.8240132,0.04564193,0.5362042,0.4609438,0.85361844,0.059280217,democracy_institutions,0.02960527,0.93755466,0.0008676725,0.3586899,0.14051306,0.2989517,0.9018775,0.07577264,0.00022960827,0.00028406718,0.024168445,national_identity
macron2023_c012,macron2023,macron,fr,2023-12-31,new_year_address,12,25,0.5,146,85,0.48361784,0.4967538,0.39967105,-0.013972074,2.3529413,0.5149459,0.5062709,0.76480263,0.037395626,0.0,0.54389775,0.49894503,0.87664473,0.07245311,3.5294118,0.4814253,0.43773162,0.57730263,0.007985413,0.0,0.475125,0.46501437,0.6332237,0.015607983,0.0,0.5421778,0.4492289,0.77138156,0.044624716,0.0,0.54789233,0.48975933,0.7384868,0.03224045,0.0,0.6219525,0.54028165,0.92269737,0.091427445,0.0,0.46417698,0.433152,0.6990132,0.025659919,0.5078948,0.4352576,0.6924342,0.030970812,future_reform_technology,0.046052635,0.99849296,0.97344345,0.77368695,0.99312294,0.95808905,0.9993135,0.85500574,0.9891815,0.0009128305,0.54673815,social_solidarity
macron2023_c013,macron2023,macron,fr,2023-12-31,new_year_address,13,25,0.542,142,79,0.4474526,0.45423606,0.16611843,-0.05013731,0.0,0.43742,0.44089895,0.20888157,-0.040130287,0.0,0.52263963,0.4861577,0.8174342,0.051194996,0.0,0.47438183,0.45674926,0.51480263,0.000941962,0.0,0.46934515,0.44446647,0.5805921,0.0098281205,0.0,0.49700361,0.41231024,0.48848686,-0.0005494654,0.0,0.5206331,0.45616895,0.5378289,0.00498122,0.0,0.66413355,0.59949434,0.98519737,0.13360852,0.0,0.4019121,0.40344664,0.21546052,-0.03660497,0.4625171,0.43335578,0.41282895,-0.01440689,future_reform_technology,0.16776317,0.1750087,0.055771697,0.9622497,0.42000479,0.9183339,0.95645154,0.71549857,0.9996633,0.0010670425,0.20426254,future_reform_technology
macron2023_c014,macron2023,macron,fr,2023-12-31,new_year_address,14,25,0.583,146,83,0.38297874,0.37183857,0.014802632,-0.11461118,2.4096386,0.35930756,0.33711216,0.0049342103,-0.11824274,0.0,0.44088548,0.39838648,0.2911184,-0.030559152,0.0,0.43066072,0.4303456,0.15953948,-0.042779148,2.4096386,0.3841406,0.3607383,0.05756579,-0.07537642,0.0,0.40683913,0.3269384,0.07401316,-0.09071395,0.0,0.45563835,0.40185535,0.13322368,-0.060013533,0.0,0.56126565,0.50011414,0.6990132,0.030740619,0.0,0.33789945,0.31535423,0.024671054,-0.10061762,0.43227243,0.34833357,0.20230263,-0.044651568,future_reform_technology,0.40789476,0.99493474,0.00086092594,0.4759707,0.99938214,0.00865255,0.9755303,0.27381706,0.99306935,0.0027629987,0.09101787,foreign_policy
macron2023_c015,macron2023,macron,fr,2023-12-31,new_year_address,15,25,0.625,162,96,0.47998735,0.49554038,0.37993422,-0.017602563,1.0416666,0.5166486,0.5134287,0.79111844,0.039098293,0.0,0.50688684,0.45975754,0.73519737,0.035442203,0.0,0.5033261,0.4854699,0.7549342,0.029886246,1.0416666,0.4962895,0.4729457,0.7680921,0.03677246,0.0,0.51429176,0.4576586,0.6430921,0.016738683,0.0,0.5369545,0.48094988,0.6496711,0.02130264,1.0416666,0.5987049,0.5363283,0.86019737,0.068179846,0.0,0.46208394,0.43164706,0.6759868,0.023566872,0.5046432,0.44113922,0.6792763,0.0277192,future_reform_technology,0.06907892,0.9599877,0.85747,0.37799978,0.8708171,0.9856076,0.9995093,0.879069,0.1281155,0.014756984,0.5356754,social_solidarity
macron2023_c016,macron2023,macron,fr,2023-12-31,new_year_address,16,25,0.667,129,83,0.47191525,0.4905312,0.33717105,-0.025674671,2.4096386,0.49948177,0.50572723,0.6628289,0.02193147,1.2048193,0.45884135,0.39797533,0.42927632,-0.012603283,0.0,0.50594324,0.50191206,0.77138156,0.032503366,3.6144578,0.5132485,0.46352765,0.86019737,0.05373147,1.2048193,0.5072114,0.44594705,0.5805921,0.009658307,1.2048193,0.56218255,0.48273575,0.8042763,0.046530664,0.0,0.5734861,0.49958444,0.7746711,0.04296106,0.0,0.46010396,0.44743276,0.6694079,0.021586895,0.49967355,0.44605333,0.62664473,0.022749543,democracy_institutions,0.055921078,0.7078151,0.74153364,0.0003814712,0.99765414,0.40972257,0.8316564,0.9991289,0.0016743995,0.08079155,0.7730451,crisis_resilience
macron2023_c017,macron2023,macron,fr,2023-12-31,new_year_address,17,25,0.708,116,70,0.46755546,0.46817684,0.30098686,-0.030034453,0.0,0.5397741,0.5289755,0.8996711,0.062223822,0.0,0.4930227,0.42339522,0.6628289,0.021578074,0.0,0.5076152,0.5107557,0.78125,0.034175336,4.285714,0.5520394,0.5032011,0.9490132,0.09252235,1.4285715,0.4620008,0.428232,0.26480263,-0.035552293,0.0,0.5849373,0.5156151,0.8996711,0.06928539,0.0,0.57546496,0.5135368,0.78453946,0.044939935,1.4285715,0.48998368,0.48099515,0.8569079,0.051466614,0.501019,0.46910477,0.63980263,0.024094999,democracy_institutions,0.049342096,0.99273914,0.9831175,0.20157737,0.98894924,0.8894208,0.35675472,0.9993894,0.00060589175,0.6620321,0.01689868,crisis_resilience
macron2023_c018,macron2023,macron,fr,2023-12-31,new_year_address,18,25,0.75,92,45,0.41389668,0.37207118,0.087171055,-0.083693236,0.0,0.3303214,0.32678413,0.0016447369,-0.1472289,0.0,0.35166278,0.32640368,0.02138158,-0.11978185,0.0,0.32845068,0.32895052,0.0016447369,-0.14498919,0.0,0.31834373,0.30182606,0.0016447369,-0.1411733,0.0,0.4150181,0.3476507,0.097039476,-0.08253497,0.0,0.43822658,0.37549636,0.07401316,-0.0774253,0.0,0.46880674,0.4056982,0.15625,-0.061718285,0.0,0.28267726,0.29367054,0.0016447369,-0.1558398,0.4136412,0.3740031,0.120065786,-0.06328279,future_reform_technology,0.059210524,0.985566,0.000543152,0.008412979,0.023554333,0.004503272,0.99925196,0.02224367,0.15263121,0.0013045066,0.19095024,social_solidarity
macron2023_c019,macron2023,macron,fr,2023-12-31,new_year_address,19,25,0.792,84,45,0.5396267,0.524054,0.77138156,0.0420368,4.4444447,0.4119958,0.40781194,0.0805921,-0.0655545,0.0,0.39596212,0.35673422,0.100328945,-0.07548252,0.0,0.43439656,0.39761156,0.18914473,-0.039043307,0.0,0.40301165,0.3679965,0.14967105,-0.056505382,0.0,0.50588685,0.4227705,0.5542763,0.008333772,0.0,0.5737229,0.48220873,0.8634868,0.058071017,0.0,0.5053582,0.4243528,0.36019737,-0.02516681,0.0,0.378625,0.35599852,0.11677632,-0.05989206,0.49150202,0.431661,0.5805921,0.014578015,crisis_resilience,0.09210527,0.99981546,0.0007900862,0.00088823045,0.50659144,0.055874635,0.99846625,0.9982926,0.030157408,0.0025509128,0.83025026,national_identity
macron2023_c020,macron2023,macron,fr,2023-12-31,new_year_address,20,25,0.833,113,60,0.47779477,0.4993855,0.3569079,-0.01979515,3.3333333,0.50314295,0.48018658,0.6957237,0.025592655,3.3333333,0.4168719,0.36911997,0.16611843,-0.05457273,0.0,0.44263947,0.41003317,0.24177632,-0.030800402,0.0,0.40382713,0.3838692,0.15953948,-0.0556899,0.0,0.47475988,0.3830216,0.3569079,-0.022793204,0.0,0.5283214,0.44896662,0.59703946,0.012669504,0.0,0.52353007,0.4673847,0.4588816,-0.0069949627,0.0,0.42573163,0.40446398,0.38322368,-0.012785435,0.45772207,0.4069932,0.37664473,-0.019201934,security_military,0.09868425,0.9841242,0.88909626,0.00010932306,0.9150149,0.0012768145,0.9975656,0.5378304,0.0006615175,0.8342888,0.07779745,social_solidarity
macron2023_c021,macron2023,macron,fr,2023-12-31,new_year_address,21,25,0.875,119,70,0.45474303,0.44576606,0.21875,-0.04284689,1.4285715,0.39135787,0.3900687,0.03125,-0.08619243,0.0,0.39744726,0.350237,0.10361842,-0.07399738,0.0,0.418743,0.4282477,0.12335526,-0.054696858,2.857143,0.38130152,0.37799957,0.04769737,-0.07821551,0.0,0.41856498,0.37624145,0.1069079,-0.078988105,0.0,0.4293105,0.3586286,0.054276317,-0.08634138,0.0,0.51734537,0.46319482,0.3930921,-0.01317966,0.0,0.4168533,0.39531368,0.31414473,-0.021663755,0.48283187,0.41698933,0.53125,0.0059078634,future_reform_technology,0.1743421,0.9720456,0.00027372167,0.0004084493,0.22084616,0.0050309175,0.016737208,0.010787142,0.0055065835,0.0007466115,0.014942705,national_identity
macron2023_c022,macron2023,macron,fr,2023-12-31,new_year_address,22,25,0.917,179,107,0.50709677,0.49947822,0.53453946,0.009506851,0.93457943,0.43049973,0.4315338,0.13322368,-0.047050565,0.0,0.43259612,0.4011131,0.2450658,-0.03884852,0.0,0.43978524,0.40796274,0.21546052,-0.03365463,0.93457943,0.4402009,0.4062177,0.3536184,-0.019316137,0.0,0.49499843,0.4207935,0.4786184,-0.002554655,0.93457943,0.5115533,0.42971006,0.44572368,-0.004098594,0.0,0.53264606,0.4612968,0.52796054,0.0021210313,0.0,0.39697933,0.3637595,0.1924342,-0.041537732,0.46464407,0.4152953,0.43914473,-0.012279928,national_identity,0.0065789223,0.97346866,0.00019185213,0.0005316133,0.0074968887,0.017526368,0.9594688,0.0058938786,0.0019475032,0.00053161324,0.009840805,national_identity
macron2023_c023,macron2023,macron,fr,2023-12-31,new_year_address,23,25,0.958,81,48,0.499474,0.50626636,0.48519737,0.001884073,0.0,0.44664502,0.46718603,0.28125,-0.030905277,0.0,0.5042353,0.47274554,0.72203946,0.03279069,0.0,0.48700008,0.48118195,0.62335527,0.013560206,0.0,0.48749208,0.46594343,0.7384868,0.027975053,0.0,0.5343803,0.4840566,0.73519737,0.036827236,2.0833333,0.58314216,0.5268375,0.8930921,0.06749028,0.0,0.6457652,0.58902204,0.96875,0.11524016,2.0833333,0.47033554,0.45548224,0.7450658,0.03181848,0.5513278,0.51034194,0.88980263,0.07440382,future_reform_technology,0.075657904,0.94158703,0.00059302105,0.00035836728,0.1980642,0.06356951,0.99814695,0.0011116681,0.00056588004,0.00014341719,0.008187909,social_solidarity
macron2023_c024,macron2023,macron,fr,2023-12-31,new_year_address,24,25,1.0,167,97,0.52859324,0.5153994,0.6825658,0.031003326,5.1546392,0.44217366,0.43465427,0.2450658,-0.03537664,0.0,0.5058744,0.456191,0.7319079,0.03442976,1.0309278,0.47100902,0.4480612,0.48519737,-0.0024308562,0.0,0.44061488,0.43355998,0.36348686,-0.018902153,0.0,0.513799,0.44889033,0.63980263,0.016245931,1.0309278,0.5378621,0.46095872,0.6628289,0.02221024,1.0309278,0.5876355,0.50115865,0.8240132,0.05711049,0.0,0.43468624,0.40580767,0.4555921,-0.0038308203,0.5150279,0.44243827,0.73519737,0.03810388,future_reform_technology,0.09210527,0.9971661,0.05174954,0.124905184,0.96538115,0.3769671,0.99896175,0.6589664,0.4215518,0.0027522566,0.39723676,social_solidarity
macron2024_c000,macron2024,macron,fr,2024-12-31,new_year_address,0,22,0.0,81,51,0.49698126,0.47529954,0.4555921,-0.00060865283,1.9607843,0.47150776,0.42342547,0.46217105,-0.00604254,0.0,0.44996148,0.38018215,0.36019737,-0.021483153,0.0,0.46465474,0.41137987,0.43256578,-0.008785129,0.0,0.49595612,0.4424194,0.76480263,0.03643909,1.9607843,0.5072894,0.42502284,0.58388156,0.009736329,1.9607843,0.51622,0.429124,0.4819079,0.00056809187,0.0,0.5364144,0.4458061,0.5509868,0.005889356,0.0,0.4322972,0.3785514,0.42269737,-0.006219864,0.5172035,0.4180128,0.7549342,0.040279508,democracy_institutions,0.18092108,0.9996692,0.00021739137,0.0001035056,0.62463707,0.9937648,0.99857855,0.57397693,0.0008009536,0.00030475328,0.9881538,national_identity
macron2024_c001,macron2024,macron,fr,2024-12-31,new_year_address,1,22,0.048,97,59,0.4053897,0.4143709,0.05098684,-0.09220022,0.0,0.39776683,0.3780828,0.044407893,-0.07978347,0.0,0.452289,0.43331808,0.37335527,-0.019155651,0.0,0.43131912,0.39667886,0.16611843,-0.042120755,0.0,0.3978591,0.37812233,0.13651316,-0.061657935,0.0,0.47668594,0.38176668,0.36677632,-0.02086714,0.0,0.56508213,0.48073018,0.8305921,0.04943025,0.0,0.5720918,0.5043307,0.76480263,0.04156679,3.3898306,0.4287568,0.37317216,0.40625,-0.009760261,0.4732359,0.39238852,0.49506578,-0.003688097,crisis_resilience,0.06578946,0.90376234,0.00046734812,0.0028449097,0.017442483,0.0011672309,0.99216896,0.9944988,0.89947516,0.000563675,0.0014866153,crisis_resilience
macron2024_c002,macron2024,macron,fr,2024-12-31,new_year_address,2,22,0.095,154,89,0.5400021,0.5245208,0.7746711,0.04241219,4.494382,0.47159714,0.45268285,0.46875,-0.005953163,0.0,0.42616022,0.3871966,0.21875,-0.04528442,0.0,0.46510294,0.41737288,0.43914473,-0.0083369315,2.247191,0.4384272,0.40662467,0.34375,-0.021089822,0.0,0.48993564,0.40999705,0.44901314,-0.007617444,0.0,0.5002107,0.41760105,0.37993422,-0.015441179,0.0,0.4817092,0.4208923,0.22203948,-0.048815817,0.0,0.42181814,0.36916628,0.36019737,-0.016698927,0.48389828,0.40466797,0.53453946,0.00697428,national_identity,0.30592108,0.99975175,0.01877907,0.000328866,0.9883128,0.0036928533,0.97834337,0.043062966,0.00022254554,0.0028783479,0.93989265,national_identity
macron2024_c003,macron2024,macron,fr,2024-12-31,new_year_address,3,22,0.143,130,72,0.5014831,0.48280352,0.49177632,0.0038931668,2.7777777,0.36349785,0.3702926,0.011513158,-0.114052445,0.0,0.37652427,0.3532068,0.054276317,-0.09492037,0.0,0.3873406,0.37029767,0.03782895,-0.08609927,0.0,0.40507975,0.39604095,0.16940789,-0.05443728,0.0,0.4730668,0.40105274,0.33717105,-0.024486274,0.0,0.45608988,0.39816108,0.13980263,-0.059561998,0.0,0.4759075,0.40426338,0.18585527,-0.054617524,0.0,0.33662814,0.32707006,0.02138158,-0.101888925,0.4419461,0.3765905,0.25493422,-0.034977913,national_identity,0.15460527,0.9854405,0.0007870084,0.00086429267,0.060252324,0.0038693913,0.2620857,0.006837204,0.0011008767,0.0004897656,0.011233708,national_identity
macron2024_c004,macron2024,macron,fr,2024-12-31,new_year_address,4,22,0.19,123,78,0.46671653,0.42159826,0.28782895,-0.030873388,1.2820513,0.39327863,0.3773971,0.03782895,-0.08427167,0.0,0.40958452,0.3588636,0.14309211,-0.061860114,0.0,0.42751405,0.36551145,0.14309211,-0.045925826,1.2820513,0.39583436,0.36579892,0.12335526,-0.063682675,0.0,0.5333942,0.4334134,0.72861844,0.035841137,1.2820513,0.580618,0.46284837,0.8832237,0.06496614,1.2820513,0.5196695,0.45713264,0.41282895,-0.010855556,0.0,0.36423695,0.32844883,0.077302635,-0.07428011,0.51137954,0.44770306,0.7055921,0.034455538,crisis_resilience,0.15460527,0.90808946,0.010529713,0.16184944,0.3210341,0.28841874,0.9968025,0.99448806,0.044722572,0.0012818053,0.86755556,social_solidarity
macron2024_c005,macron2024,macron,fr,2024-12-31,new_year_address,5,22,0.238,86,48,0.45843908,0.48841533,0.25164473,-0.039150834,2.0833333,0.50014514,0.49406227,0.67269737,0.02259484,0.0,0.52064526,0.47338688,0.8075658,0.049200624,2.0833333,0.4951253,0.46441647,0.68585527,0.021685421,0.0,0.4736195,0.44476384,0.6069079,0.014102459,0.0,0.54044646,0.49269557,0.7549342,0.04289338,0.0,0.6591654,0.5845043,0.9950658,0.1435135,6.25,0.578444,0.5178551,0.7944079,0.047918975,2.0833333,0.5062898,0.49555236,0.9128289,0.06777272,0.5417868,0.5173219,0.8832237,0.06486279,crisis_resilience,0.1875,0.99960256,0.9739685,0.9644556,0.9928647,0.04365028,0.99807703,0.9997817,0.02025469,0.023734687,0.9992903,crisis_resilience
macron2024_c006,macron2024,macron,fr,2024-12-31,new_year_address,6,22,0.286,83,45,0.51872027,0.49762097,0.62664473,0.021130353,0.0,0.43954957,0.41407084,0.22532895,-0.038000733,0.0,0.41800672,0.3720825,0.17598684,-0.05343792,0.0,0.51920635,0.46387792,0.84703946,0.045766473,0.0,0.41665304,0.38096738,0.21875,-0.042863995,0.0,0.54288757,0.49294555,0.77796054,0.04533449,6.6666665,0.5346683,0.47186813,0.6365132,0.019016445,0.0,0.48117042,0.41425604,0.21217105,-0.049354613,0.0,0.45932585,0.39737752,0.66611844,0.020808786,0.54090774,0.47514206,0.8799342,0.06398374,foreign_policy,0.06907892,0.988503,0.00037191084,0.0005072813,0.3220994,0.04509957,0.99955314,0.06966822,0.00019832788,0.0012693645,0.9165588,social_solidarity
macron2024_c007,macron2024,macron,fr,2024-12-31,new_year_address,7,22,0.333,92,58,0.43310142,0.43551987,0.1299342,-0.0644885,1.7241379,0.43963516,0.4273181,0.22861843,-0.03791514,0.0,0.45420167,0.40407592,0.39967105,-0.017242968,0.0,0.4335363,0.45747256,0.17927632,-0.03990358,0.0,0.46664602,0.46600556,0.54111844,0.0071289837,3.4482758,0.4280678,0.4176976,0.13322368,-0.06948528,0.0,0.50032914,0.43729597,0.38322368,-0.015322745,0.0,0.44824472,0.40595767,0.0805921,-0.08228031,0.0,0.45221418,0.4206739,0.60361844,0.013697118,0.47196436,0.42827886,0.48519737,-0.004959643,democracy_institutions,0.1414474,0.0039492464,0.02598206,0.0001618764,0.99163574,0.8611883,0.0024968276,0.12543987,0.0002203833,0.022672437,0.00091819017,foreign_policy
macron2024_c008,macron2024,macron,fr,2024-12-31,new_year_address,8,22,0.381,87,47,0.38965312,0.41315442,0.03125,-0.1079368,0.0,0.39634228,0.41833562,0.04111842,-0.08120802,0.0,0.42561233,0.39049256,0.21546052,-0.045832306,0.0,0.4058949,0.4101116,0.08388158,-0.06754497,0.0,0.41157272,0.43044108,0.19901316,-0.047944307,0.0,0.4649603,0.44757462,0.29769737,-0.032592773,0.0,0.53517175,0.48672873,0.6430921,0.019519866,0.0,0.48993447,0.44333327,0.26480263,-0.040590554,0.0,0.48045576,0.445325,0.79769737,0.041938692,0.51443124,0.46694276,0.71875,0.037507236,crisis_resilience,0.34539473,0.07551658,0.5633779,0.2557152,0.42679933,0.7237002,0.7240906,0.9403394,0.014538515,0.032697678,0.00063124346,crisis_resilience
macron2024_c009,macron2024,macron,fr,2024-12-31,new_year_address,9,22,0.429,88,53,0.47382426,0.48033032,0.34703946,-0.023765653,0.0,0.47685766,0.44006246,0.5049342,-0.0006926358,0.0,0.47548056,0.40230352,0.5246711,0.00403592,0.0,0.5170305,0.47914362,0.8240132,0.043590605,1.8867924,0.58932126,0.5586544,0.97861844,0.12980422,7.5471697,0.46636716,0.41334587,0.30427632,-0.031185925,0.0,0.5120394,0.41358307,0.4555921,-0.0036124587,0.0,0.5211639,0.4462304,0.44243422,-0.009361148,0.0,0.46886957,0.44309178,0.73519737,0.030352503,0.5241749,0.4716826,0.79111844,0.047250926,democracy_institutions,0.15460527,0.0069711166,0.00036188282,0.0022738955,0.80517304,0.9963358,0.26095408,0.023757322,0.0009985542,0.00043308618,0.000563675,democracy_institutions
macron2024_c010,macron2024,macron,fr,2024-12-31,new_year_address,10,22,0.476,101,55,0.41159678,0.39464647,0.07401316,-0.08599314,0.0,0.38723373,0.3827526,0.024671054,-0.090316564,0.0,0.42516398,0.40043527,0.20559211,-0.046280652,0.0,0.39347994,0.3799032,0.060855262,-0.07995993,0.0,0.37303093,0.35177964,0.02138158,-0.0864861,0.0,0.4643915,0.43008533,0.28453946,-0.03316158,0.0,0.44195035,0.41151494,0.0805921,-0.07370153,0.0,0.53139967,0.45267618,0.5180921,0.00087463856,0.0,0.36259666,0.34036115,0.06414474,-0.0759204,0.48871467,0.44021273,0.56085527,0.011790663,future_reform_technology,0.23355263,0.87841856,0.004672731,0.015769398,0.7801604,0.35826886,0.99690664,0.19284321,0.0001952537,0.00036329866,0.013571313,social_solidarity
macron2024_c011,macron2024,macron,fr,2024-12-31,new_year_address,11,22,0.524,85,53,0.45484403,0.4759251,0.22203948,-0.04274589,0.0,0.4718173,0.46465245,0.47203946,-0.0057329834,1.8867924,0.56885254,0.52595806,0.93914473,0.09740791,0.0,0.46113986,0.43632668,0.38980263,-0.0123000145,0.0,0.4908877,0.48253748,0.7549342,0.03137067,0.0,0.55302083,0.5089022,0.8207237,0.055467755,0.0,0.52738917,0.46397364,0.59046054,0.011737287,0.0,0.64257884,0.5490775,0.95888156,0.11205381,0.0,0.4493551,0.42721516,0.58388156,0.010838032,0.52094346,0.46887374,0.7680921,0.04401946,future_reform_technology,0.019736826,0.06210312,0.00050530455,0.99301535,0.12158142,0.99936,0.9993135,0.4263216,0.017492766,0.0003175088,0.037874628,democracy_institutions
macron2024_c012,macron2024,macron,fr,2024-12-31,new_year_address,12,22,0.571,84,61,0.5255864,0.50743407,0.66611844,0.02799651,0.0,0.5071433,0.48137513,0.7253289,0.02959302,1.6393442,0.59143066,0.57298386,0.97861844,0.11998603,0.0,0.5524274,0.48073334,0.9424342,0.07898754,0.0,0.5305302,0.50360125,0.91611844,0.07101318,0.0,0.6313521,0.56558436,0.98519737,0.13379905,1.6393442,0.60974526,0.51082313,0.95888156,0.09409338,0.0,0.6308081,0.5471655,0.9325658,0.10028309,0.0,0.4876368,0.4560289,0.85361844,0.04911974,0.5981879,0.54113674,0.9917763,0.12126392,social_solidarity,0.0065789223,0.0018969199,0.0007947255,0.7374419,0.00031381086,0.430267,0.9818579,0.0014866154,0.0008295892,7.5580676e-05,0.054499876,social_solidarity
macron2024_c013,macron2024,macron,fr,2024-12-31,new_year_address,13,22,0.619,155,87,0.44757876,0.5007603,0.16940789,-0.050011158,3.4482758,0.5470314,0.5468413,0.9325658,0.069481105,4.597701,0.47513855,0.42905378,0.5180921,0.0036939085,1.1494253,0.50285256,0.5254976,0.7450658,0.029412687,3.4482758,0.5167606,0.49424484,0.8700658,0.057243556,3.4482758,0.4841196,0.4632017,0.40296054,-0.013433486,0.0,0.5372799,0.5001081,0.65296054,0.021628022,1.1494253,0.5671569,0.5123543,0.73519737,0.036631882,0.0,0.496841,0.49792892,0.8799342,0.05832395,0.5148304,0.46623874,0.7319079,0.03790641,security_military,0.0625,0.9948754,0.9954967,0.0007854739,0.9996125,0.50613374,0.597373,0.9972718,0.0015700477,0.9905692,0.111482814,foreign_policy
macron2024_c014,macron2024,macron,fr,2024-12-31,new_year_address,14,22,0.667,144,84,0.43665248,0.46487194,0.14309211,-0.060937434,1.1904762,0.573877,0.5679784,0.97861844,0.09632668,7.142857,0.465941,0.41780394,0.46875,-0.0055036247,0.0,0.49798378,0.5194176,0.70888156,0.024543911,4.7619047,0.4687227,0.4434502,0.5740132,0.009205669,0.0,0.44303933,0.41575253,0.18585527,-0.054513752,0.0,0.52101946,0.4697685,0.5444079,0.005367577,0.0,0.5581204,0.4951566,0.6792763,0.0275954,0.0,0.45562273,0.4542297,0.6430921,0.017105669,0.46046156,0.41756845,0.3963816,-0.016462445,security_military,0.2697369,0.967163,0.99953175,0.00015506914,0.9988883,0.77325916,0.8645251,0.96817124,0.077308424,0.9527833,0.946572,security_military
macron2024_c015,macron2024,macron,fr,2024-12-31,new_year_address,15,22,0.714,161,104,0.47169203,0.47356412,0.3338816,-0.02589789,1.9230769,0.51584446,0.5157565,0.77138156,0.038294166,1.9230769,0.5582371,0.50401807,0.91611844,0.08679244,1.9230769,0.5809119,0.5434137,0.98519737,0.107472,2.8846154,0.49851918,0.4699769,0.78125,0.03900215,0.0,0.5170158,0.44588408,0.65953946,0.019462734,0.0,0.58445287,0.47711176,0.89638156,0.068800986,0.0,0.64801735,0.5869759,0.97203946,0.11749232,1.9230769,0.4683171,0.47109193,0.7319079,0.029800028,0.519938,0.46378678,0.7615132,0.04301399,foreign_policy,0.013157904,0.94157356,0.9919146,0.24644972,0.9984723,0.11706649,0.9932877,0.055387247,0.9974491,0.00077481644,0.1511374,foreign_policy
macron2024_c016,macron2024,macron,fr,2024-12-31,new_year_address,16,22,0.762,151,90,0.45673442,0.47891995,0.23519737,-0.040855497,0.0,0.43335685,0.44770116,0.15953948,-0.044193447,0.0,0.52408767,0.49599203,0.8240132,0.05264303,2.2222223,0.484951,0.46714276,0.60361844,0.011511117,3.3333333,0.44775146,0.43396765,0.42927632,-0.011765569,1.1111112,0.48573238,0.44313362,0.4161184,-0.011820704,0.0,0.5123234,0.4573475,0.46546054,-0.0033285022,0.0,0.5819285,0.50331366,0.8042763,0.051403463,1.1111112,0.43394354,0.41211236,0.44572368,-0.004573524,0.5161132,0.46616805,0.74835527,0.03918922,economy_welfare,0.019736886,0.98337495,0.008219692,0.8669795,0.9056044,0.9668515,0.99151343,0.6627692,0.36727032,0.0003535028,0.13324596,social_solidarity
macron2024_c017,macron2024,macron,fr,2024-12-31,new_year_address,17,22,0.81,89,57,0.4506926,0.43785363,0.17927632,-0.046897322,1.754386,0.4541573,0.44769943,0.34703946,-0.023393005,0.0,0.5865114,0.5637151,0.96875,0.11506674,3.508772,0.4628271,0.44491947,0.41282895,-0.010612786,1.754386,0.39108822,0.39833453,0.090460524,-0.068428814,0.0,0.48856986,0.4130739,0.43914473,-0.008983225,0.0,0.57942533,0.51879835,0.8799342,0.06377345,1.754386,0.5852599,0.52946436,0.81085527,0.054734886,0.0,0.46992907,0.4270482,0.7417763,0.031412005,0.5022704,0.41240478,0.65296054,0.025346398,economy_welfare,0.08881581,0.9926256,0.0004305571,0.9988905,0.99703056,0.05751975,0.99481016,0.9997704,0.3559428,0.00018271105,0.0071214284,crisis_resilience
macron2024_c018,macron2024,macron,fr,2024-12-31,new_year_address,18,22,0.857,88,52,0.43443984,0.43599,0.13651316,-0.06315008,0.0,0.46070844,0.44848198,0.37993422,-0.016841859,0.0,0.4634666,0.40303493,0.4555921,-0.007978022,0.0,0.48420882,0.46247786,0.59703946,0.01076895,1.9230769,0.44650647,0.42304695,0.42269737,-0.0130105615,0.0,0.5002901,0.39751685,0.5180921,0.0027370155,0.0,0.53363836,0.44665337,0.62335527,0.017986476,0.0,0.5692016,0.47923934,0.75164473,0.03867656,1.9230769,0.4196005,0.39104044,0.34703946,-0.018916577,0.48164967,0.4138186,0.5246711,0.004725665,future_reform_technology,0.12828946,0.99856186,0.9885583,0.0008761799,0.99773055,0.16947459,0.5004273,0.9980732,0.9981649,0.008560892,0.013782084,national_identity
macron2024_c019,macron2024,macron,fr,2024-12-31,new_year_address,19,22,0.905,86,48,0.5390483,0.54852116,0.7680921,0.041458398,2.0833333,0.47103623,0.47326094,0.4555921,-0.0065140724,0.0,0.4937592,0.45002866,0.6694079,0.022314578,0.0,0.5475404,0.5439745,0.9194079,0.074100554,0.0,0.4713915,0.4507953,0.59703946,0.011874467,2.0833333,0.50697875,0.4759902,0.57730263,0.00942567,0.0,0.6062114,0.527274,0.9457237,0.09055954,2.0833333,0.6406385,0.5443228,0.9490132,0.11011344,2.0833333,0.45437476,0.45749906,0.6299342,0.015857697,0.55216545,0.5115334,0.8930921,0.07524145,future_reform_technology,0.0032894611,0.9799574,0.7472472,0.14039516,0.9814534,0.79668826,0.99901885,0.997116,0.021906367,0.0034096355,0.69616497,social_solidarity
macron2024_c020,macron2024,macron,fr,2024-12-31,new_year_address,20,22,0.952,158,92,0.4932417,0.49433213,0.43256578,-0.0043482184,0.0,0.46775213,0.48342127,0.42598686,-0.009798169,1.0869565,0.5521381,0.5087167,0.8930921,0.08069345,1.0869565,0.49820042,0.49701527,0.7121711,0.024760544,0.0,0.5229784,0.50099003,0.8930921,0.06346139,1.0869565,0.51267743,0.46190736,0.62335527,0.015124351,0.0,0.562443,0.49761456,0.8207237,0.046791136,0.0,0.6714581,0.58975065,0.9917763,0.1409331,0.0,0.4365449,0.4466315,0.4786184,-0.0019721687,0.49929953,0.46276173,0.6167763,0.022375524,future_reform_technology,0.09868419,0.48730743,0.009055263,0.52463824,0.53825516,0.1119674,0.98535615,0.9076811,0.06979493,0.00028462237,0.16539082,social_solidarity
macron2024_c021,macron2024,macron,fr,2024-12-31,new_year_address,21,22,1.0,193,112,0.50741583,0.50329673,0.54111844,0.009825915,5.357143,0.46529257,0.45297092,0.40296054,-0.012257725,0.0,0.5010945,0.45390767,0.7121711,0.029649884,0.0,0.46883622,0.45415437,0.47203946,-0.004603654,0.0,0.47594002,0.450754,0.6430921,0.016422987,0.0,0.52287674,0.45807683,0.6990132,0.02532366,0.89285713,0.5352572,0.4516093,0.64638156,0.019605339,0.0,0.6020328,0.51424575,0.8700658,0.07150775,0.0,0.41645676,0.39451987,0.31085527,-0.022060305,0.503845,0.4528865,0.67269737,0.026920974,future_reform_technology,0.15789473,0.983597,0.026205415,0.012194132,0.8736466,0.53585756,0.9927813,0.07416429,0.0041420166,0.002560871,0.84421647,social_solidarity
macron2025_c000,macron2025,macron,fr,2025-12-31,new_year_address,0,17,0.0,162,93,0.5465971,0.5398675,0.8174342,0.049007207,3.2258065,0.5444182,0.52440506,0.9292763,0.06686792,1.0752689,0.44895792,0.40174612,0.35032895,-0.022486717,0.0,0.46565807,0.439879,0.44243422,-0.0077818036,0.0,0.42116982,0.4075636,0.25493422,-0.038347214,0.0,0.57468307,0.51179993,0.8930921,0.07712999,2.1505377,0.53259254,0.48780754,0.61019737,0.016940653,1.0752689,0.52253425,0.4517888,0.45230263,-0.0079907775,0.0,0.47145125,0.4378363,0.76480263,0.03293419,0.53838956,0.482261,0.8667763,0.06146556,security_military,0.03618419,0.99672693,0.9970593,0.0002601723,0.2605776,0.017375667,0.99939406,0.99806195,6.18086e-05,0.00018378458,0.96713203,social_solidarity
macron2025_c001,macron2025,macron,fr,2025-12-31,new_year_address,1,17,0.062,193,126,0.5019357,0.49366495,0.50164473,0.0043458045,0.0,0.52809167,0.5203049,0.85361844,0.05054137,1.5873016,0.5888235,0.5399694,0.9753289,0.11737886,3.1746032,0.546659,0.5144657,0.91611844,0.07321912,1.5873016,0.48254624,0.4592098,0.6924342,0.023029208,0.7936508,0.55884886,0.49670583,0.84046054,0.061295778,0.7936508,0.598699,0.5199381,0.9259868,0.08304709,0.0,0.5480013,0.46693382,0.62335527,0.01747626,0.7936508,0.4931449,0.44057125,0.8667763,0.054627836,0.590876,0.4914978,0.9884868,0.11395198,economy_welfare,0.049342096,0.9997463,0.9992161,0.9931827,0.996577,0.9921233,0.9535137,0.99403125,0.00043563012,0.0036856742,0.99804676,national_identity
macron2025_c002,macron2025,macron,fr,2025-12-31,new_year_address,2,17,0.125,173,100,0.39942637,0.4426057,0.044407893,-0.098163545,0.0,0.53611076,0.56213737,0.8832237,0.05856046,3.0,0.5082947,0.5000539,0.75164473,0.036850065,1.0,0.5550889,0.5737475,0.9555921,0.081649005,6.0,0.47618487,0.46201771,0.6496711,0.016667843,0.0,0.4134553,0.4143684,0.090460524,-0.08409777,0.0,0.5946576,0.5566522,0.9194079,0.07900572,0.0,0.50005454,0.4732065,0.30756578,-0.03047049,0.0,0.5584306,0.5426656,0.99835527,0.11991355,0.49261647,0.4449368,0.5871711,0.015692472,foreign_policy,0.03618419,0.39443418,0.97939354,0.0012668908,0.9994877,0.00086092605,0.003337405,0.05135561,0.00047842562,0.9989738,0.0009454624,foreign_policy
macron2025_c003,macron2025,macron,fr,2025-12-31,new_year_address,3,17,0.188,48,27,0.53851604,0.52229166,0.7615132,0.04092613,0.0,0.51058245,0.46567547,0.75164473,0.03303215,0.0,0.5885492,0.5097599,0.97203946,0.11710456,3.7037036,0.51378274,0.45609665,0.8075658,0.040342867,0.0,0.45480946,0.4256388,0.47532895,-0.004707575,0.0,0.56733006,0.54516244,0.8700658,0.06977698,0.0,0.6022221,0.54003936,0.93585527,0.0865702,0.0,0.5691771,0.4982516,0.74835527,0.038652062,0.0,0.5343471,0.4817148,0.97203946,0.09583005,0.55317414,0.50453305,0.90296054,0.076250136,economy_welfare,0.03618419,0.0003473453,0.00031565438,0.004219261,0.35981396,0.015983006,0.0030634166,0.07316059,0.00012148177,0.00025613976,6.402006e-05,foreign_policy
macron2025_c004,macron2025,macron,fr,2025-12-31,new_year_address,4,17,0.25,165,97,0.46029764,0.4862312,0.26151314,-0.03729227,1.0309278,0.51419914,0.5065161,0.7615132,0.03664884,1.0309278,0.58494854,0.53937376,0.95888156,0.1135039,1.0309278,0.5145739,0.49051085,0.81085527,0.041134,1.0309278,0.51690495,0.47776717,0.87335527,0.05738792,1.0309278,0.49785987,0.47303274,0.50164473,0.0003067851,0.0,0.57606643,0.5246943,0.87335527,0.060414553,3.0927835,0.59755874,0.52054787,0.8569079,0.06703371,0.0,0.48489937,0.4748199,0.8305921,0.046382308,0.531926,0.4930104,0.84046054,0.055001974,economy_welfare,0.08552629,0.9584989,0.00051829213,0.87037706,0.086169556,0.9520419,0.978733,0.96207196,0.028517084,0.0003360055,0.013768818,social_solidarity
macron2025_c005,macron2025,macron,fr,2025-12-31,new_year_address,5,17,0.312,156,88,0.48145568,0.50327384,0.38322368,-0.016134232,0.0,0.5699819,0.54764384,0.96875,0.092431575,0.0,0.5361341,0.4689245,0.85361844,0.06468949,0.0,0.5325173,0.4926528,0.89638156,0.05907744,1.1363636,0.52805716,0.48696947,0.90953946,0.068540126,0.0,0.60230094,0.5124626,0.9490132,0.10474786,0.0,0.5711511,0.4891625,0.85361844,0.055499196,0.0,0.6053592,0.51938367,0.8832237,0.07483417,1.1363636,0.5037687,0.48158473,0.90296054,0.06525162,0.5547292,0.48143616,0.90953946,0.07780522,security_military,0.019736826,0.8350132,0.5222022,0.00031688946,0.9946307,0.7804952,0.9983158,0.99951875,0.00039511535,0.0014779429,0.20737518,crisis_resilience
macron2025_c006,macron2025,macron,fr,2025-12-31,new_year_address,6,17,0.375,151,92,0.4503103,0.44168484,0.17598684,-0.047279626,0.0,0.43375742,0.43162775,0.16940789,-0.043792874,0.0,0.4899214,0.45316303,0.6430921,0.018476754,1.0869565,0.498713,0.47181624,0.71875,0.025273114,2.173913,0.4671586,0.454056,0.5509868,0.007641554,0.0,0.50196874,0.43323672,0.5378289,0.004415661,0.0,0.52467406,0.48071492,0.57730263,0.009022176,0.0,0.59080434,0.53362876,0.84046054,0.06027931,0.0,0.4229828,0.3840648,0.36348686,-0.015534252,0.5210533,0.453471,0.77138156,0.044129312,future_reform_technology,0.12171054,0.8095772,0.00024346048,0.60225165,0.95795166,0.899431,0.95626813,0.03892024,0.00017366598,0.0007509958,0.09334689,foreign_policy
macron2025_c007,macron2025,macron,fr,2025-12-31,new_year_address,7,17,0.438,86,63,0.4994994,0.48953682,0.48848686,0.0019094944,0.0,0.48985827,0.4758781,0.60361844,0.012307972,0.0,0.5000167,0.45472986,0.7055921,0.028572053,0.0,0.48407054,0.46133673,0.59375,0.010630667,0.0,0.5154944,0.5013295,0.8634868,0.055977374,1.5873016,0.55559057,0.49544144,0.8240132,0.05803749,0.0,0.5536821,0.479256,0.7615132,0.038030207,1.5873016,0.60137504,0.51816165,0.8667763,0.070850015,0.0,0.4630257,0.4189741,0.6957237,0.024508625,0.52644235,0.48302388,0.8009868,0.049518347,future_reform_technology,0.0032894611,0.15584777,0.0064568706,0.26671523,0.0010691263,0.9848983,0.9989535,0.9145964,0.0005274784,0.0010525686,0.051130094,social_solidarity
macron2025_c008,macron2025,macron,fr,2025-12-31,new_year_address,8,17,0.5,124,77,0.4709748,0.47906983,0.3305921,-0.026615113,2.5974026,0.5351503,0.5232234,0.87664473,0.05759999,1.2987013,0.4571306,0.42591265,0.41282895,-0.014314026,0.0,0.47904372,0.44864547,0.5542763,0.00560385,0.0,0.4996237,0.45317888,0.7878289,0.040106654,0.0,0.5489081,0.49335724,0.81414473,0.051355034,0.0,0.5243747,0.47094548,0.5740132,0.008722842,0.0,0.6320868,0.56476635,0.93585527,0.101561785,1.2987013,0.43829364,0.4387411,0.49177632,-0.00022342801,0.48548317,0.43697286,0.54111844,0.008559167,future_reform_technology,0.05921054,0.9981667,0.9984391,0.00021402177,0.13061772,0.99595356,0.9988282,0.52658623,0.89050865,0.047381777,0.35197902,social_solidarity
macron2025_c009,macron2025,macron,fr,2025-12-31,new_year_address,9,17,0.562,142,78,0.3775271,0.38033327,0.0082236845,-0.12006283,0.0,0.44456315,0.44739777,0.26480263,-0.032987148,0.0,0.41783673,0.37991083,0.17269737,-0.05360791,0.0,0.43038386,0.4358518,0.15625,-0.04305601,0.0,0.4459016,0.4314531,0.4161184,-0.013615429,2.5641026,0.41702762,0.36716253,0.10361842,-0.08052546,0.0,0.49267697,0.4476993,0.34046054,-0.022974908,0.0,0.5035159,0.45060122,0.3338816,-0.02700913,0.0,0.42549008,0.4103785,0.37335527,-0.013026983,0.4517364,0.39324507,0.3305921,-0.025187612,democracy_institutions,0.075657874,0.976419,0.79795074,0.0049725967,0.9095461,0.98224515,0.94881654,0.8012758,0.018617803,0.0070254076,0.85302734,democracy_institutions
macron2025_c010,macron2025,macron,fr,2025-12-31,new_year_address,10,17,0.625,156,88,0.5431678,0.5408095,0.79769737,0.045577914,5.681818,0.47985727,0.45306432,0.52796054,0.002306968,0.0,0.48165748,0.43434373,0.5740132,0.010212839,0.0,0.48880833,0.44556317,0.63980263,0.015368462,0.0,0.46288005,0.41956967,0.5180921,0.0033630133,0.0,0.58889127,0.5204917,0.92269737,0.09133819,1.1363636,0.6026462,0.51756984,0.93914473,0.08699429,2.2727273,0.5700503,0.47331572,0.7549342,0.03952527,0.0,0.5064218,0.45042023,0.91611844,0.06790474,0.6028984,0.5141389,0.9950658,0.12597442,crisis_resilience,0.016447365,0.9966561,0.2960433,0.01689868,0.8098782,0.5450436,0.9992749,0.99395543,0.007937995,0.04096065,0.8581846,social_solidarity
macron2025_c011,macron2025,macron,fr,2025-12-31,new_year_address,11,17,0.688,150,94,0.49692643,0.53020906,0.45230263,-0.0006634891,1.0638298,0.5240962,0.5004423,0.8371711,0.046545893,0.0,0.49891818,0.4478086,0.6990132,0.02747354,0.0,0.5218531,0.48942125,0.8634868,0.048413217,2.1276596,0.4968683,0.48297644,0.77796054,0.03735128,2.1276596,0.5831997,0.5221718,0.90625,0.0856466,0.0,0.5764152,0.49498284,0.87664473,0.0607633,1.0638298,0.5310698,0.45714685,0.51480263,0.00054478645,0.0,0.4980888,0.4503792,0.88980263,0.059571743,0.5657402,0.4997622,0.93914473,0.088816226,social_solidarity,0.02960527,0.9987082,0.02978831,0.0019117695,0.79318607,0.6254381,0.9962747,0.98046875,0.00023597175,0.082919836,0.3922641,national_identity
macron2025_c012,macron2025,macron,fr,2025-12-31,new_year_address,12,17,0.75,169,99,0.4239331,0.45530513,0.11348684,-0.07365683,0.0,0.53952336,0.5374553,0.89638156,0.061973065,3.030303,0.4899681,0.43881315,0.64638156,0.018523455,1.010101,0.5013649,0.506498,0.72861844,0.027925014,6.060606,0.48532522,0.44282597,0.71875,0.025808185,0.0,0.4205817,0.3978719,0.110197365,-0.07697138,0.0,0.51076984,0.4654289,0.44243422,-0.0048820376,0.0,0.5397686,0.4858325,0.57730263,0.009243548,0.0,0.44983855,0.4450971,0.59046054,0.011321485,0.46282935,0.41974592,0.42598686,-0.014094651,security_military,0.16776311,0.9327583,0.988597,0.01010596,0.9995015,0.051272415,0.099208094,0.6268097,0.0008199321,0.6065567,0.33323193,foreign_policy
macron2025_c013,macron2025,macron,fr,2025-12-31,new_year_address,13,17,0.812,107,58,0.4776914,0.47105175,0.3536184,-0.019898504,1.7241379,0.50502145,0.51359093,0.70888156,0.027471155,0.0,0.56931376,0.52091575,0.9424342,0.09786913,6.8965516,0.55374795,0.55303985,0.9490132,0.08030808,8.620689,0.48634937,0.48489225,0.72861844,0.026832342,0.0,0.5206736,0.46543014,0.68914473,0.023120493,0.0,0.5101254,0.44361705,0.43914473,-0.005526483,0.0,0.562693,0.49706393,0.71875,0.03216797,0.0,0.46241516,0.43940738,0.6825658,0.023898095,0.5373648,0.4711026,0.86019737,0.06044078,foreign_policy,0.006578982,0.99889916,0.04021909,0.7525585,0.999415,0.49292037,0.8098217,0.089255944,0.99967813,0.0006399275,0.5597714,future_reform_technology
macron2025_c014,macron2025,macron,fr,2025-12-31,new_year_address,14,17,0.875,105,58,0.47830382,0.4863984,0.36348686,-0.019286096,0.0,0.4541131,0.45362964,0.34375,-0.023437202,0.0,0.51285267,0.50529796,0.77138156,0.041408032,0.0,0.4770408,0.45067567,0.5378289,0.0036009252,0.0,0.46382746,0.44649792,0.52138156,0.004310429,0.0,0.5841089,0.5482248,0.90953946,0.08655581,0.0,0.61037666,0.55380946,0.9621711,0.094724774,0.0,0.6583013,0.5923064,0.9819079,0.12777627,0.0,0.48285496,0.43369335,0.8075658,0.0443379,0.57863086,0.50659233,0.95888156,0.10170686,future_reform_technology,0.019736826,0.05266765,0.00873672,0.2562732,0.12803373,0.34720504,0.99846923,0.042602543,0.00091461383,0.0003583673,0.0033374047,social_solidarity
macron2025_c015,macron2025,macron,fr,2025-12-31,new_year_address,15,17,0.938,179,102,0.56518203,0.5814736,0.8930921,0.067592114,2.9411764,0.48715058,0.4897778,0.5674342,0.009600282,0.0,0.5527323,0.5148797,0.89638156,0.08128765,1.9607843,0.529014,0.5116004,0.8865132,0.05557412,0.0,0.48575294,0.47508073,0.7253289,0.026235908,1.9607843,0.5930178,0.53402466,0.9325658,0.095464736,0.0,0.6223159,0.55408317,0.97203946,0.106664,0.0,0.68408227,0.5858525,0.9950658,0.15355724,1.9607843,0.48399502,0.46697253,0.8207237,0.045477957,0.5813808,0.5176425,0.97203946,0.10445678,future_reform_technology,0.023026347,0.8632764,0.00012558252,0.079585075,0.008093289,0.0060503976,0.97272736,0.55838716,0.0038618704,8.2041515e-05,0.27664167,social_solidarity
macron2025_c016,macron2025,macron,fr,2025-12-31,new_year_address,16,17,1.0,57,32,0.46927238,0.46666774,0.30756578,-0.02831754,9.375,0.4368034,0.41394252,0.20559211,-0.040746897,0.0,0.4576686,0.4076138,0.42269737,-0.013776034,0.0,0.46242008,0.44310996,0.40625,-0.011019796,0.0,0.43902677,0.39251715,0.34703946,-0.020490259,0.0,0.49460298,0.4267261,0.47203946,-0.002950102,0.0,0.47374642,0.41517234,0.22861843,-0.041905463,0.0,0.5629681,0.4773413,0.72203946,0.032443047,0.0,0.41805875,0.36128697,0.3338816,-0.02045831,0.51685774,0.4081119,0.75164473,0.03993374,future_reform_technology,0.25,0.95272833,0.006538825,0.00995565,0.9878529,0.37434748,0.9985018,0.1203871,0.08997298,0.0015700476,0.46745333,social_solidarity
merkel1_c000,merkel1,merkel,de,2016-12-31,new_year_address,0,12,0.0,156,90,0.4582562,0.42209226,0.24835527,-0.0393337,1.1111112,0.48807237,0.47755277,0.5871711,0.010522068,1.1111112,0.40166336,0.33667973,0.11348684,-0.06978127,0.0,0.39277798,0.35333073,0.05756579,-0.08066189,0.0,0.41543508,0.38980418,0.21546052,-0.044081956,0.0,0.44749135,0.36237133,0.19901316,-0.050061733,0.0,0.43594652,0.43599123,0.067434214,-0.07970536,2.2222223,0.46253026,0.4182039,0.1299342,-0.06799477,0.0,0.47804433,0.4190088,0.78453946,0.039527267,0.43679422,0.3545485,0.22861843,-0.04012978,security_military,0.3388158,0.9986196,0.713132,0.00048500832,0.99243015,0.0020768899,0.9917043,0.99951494,0.00019411318,0.025565214,0.0012219866,crisis_resilience
merkel1_c001,merkel1,merkel,de,2016-12-31,new_year_address,1,12,0.091,87,51,0.53503066,0.49720144,0.73519737,0.037440747,0.0,0.55331796,0.529446,0.93914473,0.075767666,1.9607843,0.42954797,0.37462848,0.23519737,-0.04189667,0.0,0.45483625,0.44139507,0.3338816,-0.018603623,0.0,0.4278113,0.40304053,0.28782895,-0.031705737,0.0,0.5207213,0.44711792,0.6924342,0.023168236,0.0,0.5212132,0.49639878,0.5509868,0.005561292,0.0,0.43710756,0.38828537,0.05098684,-0.093417466,0.0,0.52134585,0.47358894,0.9555921,0.08282879,0.48168263,0.4121856,0.52796054,0.004758626,security_military,0.20394737,0.9896218,0.93379396,0.008544332,0.92501855,0.77261645,0.9447913,0.99917686,0.0007138378,0.09051417,0.009214366,crisis_resilience
merkel1_c002,merkel1,merkel,de,2016-12-31,new_year_address,2,12,0.182,84,52,0.50903314,0.45075887,0.5542763,0.0114432275,0.0,0.4827569,0.4613672,0.53125,0.0052066147,0.0,0.42775548,0.4063176,0.22532895,-0.04368916,0.0,0.4732512,0.43410718,0.50164473,-0.0001886785,0.0,0.40730828,0.38428196,0.18585527,-0.05220875,0.0,0.5719548,0.5311227,0.8832237,0.07440171,0.0,0.547815,0.5299222,0.73519737,0.032163143,0.0,0.46044677,0.4440174,0.12664473,-0.070078254,0.0,0.4671417,0.4485715,0.71875,0.028624624,0.5159843,0.49781758,0.7417763,0.039060295,social_solidarity,0.14802635,0.41869694,0.00010679088,8.497683e-05,0.025226828,0.024539704,0.9923416,0.38157958,0.000112792986,0.0005368274,0.0026522598,social_solidarity
merkel1_c003,merkel1,merkel,de,2016-12-31,new_year_address,3,12,0.273,87,50,0.49769917,0.475725,0.46217105,0.000109255314,2.0,0.5386584,0.549428,0.8930921,0.061108083,4.0,0.44905394,0.4238479,0.3536184,-0.022390693,2.0,0.4708128,0.45277756,0.4819079,-0.0026270747,2.0,0.44956094,0.45449293,0.44572368,-0.009956092,0.0,0.51211715,0.4292851,0.6200658,0.014564067,2.0,0.52415264,0.4920525,0.56414473,0.008500755,0.0,0.45774662,0.41483492,0.11348684,-0.072778404,0.0,0.5440448,0.52332234,0.9884868,0.10552773,0.5045659,0.47353035,0.6759868,0.027641892,security_military,0.2730263,0.6146832,0.5493989,0.0017718027,0.32702324,0.20601411,0.99918324,0.9967523,0.00066540233,0.046746712,0.9891082,social_solidarity
merkel1_c004,merkel1,merkel,de,2016-12-31,new_year_address,4,12,0.364,103,66,0.53728503,0.5182603,0.75164473,0.039695114,0.0,0.50707895,0.48828906,0.72203946,0.029528648,0.0,0.48202962,0.4134944,0.5805921,0.01058498,0.0,0.526417,0.47387257,0.8700658,0.052977145,0.0,0.5201778,0.5074214,0.88980263,0.06066075,3.030303,0.5846152,0.52185476,0.91611844,0.08706209,1.5151515,0.495246,0.47073472,0.35032895,-0.020405889,0.0,0.5177223,0.4567564,0.3963816,-0.01280272,0.0,0.4929731,0.46198308,0.8634868,0.054456025,0.57283175,0.5073055,0.95230263,0.09590775,social_solidarity,0.026315808,0.9984782,0.94955254,0.00032313756,0.9400511,0.9981505,0.9233162,0.9594972,0.00012436227,0.3686472,0.78378165,national_identity
merkel1_c005,merkel1,merkel,de,2016-12-31,new_year_address,5,12,0.455,148,78,0.50697374,0.47439918,0.53125,0.009383827,1.2820513,0.5656567,0.56315297,0.9621711,0.08810642,5.1282053,0.47087827,0.44693467,0.50164473,-0.00056636333,1.2820513,0.48446524,0.4721681,0.6003289,0.011025369,1.2820513,0.5011298,0.4844876,0.7944079,0.041612774,1.2820513,0.5060022,0.44199115,0.5575658,0.008449107,2.5641026,0.5067288,0.49074,0.4161184,-0.008923054,0.0,0.55722463,0.50440913,0.6759868,0.026699603,0.0,0.4955402,0.47639322,0.87664473,0.057023138,0.5096097,0.47148356,0.6990132,0.032685697,security_military,0.16776317,0.99567693,0.92630374,0.00028573602,0.82168895,0.9933201,0.99395543,0.9890554,0.010228811,0.018869258,0.9672869,national_identity
merkel1_c006,merkel1,merkel,de,2016-12-31,new_year_address,6,12,0.545,97,57,0.5313227,0.52387273,0.7055921,0.0337328,1.754386,0.4303902,0.4691127,0.12664473,-0.04716009,0.0,0.4892312,0.47909778,0.6365132,0.017786562,0.0,0.5025914,0.48603183,0.7384868,0.0291515,3.508772,0.5562788,0.5730281,0.9555921,0.09676179,3.508772,0.49756604,0.482866,0.49835527,1.296401e-05,0.0,0.45297715,0.46747726,0.110197365,-0.06267473,0.0,0.54790485,0.51742196,0.6200658,0.01737982,0.0,0.43308088,0.44301444,0.42927632,-0.005436182,0.5065671,0.50384104,0.68585527,0.029643118,democracy_institutions,0.21710527,0.005587386,0.03302355,0.15266675,0.9680356,0.9796287,0.127707,0.5403024,0.00089519075,0.00085090456,0.013045613,democracy_institutions
merkel1_c007,merkel1,merkel,de,2016-12-31,new_year_address,7,12,0.636,104,58,0.51648724,0.50453067,0.6134868,0.018897325,3.4482758,0.41458505,0.43472013,0.087171055,-0.062965244,0.0,0.45070243,0.4275226,0.36677632,-0.020742208,0.0,0.46841383,0.47411916,0.46546054,-0.0050260425,3.4482758,0.45696217,0.44311684,0.49177632,-0.0025548637,0.0,0.4859217,0.4003006,0.42269737,-0.01163137,0.0,0.4668838,0.45683324,0.19572368,-0.048768073,0.0,0.5690643,0.49968362,0.7450658,0.03853929,1.7241379,0.4170069,0.4347543,0.32072368,-0.021510154,0.46838677,0.47826433,0.46217105,-0.008537233,future_reform_technology,0.13157898,0.046205748,0.21601154,0.0038806999,0.9901306,0.36511707,0.291195,0.96401775,0.0011559007,0.0016549242,0.023487044,foreign_policy
merkel1_c008,merkel1,merkel,de,2016-12-31,new_year_address,8,12,0.727,180,99,0.5416857,0.511427,0.78453946,0.044095784,0.0,0.4857241,0.49564075,0.5575658,0.008173794,0.0,0.5029125,0.44254678,0.71875,0.031467885,0.0,0.5487819,0.5311544,0.92269737,0.075342,1.010101,0.5479054,0.534783,0.9457237,0.08838835,2.020202,0.5360812,0.4795555,0.7450658,0.038528115,0.0,0.52430713,0.50624776,0.5707237,0.00865525,0.0,0.54093134,0.46986753,0.59046054,0.010406315,0.0,0.5130049,0.50620794,0.93914473,0.074487835,0.5525272,0.5329002,0.89638156,0.07560319,democracy_institutions,0.023026347,0.9156582,0.52566177,0.00029193956,0.9883014,0.95052594,0.9862577,0.99096227,0.0001713082,0.00021235658,0.97246706,crisis_resilience
merkel1_c009,merkel1,merkel,de,2016-12-31,new_year_address,9,12,0.818,129,73,0.49868166,0.46535575,0.47532895,0.0010917485,1.369863,0.4374745,0.4590878,0.21217105,-0.04007581,0.0,0.5324564,0.5168632,0.84703946,0.06101176,1.369863,0.48788357,0.46850783,0.6299342,0.014443696,1.369863,0.48950994,0.50230473,0.74835527,0.029992908,2.739726,0.5355802,0.49589068,0.7417763,0.038027138,1.369863,0.47278178,0.47707105,0.22532895,-0.042870104,1.369863,0.5378461,0.49702165,0.5575658,0.0073210597,0.0,0.45683512,0.4396715,0.65296054,0.018318057,0.5103444,0.47435987,0.70230263,0.033420384,economy_welfare,0.09868419,0.9924227,0.0004477008,0.7779331,0.85299677,0.803251,0.9988027,0.9554856,0.0014579035,0.0008167382,0.03038675,social_solidarity
merkel1_c010,merkel1,merkel,de,2016-12-31,new_year_address,10,12,0.909,154,100,0.4832867,0.41768226,0.3963816,-0.014303207,0.0,0.44552076,0.4273135,0.2680921,-0.03202954,0.0,0.55527586,0.5327702,0.90296054,0.08383122,4.0,0.44014812,0.38480315,0.22532895,-0.033291757,0.0,0.41211313,0.40113354,0.20230263,-0.0474039,0.0,0.50688195,0.4163554,0.5740132,0.009328872,0.0,0.48613232,0.44526064,0.30427632,-0.029519558,0.0,0.5949112,0.53797925,0.8503289,0.06438619,2.0,0.4400243,0.37052113,0.5115132,0.0015072227,0.4972463,0.41775116,0.60361844,0.020322293,economy_welfare,0.052631617,0.9343353,0.00025814815,0.99973726,0.14360754,0.3491166,0.99806195,0.018107349,0.7688634,0.0005838325,0.6738895,economy_welfare
merkel1_c011,merkel1,merkel,de,2016-12-31,new_year_address,11,12,1.0,154,96,0.5555771,0.4960621,0.8569079,0.057987183,2.0833333,0.4755284,0.47304028,0.49835527,-0.0020219088,0.0,0.56243485,0.53859204,0.9259868,0.090990216,3.125,0.4862019,0.461253,0.6167763,0.01276204,1.0416666,0.47867343,0.46756065,0.6694079,0.019156396,1.0416666,0.6414525,0.5603417,0.9884868,0.14389941,4.1666665,0.4823689,0.47727004,0.28782895,-0.033282995,0.0,0.600714,0.540787,0.8634868,0.070189,1.0416666,0.44427472,0.40415663,0.54769737,0.0057576597,0.53157073,0.47632873,0.8371711,0.05464673,social_solidarity,0.0625,0.9336277,0.00080723054,0.85288954,0.54256034,0.008172064,0.9866877,0.040979832,0.00025020776,0.000506292,0.914939,social_solidarity
merkel2_c000,merkel2,merkel,de,2017-12-31,new_year_address,0,11,0.0,120,75,0.5694088,0.5094079,0.90625,0.07181886,2.6666667,0.46564025,0.44982097,0.40953946,-0.011910051,0.0,0.48641932,0.4278875,0.6167763,0.0149746835,0.0,0.47134054,0.43508917,0.48848686,-0.0020993352,0.0,0.4480981,0.4395491,0.43256578,-0.011418939,0.0,0.6007234,0.5237418,0.9457237,0.103170305,1.3333334,0.47743,0.4576664,0.25164473,-0.038221896,0.0,0.54843855,0.49127203,0.62664473,0.01791352,0.0,0.47107178,0.43741643,0.75164473,0.032554716,0.5300167,0.48500186,0.8207237,0.053092718,social_solidarity,0.039473712,0.9991541,0.00033404317,0.00026170083,0.8984328,0.20545557,0.8550663,0.81677204,0.00013472915,0.00013738609,0.74400586,national_identity
merkel2_c001,merkel2,merkel,de,2017-12-31,new_year_address,1,11,0.1,118,70,0.57898736,0.5117804,0.9457237,0.081397444,2.857143,0.53021365,0.4987574,0.8634868,0.052663356,0.0,0.5737671,0.53173876,0.9490132,0.10232249,2.857143,0.5308246,0.47611827,0.88980263,0.05738473,1.4285715,0.5074376,0.48247033,0.84046054,0.047920555,1.4285715,0.6032518,0.48767704,0.95230263,0.105698735,4.285714,0.50111675,0.44226936,0.38651314,-0.014535129,0.0,0.51898474,0.45930573,0.40625,-0.011540294,0.0,0.48598397,0.41673464,0.84703946,0.047466904,0.56200063,0.4688076,0.9259868,0.08507663,social_solidarity,0.0032894611,0.9996178,0.00011959858,0.99952155,0.9174692,0.99407166,0.9993068,0.010368157,0.00035006864,9.685607e-05,0.9983451,national_identity
merkel2_c002,merkel2,merkel,de,2017-12-31,new_year_address,2,11,0.2,116,75,0.5315695,0.5332478,0.70888156,0.033979565,0.0,0.5020338,0.50119877,0.68585527,0.024483532,0.0,0.51402944,0.49593574,0.77796054,0.042584807,1.3333334,0.5078877,0.49469662,0.78453946,0.03444785,0.0,0.47041285,0.46086383,0.5871711,0.0108958185,0.0,0.5173021,0.49211025,0.66611844,0.019749016,0.0,0.50359595,0.49260014,0.40296054,-0.0120559335,0.0,0.54883885,0.519046,0.6332237,0.018313825,0.0,0.4530531,0.46687514,0.61019737,0.014536023,0.48587486,0.46974054,0.5509868,0.008950859,foreign_policy,0.0065789223,0.9787736,0.81940615,0.7775533,0.87056977,0.883889,0.99020666,0.9965098,0.0003119781,0.00039743638,0.0025708675,crisis_resilience
merkel2_c003,merkel2,merkel,de,2017-12-31,new_year_address,3,11,0.3,136,80,0.58797324,0.50946295,0.96875,0.09038332,3.75,0.49390164,0.4911157,0.6299342,0.016351342,0.0,0.56028223,0.5246726,0.92269737,0.088837594,1.25,0.5274637,0.49562722,0.87664473,0.054023802,0.0,0.52817523,0.4986571,0.9128289,0.0686582,0.0,0.58428526,0.48106137,0.9128289,0.08673218,0.0,0.5270649,0.5189277,0.58388156,0.011413038,1.25,0.61298376,0.55494815,0.8996711,0.082458735,1.25,0.48205376,0.44806907,0.8042763,0.043536693,0.53068465,0.46524236,0.8305921,0.053760648,national_identity,0.046052635,0.29715118,0.00020502215,0.0009697519,0.2621801,0.25019073,0.9992191,0.0015070488,0.00023231421,0.00017064044,0.010724796,social_solidarity
merkel2_c004,merkel2,merkel,de,2017-12-31,new_year_address,4,11,0.4,115,70,0.509074,0.46571225,0.5575658,0.011484057,4.285714,0.40828493,0.42840633,0.07401316,-0.069265366,0.0,0.5559472,0.5454546,0.90625,0.08450255,1.4285715,0.49907076,0.49453223,0.72203946,0.025630891,1.4285715,0.44347253,0.4317746,0.38322368,-0.016044497,0.0,0.5201303,0.48615503,0.68585527,0.022577196,1.4285715,0.4901055,0.46518302,0.32730263,-0.025546372,0.0,0.61781526,0.55029106,0.90625,0.08729023,1.4285715,0.4361985,0.40538114,0.46875,-0.002318561,0.52857697,0.48249173,0.81085527,0.051652968,economy_welfare,0.0,0.6520545,0.0002948036,0.9574771,0.35981393,0.0268612,0.9925826,0.08748584,0.95934516,0.00031503872,0.4375231,social_solidarity
merkel2_c005,merkel2,merkel,de,2017-12-31,new_year_address,5,11,0.5,90,60,0.5426136,0.53155077,0.7944079,0.04502371,0.0,0.54074806,0.5552113,0.90625,0.06319776,0.0,0.6037195,0.58835995,0.9884868,0.13227484,3.3333333,0.5634248,0.53308237,0.96875,0.08998495,0.0,0.5114107,0.5199306,0.85361844,0.05189368,0.0,0.5565225,0.49593815,0.83388156,0.05896941,0.0,0.5168681,0.52989984,0.49835527,0.0012162328,0.0,0.7089169,0.67325765,0.99835527,0.17839187,8.333333,0.5186442,0.4739395,0.9490132,0.08012715,0.5391816,0.4967433,0.8700658,0.062257588,future_reform_technology,0.009868443,0.037326887,0.42143276,0.36330795,0.57618433,0.7883185,0.99116975,0.12619172,0.9623383,0.00016124539,0.00936717,social_solidarity
merkel2_c006,merkel2,merkel,de,2017-12-31,new_year_address,6,11,0.6,160,98,0.57692766,0.5371182,0.9325658,0.079337746,0.0,0.5732017,0.54453945,0.9753289,0.09565142,2.0408163,0.59978914,0.5620982,0.98519737,0.1283445,0.0,0.56853026,0.5121697,0.97861844,0.09509039,0.0,0.5307366,0.50498104,0.9194079,0.07121959,0.0,0.66612446,0.57406545,0.9950658,0.16857138,2.0408163,0.54258984,0.5057843,0.70888156,0.026937962,0.0,0.573118,0.50983953,0.7680921,0.042592943,0.0,0.50471234,0.47778517,0.90625,0.06619528,0.55396134,0.50264287,0.90625,0.077037334,social_solidarity,0.009868443,0.6595697,0.0029121784,0.41881576,0.35585886,0.36153096,0.99844515,0.038286004,0.001176375,0.0002885393,0.32589588,social_solidarity
merkel2_c007,merkel2,merkel,de,2017-12-31,new_year_address,7,11,0.7,137,84,0.53262556,0.50261825,0.72203946,0.03503564,1.1904762,0.5437468,0.5228149,0.92269737,0.06619653,1.1904762,0.46606663,0.42741877,0.47203946,-0.005378008,0.0,0.51016444,0.47247276,0.79769737,0.036724567,2.3809524,0.44903597,0.4366783,0.44243422,-0.01048106,0.0,0.55806357,0.48908973,0.8371711,0.060510486,1.1904762,0.46437246,0.43498147,0.17598684,-0.051279426,0.0,0.5489779,0.5108812,0.6365132,0.018452883,2.3809524,0.44582802,0.3907737,0.56085527,0.0073109567,0.48913813,0.44399542,0.5674342,0.012214124,security_military,0.08552629,0.9963571,0.9989956,0.000593021,0.9954217,0.17441028,0.9733169,0.8593689,0.0015761827,0.0139288595,0.8800775,security_military
merkel2_c008,merkel2,merkel,de,2017-12-31,new_year_address,8,11,0.8,85,52,0.5371279,0.5050224,0.7450658,0.039537996,3.8461537,0.5199831,0.5275976,0.8240132,0.042432815,1.9230769,0.54802907,0.5062485,0.8865132,0.07658443,3.8461537,0.56795037,0.5435127,0.9753289,0.094510496,3.8461537,0.5278611,0.4857744,0.90625,0.06834409,0.0,0.61819696,0.55336213,0.9753289,0.120643884,1.9230769,0.5069369,0.48984838,0.4194079,-0.008714974,0.0,0.5426922,0.5142946,0.59375,0.012167156,1.9230769,0.5083891,0.48801282,0.9292763,0.06987205,0.56533,0.5332586,0.93585527,0.08840603,foreign_policy,0.0,0.99368566,0.0123360995,0.9930961,0.9914142,0.7673849,0.9897811,0.78347117,0.82068515,0.00019910393,0.6218854,national_identity
merkel2_c009,merkel2,merkel,de,2017-12-31,new_year_address,9,11,0.9,121,65,0.56209636,0.5309868,0.8832237,0.06450644,1.5384616,0.4841796,0.4754735,0.54111844,0.006629288,0.0,0.50480473,0.450073,0.72861844,0.033360094,1.5384616,0.5127732,0.48590833,0.8042763,0.039333344,1.5384616,0.5898224,0.5758579,0.9819079,0.13030538,4.6153846,0.6076911,0.5340411,0.9621711,0.11013803,3.0769231,0.44363374,0.41902244,0.090460524,-0.07201815,0.0,0.48634237,0.47034478,0.24177632,-0.04418266,1.5384616,0.46721375,0.45147222,0.7253289,0.028696686,0.55046344,0.51460063,0.8865132,0.073539436,democracy_institutions,0.019736826,0.99965936,0.00019222712,0.00028573605,0.79518133,0.9497248,0.9998317,0.13660838,0.0029121782,0.000610641,0.99594563,social_solidarity
merkel2_c010,merkel2,merkel,de,2017-12-31,new_year_address,10,11,1.0,131,74,0.54890805,0.5093641,0.8305921,0.05131814,0.0,0.44852448,0.45270124,0.28782895,-0.029025823,0.0,0.48193493,0.48205513,0.57730263,0.010490298,0.0,0.4780197,0.46672744,0.54111844,0.004579842,0.0,0.420723,0.41578093,0.2450658,-0.03879404,0.0,0.6136441,0.5779852,0.96875,0.11609104,2.7027028,0.48036844,0.5053476,0.2713816,-0.035283446,0.0,0.56697977,0.51821613,0.7319079,0.036454737,0.0,0.44300136,0.4356255,0.53453946,0.004484296,0.52578485,0.51072073,0.79769737,0.048860848,social_solidarity,0.1381579,0.4325427,0.00083772343,0.00030002996,0.20505734,0.12418397,0.9991424,0.0061929906,0.00012411964,0.00015751076,0.93280613,social_solidarity
merkel2020_c000,merkel2020,merkel,de,2019-12-31,new_year_address,0,12,0.0,125,73,0.5947769,0.52501005,0.9819079,0.09718701,0.0,0.46969306,0.46298635,0.43914473,-0.007857233,0.0,0.48672643,0.45129398,0.62664473,0.015281796,0.0,0.5031155,0.45963615,0.75164473,0.029675603,0.0,0.5068289,0.48598146,0.8305921,0.047311872,0.0,0.60578597,0.5263345,0.95888156,0.108232886,1.369863,0.4796973,0.4807852,0.25822368,-0.035954595,0.0,0.6215525,0.57663447,0.9194079,0.0910275,0.0,0.45571658,0.42147988,0.64638156,0.017199516,0.5327135,0.4684347,0.84703946,0.05578947,national_identity,0.023026347,0.9254997,0.72330946,0.38537467,0.7082126,0.6649756,0.99807703,0.73564166,0.89616054,0.00030654372,0.85427785,social_solidarity
merkel2020_c001,merkel2020,merkel,de,2019-12-31,new_year_address,1,12,0.091,171,113,0.51209843,0.454079,0.57730263,0.014508516,0.88495576,0.4920843,0.48356974,0.6200658,0.014533997,0.0,0.5460831,0.5037627,0.8832237,0.074638456,3.539823,0.4944681,0.45077702,0.6825658,0.02102822,0.0,0.46865255,0.4429047,0.5674342,0.0091355145,0.88495576,0.5427178,0.45338008,0.7746711,0.045164734,1.7699115,0.46667242,0.4415374,0.1924342,-0.04897946,0.0,0.64192104,0.6048469,0.95230263,0.111396015,3.539823,0.43362164,0.3976639,0.43914473,-0.004895419,0.4749877,0.42795488,0.50164473,-0.0019363165,future_reform_technology,0.06907892,0.9971606,0.000440763,0.37868887,0.9520307,0.102664016,0.99967426,0.08137364,0.99612314,0.0003466678,0.9407081,social_solidarity
merkel2020_c002,merkel2020,merkel,de,2019-12-31,new_year_address,2,12,0.182,99,61,0.54663193,0.50737214,0.8207237,0.049042016,0.0,0.47961718,0.4660945,0.5246711,0.0020668805,0.0,0.46921152,0.43644828,0.49177632,-0.0022331178,0.0,0.512254,0.47441453,0.8009868,0.038814127,0.0,0.4667999,0.4408704,0.54769737,0.007282883,0.0,0.5627918,0.5022269,0.85361844,0.065238744,0.0,0.5504131,0.53228843,0.7417763,0.03476119,0.0,0.6386291,0.57160735,0.9424342,0.10810405,1.6393442,0.44511038,0.42982984,0.5542763,0.006593317,0.5021419,0.45822674,0.6496711,0.02521789,future_reform_technology,0.08881575,0.46733174,0.1464531,0.4887714,0.8330532,0.3970029,0.9915952,0.9746408,0.112104006,0.017526364,0.20252204,social_solidarity
merkel2020_c003,merkel2020,merkel,de,2019-12-31,new_year_address,3,12,0.273,146,77,0.454616,0.4277737,0.21546052,-0.042973906,0.0,0.4648081,0.45782137,0.39967105,-0.012742192,0.0,0.46032304,0.4422261,0.44243422,-0.011121601,1.2987013,0.4266824,0.428364,0.13980263,-0.04675746,1.2987013,0.4177762,0.4281522,0.22861843,-0.041740835,0.0,0.4630002,0.40298766,0.2680921,-0.034552872,0.0,0.51780176,0.50887495,0.5115132,0.00214988,1.2987013,0.5396136,0.47992197,0.5740132,0.009088576,1.2987013,0.41796106,0.44111273,0.3305921,-0.020556003,0.43058985,0.4210697,0.19901316,-0.046334147,future_reform_technology,0.0625,0.06632687,0.0007962779,0.0020688097,0.92736334,0.07945998,0.17395374,0.9987479,0.00471837,0.0003912771,0.030530944,crisis_resilience
merkel2020_c004,merkel2020,merkel,de,2019-12-31,new_year_address,4,12,0.364,145,93,0.452693,0.41504532,0.19572368,-0.04489693,1.0752689,0.4426236,0.41179025,0.25164473,-0.034926713,0.0,0.47898442,0.4545759,0.5509868,0.007539779,0.0,0.4616263,0.44765306,0.39967105,-0.011813581,0.0,0.41054708,0.41406786,0.19572368,-0.048969954,0.0,0.49474084,0.4292071,0.47532895,-0.0028122365,0.0,0.45612836,0.43281624,0.14309211,-0.059523523,0.0,0.5936804,0.52641827,0.84375,0.06315535,2.1505377,0.39673898,0.39626035,0.18914473,-0.041778088,0.46259904,0.41845185,0.4161184,-0.014324963,future_reform_technology,0.29276317,0.8003802,0.0010712143,0.28135622,0.93205243,0.9554804,0.9291356,0.8180837,0.00028741473,0.00024251157,0.020293485,democracy_institutions
merkel2020_c005,merkel2020,merkel,de,2019-12-31,new_year_address,5,12,0.455,106,58,0.5800475,0.50998974,0.95888156,0.08245757,0.0,0.4831566,0.45145267,0.53453946,0.0056062937,0.0,0.5043389,0.48875764,0.7253289,0.032894284,1.7241379,0.51892716,0.44464204,0.84046054,0.045487285,0.0,0.47774613,0.44508976,0.66611844,0.018229097,0.0,0.6596923,0.55546415,0.9917763,0.1621392,3.4482758,0.5415708,0.5005644,0.6957237,0.025918901,0.0,0.54402447,0.4535994,0.59703946,0.013499439,0.0,0.45419228,0.40507132,0.62335527,0.015675217,0.53984135,0.49093628,0.87664473,0.06291735,social_solidarity,0.03289473,0.79145867,0.00015177364,0.050097767,0.020332357,0.863334,0.9988351,0.78727776,0.9163766,0.00013238187,0.83682144,social_solidarity
merkel2020_c006,merkel2020,merkel,de,2019-12-31,new_year_address,6,12,0.545,109,61,0.490494,0.47092456,0.4194079,-0.007095903,0.0,0.43675423,0.43265265,0.20230263,-0.04079607,0.0,0.4810915,0.45874816,0.5674342,0.009646863,0.0,0.46033758,0.42622766,0.37664473,-0.013102293,0.0,0.5247816,0.5122874,0.8996711,0.06526455,3.2786884,0.6175523,0.57281995,0.97203946,0.1199992,4.9180326,0.44220164,0.42939556,0.08388158,-0.07345024,0.0,0.5468187,0.523454,0.6134868,0.016293645,1.6393442,0.40953732,0.4100138,0.27796054,-0.028979748,0.4719808,0.46975562,0.48848686,-0.004943192,social_solidarity,0.07236838,0.017636001,0.00023095727,0.0070458753,0.0076956474,0.27788922,0.9991912,0.017602196,0.96930236,0.00025365115,0.0751764,social_solidarity
merkel2020_c007,merkel2020,merkel,de,2019-12-31,new_year_address,7,12,0.636,116,67,0.5367608,0.47909623,0.7417763,0.03917089,0.0,0.50408375,0.47874564,0.7055921,0.026533455,0.0,0.47992122,0.3974333,0.5575658,0.008476585,0.0,0.4786476,0.424227,0.54769737,0.0052077174,0.0,0.507248,0.47616574,0.8371711,0.047730953,2.9850745,0.5557096,0.4585048,0.82730263,0.05815652,0.0,0.4712079,0.43310165,0.22203948,-0.044443995,0.0,0.46942693,0.41970462,0.16282895,-0.0610981,0.0,0.48479408,0.43305624,0.82730263,0.046277016,0.49870706,0.4417293,0.6134868,0.021783054,democracy_institutions,0.009868443,0.98189265,0.0024060889,0.00011456899,0.04611975,0.96891505,0.9995636,0.48218527,0.00020184422,0.003843132,0.102372,social_solidarity
merkel2020_c008,merkel2020,merkel,de,2019-12-31,new_year_address,8,12,0.727,138,78,0.54335797,0.5168397,0.8009868,0.045768052,1.2820513,0.5011769,0.49325025,0.6759868,0.023626596,0.0,0.5157677,0.49974316,0.79111844,0.044323057,1.2820513,0.48349288,0.45820913,0.59046054,0.010053009,2.5641026,0.50475633,0.5005271,0.81414473,0.0452393,2.5641026,0.62482023,0.5387484,0.97861844,0.12726715,2.5641026,0.5024865,0.48958886,0.3963816,-0.013165355,0.0,0.52112544,0.46582252,0.43585527,-0.009399593,0.0,0.46647307,0.42949194,0.70888156,0.027956009,0.5630719,0.51759535,0.9292763,0.086147904,social_solidarity,0.16447371,0.8474793,0.013597484,0.017763343,0.82197493,0.84466547,0.99944174,0.40409586,0.00010350561,0.0004373344,0.9931362,social_solidarity
merkel2020_c009,merkel2020,merkel,de,2019-12-31,new_year_address,9,12,0.818,128,79,0.49474895,0.4672988,0.43914473,-0.002840966,0.0,0.49822825,0.5199803,0.64638156,0.020677954,2.5316455,0.5017136,0.46175689,0.71546054,0.030268937,0.0,0.55744994,0.56434715,0.96546054,0.084010065,2.5316455,0.46483815,0.45616704,0.5246711,0.0053211153,0.0,0.49735075,0.45125443,0.49506578,-0.00020232797,0.0,0.498325,0.49378508,0.37006578,-0.017326891,0.0,0.5306977,0.493754,0.5115132,0.00017267466,0.0,0.49062467,0.47669792,0.86019737,0.052107602,0.53981936,0.49499092,0.87335527,0.06289536,foreign_policy,0.25,0.008569186,0.10908734,0.00068650994,0.9997434,0.22742642,0.86564344,0.10512439,0.00039977106,0.034100424,0.9964688,foreign_policy
merkel2020_c010,merkel2020,merkel,de,2019-12-31,new_year_address,10,12,0.909,90,49,0.5236713,0.49528283,0.65953946,0.026081413,2.0408163,0.55168176,0.56204665,0.93585527,0.07413146,4.0816326,0.52910113,0.5274416,0.8371711,0.057656497,4.0816326,0.5150452,0.49700922,0.81414473,0.041605353,0.0,0.43708715,0.4404747,0.32730263,-0.022429883,0.0,0.59101415,0.5433092,0.9292763,0.09346107,0.0,0.512688,0.5101765,0.46875,-0.0029639006,0.0,0.49345696,0.45728895,0.28453946,-0.03706807,0.0,0.4668723,0.4044006,0.71546054,0.02835524,0.530468,0.46176806,0.82730263,0.053543985,security_military,0.006578982,0.04369106,0.74097174,0.8134237,0.22346178,0.1390453,0.99861956,0.038901977,0.0002868541,0.00050333556,0.2206362,social_solidarity
merkel2020_c011,merkel2020,merkel,de,2019-12-31,new_year_address,11,12,1.0,93,53,0.49623823,0.44070315,0.44572368,-0.0013516843,0.0,0.43877715,0.43170524,0.21875,-0.03877315,0.0,0.4535995,0.4495058,0.3963816,-0.017845124,0.0,0.46079978,0.4377838,0.37993422,-0.012640089,0.0,0.44459486,0.42138585,0.39967105,-0.014922172,0.0,0.5408626,0.51155096,0.76480263,0.04330954,1.8867924,0.4709854,0.48274034,0.21546052,-0.04466647,0.0,0.6029476,0.5535939,0.87335527,0.072422564,0.0,0.42473957,0.41004637,0.36677632,-0.013777494,0.48020706,0.4534553,0.5180921,0.0032830536,future_reform_technology,0.108552635,0.016083146,0.005882446,0.05468574,0.048181538,0.13533917,0.96463925,0.0017856746,0.012588481,0.00023921927,0.2017739,social_solidarity
merkel3_c000,merkel3,merkel,de,2018-12-31,new_year_address,0,11,0.0,130,81,0.5363838,0.49526617,0.7384868,0.03879389,0.0,0.4846873,0.47314778,0.5444079,0.0071370006,0.0,0.50100183,0.47634375,0.70888156,0.029557198,0.0,0.49769908,0.4760574,0.7055921,0.02425921,0.0,0.48640043,0.48364764,0.7319079,0.026883394,0.0,0.5433783,0.45699883,0.7878289,0.045825213,0.0,0.5089286,0.50333524,0.43256578,-0.0067232847,0.0,0.571661,0.5261321,0.7615132,0.041135967,0.0,0.44251686,0.4317625,0.5246711,0.0039997995,0.49930033,0.46302933,0.6200658,0.022376329,social_solidarity,0.026315749,0.039048295,0.00041245588,0.000204223,0.62406445,0.9279858,0.9370957,0.1426494,8.836164e-05,0.00011889994,0.00021318758,social_solidarity
merkel3_c001,merkel3,merkel,de,2018-12-31,new_year_address,1,11,0.1,85,47,0.57322514,0.54468745,0.91611844,0.075635225,2.1276596,0.48958802,0.4911435,0.6003289,0.012037724,0.0,0.5270032,0.47768968,0.83388156,0.055558592,0.0,0.53229785,0.48541826,0.8930921,0.058857977,0.0,0.5521384,0.55458415,0.95230263,0.092621356,2.1276596,0.5886436,0.5059089,0.9194079,0.09109053,2.1276596,0.48708925,0.45884538,0.31085527,-0.028562635,0.0,0.47923064,0.4529817,0.20230263,-0.051294386,0.0,0.47734234,0.45908338,0.78125,0.038825274,0.59069383,0.53549486,0.98519737,0.11376983,democracy_institutions,0.03289473,0.9859093,0.17086223,0.0006226772,0.6677979,0.9783743,0.9950129,0.25302953,0.0005988371,0.0001823546,0.99581754,social_solidarity
merkel3_c002,merkel3,merkel,de,2018-12-31,new_year_address,2,11,0.2,90,50,0.41337356,0.36945817,0.0805921,-0.08421636,0.0,0.39951754,0.3852284,0.054276317,-0.07803276,0.0,0.44345713,0.40897527,0.31743422,-0.02798751,0.0,0.39821625,0.39893645,0.07401316,-0.075223625,0.0,0.41670236,0.40335023,0.22203948,-0.042814672,0.0,0.4062621,0.3253523,0.07072368,-0.09129098,0.0,0.4166411,0.40087935,0.03782895,-0.099010795,0.0,0.5030449,0.45186934,0.32730263,-0.027480125,0.0,0.35647678,0.33755428,0.04769737,-0.08204028,0.3835077,0.3485971,0.060855262,-0.0934163,future_reform_technology,0.009868413,0.94876915,0.07194086,0.024307018,0.6095242,0.9971909,0.84065187,0.967225,9.6478514e-05,0.00030238242,0.20370755,democracy_institutions
merkel3_c003,merkel3,merkel,de,2018-12-31,new_year_address,3,11,0.3,92,57,0.5659632,0.529536,0.8996711,0.06837329,1.754386,0.42656267,0.4533248,0.11348684,-0.05098763,0.0,0.4779122,0.46438473,0.5378289,0.006467551,0.0,0.5385748,0.48973587,0.90625,0.06513494,0.0,0.5197558,0.5540132,0.8832237,0.06023875,1.754386,0.5805129,0.5340261,0.90296054,0.0829598,1.754386,0.52777267,0.49925244,0.59375,0.012120783,1.754386,0.59024805,0.5586921,0.83388156,0.05972302,0.0,0.47125477,0.4560575,0.7615132,0.032737702,0.56985056,0.53988653,0.9490132,0.09292656,foreign_policy,0.0032894611,0.99742913,0.012784187,0.32167304,0.6422081,0.9723721,0.9990764,0.99703634,0.0034496884,0.000522355,0.96968514,social_solidarity
merkel3_c004,merkel3,merkel,de,2018-12-31,new_year_address,4,11,0.4,131,82,0.42933342,0.40929785,0.120065786,-0.0682565,0.0,0.38671243,0.3786625,0.02138158,-0.090837866,0.0,0.43871498,0.37392223,0.28125,-0.032729656,0.0,0.46093035,0.4552045,0.38651314,-0.012509525,1.2195122,0.4065829,0.36705688,0.17927632,-0.05293414,0.0,0.40357235,0.35716507,0.05756579,-0.09398073,0.0,0.45576125,0.45858562,0.13651316,-0.059890628,0.0,0.48530498,0.42605162,0.23848684,-0.045220047,0.0,0.43843347,0.40172958,0.49835527,-8.3595514e-05,0.46446162,0.4128347,0.43585527,-0.012462378,foreign_policy,0.105263144,0.905667,0.11707911,8.716188e-05,0.73478615,0.00015598026,0.15348572,0.20906566,0.0068904595,0.00016410438,0.022955457,national_identity
merkel3_c005,merkel3,merkel,de,2018-12-31,new_year_address,5,11,0.5,202,112,0.51777196,0.5073453,0.6200658,0.020182043,0.0,0.5275425,0.5223777,0.8503289,0.049992174,0.89285713,0.5399104,0.496108,0.8634868,0.06846574,0.0,0.586753,0.5795949,0.9884868,0.11331314,2.6785715,0.50707304,0.49545202,0.83388156,0.047556013,0.0,0.56506073,0.5192469,0.8634868,0.067507654,0.0,0.6064383,0.5821333,0.9490132,0.0907864,0.0,0.58697534,0.5400505,0.8207237,0.056450307,0.89285713,0.54238415,0.5530825,0.98519737,0.103867084,0.55760956,0.53332114,0.9194079,0.080685556,foreign_policy,0.039473653,0.9890131,0.6161278,0.002296159,0.98641557,0.25063756,0.9414392,0.98063636,0.000257142,0.5623117,0.9043553,national_identity
merkel3_c006,merkel3,merkel,de,2018-12-31,new_year_address,6,11,0.6,113,62,0.47058028,0.43103004,0.32401314,-0.027009636,1.6129032,0.49481136,0.47572142,0.6365132,0.017261058,3.2258065,0.45736134,0.42668945,0.4194079,-0.014083296,0.0,0.5272975,0.5127474,0.87335527,0.053857625,4.83871,0.43207774,0.41623732,0.30427632,-0.027439296,0.0,0.48320237,0.43364608,0.3963816,-0.014350712,0.0,0.46252215,0.461498,0.16940789,-0.053129733,0.0,0.5357485,0.46740946,0.5444079,0.005223453,0.0,0.42132542,0.39936298,0.3569079,-0.017191648,0.46898478,0.43455637,0.47532895,-0.0079392195,foreign_policy,0.2368421,0.0014186347,0.99181205,0.00023921931,0.9982143,0.0068305754,0.0015307452,0.50573707,0.00017064046,0.0018031663,0.8573207,foreign_policy
merkel3_c007,merkel3,merkel,de,2018-12-31,new_year_address,7,11,0.7,169,93,0.50305414,0.47897086,0.5115132,0.005464226,0.0,0.50505614,0.48660886,0.7121711,0.027505845,3.2258065,0.5190717,0.49381408,0.8042763,0.04762706,3.2258065,0.4725128,0.4293365,0.49835527,-0.00092706084,2.1505377,0.50193596,0.48177075,0.8009868,0.042418927,0.0,0.56094927,0.5131255,0.8503289,0.063396186,1.0752689,0.45810726,0.4485095,0.14638157,-0.05754462,0.0,0.5086681,0.45446342,0.37006578,-0.021856904,1.0752689,0.42064774,0.39714652,0.3536184,-0.017869323,0.5160078,0.48662305,0.7450658,0.03908378,social_solidarity,0.046052635,0.0054639652,0.9630919,0.16560154,0.9035073,0.18436332,0.99949074,0.09223707,0.00029251014,0.00084099954,0.93048984,social_solidarity
merkel3_c008,merkel3,merkel,de,2018-12-31,new_year_address,8,11,0.8,108,62,0.4970993,0.45735607,0.4588816,-0.00049060583,0.0,0.44319177,0.44372627,0.25493422,-0.03435853,0.0,0.56431174,0.541138,0.9325658,0.092867106,4.83871,0.5208949,0.48481268,0.8569079,0.047455013,0.0,0.48366126,0.45081902,0.6990132,0.024144232,0.0,0.53093714,0.46142894,0.71546054,0.033384055,1.6129032,0.4587365,0.46054363,0.15296052,-0.056915373,0.0,0.65530956,0.6259668,0.9753289,0.12478453,4.83871,0.44182026,0.4243775,0.52138156,0.0033032,0.51151264,0.45384967,0.70888156,0.034588635,future_reform_technology,0.042763114,0.0048579667,0.00012632043,0.99917036,0.8130901,0.52500355,0.99737346,0.038466193,0.87147486,0.00011279297,0.020293485,economy_welfare
merkel3_c009,merkel3,merkel,de,2018-12-31,new_year_address,9,11,0.9,81,48,0.5422522,0.54783845,0.7878289,0.044662267,0.0,0.5322139,0.54065305,0.8667763,0.05466363,0.0,0.5264243,0.5111683,0.8305921,0.054979652,0.0,0.5647851,0.54763174,0.97203946,0.09134525,0.0,0.5188971,0.526319,0.87664473,0.059380084,0.0,0.6888648,0.6224482,0.99835527,0.19131175,6.25,0.5445141,0.57345474,0.7121711,0.028862238,0.0,0.52094895,0.5004089,0.43256578,-0.009576082,0.0,0.5335731,0.551847,0.96546054,0.09505603,0.5892867,0.56959754,0.9819079,0.11236268,social_solidarity,0.026315808,0.99969345,0.0011051806,0.000235052,0.3263788,0.08359067,0.99818975,0.7363532,0.00012315383,0.00023505198,0.9107044,national_identity
merkel3_c010,merkel3,merkel,de,2018-12-31,new_year_address,10,11,1.0,131,78,0.5219605,0.47505212,0.6430921,0.02437058,0.0,0.50245094,0.47167218,0.6924342,0.024900645,0.0,0.5103462,0.45944837,0.7615132,0.038901538,0.0,0.4713587,0.44388366,0.49177632,-0.0020811856,0.0,0.48169765,0.4552744,0.68914473,0.022180617,0.0,0.6258458,0.55999875,0.9819079,0.12829271,3.8461537,0.48981035,0.4866681,0.32401314,-0.025841534,0.0,0.58586067,0.5176184,0.81414473,0.05533564,1.2820513,0.45242828,0.4317368,0.6069079,0.013911217,0.5362566,0.49069047,0.8569079,0.05933261,social_solidarity,0.16776317,0.06608538,0.008172064,0.21568094,0.1134813,0.3175321,0.9605096,0.08686416,0.0007554056,0.0007916296,0.699049,social_solidarity
putin2022_c000,putin2022,putin,en,2022-12-31,new_year_address,0,11,0.0,115,91,0.5137615,0.5137615,0.59375,0.016171604,2.1978023,0.49373934,0.49373934,0.62664473,0.016189039,0.0,0.3773421,0.3773421,0.05756579,-0.09410253,0.0,0.46613455,0.46613455,0.44901314,-0.007305324,0.0,0.4769693,0.4769693,0.65625,0.01745227,0.0,0.5003636,0.5003636,0.52138156,0.002810508,1.0989012,0.49273854,0.49273854,0.34375,-0.022913337,0.0,0.5199841,0.5199841,0.4161184,-0.010540903,0.0,0.4289464,0.4289464,0.40953946,-0.009570658,0.46114692,0.46114692,0.40296054,-0.015777081,democracy_institutions,0.02960527,0.9903383,0.089893065,0.00011479294,0.87058353,0.0018858588,0.99529994,0.15864222,0.0002273774,0.000341295,0.0024919682,social_solidarity
putin2022_c001,putin2022,putin,en,2022-12-31,new_year_address,1,11,0.1,100,85,0.52943546,0.52943546,0.6924342,0.03184554,2.3529413,0.5211,0.5211,0.82730263,0.043549687,0.0,0.41882843,0.41882843,0.17927632,-0.05261621,0.0,0.5064434,0.5064434,0.7746711,0.03300351,0.0,0.47425467,0.47425467,0.6134868,0.014737636,0.0,0.47868043,0.47868043,0.38651314,-0.018872648,1.1764706,0.47118783,0.47118783,0.21875,-0.04446405,0.0,0.51903284,0.51903284,0.40953946,-0.011492193,2.3529413,0.4765615,0.4765615,0.7746711,0.038044423,0.46191853,0.46191853,0.40625,-0.015005469,security_military,0.052631557,0.99913234,0.08862291,0.0003156544,0.66132164,0.06884987,0.98337495,0.99589807,0.00041568943,0.015014749,0.9451468,national_identity
putin2022_c002,putin2022,putin,en,2022-12-31,new_year_address,2,11,0.2,112,96,0.54256433,0.54256433,0.79111844,0.044974416,3.125,0.5406339,0.5406339,0.90296054,0.06308362,2.0833333,0.40647078,0.40647078,0.12664473,-0.06497386,0.0,0.4955141,0.4955141,0.68914473,0.022074223,1.0416666,0.45337573,0.45337573,0.46875,-0.006141305,0.0,0.45585144,0.45585144,0.23190789,-0.041701645,1.0416666,0.53050566,0.53050566,0.6069079,0.0148537755,0.0,0.5155127,0.5155127,0.38651314,-0.015012324,1.0416666,0.46229523,0.46229523,0.6792763,0.02377817,0.4493004,0.4493004,0.31743422,-0.027623594,security_military,0.111842096,0.99487036,0.9993601,9.704542e-05,0.7809132,0.0049436893,0.04457678,0.9084962,0.00017400546,0.0038244834,0.0035243414,security_military
putin2022_c003,putin2022,putin,en,2022-12-31,new_year_address,3,11,0.3,124,101,0.41128203,0.41128203,0.07072368,-0.08630788,0.0,0.43225592,0.43225592,0.14638157,-0.045294374,1.980198,0.33893034,0.33893034,0.014802632,-0.1325143,0.0,0.43225443,0.43225443,0.17269737,-0.04118544,0.0,0.3960716,0.3960716,0.12664473,-0.06344542,0.0,0.3576895,0.3576895,0.0049342103,-0.13986358,0.0,0.39960128,0.39960128,0.024671054,-0.1160506,0.0,0.3665518,0.3665518,0.0049342103,-0.16397324,0.0,0.40371323,0.40371323,0.23519737,-0.034803838,0.398886,0.398886,0.10361842,-0.07803801,foreign_policy,0.026315793,0.1582719,0.9113771,0.00012291357,0.9783433,0.3140374,0.042483207,0.91895425,0.00032376905,0.7100443,0.04054074,foreign_policy
putin2022_c004,putin2022,putin,en,2022-12-31,new_year_address,4,11,0.4,132,112,0.46681827,0.46681827,0.2944079,-0.030771643,0.89285713,0.56004393,0.56004393,0.9555921,0.08249363,2.6785715,0.38089103,0.38089103,0.067434214,-0.09055361,0.0,0.44332552,0.44332552,0.25164473,-0.030114353,0.0,0.4214682,0.4214682,0.26480263,-0.038048834,0.0,0.46748877,0.46748877,0.31414473,-0.030064315,0.89285713,0.4875542,0.4875542,0.31743422,-0.02809769,0.0,0.44152418,0.44152418,0.05756579,-0.08900085,0.0,0.44276208,0.44276208,0.53125,0.004245013,0.4622094,0.4622094,0.40953946,-0.014714599,security_military,0.63815784,0.8534859,0.99925625,0.00056588,0.26208568,0.14361507,0.95659363,0.12847047,0.00026634047,0.01685008,0.29688355,security_military
putin2022_c005,putin2022,putin,en,2022-12-31,new_year_address,5,11,0.5,147,119,0.4786027,0.4786027,0.36677632,-0.018987209,0.0,0.55844915,0.55844915,0.9424342,0.08089885,2.5210085,0.44922155,0.44922155,0.3569079,-0.022223085,0.0,0.46254683,0.46254683,0.40953946,-0.010893047,0.0,0.42344436,0.42344436,0.27467105,-0.03607267,0.0,0.49947435,0.49947435,0.51480263,0.0019212663,0.84033614,0.51880884,0.51880884,0.52138156,0.00315696,0.0,0.44986674,0.44986674,0.090460524,-0.08065829,0.0,0.45669183,0.45669183,0.6496711,0.018174767,0.5038407,0.5038407,0.6694079,0.026916683,security_military,0.42105263,0.5280467,0.99481523,0.0006745559,0.5291266,0.0045738644,0.95427066,0.17629904,0.72413933,0.10447734,0.07052758,security_military
putin2022_c006,putin2022,putin,en,2022-12-31,new_year_address,6,11,0.6,123,103,0.3870904,0.3870904,0.02138158,-0.1104995,0.0,0.47887328,0.47887328,0.5180921,0.0013229847,0.9708738,0.4435906,0.4435906,0.32401314,-0.027854025,1.9417475,0.44466248,0.44466248,0.26151314,-0.02877739,0.9708738,0.41505313,0.41505313,0.20888157,-0.044463903,0.0,0.39288366,0.39288366,0.03782895,-0.10466942,0.9708738,0.5012587,0.5012587,0.38980263,-0.01439321,0.9708738,0.45573545,0.45573545,0.10361842,-0.07478958,0.9708738,0.46714726,0.46714726,0.72203946,0.028630197,0.43326768,0.43326768,0.21546052,-0.04365632,security_military,0.12828946,0.9990169,0.38170922,0.030879721,0.9920002,0.024798162,0.05274079,0.93578804,0.0012668908,0.045078542,0.6388353,national_identity
putin2022_c007,putin2022,putin,en,2022-12-31,new_year_address,7,11,0.7,118,106,0.45080698,0.45080698,0.1825658,-0.04678294,0.0,0.45209804,0.45209804,0.31085527,-0.025452256,0.9433962,0.38254654,0.38254654,0.07401316,-0.08889809,0.0,0.46088877,0.46088877,0.38322368,-0.012551099,0.0,0.3839727,0.3839727,0.054276317,-0.07554433,0.0,0.546687,0.546687,0.8042763,0.049133927,1.8867924,0.4811744,0.4811744,0.27467105,-0.034477472,0.0,0.44398078,0.44398078,0.07401316,-0.086544245,0.0,0.4439182,0.4439182,0.54111844,0.0054011345,0.5206326,0.5206326,0.76480263,0.043708622,social_solidarity,0.4210526,0.9760608,0.04993535,0.01783163,0.8034149,0.025772816,0.99872816,0.007045875,0.0011695101,0.012796518,0.9417614,social_solidarity
putin2022_c008,putin2022,putin,en,2022-12-31,new_year_address,8,11,0.8,93,79,0.45333922,0.45333922,0.20559211,-0.044250697,0.0,0.53527755,0.53527755,0.8799342,0.057727247,0.0,0.4067992,0.4067992,0.1299342,-0.06464544,0.0,0.41433692,0.41433692,0.1069079,-0.059102952,0.0,0.40468565,0.40468565,0.16611843,-0.054831386,0.0,0.5049263,0.5049263,0.54769737,0.0073732436,3.7974684,0.4914398,0.4914398,0.3338816,-0.024212092,0.0,0.45584568,0.45584568,0.1069079,-0.074679345,1.2658228,0.471165,0.471165,0.7582237,0.032647938,0.46882293,0.46882293,0.46875,-0.008101076,security_military,0.33223683,0.02792787,0.0071908124,0.00023968687,0.005001672,0.01637155,0.99967563,0.8954313,0.00016603847,0.12093108,0.2213086,social_solidarity
putin2022_c009,putin2022,putin,en,2022-12-31,new_year_address,9,11,0.9,80,68,0.5142341,0.5142341,0.6003289,0.01664421,0.0,0.43582016,0.43582016,0.1924342,-0.041730136,0.0,0.42421952,0.42421952,0.20230263,-0.047225118,0.0,0.43654543,0.43654543,0.19901316,-0.03689444,0.0,0.40827388,0.40827388,0.18914473,-0.051243156,0.0,0.5591954,0.5591954,0.84375,0.06164232,4.4117646,0.5094905,0.5094905,0.43585527,-0.0061613917,0.0,0.44386733,0.44386733,0.07072368,-0.0866577,0.0,0.4095931,0.4095931,0.28125,-0.028923959,0.46742123,0.46742123,0.4555921,-0.0095027685,social_solidarity,0.24342108,0.96876764,0.00018850983,0.00026426834,0.001983903,0.002458213,0.7699895,0.0022321863,0.00010150383,0.00017813111,0.012945405,national_identity
putin2022_c010,putin2022,putin,en,2022-12-31,new_year_address,10,11,1.0,188,158,0.5110373,0.5110373,0.5707237,0.013447374,0.6329114,0.4720618,0.4720618,0.47532895,-0.005488485,0.6329114,0.42233375,0.42233375,0.18914473,-0.04911089,0.0,0.45920354,0.45920354,0.36677632,-0.014236331,0.0,0.4223378,0.4223378,0.2713816,-0.03717923,0.0,0.50521123,0.50521123,0.5509868,0.007658154,3.164557,0.5057838,0.5057838,0.40953946,-0.009868085,0.6329114,0.5520801,0.5520801,0.65625,0.021555066,0.6329114,0.45352638,0.45352638,0.6200658,0.015009314,0.48565146,0.48565146,0.5444079,0.008727461,future_reform_technology,0.08552629,0.6775807,0.0038468714,0.00032822453,0.10199123,0.002657431,0.48645353,0.020274078,0.00052337564,0.00033209226,0.016324438,national_identity
putin2023_c000,putin2023,putin,en,2023-12-31,new_year_address,0,6,0.0,93,75,0.4987237,0.4987237,0.4786184,0.0011337698,4.0,0.4709688,0.4709688,0.45230263,-0.0065814853,1.3333334,0.3939324,0.3939324,0.09375,-0.077512234,0.0,0.41825354,0.41825354,0.11677632,-0.05518633,0.0,0.45804366,0.45804366,0.50164473,-0.0014733672,1.3333334,0.46781853,0.46781853,0.31743422,-0.029734552,1.3333334,0.46043277,0.46043277,0.16282895,-0.055219114,0.0,0.5255865,0.5255865,0.4786184,-0.004938543,1.3333334,0.39658374,0.39658374,0.18585527,-0.041933328,0.42773807,0.42773807,0.17598684,-0.04918593,democracy_institutions,0.023026317,0.9283763,0.11583566,0.00017265152,0.6658453,0.14844796,0.9743373,0.43294722,0.00062025123,0.0019154998,0.7092961,social_solidarity
putin2023_c001,putin2023,putin,en,2023-12-31,new_year_address,1,6,0.2,91,82,0.5778581,0.5778581,0.93914473,0.080268174,3.6585367,0.4877044,0.4877044,0.5740132,0.010154098,0.0,0.4353125,0.4353125,0.26151314,-0.036132127,0.0,0.50474167,0.50474167,0.76480263,0.031301796,0.0,0.45569256,0.45569256,0.4819079,-0.0038244724,0.0,0.53233874,0.53233874,0.71875,0.034785658,1.2195122,0.5074123,0.5074123,0.42598686,-0.008239567,0.0,0.4912023,0.4912023,0.2713816,-0.039322734,0.0,0.46911559,0.46911559,0.7384868,0.030598521,0.51300895,0.51300895,0.7121711,0.03608495,national_identity,0.1743421,0.9992749,0.0034564098,0.00041731575,0.98054343,0.010519543,0.9995497,0.8933094,0.00018093578,0.0011424496,0.8868008,social_solidarity
putin2023_c002,putin2023,putin,en,2023-12-31,new_year_address,2,6,0.4,91,78,0.58979326,0.58979326,0.9753289,0.09220335,2.5641026,0.57060707,0.57060707,0.97203946,0.09305677,1.2820513,0.46909904,0.46909904,0.48519737,-0.0023455918,0.0,0.47618166,0.47618166,0.52796054,0.0027417839,0.0,0.47268045,0.47268045,0.6003289,0.013163418,0.0,0.5750603,0.5750603,0.89638156,0.07750723,1.2820513,0.5034647,0.5034647,0.39967105,-0.012187183,0.0,0.4657907,0.4657907,0.13980263,-0.06473434,0.0,0.51725775,0.51725775,0.9424342,0.078740686,0.5667142,0.5667142,0.9424342,0.089790225,national_identity,0.0032894611,0.9997864,0.9458763,0.00062389375,0.26114243,0.012491741,0.9994663,0.07954932,0.00016701402,0.0153210815,0.9898107,national_identity
putin2023_c003,putin2023,putin,en,2023-12-31,new_year_address,3,6,0.6,84,77,0.4541863,0.4541863,0.20888157,-0.043403625,1.2987013,0.44854656,0.44854656,0.2911184,-0.02900374,0.0,0.3648826,0.3648826,0.04111842,-0.10656205,0.0,0.39136916,0.39136916,0.054276317,-0.08207071,0.0,0.40112352,0.40112352,0.14638157,-0.05839351,0.0,0.45526028,0.45526028,0.22861843,-0.042292804,5.194805,0.45115173,0.45115173,0.097039476,-0.06450015,0.0,0.43130496,0.43130496,0.044407893,-0.09922007,0.0,0.37205455,0.37205455,0.097039476,-0.06646252,0.42753196,0.42753196,0.16611843,-0.049392045,security_military,0.062499985,0.99921453,0.091910526,0.008503066,0.70537925,0.1504028,0.9994947,0.11182182,0.0007717979,0.0022518474,0.99504673,social_solidarity
putin2023_c004,putin2023,putin,en,2023-12-31,new_year_address,4,6,0.8,86,72,0.5019053,0.5019053,0.49835527,0.004315406,0.0,0.45616627,0.45616627,0.36019737,-0.02138403,1.3888888,0.4360425,0.4360425,0.2680921,-0.03540215,0.0,0.44566256,0.44566256,0.2680921,-0.027777314,0.0,0.42957872,0.42957872,0.29769737,-0.02993831,0.0,0.49411988,0.49411988,0.46875,-0.0034331977,9.722222,0.4288095,0.4288095,0.05098684,-0.08684239,0.0,0.5180704,0.5180704,0.39967105,-0.012454629,0.0,0.39799997,0.39799997,0.19572368,-0.04051709,0.4277379,0.4277379,0.17269737,-0.04918611,national_identity,0.02960527,0.95447797,0.0008040859,0.0007451558,0.015845362,0.20981352,0.99792314,0.00084759004,0.0027202792,0.00041976714,0.0025809042,social_solidarity
putin2023_c005,putin2023,putin,en,2023-12-31,new_year_address,5,6,1.0,139,107,0.53422546,0.53422546,0.7253289,0.036635548,5.6074767,0.44412437,0.44412437,0.26151314,-0.033425927,0.0,0.41303298,0.41303298,0.15625,-0.058411658,0.0,0.45883313,0.45883313,0.3569079,-0.014606744,0.0,0.42480224,0.42480224,0.28125,-0.03471479,0.0,0.48493224,0.48493224,0.41282895,-0.0126208365,4.6728973,0.43802512,0.43802512,0.07072368,-0.077626765,0.0,0.4980735,0.4980735,0.30098686,-0.03245154,1.8691589,0.40209645,0.40209645,0.21875,-0.036420614,0.4426903,0.4426903,0.25822368,-0.03423369,national_identity,0.31249997,0.46614683,0.0044337655,0.0005193049,0.014254464,0.0012136718,0.16540764,0.0048485333,0.0005203197,0.0004494523,0.033336822,national_identity
putin2024_c000,putin2024,putin,en,2024-12-31,new_year_address,0,4,0.0,137,108,0.4944255,0.4944255,0.43585527,-0.0031644106,2.7777777,0.44553074,0.44553074,0.2713816,-0.032019556,0.0,0.39797544,0.39797544,0.1069079,-0.07346919,0.0,0.42488313,0.42488313,0.13322368,-0.048556745,0.0,0.44522572,0.44522572,0.40625,-0.014291316,0.0,0.43311313,0.43311313,0.15625,-0.06443995,0.0,0.44822708,0.44822708,0.09375,-0.067424804,0.9259259,0.53232706,0.53232706,0.5246711,0.0018020272,0.9259259,0.40849322,0.40849322,0.2713816,-0.030023843,0.43259987,0.43259987,0.21217105,-0.04432413,future_reform_technology,0.08881581,0.9996057,0.040941466,0.08521316,0.86054504,0.26388383,0.9980845,0.072768375,0.21783628,0.00028573605,0.9093048,national_identity
putin2024_c001,putin2024,putin,en,2024-12-31,new_year_address,1,4,0.333,123,105,0.56232476,0.56232476,0.8865132,0.06473485,1.9047619,0.5366208,0.5366208,0.8865132,0.059070498,0.95238096,0.48130655,0.48130655,0.5707237,0.009861916,0.0,0.5186477,0.5186477,0.8371711,0.0452078,0.0,0.48291117,0.48291117,0.6957237,0.023394138,0.95238096,0.5076632,0.5076632,0.5871711,0.01011011,0.95238096,0.533219,0.533219,0.6167763,0.017567098,0.95238096,0.53876114,0.53876114,0.56414473,0.00823611,0.95238096,0.47982612,0.47982612,0.7944079,0.04130906,0.4660013,0.4660013,0.44901314,-0.0109227,national_identity,0.0,0.9770664,0.15386674,0.0018315101,0.9801293,0.2153095,0.43338183,0.95561,0.0008642928,0.0024582131,0.10725032,foreign_policy
putin2024_c002,putin2024,putin,en,2024-12-31,new_year_address,2,4,0.667,158,132,0.46568453,0.46568453,0.27796054,-0.031905383,2.2727273,0.4964971,0.4964971,0.6430921,0.018946797,2.2727273,0.2994728,0.2994728,0.0016447369,-0.17197183,0.0,0.3806082,0.3806082,0.03125,-0.09283167,0.0,0.36299354,0.36299354,0.011513158,-0.09652349,0.0,0.39551914,0.39551914,0.04769737,-0.10203394,0.75757575,0.40604243,0.40604243,0.03125,-0.109609455,0.0,0.4320584,0.4320584,0.04769737,-0.098466635,0.0,0.3885243,0.3885243,0.15625,-0.04999277,0.3667467,0.3667467,0.034539472,-0.11017731,security_military,0.36513156,0.90418625,0.99880046,0.0005132578,0.7067473,0.005719129,0.8924571,0.29867035,0.0012327608,0.030014927,0.12535955,security_military
putin2024_c003,putin2024,putin,en,2024-12-31,new_year_address,3,4,1.0,113,85,0.50888467,0.50888467,0.5509868,0.011294752,0.0,0.47892326,0.47892326,0.52138156,0.0013729632,1.1764706,0.4429694,0.4429694,0.31085527,-0.028475225,1.1764706,0.46778303,0.46778303,0.4588816,-0.0056568384,0.0,0.44532537,0.44532537,0.40953946,-0.014191657,0.0,0.50086683,0.50086683,0.52796054,0.00331375,3.5294118,0.46993122,0.46993122,0.21217105,-0.045720667,0.0,0.52008474,0.52008474,0.4194079,-0.01044029,0.0,0.43456516,0.43456516,0.45230263,-0.003951907,0.46796262,0.46796262,0.4588816,-0.0089613795,national_identity,0.023026288,0.35830393,0.014799639,0.003311519,0.0487671,0.0036216856,0.94671994,0.0017891591,0.001036267,0.00070552726,0.10284408,social_solidarity
putin2025_c000,putin2025,putin,en,2025-12-31,new_year_address,0,5,0.0,101,89,0.52494454,0.52494454,0.6628289,0.027354628,1.1235955,0.4992992,0.4992992,0.65953946,0.0217489,0.0,0.42341122,0.42341122,0.19901316,-0.048033416,0.0,0.48322123,0.48322123,0.5871711,0.009781361,0.0,0.47448957,0.47448957,0.6200658,0.014972538,0.0,0.54350144,0.54350144,0.79111844,0.045948356,1.1235955,0.54140234,0.54140234,0.68914473,0.025750458,0.0,0.54075205,0.54075205,0.5871711,0.010227025,1.1235955,0.466758,0.466758,0.7121711,0.028240949,0.51453537,0.51453537,0.72203946,0.037611365,social_solidarity,0.10197371,0.76260096,0.0003446432,0.0007763301,0.7893961,0.015483988,0.99852777,0.118232295,0.0004092474,0.00023367908,0.6275447,social_solidarity
putin2025_c001,putin2025,putin,en,2025-12-31,new_year_address,1,5,0.25,96,79,0.5997348,0.5997348,0.98519737,0.10214487,6.329114,0.5098368,0.5098368,0.7450658,0.032286495,1.2658228,0.45235986,0.45235986,0.37664473,-0.019084781,0.0,0.49864054,0.49864054,0.71546054,0.025200665,0.0,0.4707793,0.4707793,0.59375,0.011262268,0.0,0.47371516,0.47371516,0.35032895,-0.023837924,0.0,0.48217425,0.48217425,0.28453946,-0.033477634,0.0,0.48473257,0.48473257,0.23190789,-0.04579246,1.2658228,0.43909848,0.43909848,0.50164473,0.0005814135,0.46054634,0.46054634,0.39967105,-0.016377658,national_identity,0.24013156,0.99980015,0.02968968,0.04240879,0.6097565,0.006097562,0.96569794,0.0004416243,0.00038521326,0.00027053358,0.96884143,national_identity
putin2025_c002,putin2025,putin,en,2025-12-31,new_year_address,2,5,0.5,90,78,0.54015124,0.54015124,0.77796054,0.042561322,0.0,0.57447636,0.57447636,0.9819079,0.09692606,2.5641026,0.4860834,0.4860834,0.6134868,0.014638752,0.0,0.50726444,0.50726444,0.77796054,0.033824563,0.0,0.47041577,0.47041577,0.59046054,0.010898739,0.0,0.55599135,0.55599135,0.8305921,0.05843827,5.1282053,0.54715496,0.54715496,0.7319079,0.03150308,0.0,0.5149243,0.5149243,0.38322368,-0.015600741,0.0,0.50013465,0.50013465,0.8930921,0.061617583,0.5526489,0.5526489,0.8996711,0.0757249,security_military,0.15131581,0.13910374,0.72330946,0.0028255833,0.0081641525,0.009821792,0.9558166,0.00039357564,0.00020784384,0.00032694527,0.024656855,social_solidarity
putin2025_c003,putin2025,putin,en,2025-12-31,new_year_address,3,5,0.75,94,78,0.5219994,0.5219994,0.64638156,0.024409503,1.2820513,0.53673065,0.53673065,0.88980263,0.05918035,1.2820513,0.3635649,0.3635649,0.034539472,-0.10787973,0.0,0.4455933,0.4455933,0.26480263,-0.027846575,0.0,0.42793822,0.42793822,0.2911184,-0.03157881,0.0,0.4887163,0.4887163,0.44243422,-0.008836776,1.2820513,0.4627223,0.4627223,0.17269737,-0.05292958,0.0,0.46825546,0.46825546,0.14967105,-0.06226957,0.0,0.4337492,0.4337492,0.44243422,-0.004767865,0.4628065,0.4628065,0.42269737,-0.014117509,security_military,0.24342108,0.99909425,0.99273914,0.00024632958,0.9185853,0.07286728,0.99857587,0.23020513,0.00019794096,0.22185606,0.18546726,national_identity
putin2025_c004,putin2025,putin,en,2025-12-31,new_year_address,4,5,1.0,172,134,0.487861,0.487861,0.4161184,-0.009728909,0.74626863,0.46700633,0.46700633,0.4194079,-0.010543972,0.0,0.4426266,0.4426266,0.30756578,-0.028818041,0.74626863,0.44918287,0.44918287,0.2944079,-0.024257004,0.0,0.44058132,0.44058132,0.36019737,-0.01893571,0.0,0.49178934,0.49178934,0.4588816,-0.0057637393,4.477612,0.46489125,0.46489125,0.17927632,-0.050760627,0.0,0.5266568,0.5266568,0.48848686,-0.0038682222,0.0,0.4193216,0.4193216,0.34375,-0.019195467,0.46948224,0.46948224,0.4786184,-0.007441759,future_reform_technology,0.02960527,0.44900003,0.0823646,0.014295687,0.02317551,0.006097562,0.6160123,0.031768616,0.00062267727,0.00091461383,0.056288198,social_solidarity
trump1_c000,trump1,trump,en,2021-01-19,farewell_address,0,28,0.0,98,85,0.532298,0.532298,0.71546054,0.034708112,3.5294118,0.43568653,0.43568653,0.18914473,-0.04186377,0.0,0.411727,0.411727,0.14967105,-0.059717625,0.0,0.44988987,0.44988987,0.30098686,-0.023550004,0.0,0.42161924,0.42161924,0.2680921,-0.037897795,0.0,0.390247,0.390247,0.03125,-0.10730609,1.1764706,0.4531616,0.4531616,0.11677632,-0.062490284,1.1764706,0.48294473,0.48294473,0.22861843,-0.0475803,0.0,0.36781314,0.36781314,0.08388158,-0.07070392,0.3788392,0.3788392,0.054276317,-0.09808481,national_identity,0.41447368,0.99915236,0.038901977,0.0007027786,0.8965008,0.11787643,0.99053264,0.11486403,0.00016636301,0.0004821762,0.65296096,national_identity
trump1_c001,trump1,trump,en,2021-01-19,farewell_address,1,28,0.037,125,104,0.4090364,0.4090364,0.060855262,-0.08855352,0.0,0.39893696,0.39893696,0.05098684,-0.07861334,0.0,0.40829995,0.40829995,0.13651316,-0.063144684,0.0,0.3885888,0.3885888,0.04111842,-0.084851086,0.96153843,0.39287823,0.39287823,0.10361842,-0.0666388,0.96153843,0.42528194,0.42528194,0.12335526,-0.07227114,1.9230769,0.4009129,0.4009129,0.027960526,-0.11473897,0.0,0.4581582,0.4581582,0.120065786,-0.07236683,0.0,0.35288036,0.35288036,0.044407893,-0.085636705,0.3901843,0.3901843,0.077302635,-0.08673969,economy_welfare,0.013157897,0.70296353,0.0331016,0.019456577,0.67522943,0.21762836,0.85518724,0.013415323,0.000990791,0.0008778914,0.14288844,social_solidarity
trump1_c002,trump1,trump,en,2021-01-19,farewell_address,2,28,0.074,141,127,0.41496778,0.41496778,0.09375,-0.08262214,0.78740156,0.45813045,0.45813045,0.36677632,-0.019419849,1.5748031,0.3646078,0.3646078,0.03782895,-0.106836826,0.0,0.38430417,0.38430417,0.034539472,-0.08913571,0.0,0.3811028,0.3811028,0.044407893,-0.07841423,0.78740156,0.40441325,0.40441325,0.067434214,-0.09313983,1.5748031,0.39232373,0.39232373,0.014802632,-0.12332815,0.0,0.38151956,0.38151956,0.0082236845,-0.14900547,0.0,0.33249176,0.33249176,0.014802632,-0.10602531,0.33902204,0.33902204,0.011513158,-0.13790196,security_military,0.27302632,0.67490816,0.9838627,0.0001733272,0.51708317,0.99166,0.4369674,0.14946929,0.01302049,0.021024458,0.0524731,democracy_institutions
trump1_c003,trump1,trump,en,2021-01-19,farewell_address,3,28,0.111,99,85,0.55365306,0.55365306,0.8503289,0.056063145,3.5294118,0.48393133,0.48393133,0.5378289,0.006381035,0.0,0.46157083,0.46157083,0.44572368,-0.009873807,0.0,0.4935012,0.4935012,0.66611844,0.020061314,0.0,0.49653193,0.49653193,0.7746711,0.0370149,0.0,0.47009054,0.47009054,0.32730263,-0.027462542,1.1764706,0.4690246,0.4690246,0.20559211,-0.046627283,0.0,0.4783461,0.4783461,0.19901316,-0.05217892,0.0,0.4052022,0.4052022,0.24177632,-0.033314854,0.42401814,0.42401814,0.15296052,-0.052905858,national_identity,0.075657845,0.9879113,0.034164816,0.023593668,0.6675812,0.584627,0.99875027,0.004520818,0.0015397266,0.0010859444,0.8558963,social_solidarity
trump1_c004,trump1,trump,en,2021-01-19,farewell_address,4,28,0.148,139,121,0.5236579,0.5236579,0.65625,0.026068002,0.8264463,0.4894184,0.4894184,0.59703946,0.011868089,0.0,0.3955413,0.3955413,0.097039476,-0.075903326,0.0,0.44266596,0.44266596,0.2450658,-0.030773908,0.0,0.45329988,0.45329988,0.46546054,-0.006217152,0.0,0.44959936,0.44959936,0.21217105,-0.047953725,1.6528926,0.47603905,0.47603905,0.23848684,-0.03961283,0.0,0.41614577,0.41614577,0.027960526,-0.11437926,0.0,0.43638387,0.43638387,0.47203946,-0.0021331906,0.37470526,0.37470526,0.044407893,-0.10221875,national_identity,0.05921054,0.99980086,0.013363721,0.0003535028,0.8243205,0.94329536,0.9710743,0.92934424,0.009223287,0.020351812,0.99353683,national_identity
trump1_c005,trump1,trump,en,2021-01-19,farewell_address,5,28,0.185,144,125,0.53249574,0.53249574,0.71875,0.03490582,4.8,0.49146354,0.49146354,0.6134868,0.013913244,0.0,0.49798238,0.49798238,0.6924342,0.026537746,0.8,0.5094062,0.5094062,0.79111844,0.035966337,0.8,0.48429596,0.48429596,0.70230263,0.024778932,0.0,0.44078058,0.44078058,0.17927632,-0.0567725,0.8,0.46168625,0.46168625,0.16611843,-0.05396563,0.0,0.49863172,0.49863172,0.30427632,-0.031893313,0.0,0.39981434,0.39981434,0.20559211,-0.038702726,0.42721474,0.42721474,0.16282895,-0.04970926,foreign_policy,0.07236844,0.9993638,0.00038975227,0.033164166,0.89823216,0.0018639286,0.9935682,0.12059408,0.0010423503,0.00025069676,0.3895465,national_identity
trump1_c006,trump1,trump,en,2021-01-19,farewell_address,6,28,0.222,113,94,0.38753742,0.38753742,0.024671054,-0.110052496,1.0638298,0.40152186,0.40152186,0.060855262,-0.07602844,0.0,0.43678525,0.43678525,0.2713816,-0.034659386,1.0638298,0.39102772,0.39102772,0.04769737,-0.08241215,1.0638298,0.3874725,0.3874725,0.067434214,-0.07204452,0.0,0.376704,0.376704,0.018092105,-0.12084907,1.0638298,0.42552656,0.42552656,0.04769737,-0.09012532,0.0,0.47253707,0.47253707,0.17598684,-0.05798796,2.1276596,0.34441188,0.34441188,0.03782895,-0.094105184,0.39805922,0.39805922,0.097039476,-0.07886478,economy_welfare,0.095394745,0.9471371,0.0014241793,0.011972645,0.997977,0.5939037,0.029507358,0.05736113,0.0019117695,0.000106374595,0.061621387,foreign_policy
trump1_c007,trump1,trump,en,2021-01-19,farewell_address,7,28,0.259,129,108,0.39974716,0.39974716,0.04769737,-0.09784275,0.0,0.41742215,0.41742215,0.100328945,-0.060128152,0.0,0.4958325,0.4958325,0.6759868,0.024387866,3.7037036,0.463915,0.463915,0.4194079,-0.009524882,2.7777777,0.35508054,0.35508054,0.0082236845,-0.10443649,0.0,0.36450696,0.36450696,0.0082236845,-0.13304612,0.0,0.4530069,0.4530069,0.11348684,-0.06264499,0.0,0.4504806,0.4504806,0.09375,-0.08004442,0.0,0.3879695,0.3879695,0.15296052,-0.05054757,0.34355223,0.34355223,0.018092105,-0.13337177,economy_welfare,0.25657892,0.6210239,0.022307474,0.19759925,0.97546035,0.12474516,0.015936995,0.83386457,0.00080565666,0.00094730884,0.033070363,foreign_policy
trump1_c008,trump1,trump,en,2021-01-19,farewell_address,8,28,0.296,176,137,0.42225242,0.42225242,0.110197365,-0.0753375,2.189781,0.41359937,0.41359937,0.08388158,-0.063950926,0.0,0.545121,0.545121,0.8799342,0.07367638,2.189781,0.42801183,0.42801183,0.14638157,-0.045428038,1.459854,0.38545597,0.38545597,0.06414474,-0.074061066,0.0,0.38617378,0.38617378,0.024671054,-0.111379296,0.0,0.4597652,0.4597652,0.15953948,-0.055886686,1.459854,0.45538482,0.45538482,0.100328945,-0.07514021,0.0,0.31343898,0.31343898,0.0049342103,-0.12507808,0.34960812,0.34960812,0.024671054,-0.12731588,economy_welfare,0.72039473,0.99743414,0.00023231417,0.9991688,0.2338813,0.373533,0.9977393,0.055087827,0.5481898,0.00040211933,0.0238936,economy_welfare
trump1_c009,trump1,trump,en,2021-01-19,farewell_address,9,28,0.333,144,119,0.45131713,0.45131713,0.18585527,-0.046272784,0.84033614,0.46064958,0.46064958,0.37664473,-0.016900718,0.0,0.49745864,0.49745864,0.68585527,0.026014,0.84033614,0.37839085,0.37839085,0.027960526,-0.09504902,0.0,0.39234102,0.39234102,0.100328945,-0.067176014,0.0,0.4137067,0.4137067,0.09375,-0.08384639,0.84033614,0.48013568,0.48013568,0.26480263,-0.035516202,0.84033614,0.49690443,0.49690443,0.2911184,-0.033620596,0.0,0.3525255,0.3525255,0.04111842,-0.08599156,0.38923943,0.38923943,0.07401316,-0.08768457,economy_welfare,0.30921054,0.93922025,0.0005112579,0.9805341,0.12929276,0.31837922,0.9859228,0.24725966,0.9942138,0.00045474793,0.06453547,future_reform_technology
trump1_c010,trump1,trump,en,2021-01-19,farewell_address,10,28,0.37,122,99,0.38315567,0.38315567,0.018092105,-0.11443424,0.0,0.4156936,0.4156936,0.09375,-0.061856687,0.0,0.4477237,0.4477237,0.34375,-0.02372095,4.040404,0.369411,0.369411,0.014802632,-0.10402888,1.010101,0.37924293,0.37924293,0.034539472,-0.080274105,0.0,0.39870688,0.39870688,0.05098684,-0.0988462,1.010101,0.45834887,0.45834887,0.14967105,-0.05730301,2.020202,0.44260925,0.44260925,0.06414474,-0.08791578,0.0,0.33802003,0.33802003,0.027960526,-0.10049704,0.36139968,0.36139968,0.03125,-0.11552432,economy_welfare,0.19407895,0.9974885,0.0023459075,0.99958193,0.82685167,0.103612505,0.9972424,0.99164385,0.48511183,0.0051196762,0.07194901,economy_welfare
trump1_c011,trump1,trump,en,2021-01-19,farewell_address,11,28,0.407,92,76,0.41781765,0.41781765,0.10361842,-0.079772264,2.631579,0.4365705,0.4365705,0.19901316,-0.040979803,0.0,0.43229574,0.43229574,0.24177632,-0.039148897,1.3157895,0.44166332,0.44166332,0.23190789,-0.031776547,1.3157895,0.50746226,0.50746226,0.84375,0.04794523,2.631579,0.38834298,0.38834298,0.027960526,-0.109210104,0.0,0.42992854,0.42992854,0.05756579,-0.08572334,0.0,0.508971,0.508971,0.37335527,-0.021554053,1.3157895,0.39824823,0.39824823,0.19901316,-0.04026884,0.3837556,0.3837556,0.06414474,-0.09316841,democracy_institutions,0.47039473,0.084871225,0.000103910665,0.00037118548,0.0017546144,0.99869806,0.042503078,0.0025212683,0.002142676,0.0001236358,0.0014750634,democracy_institutions
trump1_c012,trump1,trump,en,2021-01-19,farewell_address,12,28,0.444,124,107,0.45694643,0.45694643,0.23848684,-0.040643483,1.8691589,0.48892534,0.48892534,0.59375,0.01137504,0.93457943,0.3554896,0.3554896,0.024671054,-0.115955025,0.93457943,0.44379193,0.44379193,0.25493422,-0.029647946,0.0,0.4213632,0.4213632,0.25822368,-0.038153827,0.93457943,0.42191666,0.42191666,0.11348684,-0.07563642,0.0,0.4430157,0.4430157,0.087171055,-0.07263619,0.0,0.42182234,0.42182234,0.034539472,-0.10870269,0.0,0.40213633,0.40213633,0.22203948,-0.036380738,0.3928864,0.3928864,0.0805921,-0.0840376,security_military,0.33552632,0.90118396,0.9990978,0.00014091858,0.9946981,0.9946464,0.031261913,0.5858714,0.046055343,0.00071523245,0.56510377,security_military
trump1_c013,trump1,trump,en,2021-01-19,farewell_address,13,28,0.481,94,84,0.48681715,0.48681715,0.40953946,-0.010772765,2.3809524,0.4655056,0.4655056,0.40625,-0.012044698,0.0,0.4126398,0.4126398,0.15296052,-0.05880484,0.0,0.5213761,0.5213761,0.86019737,0.0479362,7.142857,0.4068101,0.4068101,0.1825658,-0.052706927,0.0,0.45885926,0.45885926,0.24835527,-0.038693815,0.0,0.48684913,0.48684913,0.30756578,-0.028802752,0.0,0.39857346,0.39857346,0.018092105,-0.13195157,0.0,0.4068159,0.4068159,0.25822368,-0.031701177,0.4102767,0.4102767,0.110197365,-0.06664729,foreign_policy,0.4506579,0.9635748,0.97678024,0.029145971,0.9961042,0.6453435,0.37652284,0.8455283,0.020527786,0.004323087,0.4078787,foreign_policy
trump1_c014,trump1,trump,en,2021-01-19,farewell_address,14,28,0.519,81,70,0.4325047,0.4325047,0.12664473,-0.0650852,1.4285715,0.5130763,0.5130763,0.7582237,0.035526007,2.857143,0.4048345,0.4048345,0.12335526,-0.06661013,0.0,0.4467174,0.4467174,0.2713816,-0.026722461,0.0,0.3723183,0.3723183,0.014802632,-0.087198734,0.0,0.3787128,0.3787128,0.02138158,-0.11884028,0.0,0.43941072,0.43941072,0.077302635,-0.076241165,0.0,0.4399914,0.4399914,0.054276317,-0.090533614,0.0,0.3636486,0.3636486,0.07401316,-0.07486847,0.3379279,0.3379279,0.0082236845,-0.1389961,security_military,0.48684213,0.99882597,0.9893578,0.0009290034,0.894375,0.15277337,0.58604914,0.108992465,0.9871293,0.026657742,0.083777875,national_identity
trump1_c015,trump1,trump,en,2021-01-19,farewell_address,15,28,0.556,88,70,0.4132465,0.4132465,0.077302635,-0.0843434,1.4285715,0.43361712,0.43361712,0.16611843,-0.043933183,1.4285715,0.3505851,0.3505851,0.018092105,-0.12085953,0.0,0.43676898,0.43676898,0.20230263,-0.036670893,4.285714,0.37358844,0.37358844,0.024671054,-0.08592859,0.0,0.3537404,0.3537404,0.0016447369,-0.14381269,0.0,0.3829631,0.3829631,0.0082236845,-0.13268879,0.0,0.3245287,0.3245287,0.0016447369,-0.20599633,0.0,0.3274387,0.3274387,0.011513158,-0.11107835,0.3106708,0.3106708,0.0016447369,-0.16625321,foreign_policy,0.036184207,0.9979692,0.99960023,0.00018777506,0.99985117,0.0020091992,0.023253009,0.99777865,0.00032822456,0.9844563,0.9635577,foreign_policy
trump1_c016,trump1,trump,en,2021-01-19,farewell_address,16,28,0.593,88,77,0.3703836,0.3703836,0.0049342103,-0.12720633,0.0,0.41198492,0.41198492,0.077302635,-0.06556538,2.5974026,0.33347464,0.33347464,0.0082236845,-0.13797,0.0,0.43362972,0.43362972,0.1825658,-0.03981015,1.2987013,0.38812512,0.38812512,0.07072368,-0.07139191,0.0,0.36579862,0.36579862,0.011513158,-0.13175446,0.0,0.36943588,0.36943588,0.0016447369,-0.146216,0.0,0.3893046,0.3893046,0.011513158,-0.14122042,1.2987013,0.37259293,0.37259293,0.100328945,-0.06592414,0.3884425,0.3884425,0.07072368,-0.088481516,foreign_policy,0.10526316,0.041345995,0.9737946,0.0001892475,0.9496694,0.048159145,0.039029974,0.07203007,0.0005142608,0.0012007196,0.9898989,security_military
trump1_c017,trump1,trump,en,2021-01-19,farewell_address,17,28,0.63,81,63,0.5940188,0.5940188,0.97861844,0.0964289,4.7619047,0.48804736,0.48804736,0.5805921,0.010497063,0.0,0.45985854,0.45985854,0.43585527,-0.0115861,0.0,0.48508888,0.48508888,0.61019737,0.011649013,0.0,0.5042239,0.5042239,0.81085527,0.04470685,0.0,0.5062547,0.5062547,0.56414473,0.008701593,0.0,0.48251408,0.48251408,0.2944079,-0.0331378,0.0,0.48285103,0.48285103,0.22532895,-0.047674,0.0,0.40733576,0.40733576,0.26480263,-0.031181306,0.42605102,0.42605102,0.15953948,-0.05087298,national_identity,0.16776317,0.9985278,0.12069767,0.47511822,0.114963345,0.9911996,0.99986815,0.787972,0.017078072,0.0005410356,0.7887765,social_solidarity
trump1_c018,trump1,trump,en,2021-01-19,farewell_address,18,28,0.667,92,77,0.46552384,0.46552384,0.27467105,-0.032066077,0.0,0.4999281,0.4999281,0.6694079,0.022377789,0.0,0.47657198,0.47657198,0.53453946,0.0051273406,0.0,0.46287996,0.46287996,0.4161184,-0.0105599165,0.0,0.4681319,0.4681319,0.56414473,0.008614868,0.0,0.46321034,0.46321034,0.2713816,-0.034342736,1.2987013,0.5174339,0.5174339,0.5049342,0.0017820001,0.0,0.47939885,0.47939885,0.20559211,-0.051126182,0.0,0.44308373,0.44308373,0.5378289,0.0045666695,0.41037416,0.41037416,0.11348684,-0.06654984,security_military,0.10526317,0.7730022,0.00056367513,0.28180075,0.6954415,0.30077124,0.9860443,0.75219464,0.00062146306,0.011619771,0.11230769,social_solidarity
trump1_c019,trump1,trump,en,2021-01-19,farewell_address,19,28,0.704,118,101,0.5799789,0.5799789,0.9555921,0.08238897,0.0,0.46993524,0.46993524,0.44572368,-0.0076150596,0.0,0.45266414,0.45266414,0.38322368,-0.0187805,0.0,0.491483,0.491483,0.65296054,0.01804313,0.0,0.51900375,0.51900375,0.8799342,0.059486717,0.990099,0.5191814,0.5191814,0.67269737,0.02162829,0.990099,0.476799,0.476799,0.24835527,-0.03885287,0.0,0.48530418,0.48530418,0.23519737,-0.045220852,0.0,0.39343676,0.39343676,0.16940789,-0.045080304,0.43740377,0.43740377,0.23190789,-0.039520234,national_identity,0.075657904,0.99949175,0.019937392,0.02330054,0.7325918,0.8231508,0.9991912,0.0553617,0.0007702933,0.00057816197,0.86703575,national_identity
trump1_c020,trump1,trump,en,2021-01-19,farewell_address,20,28,0.741,87,76,0.5786892,0.5786892,0.9424342,0.0810993,2.631579,0.5053771,0.5053771,0.71546054,0.027826816,0.0,0.4828093,0.4828093,0.58388156,0.011364669,0.0,0.43330434,0.43330434,0.17598684,-0.040135533,0.0,0.4675914,0.4675914,0.5575658,0.008074373,2.631579,0.5235065,0.5235065,0.70888156,0.025953442,3.9473684,0.45470303,0.45470303,0.12335526,-0.06094885,0.0,0.47419387,0.47419387,0.17927632,-0.056331158,1.3157895,0.41879013,0.41879013,0.34046054,-0.019726932,0.4484126,0.4484126,0.2944079,-0.028511405,national_identity,0.22697365,0.9712111,0.0013458604,0.016308764,0.729327,0.9889118,0.9996899,0.022629203,0.00014596012,0.0003912771,0.8765287,social_solidarity
trump1_c021,trump1,trump,en,2021-01-19,farewell_address,21,28,0.778,101,90,0.54714537,0.54714537,0.8240132,0.04955545,4.4444447,0.51587594,0.51587594,0.7746711,0.038325638,0.0,0.4222831,0.4222831,0.18585527,-0.049161524,0.0,0.4809312,0.4809312,0.5674342,0.0074913204,1.1111112,0.47640854,0.47640854,0.65296054,0.01689151,0.0,0.4665329,0.4665329,0.31085527,-0.031020194,1.1111112,0.55177486,0.55177486,0.74835527,0.036122978,3.3333333,0.4754982,0.4754982,0.1825658,-0.05502683,0.0,0.47726429,0.47726429,0.77796054,0.03874722,0.39841717,0.39841717,0.100328945,-0.07850683,national_identity,0.049342096,0.8672608,0.7337381,0.00021570001,0.9299828,0.3225793,0.9201463,0.99280226,0.00022081406,0.008560891,0.029901404,crisis_resilience
trump1_c022,trump1,trump,en,2021-01-19,farewell_address,22,28,0.815,89,76,0.5771635,0.5771635,0.93585527,0.0795736,5.263158,0.49834156,0.49834156,0.6496711,0.020791262,0.0,0.44064808,0.44064808,0.28782895,-0.030796558,0.0,0.44178247,0.44178247,0.23848684,-0.031657398,0.0,0.47458023,0.47458023,0.62335527,0.015063196,0.0,0.5120666,0.5120666,0.6167763,0.014513522,2.631579,0.5058574,0.5058574,0.41282895,-0.009794474,1.3157895,0.47614306,0.47614306,0.18914473,-0.054381967,0.0,0.4365371,0.4365371,0.47532895,-0.001979977,0.43608645,0.43608645,0.22532895,-0.040837556,national_identity,0.2861842,0.99980855,0.1929192,0.00013846347,0.5212275,0.030271873,0.97178566,0.724578,0.00014009539,0.003558804,0.68700033,national_identity
trump1_c023,trump1,trump,en,2021-01-19,farewell_address,23,28,0.852,173,146,0.60746014,0.60746014,0.9950658,0.109870225,3.4246576,0.45085838,0.45085838,0.30098686,-0.026691914,0.0,0.3897929,0.3897929,0.087171055,-0.08165175,0.0,0.43873587,0.43873587,0.20888157,-0.034704,0.0,0.49000716,0.49000716,0.75164473,0.03049013,0.0,0.4664821,0.4664821,0.30756578,-0.031070977,0.6849315,0.4343175,0.4343175,0.06414474,-0.08133438,0.0,0.468432,0.468432,0.15296052,-0.06209302,0.0,0.45481843,0.45481843,0.6365132,0.016301364,0.4400885,0.4400885,0.24177632,-0.03683549,national_identity,0.24342108,0.93803895,0.0024060889,0.00031688946,0.23855019,0.41170204,0.6577583,0.33900654,0.00018595057,0.0018639287,0.54846185,national_identity
trump1_c024,trump1,trump,en,2021-01-19,farewell_address,24,28,0.889,84,71,0.5302052,0.5302052,0.70230263,0.032615274,1.4084507,0.48551375,0.48551375,0.5509868,0.007963449,1.4084507,0.40235317,0.40235317,0.11677632,-0.06909147,0.0,0.44405395,0.44405395,0.25822368,-0.029385924,0.0,0.39118505,0.39118505,0.09375,-0.06833199,1.4084507,0.43248248,0.43248248,0.15296052,-0.0650706,1.4084507,0.48496938,0.48496938,0.30098686,-0.030682504,1.4084507,0.4418345,0.4418345,0.060855262,-0.08869052,0.0,0.40099472,0.40099472,0.20888157,-0.037522346,0.3930933,0.3930933,0.087171055,-0.083830714,national_identity,0.15131581,0.42348784,0.6133234,0.0010083435,0.70150864,0.0037727475,0.42765066,0.8796904,0.001483719,0.2557733,0.0024871177,crisis_resilience
trump1_c025,trump1,trump,en,2021-01-19,farewell_address,25,28,0.926,99,89,0.5130244,0.5130244,0.5871711,0.015434474,0.0,0.43945402,0.43945402,0.22203948,-0.03809628,0.0,0.37779734,0.37779734,0.06414474,-0.0936473,0.0,0.3897477,0.3897477,0.044407893,-0.08369216,0.0,0.3796003,0.3796003,0.04111842,-0.079916745,0.0,0.43611714,0.43611714,0.16611843,-0.061435938,4.494382,0.3935535,0.3935535,0.018092105,-0.12209839,0.0,0.4004405,0.4004405,0.02138158,-0.13008451,0.0,0.37857425,0.37857425,0.11348684,-0.05994281,0.41846097,0.41846097,0.13980263,-0.058463037,national_identity,0.36513162,0.99959236,0.19672975,0.0027900378,0.5448014,0.32311976,0.9998208,0.9891606,0.0028727483,0.0016776675,0.8988553,social_solidarity
trump1_c026,trump1,trump,en,2021-01-19,farewell_address,26,28,0.963,170,149,0.5810948,0.5810948,0.96546054,0.083504885,4.0268455,0.51700735,0.51700735,0.79769737,0.039457053,0.67114097,0.42788637,0.42788637,0.22861843,-0.04355827,0.0,0.47630882,0.47630882,0.53453946,0.0028689504,1.3422819,0.4848973,0.4848973,0.71546054,0.025380254,0.0,0.46518067,0.46518067,0.30098686,-0.032372415,0.67114097,0.46547776,0.46547776,0.18914473,-0.050174117,0.0,0.44901377,0.44901377,0.087171055,-0.08151126,0.0,0.43493444,0.43493444,0.4588816,-0.0035826266,0.42866886,0.42866886,0.18585527,-0.048255146,national_identity,0.16776317,0.9992848,0.16438228,0.0010566838,0.9699282,0.4315243,0.99226695,0.95618635,0.0008393599,0.064771704,0.75730115,national_identity
trump1_c027,trump1,trump,en,2021-01-19,farewell_address,27,28,1.0,178,156,0.49830234,0.49830234,0.47203946,0.0007124245,3.2051282,0.45704955,0.45704955,0.36348686,-0.02050075,0.0,0.4228921,0.4228921,0.19572368,-0.048552543,0.0,0.41124606,0.41124606,0.097039476,-0.06219381,0.0,0.48068184,0.48068184,0.6825658,0.021164805,0.0,0.48434046,0.48434046,0.40625,-0.013212621,1.2820513,0.46502838,0.46502838,0.1825658,-0.050623506,0.0,0.52356315,0.52356315,0.46217105,-0.006961882,0.64102566,0.38559005,0.38559005,0.13980263,-0.052927017,0.42432222,0.42432222,0.15625,-0.052601784,democracy_institutions,0.21052635,0.21862766,0.0053536464,0.003057458,0.008594111,0.014172367,0.8082092,0.027220907,0.0005625758,0.0012918457,0.027143426,social_solidarity
trump2_c000,trump2,trump,en,,composite_excerpts,0,3,0.0,138,111,0.4068551,0.4068551,0.054276317,-0.09073481,0.0,0.4228415,0.4228415,0.1069079,-0.05470881,0.0,0.33431202,0.33431202,0.011513158,-0.13713261,0.0,0.34118906,0.34118906,0.0049342103,-0.13225082,0.9009009,0.4168775,0.4168775,0.22532895,-0.042639524,0.0,0.40697098,0.40697098,0.077302635,-0.0905821,3.6036036,0.37759638,0.37759638,0.0049342103,-0.1380555,0.0,0.4640668,0.4640668,0.13322368,-0.066458225,0.0,0.36163062,0.36163062,0.060855262,-0.076886445,0.36681527,0.36681527,0.03782895,-0.11010873,democracy_institutions,0.09210527,0.94747835,0.045670748,0.00032950874,0.014392338,0.99564743,0.997638,0.017160233,0.00043393252,0.0015978456,0.9674256,social_solidarity
trump2_c001,trump2,trump,en,,composite_excerpts,1,3,0.5,143,115,0.39628047,0.39628047,0.04111842,-0.10130945,1.7391304,0.4342513,0.4342513,0.17269737,-0.04329899,0.8695652,0.4918526,0.4918526,0.65296054,0.020407975,0.8695652,0.37528816,0.37528816,0.02138158,-0.09815171,0.8695652,0.44540054,0.44540054,0.41282895,-0.014116496,1.7391304,0.40379632,0.40379632,0.060855262,-0.093756765,0.8695652,0.43355983,0.43355983,0.060855262,-0.08209205,0.0,0.4700086,0.4700086,0.16940789,-0.060516417,0.0,0.38031545,0.38031545,0.12335526,-0.05820161,0.3757507,0.3757507,0.04769737,-0.10117331,economy_welfare,0.24013159,0.99935,0.022737447,0.7841538,0.9852714,0.9936549,0.9992592,0.64400125,0.0034902107,0.0051246528,0.34444344,national_identity
trump2_c002,trump2,trump,en,,composite_excerpts,2,3,1.0,128,97,0.4518286,0.4518286,0.18914473,-0.045761317,2.0618556,0.43525672,0.43525672,0.1825658,-0.04229358,0.0,0.48703372,0.48703372,0.6299342,0.015589088,0.0,0.3912449,0.3912449,0.05098684,-0.082194984,2.0618556,0.3890044,0.3890044,0.077302635,-0.07051262,0.0,0.41319093,0.41319093,0.08388158,-0.08436215,2.0618556,0.42420372,0.42420372,0.044407893,-0.09144816,0.0,0.4815197,0.4815197,0.21875,-0.04900533,0.0,0.36476347,0.36476347,0.0805921,-0.073753595,0.33953792,0.33953792,0.014802632,-0.13738608,economy_welfare,0.4111842,0.99913913,0.0071283374,0.30881527,0.9150149,0.041423477,0.9992297,0.25860673,0.7830774,0.0010987312,0.10365786,social_solidarity
trump3_c000,trump3,trump,en,2017-01-20,inaugural_address,0,17,0.0,95,78,0.5512587,0.5512587,0.84375,0.053668767,3.8461537,0.4863508,0.4863508,0.56414473,0.008800507,0.0,0.44345716,0.44345716,0.32072368,-0.02798748,0.0,0.4814175,0.4814175,0.5740132,0.007977635,2.5641026,0.4878926,0.4878926,0.7450658,0.028375566,0.0,0.46068424,0.46068424,0.25164473,-0.03686884,1.2820513,0.51319635,0.51319635,0.47532895,-0.0024555326,3.8461537,0.53223634,0.53223634,0.52138156,0.001711309,0.0,0.41757554,0.41757554,0.32730263,-0.020941526,0.45805737,0.45805737,0.38651314,-0.018866628,national_identity,0.09868419,0.9994241,0.049336493,0.09413503,0.891055,0.9399134,0.99896777,0.78444296,0.00960574,0.0010987312,0.9805434,national_identity
trump3_c001,trump3,trump,en,2017-01-20,inaugural_address,1,17,0.062,100,85,0.42667615,0.42667615,0.11677632,-0.07091376,0.0,0.44073993,0.44073993,0.23848684,-0.03681037,0.0,0.37069282,0.37069282,0.04769737,-0.10075182,0.0,0.4593375,0.4593375,0.37006578,-0.01410237,0.0,0.4990198,0.4990198,0.78453946,0.03950277,0.0,0.42230427,0.42230427,0.11677632,-0.07524881,0.0,0.41760033,0.41760033,0.04111842,-0.09805155,0.0,0.47800758,0.47800758,0.19572368,-0.052517444,0.0,0.36886707,0.36886707,0.087171055,-0.069649994,0.41813186,0.41813186,0.13322368,-0.058792144,democracy_institutions,0.41447368,0.24757789,0.13164696,0.025914183,0.7354517,0.9246537,0.7956184,0.004133968,0.0016549244,0.0003770286,0.9546051,democracy_institutions
trump3_c002,trump3,trump,en,2017-01-20,inaugural_address,2,17,0.125,109,89,0.505183,0.505183,0.5246711,0.0075930655,3.3707864,0.45282775,0.45282775,0.32401314,-0.024722546,0.0,0.4840622,0.4840622,0.59703946,0.012617558,1.1235955,0.43648833,0.43648833,0.19572368,-0.036951542,0.0,0.46735534,0.46735534,0.5542763,0.007838309,0.0,0.4639756,0.4639756,0.27796054,-0.033577472,1.1235955,0.45293033,0.45293033,0.1069079,-0.06272155,0.0,0.42877775,0.42877775,0.04111842,-0.101747274,0.0,0.37812936,0.37812936,0.110197365,-0.0603877,0.37847394,0.37847394,0.05098684,-0.098450065,economy_welfare,0.042763174,0.22695492,0.12538631,0.10406688,0.3115316,0.94728357,0.9431384,0.1779894,0.00041165142,0.00033863995,0.0025163612,democracy_institutions
trump3_c003,trump3,trump,en,2017-01-20,inaugural_address,3,17,0.188,80,69,0.56566674,0.56566674,0.89638156,0.06807682,1.4492754,0.48621222,0.48621222,0.56085527,0.008661926,0.0,0.4711573,0.4711573,0.5049342,-0.0002873242,0.0,0.47822157,0.47822157,0.5444079,0.004781693,0.0,0.5346706,0.5346706,0.9259868,0.07515356,0.0,0.47674382,0.47674382,0.37006578,-0.020809263,0.0,0.45256308,0.45256308,0.10361842,-0.063088804,0.0,0.53047633,0.53047633,0.5082237,-4.8696995e-05,0.0,0.4285999,0.4285999,0.40296054,-0.00991717,0.44370997,0.44370997,0.26151314,-0.033214033,democracy_institutions,0.02960527,0.9662357,0.00083446014,0.0101549225,0.51342446,0.8657641,0.93421537,0.0026626128,0.0001465313,0.00045652696,0.04385456,national_identity
trump3_c004,trump3,trump,en,2017-01-20,inaugural_address,4,17,0.25,94,79,0.55789226,0.55789226,0.8700658,0.060302347,3.7974684,0.4647329,0.4647329,0.3963816,-0.012817413,0.0,0.41005212,0.41005212,0.14638157,-0.061392516,0.0,0.42558944,0.42558944,0.13651316,-0.04785043,1.2658228,0.48455116,0.48455116,0.70888156,0.02503413,0.0,0.41341496,0.41341496,0.087171055,-0.084138125,0.0,0.4148463,0.4148463,0.034539472,-0.10080558,0.0,0.48825806,0.48825806,0.25164473,-0.042266965,0.0,0.36298192,0.36298192,0.067434214,-0.07553515,0.374101,0.374101,0.04111842,-0.10282299,national_identity,0.16118425,0.9944987,0.07456762,0.0055495324,0.91949356,0.8629591,0.9992145,0.7998335,0.001006378,0.0023920652,0.38528433,social_solidarity
trump3_c005,trump3,trump,en,2017-01-20,inaugural_address,5,17,0.312,118,104,0.5205072,0.5205072,0.6332237,0.0229173,1.9230769,0.50207984,0.50207984,0.68914473,0.024529546,0.0,0.51520747,0.51520747,0.78453946,0.043762833,0.96153843,0.45279086,0.45279086,0.31085527,-0.020649016,0.0,0.47371614,0.47371614,0.61019737,0.014199108,0.0,0.5212183,0.5212183,0.6957237,0.02366522,0.96153843,0.48169497,0.48169497,0.27796054,-0.033956915,0.0,0.5208957,0.5208957,0.42927632,-0.009629309,2.8846154,0.43345776,0.43345776,0.43585527,-0.005059302,0.4155544,0.4155544,0.12335526,-0.061369598,economy_welfare,0.08881575,0.043650277,0.00017674512,0.004848533,0.002487118,0.01812472,0.8421991,0.05531065,0.00013792372,0.00028406718,0.00072648755,social_solidarity
trump3_c006,trump3,trump,en,2017-01-20,inaugural_address,6,17,0.375,136,114,0.5102763,0.5102763,0.56085527,0.012686402,1.754386,0.52196944,0.52196944,0.8305921,0.04441914,0.877193,0.45517856,0.45517856,0.40625,-0.016266078,1.754386,0.48252672,0.48252672,0.58388156,0.009086847,1.754386,0.4513771,0.4513771,0.45230263,-0.008139938,0.0,0.46122164,0.46122164,0.25493422,-0.036331445,0.0,0.5343192,0.5343192,0.6299342,0.01866734,0.0,0.4654876,0.4654876,0.13651316,-0.06503743,0.0,0.46517202,0.46517202,0.70230263,0.026654959,0.44892305,0.44892305,0.31085527,-0.02800095,security_military,0.2006579,0.9983158,0.974893,0.033281796,0.98215127,0.0751764,0.5865228,0.064594455,0.00017298902,0.90308076,0.035360735,national_identity
trump3_c007,trump3,trump,en,2017-01-20,inaugural_address,7,17,0.438,91,79,0.48201355,0.48201355,0.38651314,-0.015576363,0.0,0.4279703,0.4279703,0.11677632,-0.049580008,0.0,0.47174054,0.47174054,0.5082237,0.00029590726,0.0,0.45379645,0.45379645,0.32072368,-0.019643426,2.5316455,0.38276225,0.38276225,0.05098684,-0.07675478,0.0,0.44170767,0.44170767,0.1825658,-0.05584541,0.0,0.455462,0.455462,0.1299342,-0.060189873,0.0,0.45898134,0.45898134,0.12335526,-0.07154369,1.2658228,0.38097998,0.38097998,0.12664473,-0.05753708,0.386521,0.386521,0.067434214,-0.09040299,economy_welfare,0.12171057,0.8334602,0.12220859,0.9948001,0.7759446,0.012100386,0.86532366,0.086864166,0.0014103586,0.00024826112,0.007018599,economy_welfare
trump3_c008,trump3,trump,en,2017-01-20,inaugural_address,8,17,0.5,83,70,0.5023232,0.5023232,0.5049342,0.0047332942,0.0,0.4756457,0.4756457,0.50164473,-0.0019046068,0.0,0.47050756,0.47050756,0.49835527,-0.0009370744,2.857143,0.5333383,0.5333383,0.8996711,0.059898436,2.857143,0.47612292,0.47612292,0.64638156,0.016605884,0.0,0.42608222,0.42608222,0.12664473,-0.07147086,1.4285715,0.4532544,0.4532544,0.120065786,-0.06239748,0.0,0.50259644,0.50259644,0.32072368,-0.02792859,0.0,0.4452742,0.4452742,0.5575658,0.00675714,0.44872922,0.44872922,0.30756578,-0.028194785,foreign_policy,0.25328952,0.99926496,0.010228809,0.7510552,0.8703564,0.9672868,0.9196786,0.019719128,0.0009057335,0.00036188282,0.11631158,national_identity
trump3_c009,trump3,trump,en,2017-01-20,inaugural_address,9,17,0.562,96,82,0.5610926,0.5610926,0.8799342,0.0635027,0.0,0.6118847,0.6118847,0.99835527,0.13433442,0.0,0.5312979,0.5312979,0.84375,0.059853286,3.6585367,0.5184622,0.5184622,0.83388156,0.04502231,1.2195122,0.48449337,0.48449337,0.7055921,0.024976343,0.0,0.5024655,0.5024655,0.54111844,0.004912406,0.0,0.56977737,0.56977737,0.84703946,0.054125488,0.0,0.5083059,0.5083059,0.36677632,-0.022219121,0.0,0.5352918,0.5352918,0.97861844,0.09677473,0.4921462,0.4921462,0.58388156,0.015222192,security_military,0.11842108,0.9979771,0.9951843,0.84727407,0.9965837,0.961171,0.9982658,0.98704207,0.32124704,0.6627419,0.031514283,social_solidarity
trump3_c010,trump3,trump,en,2017-01-20,inaugural_address,10,17,0.625,92,85,0.5291252,0.5291252,0.68585527,0.031535298,4.7058825,0.49968413,0.49968413,0.66611844,0.022133827,0.0,0.5856625,0.5856625,0.96546054,0.11421785,0.0,0.5556961,0.5556961,0.95888156,0.08225626,1.1764706,0.4703561,0.4703561,0.58388156,0.010839075,0.0,0.50807506,0.50807506,0.59375,0.010521978,0.0,0.5116065,0.5116065,0.44901314,-0.0040453672,1.1764706,0.52075803,0.52075803,0.42269737,-0.009766996,0.0,0.419824,0.419824,0.35032895,-0.01869306,0.45801133,0.45801133,0.38322368,-0.018912673,economy_welfare,0.006578982,0.86130506,0.004223366,0.039899886,0.858576,0.6603093,0.99679005,0.037361998,0.29163608,0.0005193049,0.51543695,social_solidarity
trump3_c011,trump3,trump,en,2017-01-20,inaugural_address,11,17,0.688,99,89,0.52243084,0.52243084,0.65296054,0.024840921,1.1235955,0.49554038,0.49554038,0.63980263,0.017990083,1.1235955,0.45343095,0.45343095,0.38980263,-0.018013686,0.0,0.5244591,0.5244591,0.8667763,0.05101925,2.247191,0.45622516,0.45622516,0.48519737,-0.0032918751,0.0,0.47853994,0.47853994,0.38322368,-0.019013137,0.0,0.49559957,0.49559957,0.3536184,-0.020052314,0.0,0.5046834,0.5046834,0.34703946,-0.025841653,0.0,0.44766706,0.44766706,0.5707237,0.009149998,0.44834685,0.44834685,0.2911184,-0.028577149,foreign_policy,0.21381575,0.9997556,0.8199834,0.00083446025,0.9657222,0.7210685,0.9984603,0.95091486,0.00045297577,0.16066068,0.99755615,national_identity
trump3_c012,trump3,trump,en,2017-01-20,inaugural_address,12,17,0.75,106,91,0.58085614,0.58085614,0.9621711,0.08326623,2.1978023,0.5437682,0.5437682,0.9259868,0.06621793,1.0989012,0.44231927,0.44231927,0.30098686,-0.029125363,0.0,0.45723632,0.45723632,0.35032895,-0.016203552,0.0,0.47443017,0.47443017,0.6167763,0.014913142,1.0989012,0.5233991,0.5233991,0.7055921,0.025846034,2.1978023,0.4873296,0.4873296,0.31414473,-0.02832228,0.0,0.4430903,0.4430903,0.067434214,-0.08743474,0.0,0.49733427,0.49733427,0.8865132,0.058817208,0.49991566,0.49991566,0.6299342,0.022991657,national_identity,0.03618425,0.9994472,0.9967333,0.00012436225,0.6222298,0.1325707,0.99792916,0.056913935,8.7503e-05,0.00065637287,0.9986303,national_identity
trump3_c013,trump3,trump,en,2017-01-20,inaugural_address,13,17,0.812,80,71,0.5175782,0.5175782,0.6167763,0.019988269,1.4084507,0.46780926,0.46780926,0.42927632,-0.009741038,0.0,0.47992256,0.47992256,0.56085527,0.008477926,0.0,0.4562632,0.4562632,0.34046054,-0.017176658,0.0,0.46071833,0.46071833,0.51480263,0.0012013018,0.0,0.41259927,0.41259927,0.0805921,-0.084953815,0.0,0.4794104,0.4794104,0.25493422,-0.03624147,0.0,0.5237112,0.5237112,0.46546054,-0.006813824,0.0,0.42496938,0.42496938,0.37006578,-0.013547689,0.43343985,0.43343985,0.21875,-0.04348415,national_identity,0.055921018,0.99512786,0.7466935,0.4320634,0.92103857,0.9964412,0.99927914,0.84587884,0.028836705,0.00037118542,0.21378721,social_solidarity
trump3_c014,trump3,trump,en,2017-01-20,inaugural_address,14,17,0.875,86,73,0.5672575,0.5672575,0.90296054,0.06966761,1.369863,0.5245945,0.5245945,0.84375,0.047044188,0.0,0.48433584,0.48433584,0.60361844,0.012891203,0.0,0.44824153,0.44824153,0.28453946,-0.02519834,0.0,0.4371069,0.4371069,0.3305921,-0.022410125,0.0,0.45867488,0.45867488,0.2450658,-0.038878202,0.0,0.5570333,0.5570333,0.77138156,0.04138142,1.369863,0.52750605,0.52750605,0.49506578,-0.0030189753,0.0,0.47111273,0.47111273,0.7549342,0.032595664,0.4495983,0.4495983,0.32072368,-0.02732569,national_identity,0.05921054,0.20391554,0.3788396,0.04958902,0.97830194,0.0047644526,0.766687,0.82153684,0.6991517,0.026056305,0.005463965,foreign_policy
trump3_c015,trump3,trump,en,2017-01-20,inaugural_address,15,17,0.938,108,94,0.5555821,0.55558217,0.86019737,0.05799219,0.0,0.4670139,0.46701384,0.42269737,-0.010536402,1.0638298,0.38914114,0.38914108,0.08388158,-0.082303494,0.0,0.3985507,0.39855066,0.077302635,-0.07488918,0.0,0.41956955,0.4195695,0.24177632,-0.03994748,1.0638298,0.4613793,0.46137914,0.25822368,-0.03617379,0.0,0.39018163,0.39018166,0.011513158,-0.12547025,0.0,0.39442343,0.3944233,0.014802632,-0.1361016,0.0,0.38720492,0.3872049,0.14967105,-0.05131215,0.41190088,0.41190088,0.11677632,-0.065023124,national_identity,0.4375,0.9968703,0.95943314,0.00017571275,0.2257578,0.0032666996,0.9989738,0.5541086,0.00013792371,0.0056748763,0.077657446,social_solidarity
trump3_c016,trump3,trump,en,2017-01-20,inaugural_address,16,17,1.0,129,105,0.5739058,0.57390594,0.9194079,0.07631591,0.0,0.51964056,0.51964056,0.8207237,0.042090267,0.0,0.45294833,0.4529484,0.38651314,-0.018496305,0.0,0.481327,0.481327,0.5707237,0.007887125,0.0,0.45732862,0.45732856,0.49506578,-0.0021884143,0.0,0.51355445,0.51355445,0.62664473,0.016001374,2.857143,0.5121138,0.51211387,0.4588816,-0.003538072,0.0,0.4813125,0.48131245,0.21546052,-0.049212515,0.0,0.44427246,0.44427258,0.5444079,0.0057553947,0.47811365,0.47811353,0.5082237,0.0011896491,national_identity,0.09868419,0.99976313,0.7651549,0.5602677,0.9332941,0.07052759,0.9991785,0.64274085,0.0004373344,0.0012303584,0.98406297,national_identity
