chunk_id,speech_id,leader,language,speech_date,speech_type,source,chunk_index,n_chunks_in_speech,relative_position,chunk_text,token_count,word_count,paragraph_indices,is_short
erdogan1_c000,erdogan1,erdogan,tr,,symposium_speech,,0,13,0.0,"Değerli kardeşlerim Türkiye'nin tam da Cumhurbaşkanlığı sistemine geçmek için tarihi karar arefesinde olduğu bir dönemde tertip edilen bu sempozyum için Seta yöneticilerini tebrik ediyorum.

Her ülke kendi şartlarına özgü bir yönetim biçimine sahiptir ülkemize baktığımızda son 200 yü yılda çok farklı tecrubeleri ardı ardına yaşadığımıza şahit oluyoruz.",110,47,0;1,False
erdogan1_c001,erdogan1,erdogan,tr,,symposium_speech,,1,13,0.083,"Kardeşlerim bu süreçte ülkemiz savaşlar erimiş küçülmüş çok ağır bedeller ödemiştir Çanakkale Zaferi artık Bıçağın kemiğe dayandığı noktayı ifade eder Çanakkale'den aldığımız ilham ve güçle Kurtuluş savaşımızı verdik.

Avrupa ülkeleri monarşi ile Demokrasiyi birlikte yaşatma yoluna giderken biz hanedanı ülke dışına çıkartıp Cumhuriyeti ilan ettik önce tek partili buraya dikkat edelim ardından da çok partili bir hükümet sistemiyle ülkemiz bugünlere kadar geldi.",150,62,2;3,False
erdogan1_c002,erdogan1,erdogan,tr,,symposium_speech,,2,13,0.167,"Çok partili siyasi hayata geçtiğimiz 1950 yılından sonra demokrasimizi hep darbeler ve Vesayet yönetimlerinin gölgesi altında ayakta tutmaya çalıştık.

Bu çarpıklıklar en önemli sonucu istikrar ve güven ortamının sürekli tehdid altında olmasıdır siyasi istikrarsızlık beraberinde ekonomik ve sosyal sorunları da getirmektedir.",106,41,4;5,False
erdogan1_c003,erdogan1,erdogan,tr,,symposium_speech,,3,13,0.25,Son 200 yıllık arayışlarımız cumhuriyet dönemindeki tecrübelerimiz ve özellikle son yıllarda yaşadıklarımız bize bir gerçeği gösteriyor şayet ülke ve millet olarak hedeflerimize ulaşmak istiyorsak Öncelikle güçlü Etkin yetki ve sorumluluk sahibinin tam olarak belli olduğu bir yönetim sistemine ihtiyacımız vardır.,88,40,6,False
erdogan1_c004,erdogan1,erdogan,tr,,symposium_speech,,4,13,0.333,"Esasen Bugün üzerinde konuştuğumuz Cumhurbaşkanlığı sistemi konusu öyle bir anda bir günde bir yılda ortaya çıkmış değildir gerisinde işte böylesine Derin ve düşündürücü bir arka plan vardır.

Tartıştığımız sistem Türkiye'nin ve Türk milletinin Asırlardır devam eden Beka sorununun en doğru çözüm yol mesele budur.",95,44,7;8,False
erdogan1_c005,erdogan1,erdogan,tr,,symposium_speech,,5,13,0.417,Bütün bu tecrübeleri yaşanmış Olduğumuz bu olayları tarihi okumaları bir araya getirdiğimizde ülkemizin Yeni anayasaya ve onunla birlikte yeni bir yönetim sistemine olan ihtiyacı gün gibi ortaya çıkıyor kardeşlerim görüldüğü gibi Bugün üzerinde konuştuğumuz Cumhurbaşkanlığı sisteminin rejimle ne tek adamlıkla ne şahsilik le bir ilgisi vardır.,107,46,9,False
erdogan1_c006,erdogan1,erdogan,tr,,symposium_speech,,6,13,0.5,"Mesele ülke ve millet olarak geçmişte yaşadığımız tecrübeler ışığında kendimize çok daha güçlü çok daha dirençli hedeflerimizi gerçekleştirmeye çok daha uygun bir yönetim sistemi kurma çabasıdır.

Cumhurbaşkanlığı sisteminin en büyük güvencesi gerçek anlamda demokratik olmasıdır bu sistemde milletimizin yarısından fazlasının teveccühüne Mazar olamayan hiç kimsenin ülkeyi yönetme ihtimali yoktur.",117,49,10;11,False
erdogan1_c007,erdogan1,erdogan,tr,,symposium_speech,,7,13,0.583,"Biz burada bir sistem mücadelesini veriyoruz olay bir sistem mücadelesidir Erdoğan'dan sonrası ne olacak millet ne derse o olacak Allah ne derse o olacak.

Daha da önemlisi Türkiye bu sisteme doğru ilk adımlarını zaten atmış başarıyla da neticelendirmek 2007 yılındaki anayasa değişikliğinden söz ediyorum.",92,44,12;13,False
erdogan1_c008,erdogan1,erdogan,tr,,symposium_speech,,8,13,0.667,"Dolayısıyla anayasa değişikliğiyle konuyu şahsileştirmek yönetimi bir sisteme bağlıyoruz.

Kardeşlerim ruh olmayınca beden cesettir Bu konuda da milletimize işin ruhunu özünü esasını anlatmazsa tek başına anayasa değişikliği hükümleri kuru hukuki ifadelerden ibaret kalır.",93,33,14;15,False
erdogan1_c009,erdogan1,erdogan,tr,,symposium_speech,,9,13,0.75,"İşte bu anlayışta halk oylaması tarihine kadar 16 Nisan'a kadar Cumhurbaşkanlığı hükümeti sistemine Evet diyenler olarak ülkemizi karış karış gezip tüm iletişim imkanlarını kullanıp yeni sistemi anlatmalıyız.

Niye tek millet için Evet tek bayrak için evet tek vatan için Evet tek devlet için Evet.",91,44,16;17,False
erdogan1_c010,erdogan1,erdogan,tr,,symposium_speech,,10,13,0.833,"Cumhurbaşkanlığı sisteminin özü yönetimin doğrudan millete veriliyor olmasıdır.

Yürütme görevini ifa edecek olan Cumhurbaşkanı gücünü aldığı Millete karşı sorumlu olacağı için attığı her adımda gözü kamuoyunun üzerinde olmak zorundadır.

Biz ne dedik Bizimki Türk tipi bir Cumhurbaşkanlığı sistemi olacak aynısı olmak durumunda değiliz.",104,43,18;19;20,False
erdogan1_c011,erdogan1,erdogan,tr,,symposium_speech,,11,13,0.917,"Cumhurbaşkanı yani Başkan yürütmeyi o temsil edecek kabinesini kuracak yeri geldiğinde görevden alacak atamasını yapacak ama hesabını da kime verecek millete verecek millete verecek.

Yürütmenin halihazırda iki olan başı yani cumhurbaşkanı ve başbakan Artık tek isimde birleşiyor Böylece milletimiz yetkiyi kime verdiğini sorumluluğu kimin üstlendiğini Dolayısıyla gerektiğinde kimden hesap soracağını başından biliyor.",132,52,21;22,False
erdogan1_c012,erdogan1,erdogan,tr,,symposium_speech,,12,13,1.0,"Yasama organı ve orada görev yapan milletvekilleri yeni sistemde sadece Asli işlerine odaklanacak lardır.

Yürütme ile yasamayı kesin hatlarıyla ayıran yeni sistemle birlikte tüm milletvekilleri meclis çalışmalarına yoğunlaşacak lardır.",75,29,23;24,True
erdogan2022_c000,erdogan2022,erdogan,tr,2022-12-31,new_year_message,,0,18,0.0,"Aziz Milletim,

Hepinizi en kalbi duygularımla, muhabbetle selamlıyorum.

Bugün sadece bir yılı bitirip, yeni bir yılı karşılamakla kalmıyor, aynı zamanda Cumhuriyetimizin ilk yüzyılını geride bırakıp yeni yüzyılına adım atacağımız bir döneme giriyoruz.",85,32,0;1;2,False
erdogan2022_c001,erdogan2022,erdogan,tr,2022-12-31,new_year_message,,1,18,0.059,"Milli mücadelenin 100’üncü yıl anmalarına, 2019’da Samsun’la başladık.

Esasen, Cumhuriyetin ilanına kadar geçen 4 yıllık dönemdeki her 100’üncü yıl anmasını, hep beraber coşkulu bir şekilde yaşamayı ümit ediyorduk.",82,28,3;4,False
erdogan2022_c002,erdogan2022,erdogan,tr,2022-12-31,new_year_message,,2,18,0.118,"Bunun için çok ciddi hazırlıklar da yapmıştık.

Ancak, kovid-19 salgını çerçevesinde uygulanan tedbirler, bizi bu dönemi daha sade anma törenleriyle geçirmeye mecbur bıraktı.

Öyle ki, Büyük Millet Meclisinin açılışının 100’üncü yılında dahi tebrik mesajlarıyla yetinmek durumunda kaldık.",102,37,5;6;7,False
erdogan2022_c003,erdogan2022,erdogan,tr,2022-12-31,new_year_message,,3,18,0.176,"Hamdolsun bu sıkıntılı günleri geride bıraktık.

Cumhuriyetimizin kuruluşunun 100’üncü yılının sevincini, inşallah, 29 Ekim 2023’te hayal ettiğimiz şekilde coşkuyla yaşayabileceğiz.

Ayrıca 2023, milletimize 12 yıl önce verdiğimiz bir sözün de miladıdır.",97,31,8;9;10,False
erdogan2022_c004,erdogan2022,erdogan,tr,2022-12-31,new_year_message,,4,18,0.235,"Ülkemizin en iddialı demokrasi ve kalkınma vizyonlarından biri olan 2023 hedeflerimizi milletimizin takdirine sunup onayını aldığımız 2011 seçimlerinden beri, bu sözümüzü yerine getirmek için gece gündüz çalıştık.

Türkiye’nin 2023 hedeflerini ilan etmesinden hemen sonra başlayan ve bugüne kadar kesintisiz süren hadiseler, bir yönüyle de, bu adımla ne kadar çok güç odağını ürküttüğümüzün ifadesidir.",143,53,11;12,False
erdogan2022_c005,erdogan2022,erdogan,tr,2022-12-31,new_year_message,,5,18,0.294,"Her ikisi de 2013’te yaşanan Gezi olaylarından 17-25 emniyet-yargı darbe girişimine…

PKK’nın çukur eylemlerinden DEAŞ’ın sınırlarımızı tacizine…

15 Temmuz 2016’daki darbe teşebbüsünden 2018’de ekonomimizi hedef alan uluslararası sabotaja kadar…",100,29,13;14;15,False
erdogan2022_c006,erdogan2022,erdogan,tr,2022-12-31,new_year_message,,6,18,0.353,"Dört bir yandan sayısız saldırıya maruz kaldığımız bu kritik dönemde, verdiğimiz çok yönlü mücadele yanında, 2023 hedeflerimizden de asla geri adım atmadık.

Tam tersine;

Milli birlik ve beraberliğimizi güçlendirerek…

Terörle mücadele stratejimizi tehditleri kaynağında yok etme yönünde genişleterek…",96,38,16;17;18;19,False
erdogan2022_c007,erdogan2022,erdogan,tr,2022-12-31,new_year_message,,7,18,0.412,"Teröristleri açtıkları çukurlara gömerek…

Darbecilerin başını ezerek…

Ekonomik tetikçileri kendi programlarımızla hüsrana uğratarak…

Küresel krizleri fırsata dönüştürmek için ülkemizin kaynaklarını tam kapasite harekete geçirerek…

Velhasıl beraberce var gücümüzle mücadele ederek, 2023 hedeflerimizin kılavuzluğunda yolumuza hep devam ettik.",116,37,20;21;22;23;24,False
erdogan2022_c008,erdogan2022,erdogan,tr,2022-12-31,new_year_message,,8,18,0.471,"Hiç şüphesiz, 2021’in son aylarında başlayıp 2022 boyunca süren ekonomik sıkıntılar, hepimizin canını sıkmıştır.

Küresel salgını ve arkasından başlayan Rusya-Ukrayna savaşının yol açtığı ekonomik sarsıntıyı kaldırmakta zorlanan dünyadaki olumsuz gelişmeler, ister istemez bizi de etkilemiştir.",109,35,25;26,False
erdogan2022_c009,erdogan2022,erdogan,tr,2022-12-31,new_year_message,,9,18,0.529,"Ancak bu süreçte Türkiye’yi, gelişmiş ülkeler başta olmak üzere dünyadan ayıran en önemli özellik, istihdamdan ve üretimden taviz vermeyen ekonomi modeli olmuştur.

Evet, bu ülkede bir hayat pahalılığı yaşanmıştır.

Ama vicdan sahibi herkes kabul edecektir ki, aynı zamanda bu ülke tarihinin en yüksek istihdam oranına, en yüksek üretim gücüne, en yüksek ihracat rakamına da aynı dönemde ulaşmıştır.",115,57,27;28;29,False
erdogan2022_c010,erdogan2022,erdogan,tr,2022-12-31,new_year_message,,10,18,0.588,"Bir başka ifadeyle, biz milletimizi hayat pahalılığı karşısında yalnız bırakmadık, kendi kaderine terk etmedik.

Bunun yerine;

İstihdamı artırarak herkesin gelir sahibi olmasını sağladık…

Çalışanların refah kayıplarını yüksek oranlı artışlarla telafi etmeye çalıştık…",85,32,30;31;32;33,False
erdogan2022_c011,erdogan2022,erdogan,tr,2022-12-31,new_year_message,,11,18,0.647,"Çarkların durmaması için sanayi ve ticaret erbabını sürekli destekledik.

Şayet bugün Türkiye, yaşadığı onca saldırıya, dünyayı kasıp kavuran onca krize rağmen hala dimdik ayaktaysa, bunu verdiğimiz kararlı mücadeleye, uyguladığımız özgün siyaset ve ekonomi politikasına borçludur.",92,35,34;35,False
erdogan2022_c012,erdogan2022,erdogan,tr,2022-12-31,new_year_message,,12,18,0.706,"Uluslararası krizlerde sağduyulu, soğukkanlı, barış ve itidal yanlısı tutumuyla, müzmin hasımları dahil herkesin saygısını kazanan Türkiye gerçeğini kimse inkar edemez.

Dünya enerji kriziyle boğuşurken, bizim kendi keşiflerimizle, uluslararası tedarik ve ticaret hatlarının merkezi haline gelen konumumuzla, biz kendimizi farklı bir yere taşıdık.",115,42,36;37,False
erdogan2022_c013,erdogan2022,erdogan,tr,2022-12-31,new_year_message,,13,18,0.765,"Terör örgütlerinin şehirlerimizi hedef alan eylemlerinin ülkemize yönelik şantaj aracı haline getirildiği günlerden, sınırımızın onlarca, bazen yüzlerce kilometre ötesinde operasyonlar yürütebildiğimiz bir seviyeye geldik.

Ülkemizin neresine gidersek gidelim yüzlerce fabrikanın inşaatının yükseldiğini, açılışının yapıldığını, yurt içine ve dışına harıl harıl mal sevk edildiğini görüyoruz.",131,44,38;39,False
erdogan2022_c014,erdogan2022,erdogan,tr,2022-12-31,new_year_message,,14,18,0.824,"Turizmde kayıplarımızı telafi etmekle kalmayıp, tarihimizin en yüksek gelir seviyesine ulaştığımız bir sezonu bitiriyoruz.

Hangi alana bakarsanız bakın benzer fotoğraflar göreceksiniz.

Altını çizerek tekrar ifade etmek isterim ki, 2022’yi de, tıpkı son 20 yılımız gibi sıkıntılarımızdan daha büyük kazançlarımızla kapattık.",116,40,40;41;42,False
erdogan2022_c015,erdogan2022,erdogan,tr,2022-12-31,new_year_message,,15,18,0.882,"İnşallah 2023’te ülkemizde, Türkiye Yüzyılı vizyonumuzla, Cumhuriyetimizin yeni asrına yakışır çok daha büyük bir atılımı başlatacağız.

Artık hedefimiz, küresel siyasi ve ekonomik ligin en üst dilimine girmek değildir.",81,28,43;44,False
erdogan2022_c016,erdogan2022,erdogan,tr,2022-12-31,new_year_message,,16,18,0.941,"Hedefimiz, en üst dilimin de ilk sıralarında yer alacak siyasi ve ekonomik güce kavuşmaktır.

Geçtiğimiz 20 yılda ülkemize kazandırdığımız demokrasi ve kalkınma altyapısını, bu büyük hamlenin temeli, başlangıcı, besmelesi olarak görüyoruz.",86,31,45;46,False
erdogan2022_c017,erdogan2022,erdogan,tr,2022-12-31,new_year_message,,17,18,1.0,"Yani, yeni başlıyoruz.

Amacımız, bu başlangıcı en iyi ve etkin şekilde yaparak, gençlerimize Türkiye Yüzyılını, hedeflerimize, hayallerimize, medeniyet ve tarih mirasımıza uygun şekilde başarıya ulaştırabilecekleri bir ülke bırakmaktır.

Bu duygularla geride bıraktığımız 2022’yi uğurluyor, 2023’te milletimizin her bir ferdine ve tüm insanlığa barış, huzur, refah, esenlik dolu bir yıl diliyorum.

Allah’a emanet olun.

Kalın sağlıcakla…",154,55,47;48;49;50;51,False
erdogan2023_c000,erdogan2023,erdogan,tr,2023-12-31,new_year_message,,0,19,0.0,"Aziz Milletim,

Hepinizi en kalbi duygularımla, muhabbetle selamlıyorum.

Bu gece 2023 yılını tamamlıyor, 2024 yılına adım atıyoruz.

Yeni takvim yılının, ülkemiz, milletimiz ve tüm insanlık için hayırlara vesile olmasını diliyorum.",82,30,0;1;2;3,False
erdogan2023_c001,erdogan2023,erdogan,tr,2023-12-31,new_year_message,,1,19,0.056,"Aslında her yeni yılın; sevinçle, umutla ve heyecanla karşılanması gerektiğine inanıyoruz.

Ancak, bu yeni yıla, hem bölgemizdeki ve dünyadaki olumsuzluklar, hem de geçtiğimiz günlerde verdiğimiz şehitlerimiz sebebiyle, buruk bir şekilde giriyoruz.",86,31,4;5,False
erdogan2023_c002,erdogan2023,erdogan,tr,2023-12-31,new_year_message,,2,19,0.111,"İnsanlığın tamamı için daha güzel, daha huzurlu, daha müreffeh bir gelecek umudumuzu elbette muhafaza ediyoruz.

Bunun için önce, sözde demokrat ve özgürlükçü ülkelerin eli kanlı terör örgütlerine verdikleri destekleri kestiğini görmemiz gerekiyor.",82,32,6;7,False
erdogan2023_c003,erdogan2023,erdogan,tr,2023-12-31,new_year_message,,3,19,0.167,"Bunun için önce, Gazze’de masum çocukların, kadınların katledilmesine karşı tüm ülkelerin ve kurumların ortak tavır aldığını görmemiz gerekiyor.

Bunun için önce, Rusya-Ukrayna savaşı başta olmak üzere, bireyleri acıya boğan ve ülkelerin kaynaklarını heba eden çatışmaların durdurulması için adil ve samimi çaba gösterildiğini görmemiz gerekiyor.",113,44,8;9,False
erdogan2023_c004,erdogan2023,erdogan,tr,2023-12-31,new_year_message,,4,19,0.222,"Bunun için önce, asırlardır sömürülen ve onurları çiğnenen toplumların zenginliklerinin kendi gelecekleri, refahları, güvenlikleri için kullanıldığını görmemiz gerekiyor.

Velhasıl, umutları fiiliyata dönüştürmek için dünyadaki tüm ülkelerin, kurumların, fertlerin ortak değerler ve ilkeler etrafında bütünleşmesini temin etmemiz gerekiyor.",111,37,10;11,False
erdogan2023_c005,erdogan2023,erdogan,tr,2023-12-31,new_year_message,,5,19,0.278,"Türkiye olarak biz, bu dünya fotoğrafında farklı bir yeri, farklı bir misyonu, farklı bir anlayışı temsil ediyoruz.

Devlet ve millet olarak biz, sadece kendi güvenlik ve refah çabamızı neticeye ulaştırma mücadelesi vermekle kalmıyoruz.

Dünyaya ve bölgemize huzur iklimi hâkim olmadan bizim de huzur bulamayacağımız anlayışıyla, herkes için aynı standartları diliyoruz.",115,50,12;13;14,False
erdogan2023_c006,erdogan2023,erdogan,tr,2023-12-31,new_year_message,,6,19,0.333,"Bu anlayışla;

Bölgemizdeki barış çabalarını neticeye ulaştırmaya çalışıyoruz.

Dostlarımızla ilişkilerimizi her alanda geliştiriyoruz.

Kardeşlerimizin dertleriyle dertleniyoruz.

Dünyayı daha iyi, daha adil, daha müreffeh bir geleceğe hazırlamaya dönük her çabaya destek veriyoruz.",98,31,15;16;17;18;19,False
erdogan2023_c007,erdogan2023,erdogan,tr,2023-12-31,new_year_message,,7,19,0.389,"Cumhuriyetimizin ilk asrını bitirip, Türkiye Yüzyılı dediğimiz yeni asrına ayak bastığı bir dönemde, daha büyük hedeflere yönelirken, azmimizi ve gayretimizi sürekli perçinliyoruz.

Zalimin zulmünün ilanihaye sürüp gitmeyeceğine inanıyoruz.",83,28,20;21,False
erdogan2023_c008,erdogan2023,erdogan,tr,2023-12-31,new_year_message,,8,19,0.444,"Adaletsiz ve dengesiz küresel yönetim sisteminin son çırpınışlarını yaşadığına inanıyoruz.

Mazlumların sesinin derinden derine tüm dünyayı sardığına, bu çığlıkların büyüyerek insanlığın ortak vicdanı haline dönüşeceğine inanıyoruz.

Nitekim, Türkiye’nin kendi vatandaşları, dostları ve kardeşleriyle birlikte, insanlığın tamamına hitap eden beyan ve tutumlarının, gönüllerde giderek daha fazla mâkes bulduğunu görüyoruz.",125,48,22;23;24,False
erdogan2023_c009,erdogan2023,erdogan,tr,2023-12-31,new_year_message,,9,19,0.5,"Aziz Milletim…

Elbette bu meşakkatli yolda sürekli yeni sınamalarla, yeni sıkıntılarla, yeni engellerle de karşılaşıyoruz.

Terörle mücadeleden ekonomik tuzaklara kadar pek çok alanda yaşadığımız sorunların temelinde, büyük ve güçlü Türkiye’nin inşasını engelleme amacı vardır.",87,34,25;26;27,False
erdogan2023_c010,erdogan2023,erdogan,tr,2023-12-31,new_year_message,,10,19,0.556,"Ülke olarak biz kendi potansiyelimizi ve imkânlarımızı etkin şekilde kullanmayı sürdürdükçe, bu mücadele daha da sertleşecektir.

Çünkü Türkiye’nin büyümesi demek, asırlardır bizim tökezlememiz sayesinde dört bir yanımızda rahatça at koşturanların hesaplarının bozulması demektir.",89,33,28;29,False
erdogan2023_c011,erdogan2023,erdogan,tr,2023-12-31,new_year_message,,11,19,0.611,"Bizim güçlenmemiz demek, kendi refah ve güvenlikleri için diğer herkesi araç olarak kullananların, sömürenlerin, ezenlerin düzenlerinin sonuna gelinmesi demektir.

Bizim sesimize daha çok kulak verilmesi demek, dünyanın her yerindeki hak, adalet, özgürlük ve vicdan arayışlarının güçlenmesi demektir.",93,37,30;31,False
erdogan2023_c012,erdogan2023,erdogan,tr,2023-12-31,new_year_message,,12,19,0.667,"Milletimiz, tarihinin hiçbir döneminde, kendi hedeflerine ulaşmak için bedel ödemekten, fedakârlık yapmaktan, elini taşın altına koymaktan çekinmedi.

Son 21 yılda yaşadığımız nice kritik hadise karşısında milletimizin sergilediği güçlü duruş, kararlılığın bugün de devam ettiğini gösteriyor.",94,35,32;33,False
erdogan2023_c013,erdogan2023,erdogan,tr,2023-12-31,new_year_message,,13,19,0.722,"Evet, buradan bir kez daha tekrarlamak istiyorum.

Milletimiz birliğine, beraberliğine, kardeşliğine sahip çıktıkça, Allah’ın izniyle bizi kimse bölemeyecektir.

Devletimiz 2023 hedeflerinin bir sonraki safhası olan Türkiye Yüzyılı vizyonunu hayata geçirdikçe, Allah izniyle ayyıldızlı bayrağımızın yükselişi hep sürecektir.",116,37,34;35;36,False
erdogan2023_c014,erdogan2023,erdogan,tr,2023-12-31,new_year_message,,14,19,0.778,"Siyasi, ekonomik, askeri, diplomatik başarılarımızla dostlarımıza güven, düşmanlarımıza korku vermeye devam ettikçe, önümüzdeki sisler giderek dağılacaktır.

Velhasıl biz istiklalimizden ve istikbalimizden taviz vermedikçe, kimse kutlu yürüyüşümüzün önüne geçemeyecektir.",94,28,37;38,False
erdogan2023_c015,erdogan2023,erdogan,tr,2023-12-31,new_year_message,,15,19,0.833,"Geçmişte, emperyalistlerin birer aracı olarak başımıza musallat edilen vesayet güçleriyle, darbecilerle, terör örgütleriyle, siyasi ve sosyal mühendislik projeleriyle çok vakit, çok enerji, çok insan kaybettik.

Artık bu numaralara karnımız tok olduğu gibi, böyle ağır faturalar ödemeye niyetimiz de yok.",98,39,39;40,False
erdogan2023_c016,erdogan2023,erdogan,tr,2023-12-31,new_year_message,,16,19,0.889,"Ülkemizi kendi iç mücadeleleriyle meşgul ederek, tarihi mirasından ve sahip olması gereken imkânlardan mahrum edenlerle yollarımızı ayıralı çok oldu.

Her fırsatta tekrarladığımız, “TEK MİLLET, TEK BAYRAK, TEK DEVLET, TEK VATAN” düsturumuzun anlamı işte budur.",98,34,41;42,False
erdogan2023_c017,erdogan2023,erdogan,tr,2023-12-31,new_year_message,,17,19,0.944,"İnşallah 2024, darbe girişimiyle başlayıp kKovid-19 salgınıyla büyüyen, bölgemizdeki çatışmalarla derinleşen sıkıntılı dönemden kurtulup, hedeflerimize kilitlendiğimiz bir yıl olacaktır.

Küresel krizlerin artarak sürdüğü bir dönemde, biz farkımızı bir kez daha göstererek, üreten, istihdam eden, büyüyen, gelişen Türkiye’nin yıldızını yükselteceğiz.",125,39,43;44,False
erdogan2023_c018,erdogan2023,erdogan,tr,2023-12-31,new_year_message,,18,19,1.0,"Evet, 2023 hedefleri başlangıçtı; asıl çıkışımızı Türkiye Yüzyılıyla, 2024’le birlikte başlatıyoruz.

Bu mücadeleyi de, sizlerin desteğiyle zafere ulaştıracağımıza yürekten inanıyoruz.

Bu duygularla bir kez daha yeni takvim yılının milletimizin tüm fertlerine ve insanlığa hayırlı olmasını diliyorum.

Hepinizi sevgiyle, saygıyla selamlıyorum.

Kalın sağlıcakla…",126,42,45;46;47;48;49,False
erdogan2024_c000,erdogan2024,erdogan,tr,2024-12-31,new_year_message,,0,16,0.0,"Aziz Milletim…

Hepinizi en kalbi duygularımla, muhabbetle selamlıyorum.

Bugün 2024’e veda ediyor; yeni umut, beklenti ve hayallerle 2025 senesini karşılıyoruz.

Öncelikle yeni miladi yılın ülkemiz, milletimiz, gönül coğrafyamız ve tüm insanlık için hayırlara vesile olmasını Rabbimden niyaz ediyorum.",112,38,0;1;2;3,False
erdogan2024_c001,erdogan2024,erdogan,tr,2024-12-31,new_year_message,,1,16,0.067,"Geçtiğimiz yıl boyunca istiklal ve istikbalimiz uğrunda toprağa düşen tüm şehitlerimizi rahmetle yad ediyor, gazilerimize şükranlarımı sunuyorum.

Millet olarak, 2025 yılında birliğimizi, beraberliğimizi, dayanışmamızı inşallah daha da güçlendirecek, birbirimize daha sıkı kenetleneceğiz.",106,32,4;5,False
erdogan2024_c002,erdogan2024,erdogan,tr,2024-12-31,new_year_message,,2,16,0.133,"Geride bıraktığımız 2024 senesi, ülkemiz içinde ve bölgemizde pek çok kritik gelişmeye sahne oldu.

Mahallî İdareler Seçimlerini, tam bir demokrasi şöleni havasında, Türk demokrasisinin olgunluğunu tüm dünyaya yeniden gösterdiğimiz bir iklimde, hamdolsun, başarıyla gerçekleştirdik.",98,34,6;7,False
erdogan2024_c003,erdogan2024,erdogan,tr,2024-12-31,new_year_message,,3,16,0.2,"Milletimizin iradesi sandıkta özgürce tecelli ederken, kazanan demokrasimizle birlikte yine 85 milyon vatandaşımızın tamamı oldu.

Tercihleri ne olursa olsun, seçim sandıklarını birer bayram yerine çeviren vatandaşlarıma bugün bir kez daha teşekkür ediyorum.",85,32,8;9,False
erdogan2024_c004,erdogan2024,erdogan,tr,2024-12-31,new_year_message,,4,16,0.267,"Seçimlere ve bölgemizde patlak veren yeni krizlere rağmen, kararlılıkla uyguladığımız ekonomi programımızın meyvelerini toplamaya başladık.

İstihdamda, ihracatta, üretimde, turizmde, savunma sanayiinde ve diğer alanlarda çok önemli başarılara imza attık.",93,29,10;11,False
erdogan2024_c005,erdogan2024,erdogan,tr,2024-12-31,new_year_message,,5,16,0.333,"Deprem bölgemizi yeniden ayağa kaldırma çalışmalarımızda ciddi mesafe kat ettik; yeni yılda bu çalışmalar daha da hızlanacak.

Enflasyondaki düşüşün, özellikle yılın son aylarında artarak devam etmesi, 2025 yılı hedeflerimize ulaşacağımızı teyit ediyor.",82,32,12;13,False
erdogan2024_c006,erdogan2024,erdogan,tr,2024-12-31,new_year_message,,6,16,0.4,"Vatandaşımızın refah kaybını telafi edecek, alım gücünü artıracak politikalara ağırlık vermek suretiyle, inşallah daha iyi yerlere geleceğiz.

Konut, kira ve gıda başta olmak üzere, fahiş fiyatlarla milletin ekmeğine göz diken fırsatçılarla mücadelemizi 2025 senesinde de kararlılıkla devam ettireceğiz.",110,38,14;15,False
erdogan2024_c007,erdogan2024,erdogan,tr,2024-12-31,new_year_message,,7,16,0.467,"Vatandaşlarımdan, geçmişte Türkiye’ye çok ağır faturalar ödetmiş popülist söylemlere prim vermemelerini özellikle istirham ediyorum.

Son 22 yılda bu ülkenin ve milletin tüm meselelerini nasıl biz çözdüysek, ekonomideki konjonktürel sıkıntıların üstesinden de yine biz geleceğiz.",93,34,16;17,False
erdogan2024_c008,erdogan2024,erdogan,tr,2024-12-31,new_year_message,,8,16,0.533,"Doğru yoldayız; Allah’ın izniyle hedeflerimize de ulaşacağız.

Sizlerden sadece biraz daha sabır, metanet ve anlayış istiyoruz.

Aziz Milletim…

2024 senesinin son haftaları, köklü tarihi, beşeri ve komşuluk ilişkilerimizin bulunduğu Suriye’de yeni bir dönemin kıvılcımı oldu.",101,35,18;19;20;21,False
erdogan2024_c009,erdogan2024,erdogan,tr,2024-12-31,new_year_message,,9,16,0.6,"Yeni dönemin Suriye’de kalıcı barışa, huzura, istikrara ve ekonomik refaha kapı aralaması için gereken her türlü desteği sağlayacağız.

Suriye’de istikrar ortamı kök saldıkça, inanıyorum ki, 13 yıldır vatan hasreti çeken Suriyeli muhacirlerin gönüllü geri dönüşü de kolaylaşacaktır.",101,37,22;23,False
erdogan2024_c010,erdogan2024,erdogan,tr,2024-12-31,new_year_message,,10,16,0.667,"Bu süre boyunca “Ensar Millet” olmanın en güzel örneklerini sergileyen tüm vatandaşlarımdan “Allah razı olsun” diyorum.

Gazze’deki katliamlara ilk günden itibaren en güçlü tepkiyi veren, vicdanlı ve adaletli duruşunu her platformda ortaya koyan ülke konumundayız.",87,35,24;25,False
erdogan2024_c011,erdogan2024,erdogan,tr,2024-12-31,new_year_message,,11,16,0.733,"Gazze’de ve diğer Filistin topraklarında 15 aydır devam eden katliamların son bulması, burada da barışın tesisi için yoğun gayret sarf ediyoruz.

Başkenti Doğu Kudüs olan, 1967 sınırları temelinde özgür, egemen ve toprak bütünlüğüne sahip bir Filistin Devletinin kurulması için 2025 yılında da tüm gücümüzle çalışacağız.",113,45,26;27,False
erdogan2024_c012,erdogan2024,erdogan,tr,2024-12-31,new_year_message,,12,16,0.8,"Her ikisi de Karadeniz’den komşumuz olan Rusya-Ukrayna arasındaki savaşın, adil bir barışla sona erdirilmesi önceliğimiz olmayı sürdürüyor.

Temennimiz, 2025 yılında kuzeyimizde de yeni bir dönemin başlamasıdır.

Sınırlarımız ötesinde bütün bu diplomatik hamleleri hayata geçirirken, ülkemiz içinde en önemli gündemimiz “iç cephemizin” tahkimatı olacaktır.",118,43,28;29;30,False
erdogan2024_c013,erdogan2024,erdogan,tr,2024-12-31,new_year_message,,13,16,0.867,"Türkiye Yüzyılını, kardeşliğin yüzyılı yapmakta kararlıyız.

Önümüzdeki dönemde “TERÖRSÜZ TÜRKİYE” ve “TERÖRSÜZ BÖLGE” vizyonumuzu gerçeğe dönüştürmek için kararlı adımlar atacağız.

Ülkemizin önünde yeni bir yol açacak bu sürecin suhuletle, karşılıklı iyi niyet ve anlayış içinde yürümesi için her türlü gayreti gösteriyoruz.",117,41,31;32;33,False
erdogan2024_c014,erdogan2024,erdogan,tr,2024-12-31,new_year_message,,14,16,0.933,"Ama gerektiğinde, devletimizin kadife eldiven içindeki demir yumruğunu devreye almaktan da çekinmeyeceğiz.

Bu çerçevede 2025 yılında milletimize inşallah yeni müjdeler vermeyi ümit ve arzu ediyoruz.

Rabbim yar ve yardımcımız olsun.",82,30,34;35;36,False
erdogan2024_c015,erdogan2024,erdogan,tr,2024-12-31,new_year_message,,15,16,1.0,"Rabbim bizleri hizmetkarı olmaktan şeref duyduğumuz aziz milletimize ve umudunu Türkiye’ye bağlamış yüz milyonlarca mazluma mahcup etmesin diyorum.

Bu temennilerle yeni takvim yılının ülkemiz, milletimiz ve tüm insanlık için hayırlar getirmesini diliyor, her birinizi saygıyla selamlıyorum.

Yeni miladi yılınız kutlu olsun.

Kalın sağlıcakla…",114,43,37;38;39;40,False
erdogan2025_c000,erdogan2025,erdogan,tr,2025-12-31,new_year_message,,0,19,0.0,"Aziz Milletim;

Sizleri en kalbî duygularımla, muhabbetle, hürmetle selamlıyorum.

Bugün, 2025’le vedalaşıyor; yepyeni bir heyecanla, yeni ümit ve hedeflerle 2026’ya “merhaba” demeye hazırlanıyoruz.",82,23,0;1;2,False
erdogan2025_c001,erdogan2025,erdogan,tr,2025-12-31,new_year_message,,1,19,0.056,"Yeni takvim yılının ülkemiz, milletimiz, gönül coğrafyamız ve tüm insanlık için hayırlara vesile olmasını diliyorum.

Gerek terör örgütleri, zehir tacirleri ve şehir eşkıyalarıyla mücadelemizde, gerekse devletimizin güvenliği ve bekasını temin uğrunda şehit düşen tüm kahramanlarımızı rahmetle yad ediyorum.",101,38,3;4,False
erdogan2025_c002,erdogan2025,erdogan,tr,2025-12-31,new_year_message,,2,19,0.111,"86 milyonun huzur ve esenliği için büyük bedeller ödeyen gazilerimizin her birine, şahsım ve milletim adına şükranlarımı sunuyorum.

Geride bıraktığımız sene, hem ülkemizde, hem de dünyada önemli gelişmeler yaşandı.

Bölgemizde etkisi artan savaş, kriz ve gerilim ortamına rağmen, emin ve ehil kadroların yönetiminde Türkiye, kutlu yolculuğunu güvenle sürdürüyor.",121,48,5;6;7,False
erdogan2025_c003,erdogan2025,erdogan,tr,2025-12-31,new_year_message,,3,19,0.167,"Kararlılıkla uyguladığımız ekonomi programının olumlu sonuçlarına geniş bir yelpazede şahitlik ediyoruz.

Dez-enflasyon süreci devam ederken, Merkez Bankamızın rezervleri güçleniyor; üretim, yatırım, istihdam ve ihracatta vites yükseltiyoruz.",81,26,8;9,False
erdogan2025_c004,erdogan2025,erdogan,tr,2025-12-31,new_year_message,,4,19,0.222,"Turizmden savunma sanayiine birçok alanda rekordan rekora koşuyoruz.

İlk kuraları 2 gün önce çekilen “500 Bin Sosyal Konut Projemizin” dar gelirli vatandaşlarımızı çok uygun şartlarda ev sahibi yapma yanında, konut ve kira fiyatlarındaki köpüğün inmesine de katkı vereceğine inanıyoruz.",94,39,10;11,False
erdogan2025_c005,erdogan2025,erdogan,tr,2025-12-31,new_year_message,,5,19,0.278,"Ekonomide elde ettiğimiz kazanımları bu sene reformlarla taçlandırmak niyetindeyiz.

Büyük Kongremizde açıkladığımız Türkiye Yüzyılı Reform Programımızı, Meclisimizin de desteğiyle inşallah adım adım hayata geçireceğiz.

Kıymetli Vatandaşlarım;
2025 yılı boyunca hükümetimizin birinci önceliği, 6 Şubat Asrın Felaketinin yaralarının sarılması oldu.",121,39,12;13;14,False
erdogan2025_c006,erdogan2025,erdogan,tr,2025-12-31,new_year_message,,6,19,0.333,"Kaybettiğimiz canları geri getiremesek de; altyapısıyla, meydanlarıyla, yeşil alanları, sosyal donatılarıyla, tarihi ve kültürel dokusuyla şehirlerimizi yeniden ayağa kaldırmayı başardık.

Söz verdiğimiz üzere, 27 Aralık’ta Hatay’da, 100 bini aşkın kardeşimizin katılımıyla, 455 bininci deprem konutumuzun anahtarını hak sahiplerine büyük bir gururla takdim ettik.",133,43,15;16,False
erdogan2025_c007,erdogan2025,erdogan,tr,2025-12-31,new_year_message,,7,19,0.389,"Yeni ev ve iş yerleri, depremzedelerimize hayırlı-uğurlu olsun, diyorum.

6 Şubat’tan bu yana kışın soğuğuna, yazın sıcağına aldırmadan 7 gün 24 saat esasıyla şantiyelerde çalışan tüm kardeşlerime, konutların inşasında emeği geçen tüm kurumlarımıza ve hayırseverlerimize teşekkür ediyorum.",101,37,17;18,False
erdogan2025_c008,erdogan2025,erdogan,tr,2025-12-31,new_year_message,,8,19,0.444,"İnşa çalışmalarına omuz vermek yerine yapılan her işi kötüleyenleri ise devletimizin neleri başardığını bizzat yerinde görebilmeleri için Hatay’a ve diğer afetzede şehirlerimize davet ediyorum.

İktidar ve İttifak olarak bundan sonra da verdiğimiz sözleri tutacak, inşallah hiçbir zaman milletimize mahcup olmayacağız.",94,40,19;20,False
erdogan2025_c009,erdogan2025,erdogan,tr,2025-12-31,new_year_message,,9,19,0.5,"Sadece kendi insanımızı değil, yüzü ülkemize dönük hiçbir kardeşimizi yalnız bırakmayacağız.

Hakkı, adaleti ve vicdanı merkeze alan siyasetimizin yansımaları, Suriye ve Gazze başta olmak üzere, bölgemizin her yanında görülmektedir.

8 Aralık Devrimi’yle hürriyetine kavuşan komşumuz Suriye’de toparlanma hızlanmış, siyasi istikrar yolunda kısa sürede önemli mesafe alınmıştır.",123,46,21;22;23,False
erdogan2025_c010,erdogan2025,erdogan,tr,2025-12-31,new_year_message,,10,19,0.556,"Suriye’de huzur ortamı kökleştikçe, gönüllü geri dönüşler de artmış, son bir yılda 600 bin Suriyeli misafirimiz vatanlarına geri dönmüştür.

Siyasi birliğini ve toprak bütünlüğünü sağlamış güçlü bir Suriye, inanıyoruz ki, hem çevresine hem de dünyaya müstesna katkılar yapacaktır.",102,38,24;25,False
erdogan2025_c011,erdogan2025,erdogan,tr,2025-12-31,new_year_message,,11,19,0.611,"Türkiye olarak; Arap, Kürt, Türkmen, Sünni, Şii, Nusayri demeden, Suriye halkının huzur ve güvenliği için yeni yönetime gereken desteği vereceğiz.

Gazze’de, bizim de katkımızla sağlanan ateşkes, İsrail’in tüm ihlallerine rağmen, Gazzeli kardeşlerimizin sağduyusu sayesinde halen sürmektedir.",99,36,26;27,False
erdogan2025_c012,erdogan2025,erdogan,tr,2025-12-31,new_year_message,,12,19,0.667,"İsrail’in saldırılarının durması, Gazze’ye insani yardım girişinin hızlanması ve yeniden inşa çalışmalarının başlayabilmesi için yoğun çaba içindeyiz.

Çoğu çocuk ve kadın 71 bin kardeşimizi şehit edenler adalete hesap verene kadar sinmeyecek, susmayacak, soykırımı asla unutturmayacağız.",85,35,28;29,False
erdogan2025_c013,erdogan2025,erdogan,tr,2025-12-31,new_year_message,,13,19,0.722,"5’inci yılına girecek Rusya-Ukrayna Savaşı’nın bir an evvel adil ve kalıcı bir barışla noktalanması için de girişimlerimizi sürdürüyoruz.

Doğu Akdeniz’de, ülkemizin ve Kıbrıs Türk halkının çıkarlarına yönelik artan tahrikleri ve tehditleri yakından takip ediyoruz.",87,34,30;31,False
erdogan2025_c014,erdogan2025,erdogan,tr,2025-12-31,new_year_message,,14,19,0.778,"Mavi Vatan’da ne emrivakiye, ne yankesiciliğe, ne de korsanlığa asla göz yummayacağımızın altını bugün bir kere daha çizmek istiyorum.

Aziz Milletim;
Yalnızca ülkemizin değil, bölgemizin de önünde yepyeni bir sayfa açacak Terörsüz Türkiye sürecinde bazı önemli eşikleri geride bıraktık.",95,39,32;33,False
erdogan2025_c015,erdogan2025,erdogan,tr,2025-12-31,new_year_message,,15,19,0.833,"Cumhur İttifakı olarak, bu süreçte her zaman yapıcı davrandık, çözüme konsantre olduk, elimizle birlikte tüm gövdemizi taşın altına koyduk.

İlgili tarafları dikkatle dinleyen Millî Dayanışma, Kardeşlik ve Demokrasi Komisyonumuz, sürece yeni bir soluk kazanacağını düşündüğümüz nihai raporunu inşallah yakında tekemmül ettirecek.",115,41,34;35,False
erdogan2025_c016,erdogan2025,erdogan,tr,2025-12-31,new_year_message,,16,19,0.889,"Komisyonun, son düzlükte de uzlaşı ruhuyla hareket etmesi arzumuzdur.

Ülkemizi, 40 yıllık bir musibetten kurtarmayı hedefleyen bu süreç, gündelik siyasetin çıkar hesaplarına kurban edilmemelidir.

Biz de sürecin, bir yol kazası yaşanmadan menzil-i maksuduna varması için üzerimize ne düşüyorsa, yapmaktan geri durmayacağız.",111,41,36;37;38,False
erdogan2025_c017,erdogan2025,erdogan,tr,2025-12-31,new_year_message,,17,19,0.944,"23 senedir olduğu gibi, kalbimizde sadece millet ve memleket sevdasıyla 86 milyonun tamamına hizmet edecek, tüm Türkiye’nin refahı, huzuru ve esenliği için fedakârca çalışmayı sürdüreceğiz.

2026 yılında da laf yerine iş üretecek, polemik yerine icraat yapacak; eserlerimizle, yatırımlarımızla konuşmaya devam edeceğiz.",122,41,39;40,False
erdogan2025_c018,erdogan2025,erdogan,tr,2025-12-31,new_year_message,,18,19,1.0,"Rabbim yar ve yardımcımız olsun, diyorum.

Türkiye Yüzyılı ülkümüze destek olan herkese teşekkür ediyorum.

Bu düşüncelerle yeni miladi yılınızı tebrik ediyor; 2026’nın ülkemiz, milletimiz, bölgemiz ve tüm insanlık için hayırlara vesile olmasını diliyorum.

Sizleri bir kez daha sevgiyle, saygıyla selamlıyorum. Kalın sağlıcakla…",111,42,41;42;43;44,False
macron2022_c000,macron2022,macron,fr,2022-12-31,new_year_address,,0,35,0.0,"Mes chers compatriotes,

Pour la sixième fois, j’ai le privilège de partager avec vous ce moment des vœux.

Avec vous, officiers et soldats dans notre armée, qui nous protégez, avec vous, policiers, gendarmes, pompiers, forces de sécurité, sauveteurs en mer, qui veillez sur cette soirée. Avec vous, médecins, soignants, patients. Avec vous, agents publics qui assurez la continuité de nos services. Avec vous, citoyens engagés professionnellement ou dans nos associations. Avec vous, nos compatriotes d’outre-mer. Avec vous tous qui êtes en famille en France ou à l’étranger, et plus particulièrement avec vous dont la vie a fait que vous vous sentez seuls ce soir. Vous qui êtes dans l’épreuve, et vers qui vont nos pensées.",198,115,0;1;2,False
macron2022_c001,macron2022,macron,fr,2022-12-31,new_year_address,,1,35,0.029,"Les cérémonies de vœux ont ceci de singulier : elles obligent à parler d’un futur qu’en vérité, on ne connaît pas, dont nous savons pourtant avec certitude que nous devrons l’affronter, avec nos forces et nos faiblesses, mais en pays uni.

Dans les responsabilités qui sont les miennes, je ne perds jamais de vue cet impératif d’unité de la nation que nous formons tous ensemble.",107,65,3;4,False
macron2022_c002,macron2022,macron,fr,2022-12-31,new_year_address,,2,35,0.059,"Si nous cédions à l’esprit de division qui nous presse de toute part, nous n’aurions à peu près aucune chance de nous en sortir, dans un monde si rude, dans des temps si durs. Alors je nous souhaite donc de vivre 2023, autant que possible, en pays uni et solidaire, reconnaissants la place de chacun et respectueux de tous.",94,59,5,False
macron2022_c003,macron2022,macron,fr,2022-12-31,new_year_address,,3,35,0.088,"Je repense aux vœux que je vous présentais à la même heure, il y a un an. Qui aurait imaginé à cet instant, que, pensant sortir avec beaucoup de difficultés d’une épidémie planétaire, nous aurions à affronter en quelques semaines, d’inimaginables défis : la guerre revenue sur le sol européen après l’agression russe jetant son dévolu sur l’Ukraine et sa démocratie ; des dizaines, peut-être des centaines de milliers de morts, des millions de réfugiés, une effroyable crise énergétique, une crise alimentaire menaçante, l’invocation des pires menaces, y compris nucléaires ?",164,91,6,False
macron2022_c004,macron2022,macron,fr,2022-12-31,new_year_address,,4,35,0.118,"Qui aurait pu prédire la vague d’inflation, ainsi déclenchée ? Ou la crise climatique aux effets spectaculaires encore cet été dans notre pays ?

Pourtant, au fil de ces saisons de dangers, ce qui est demeuré constant, une fois encore cette année, est notre capacité collective à relever ensemble ces défis.

Oui, durant cette année, la France a porté avec l’Europe la voix du droit et de la liberté pour soutenir l’Ukraine ; des milliers d’entre vous ont fait œuvre de solidarité en accueillant, dans nos villes et nos villages, des réfugiés fuyant l’invasion russe.",157,95,6;7;8,False
macron2022_c005,macron2022,macron,fr,2022-12-31,new_year_address,,5,35,0.147,"La solidarité nationale, financée par les contribuables français, a permis d’atténuer la hausse des prix de l’énergie pour chacun, de sauvegarder nos entreprises, de protéger particulièrement les revenus des plus modestes d’entre nous. Et grâce à notre action collective, nous avons soutenu la croissance, contenu l’inflation à des niveaux inférieurs à ceux que connaissent nos voisins, et porté le chômage à son plus bas depuis quinze ans. Nous avons en effet cette année continué de créer des emplois, et des emplois de qualité.",138,83,9,False
macron2022_c006,macron2022,macron,fr,2022-12-31,new_year_address,,6,35,0.176,"A chaque épreuve, l’Europe nous a permis d’agir plus vite et plus fort. Pour créer un bloc de résistance unie face à la Russie, pour réinvestir dans nos industries ; et surtout pour trouver à la dimension du continent les réponses aux défis du siècle.

Ainsi, pendant les six premiers mois de cette année, alors que la France présidait le Conseil de l’Union européenne, nous avons pris les décisions pour réduire de plus de moitié nos émissions de gaz à effet de serre d’ici 2030, nous avons acté une taxe carbone à nos frontières pour protéger nos industries et notre planète, nous avons ensemble décidé de créer un impôt minimal sur les grandes multinationales pour lutter contre l’évasion fiscale, et nous avons ensemble commencé à mieux encadrer les grandes plateformes du numérique.",197,132,10,False
macron2022_c007,macron2022,macron,fr,2022-12-31,new_year_address,,7,35,0.206,"Et malgré toutes ces crises, tous ces défis, 2022 fut aussi, pour nous tous, une année démocratique intense au cours de laquelle vous avez renouvelé notre Assemblée nationale et où vous avez, lors de l’élection présidentielle de ce printemps, décidé de me confier un nouveau mandat de cinq ans à la tête de notre nation, ce qui m’honore et m’oblige.",98,60,11,False
macron2022_c008,macron2022,macron,fr,2022-12-31,new_year_address,,8,35,0.235,"2022 fut aussi une fois encore une année de rayonnement artistique, culturel, sportif de notre pays, avec deux Prix Nobel, et tant de grands moments de création et de sport. De tout cela, de tout ce que nous avons ensemble accomplis durant l’année qui s’achève, soyons fiers.

Il nous faut nous munir de cette fierté et de cette confiance pour aborder l’année qui vient. Car je crois que cette année 2023 est d’abord celle de questions que je sais inquiétantes, et de crises une fois encore à affronter.",135,88,12;13,False
macron2022_c009,macron2022,macron,fr,2022-12-31,new_year_address,,9,35,0.265,"Aura-t-on des coupures d’électricité ? Si nous continuons à économiser l’énergie, comme nous le faisons depuis quelques mois, et comme je vous l’annonçais dès le 14 juillet dernier, et que nous continuons de remettre en service nos réacteurs nucléaires comme prévu, nous y arriverons. C’est entre nos mains.",82,48,14,False
macron2022_c010,macron2022,macron,fr,2022-12-31,new_year_address,,10,35,0.294,"Aura-t-on des augmentations du prix de l’énergie ? Là aussi, nous avons mis des réponses concrètes en place. Je le dis à chacun d’entre vous car alors que les prix de l’énergie ont atteint des niveaux historiques, la hausse restera plafonnée dans notre pays. Je le dis en particulier à nos artisans, nos boulangers, mais aussi à nos entreprises les plus industrielles. Dès demain, vous aurez des aides adaptées, en plus du bouclier tarifaire déjà mis en place, de telle sorte que la pérennité de votre activité, de nos emplois et de notre compétitivité puisse être assurée.",157,97,15,False
macron2022_c011,macron2022,macron,fr,2022-12-31,new_year_address,,11,35,0.324,"Et, à chaque fois qu’il le faudra, le gouvernement adaptera ses réponses comme il l’a fait à chaque instant. Surtout, nous accélérerons les solutions pour sortir de nos dépendances et avoir un prix de l’électricité qui correspond à son coût de production.",65,42,15,True
macron2022_c012,macron2022,macron,fr,2022-12-31,new_year_address,,12,35,0.353,"Allons-nous à nouveau subir une vague de Covid, et l’épidémie aura-t-elle une fin ? Là aussi nous pourrons faire face. D’abord, grâce à l’usage raisonnable et adapté des gestes barrières contre le virus, que nous avons appris. Ensuite, grâce à la vaccination qui a montré son efficacité ; et j’incite ce soir tous nos compatriotes de plus de 70 ans en particulier à faire leur rappel ou à se faire vacciner, si ce n’est pas déjà fait. Enfin, en testant, en séquençant, en établissant les contrôles aux frontières.",148,88,16,False
macron2022_c013,macron2022,macron,fr,2022-12-31,new_year_address,,13,35,0.382,"C’est ce que le Gouvernement a décidé de faire, dans nos aéroports, dès demain, pour les avions arrivant de Chine, où l’épidémie bat son plein et où nombres de restrictions ont été relâchés.

Devra-t-on travailler plus longtemps en 2023 ? Là aussi, comme je m’y suis engagé devant vous, cette année sera en effet celle d’une réforme des retraites qui vise à assurer l’équilibre de notre système pour les années et décennies à venir. Il nous faut travailler davantage, c’est le sens même de la réforme de l’assurance chômage qui a été portée par le Gouvernement et votée par le Parlement. C’est aussi le sens de cette réforme sur lequel les partenaires sociaux et le",184,115,17;18,False
macron2022_c014,macron2022,macron,fr,2022-12-31,new_year_address,,14,35,0.412,"gouvernement, vont travailler dans les mois qui viennent pour finir de mettre en place les nouvelles règles qui s’appliqueront dès la fin de l’été 2023. L’objectif est de consolider nos régimes de retraite par répartition, qui, sans cela, serait menacé, car nous continuons de financer à crédit. Pour ce faire, l’allongement de nos carrières de travail sera progressif, il se fera par étapes sur près de dix ans. Il sera aussi juste, en tenant compte des carrières longues, des carrières hachées, de la difficulté de certaines tâches, de certains métiers.",154,90,19,False
macron2022_c015,macron2022,macron,fr,2022-12-31,new_year_address,,15,35,0.441,"Mais c’est cela qui nous permettra d’équilibrer le financement de notre retraite, dans notre pays, et c’est une chance, où l’on vit plus longtemps, d’améliorer la retraite minimale pour toutes celles et ceux qui ont travaillé pour avoir leurs trimestres, et de transmettre à nos enfants un modèle social juste et solide, parce qu’il sera crédible et financé dans la durée.",95,61,19,False
macron2022_c016,macron2022,macron,fr,2022-12-31,new_year_address,,16,35,0.471,"Dans la longue histoire de notre nation, il y eut des générations pour résister, d’autres pour reconstruire, d’autres encore pour étendre la prospérité conquise.

En ce qui nous concerne, il nous revient d’affronter ce nouveau chapitre d’une rude époque, et au-delà des urgences de cette année, que je viens pour partie de mentionner, d’avoir la charge de refonder nombre des piliers de notre nation, qu’il s’agisse de notre école, de notre santé, de nos transports, de l’aménagement de notre territoire, de nos industries, et j’en passe.",147,86,20;21,False
macron2022_c017,macron2022,macron,fr,2022-12-31,new_year_address,,17,35,0.5,"Il nous faut, pour cela, rester unis mais aussi maintenir une ambition collective intacte, une ambition pour continuer de transformer notre pays face aux corporatismes, et face à toutes les bonnes raisons de faire comme avant, ou à la tentation de l’esprit de défaite.

C’est ainsi que nous serons utiles à notre jeunesse et aux générations qui viennent. Depuis 5 ans, nous avons largement commencé ce travail de transformation, de simplification, de lutte contre les pesanteurs. Mais c’est parfois trop peu, encore souvent trop lent.",129,85,22;23,False
macron2022_c018,macron2022,macron,fr,2022-12-31,new_year_address,,18,35,0.529,"Et comme vous, je m’impatiente, mais sans jamais céder à la facilité ou à la fatalité. Aussi, je nous souhaite pour 2023 par notre travail et notre engagement d’œuvrer à refonder une France plus forte, plus juste, pour la transmettre à nos enfants.

C’est par notre travail et notre engagement que nous pourrons augmenter les moyens des forces de sécurité intérieure, de notre justice, de nos Armées, face aux nouveaux défis géopolitiques et à la multiplication des conflits.",121,78,24;25,False
macron2022_c019,macron2022,macron,fr,2022-12-31,new_year_address,,19,35,0.559,"C’est par notre travail et notre engagement que nous lutterons plus efficacement contre les trafics, contre l’immigration illégale dans notre Hexagone, comme dans nos outremers. Restons fidèles à nos valeurs, toujours. Intégrons mieux par la langue et le travail, protégeons les combattantes et les combattants de la liberté, comme celles et ceux qui viennent d’Iran ou d’ailleurs, mais gardons le contrôle de nos frontières, de l’unité de la nation.",117,69,26,False
macron2022_c020,macron2022,macron,fr,2022-12-31,new_year_address,,20,35,0.588,"C’est par notre travail et notre engagement que nous bâtirons aussi une nation productive et écologique. Parce que la transition écologique est une bataille que nous devrons gagner, il nous faut la mener avec résolution et méthode. La planification écologique sera l’instrument de ce dépassement historique pour baisser nos émissions de C02 et sauver notre biodiversité. Avec notre plan France 2030, nous continuerons d’investir, d’innover et de déployer une écologie à l’échelle industrielle. Et après la loi visant à accélérer le déploiement des énergies renouvelables, la loi sur le nucléaire marquera le lancement de la construction de nouvelles centrales sur notre territoire.",178,102,27,False
macron2022_c021,macron2022,macron,fr,2022-12-31,new_year_address,,21,35,0.618,"C’est par notre travail et notre engagement que nous restaurerons aussi une nation de confiance. En rendant chaque jour notre laïcité effective car elle est un principe de liberté. Et elle ne retire rien à la place de la religion dans le for intérieur de chacun, pour tous ceux qui croient, et je salue en cet instant, la mémoire de sa Sainteté Benoît XVI, dont la disparition, je le sais, affecte beaucoup de catholiques en France et dans le monde. Cette nation de la confiance sera aussi confortée par une lutte constante contre toutes les discriminations, dans une société de respect et de reconnaissance. Elle sera aussi renforcée par un combat de chaque jour que nous continuerons de mener pour être aux côtés de celles et ceux qui sont en situation de handicap.",178,133,28,False
macron2022_c022,macron2022,macron,fr,2022-12-31,new_year_address,,22,35,0.647,"C’est par notre travail, notre engagement que nous devons refonder nos grands services publics pour qu’ils assurent pleinement notre idéal d’égalité. Avec le Conseil National de la Refondation, nous avons entrepris de renouer le contrat entre les générations et œuvrer à mieux accompagner nos aînés en situation de dépendance.",82,49,29,False
macron2022_c023,macron2022,macron,fr,2022-12-31,new_year_address,,23,35,0.676,"Nous avons aussi commencé de raviver la confiance dans notre Education nationale, notre santé en nous appuyant sur l’énergie et le dévouement de nos enseignants et de nos soignants. Nous poursuivrons avec ardeur durant l’année qui s’ouvre, par des choix clairs, forts, et un travail au plus près du terrain.",83,50,30,False
macron2022_c024,macron2022,macron,fr,2022-12-31,new_year_address,,24,35,0.706,"C’est par notre travail et notre engagement que nous bâtirons une société plus juste. Société plus juste c’est d’abord une société où l’égalité entre les femmes et les hommes est effective, et là aussi, ce qui est la grande cause de mes deux quinquennats, continuera d’alimenter le travail du Gouvernement et de nourrir l’action chaque jour. Mais une société plus juste, elle l’est aussi sur le plan social. Pas par plus d’impôt, non. Ni en léguant plus de dette aux générations suivantes. Mais, en améliorant l’accompagnement de nos enfants, de nos adolescents, en réformant notre lycée professionnel, en améliorant l’orientation de nos adolescents, pour trouver les bonnes formations et les bons métiers.",180,112,31,False
macron2022_c025,macron2022,macron,fr,2022-12-31,new_year_address,,25,35,0.735,"En réindustrialisant plus vite et plus fort notre pays, pour offrir de nouveaux emplois et des carrières d’avenir. Car la principale injustice de notre pays demeure le déterminisme familial, la trop faible mobilité sociale. Et la réponse se trouve dans l’école, dans l’orientation, dans notre enseignement supérieur, dans notre politique d’innovation et dans notre industrialisation.",93,55,31,False
macron2022_c026,macron2022,macron,fr,2022-12-31,new_year_address,,26,35,0.765,"Et parce que la confiance dans la vitalité de notre vie démocratique s’est, elle aussi, émoussée, nous aurons nous le savons dans les mois qui viennent beaucoup à faire. Je poserai dans toutes prochaines semaines mois les premiers jalons d’un Service National Universel. Nous aurons à lancer les aménagements nécessaires à nos institutions et à notre vie publique et citoyenne. Et avec l’Assemblée nationale et le Sénat, avec également le Conseil économique, social et environnemental, nous aurons à bâtir un meilleur fonctionnement des pouvoirs et une association plus fréquente de nos concitoyens.",152,92,32,False
macron2022_c027,macron2022,macron,fr,2022-12-31,new_year_address,,27,35,0.794,"La France et l’Europe ont un rôle éminent à joueur dans ce moment de notre humanité alors que tant de régimes autoritaires viennent bousculer nos démocraties et leurs fondements. Protéger nos enfants, protéger notre information libre et indépendante, l’ordre libre et juste qui permet aux citoyens d’être heureux : voilà quelques-uns des combats de notre époque.",96,56,33,False
macron2022_c028,macron2022,macron,fr,2022-12-31,new_year_address,,28,35,0.824,"Nous sommes tenus de nous en saisir.

Oui, c’est bien par notre travail et notre engagement que nous pourrons nous donner les moyens de nos aspirations pour aujourd’hui et de nos ambitions pour demain.

En somme, en 2023, nous aurons à consolider pas à pas notre indépendance énergétique, économique, sociale, industrielle, financière, stratégique et à renforcer notre force d’âme, si je puis dire. C’est ce que nous devons à nos enfants.",114,71,34;35;36,False
macron2022_c029,macron2022,macron,fr,2022-12-31,new_year_address,,29,35,0.853,"Ce n’est pas, et ne sera jamais, une course aux illusions perdues d’avance. Car cette indépendance française doit trouver dans notre Europe son relai, son complément. Quand tant de pays se rêvent des empires, quand tant d’entreprises s’imaginent des royaumes, nous avons un continent, pour former un espace de paix et de liberté, de prospérité, de solidarité, de droit et de puissance. Depuis 2017, nous menons ce combat pour que notre Europe rassemble ses forces. Pour qu’à 27, nous soyons plus forts.",139,82,37,False
macron2022_c030,macron2022,macron,fr,2022-12-31,new_year_address,,30,35,0.882,"C’est pour cela que j’ai mené ce combat ces dernières années, que vous m’avez entendu alerter aussi les autres Européens afin de défendre nos industries et nos emplois, il y a quelques semaines après les décisions des autres continents, et c’est pour cela que je redoublerai d’efforts en ce début d’année.",81,51,38,False
macron2022_c031,macron2022,macron,fr,2022-12-31,new_year_address,,31,35,0.912,"Mes chers compatriotes,

Je veux ici et ce soir en votre nom dire à nos amis Ukrainiens : nous vous respectons et nous vous admirons. Votre combat pour la défense de votre nation est héroïque et il nous inspire Et durant l’année qui s’ouvre, nous serons sans faillir à vos côtés. Nous vous aiderons jusqu’à la victoire et nous serons ensemble pour bâtir une paix juste et durable. Comptez sur la France et comptez sur l’Europe.

Quant à nous, soyons cette génération de bâtisseurs.",129,84,39;40;41,False
macron2022_c032,macron2022,macron,fr,2022-12-31,new_year_address,,32,35,0.941,"Dans les prochains mois de 2023, les travaux de reconstruction de Notre-Dame-de-Paris, ce chantier exceptionnel, s’avanceront vers leur terme. Dans les prochains mois, tout notre pays se rassemblera fraternellement à l’orée des Jeux Olympiques et Paralympiques et à l’occasion de la coupe du monde de rugby en France. Dans les prochains mois, grâce au plan France 2030, les premières voitures électriques entièrement construites sur notre territoire sortiront d’usines. Et tant d’autres projets adviendront partout sur notre territoire pour permettre à la France tout à la fois de réduire le carbone et le chômage.",167,93,42,False
macron2022_c033,macron2022,macron,fr,2022-12-31,new_year_address,,33,35,0.971,"Dans les prochains mois, dans nos salles de classe, dans nos hôpitaux, comme chez nos médecins en ville, vous verrez les premiers changements tangibles de la rénovation de notre école et de notre santé.

Pour tout cela, je forme pour nous tous, des vœux d’unité, des vœux d’audace, des vœux d’ambition collective, et des vœux de bienveillance. Des crises, mes chers compatriotes, ensemble, nous en avons tant surmontées. Je nous sais capables de relever celles qui sont devant nous et d’être cette génération qui a la responsabilité de refonder la France et l’Europe pour les transmettre plus fortes, plus belles, plus justes à nos enfants.",173,105,42;43,False
macron2022_c034,macron2022,macron,fr,2022-12-31,new_year_address,,34,35,1.0,"Ensemble, nous allons réussir.

Et c’est fort de cette confiance que je vous présente tous mes vœux pour cette année nouvelle.

Vive la République.

Vive la France.",43,27,44;45;46;47,True
macron2023_c000,macron2023,macron,fr,2023-12-31,new_year_address,,0,25,0.0,"Françaises, Français, de métropole, de nos outre-mer et de l’étranger,

En vous présentant mes vœux, je veux commencer par exprimer notre gratitude à tous pour nos compatriotes qui, ce soir encore, protègent, soignent, aident, assurent la continuité de la vie de la Nation. Grâce à eux, nous pouvons passer ces moments d’une année à l’autre en famille et avec nos proches. Et en ces instants, je veux aussi dire particulièrement mon affection à ceux qui sont malades ou resteront seuls.",135,80,0;1,False
macron2023_c001,macron2023,macron,fr,2023-12-31,new_year_address,,1,25,0.042,"2023 aura été marquée par la poursuite de la guerre en Ukraine, la guerre aujourd’hui au Proche-Orient et les bombardements sur Gaza ; par les attaques terroristes du 7 octobre en Israël où 41 Français ont été assassinés, et je pense ce soir à leurs familles comme je pense aux familles de nos compatriotes encore retenus en otage.",91,58,2,False
macron2023_c002,macron2023,macron,fr,2023-12-31,new_year_address,,2,25,0.083,"Marquée encore par la tension géopolitique croissante, les conséquences des dérèglements climatiques sur notre territoire, des actes terroristes sur notre sol. Par des divisions, des gestes de haine, parfois, des violences, à plusieurs occasions, qui fragilisent la cohésion de la Nation. Enfin, l’inflation a sévi qui rend tout plus difficile : se loger, se déplacer, faire ses courses.",105,58,3,False
macron2023_c003,macron2023,macron,fr,2023-12-31,new_year_address,,3,25,0.125,"Il y eut bien sûr des moments heureux, des moments de fierté, mais je sais combien la peur du retour de la guerre, du déclassement, de la perte de contrôle sont bien là.

Pourtant, je suis convaincu, et ce n’est pas un faux optimisme, que dans ce contexte de crises peut naître le meilleur.",82,54,4;5,False
macron2023_c004,macron2023,macron,fr,2023-12-31,new_year_address,,4,25,0.167,"C’est pourquoi, je n’ai cessé de suivre la même logique : agir avec détermination et constance pour aujourd’hui et pour demain. Depuis sept ans, là où vous m’avez placé, je tâche de rendre la France plus forte et plus juste, de libérer, protéger, unir. Tel est le cap et nous le tenons. Et il en fut de même en 2023.",95,60,6,False
macron2023_c005,macron2023,macron,fr,2023-12-31,new_year_address,,5,25,0.208,"En 2023, la France est sans doute l’un des pays occidentaux qui, en dépit du contexte, a pris le plus de décisions, conduit le plus de transformations. Certaines, comme la réforme des retraites, étaient, je le sais, impopulaires. Je les assume car je m’y étais engagé et elles étaient nécessaires au pays.

Tous ces mois passés ont donc été bien loin de l’impuissance qu’on nous prédisait, et c’est heureux. Et je veux ici tout particulièrement en remercier la Première ministre et son gouvernement.",139,83,7;8,False
macron2023_c006,macron2023,macron,fr,2023-12-31,new_year_address,,6,25,0.25,"En 2023, nous avons agi, agi au service de l’objectif de réindustrialisation et de plein-emploi, dont les premiers résultats sont là. Les retraites, l’assurance chômage, la relance de nos industries vertes, l’accélération de France 2030, la refondation du lycée professionnel, la réforme de Pôle emploi et du revenu de solidarité active, la réforme du marché européen de l’électricité : toutes ces grandes transformations ont été décidées, votées, et ont commencé à entrer en vigueur cette année.",138,76,9,False
macron2023_c007,macron2023,macron,fr,2023-12-31,new_year_address,,7,25,0.292,"Et nous avons continué cette année de créer des emplois, tout en réduisant encore plus rapidement nos émissions de gaz à effet de serre, conformément à nos engagements. Ceci prouve que vous êtes au rendez-vous de la mobilisation.

Grâce à ce réarmement économique, nous continuons d’être en mesure de financer notre modèle social, de nous protéger contre les crises ou l’inflation mais aussi d’investir pour réarmer nos services publics. Et c’est ce que nous avons fait.

Nous avons investi dans notre école, notre santé afin de mieux accompagner et de mieux corriger les inégalités de destin. Nous avons posé les fondations d’une planification écologique inédite et dégagé des moyens massifs pour accompagner chacun de vous dans cette transition.",184,118,10;11;12,False
macron2023_c008,macron2023,macron,fr,2023-12-31,new_year_address,,8,25,0.333,"Nous avons aussi en en 2023, voté pour les années à venir des lois historiques pour nous protéger. Loi historique pour nos militaires : en une décennie, le budget de nos armées aura ainsi été doublé. Loi historique pour nos policiers, nos gendarmes, nos magistrats, nos greffiers, afin d’assurer l’ordre et l’unité républicaines en assumant de créer des milliers de postes pour mieux vous protéger. Nous continuerons de rétablir l’autorité partout où elle manque face aux incivilités et à la délinquance.",149,81,13,False
macron2023_c009,macron2023,macron,fr,2023-12-31,new_year_address,,9,25,0.375,"En matière d’immigration, la loi votée en décembre, comme l’accord conclu au niveau européen, nous donnent les instruments nécessaires pour faire mieux respecter les principes de la République c’est à dire à la fois lutter contre les passeurs et l’immigration clandestine et mieux intégrer ceux qui ont vocation à demeurer sur notre sol : réfugiés, étudiants, chercheurs, travailleurs.",97,58,14,False
macron2023_c010,macron2023,macron,fr,2023-12-31,new_year_address,,10,25,0.417,"Alors je sais bien sûr les impatiences, oserais-je dire que je le partage, même si les premiers changements sont visibles. Je sais que vous voudriez que nous fassions plus et plus vite. Et c’est pour atteindre cet objectif que l’année 2024 doit avant tout être une année de détermination. Agir, agir encore, dans l’intérêt de la Nation.",96,57,15,False
macron2023_c011,macron2023,macron,fr,2023-12-31,new_year_address,,11,25,0.458,"Nous serons déterminés à agir pour l’école, l’enfance et l’éducation, afin de rétablir le niveau de nos élèves, l’autorité de nos professeurs, la force de notre enseignement laïc et républicain. Après le réarmement économique, le réarmement de l’Etat et de nos services publics, il nous faudra ainsi engager notre réarmement civique. La France c’est une culture, une Histoire, une langue, des valeurs universelles qui s’apprennent dès le plus jeune âge. A chaque génération.",134,73,16,False
macron2023_c012,macron2023,macron,fr,2023-12-31,new_year_address,,12,25,0.5,"Nous serons déterminés, aussi, à rendre notre République plus forte en luttant contre la délinquance, en nous attaquant plus fermement aux discriminations, en permettant des progrès concrets pour l’égalité entre les femmes et les hommes, pour la petite enfance, pour nos compatriotes en situation de handicap. Déterminés, nous le serons à agir pour amplifier notre réarmement industriel, technologique et scientifique. Nous devrons tout faire pour atteindre notre ambition de plein-emploi, continuer d’innover, mais aussi d’attirer les talents comme les entreprises et produire davantage en France.",146,85,17,False
macron2023_c013,macron2023,macron,fr,2023-12-31,new_year_address,,13,25,0.542,"Ainsi, nous nous engagerons l’année prochaine dans des grands chantiers de pointe, du nucléaire à l’intelligence artificielle ou aux transports. Pour qu’en 2027 nous ayons dix ans d’avance là où en 2017, nous avions dix ans de retard.

En 2024, nous aurons à accélérer encore nos efforts et simplifier drastiquement la vie de nos entrepreneurs, de nos agriculteurs, de nos commerçants, nos artisans, nos élus et en particulier nos maires, et pour de nombreux secteurs, dont celui du logement.",142,79,17;18,False
macron2023_c014,macron2023,macron,fr,2023-12-31,new_year_address,,14,25,0.583,"Enfin, nous serons déterminés à agir pour qu’en 2024, notre écologie, cette écologie à la française, notre planification continuent de se déployer comme un modèle et un chemin singulier, qui nous permettront de sortir des énergies fossiles et de gagner en indépendance et en progrès. La France, qui produit déjà l’électricité parmi les plus décarbonées d’Europe, sortira totalement du charbon d’ici 2027. Et c’est ce même combat que nous porterons à l’international avec entre autres notre Pacte pour les peuples et la planète.",146,83,19,False
macron2023_c015,macron2023,macron,fr,2023-12-31,new_year_address,,15,25,0.625,"2024, année de la détermination, de l’efficacité des résultats. Et j’aurai l’occasion dans les semaines qui viennent de vous dire comment notre Nation relèvera ces défis.
Mes chers compatriotes, l’action n’est pas une option. L’action est notre devoir pour les générations futures. Voilà pourquoi je serai inlassablement du côté de ceux qui agissent au service du pays et jamais de ceux qui, refusant de vous dire la réalité pour justifier de ne rien faire, à la fin nous affaiblissent. Jamais du côté de ceux qui privilégient les calculs électoraux les petits arrangements ou leurs intérêts personnels.",162,96,20,False
macron2023_c016,macron2023,macron,fr,2023-12-31,new_year_address,,16,25,0.667,"Nous devons donc continuer ce réarmement de la Nation face au dérèglement du monde. Car la force de caractère est la vertu des temps difficiles.
2024 sera aussi une année de choix décisifs.

Nous aurons à faire le choix d’une Europe plus forte plus souveraine, à la lumière de l’héritage de Jacques Delors. Une Europe qui œuvre à la paix au Proche-Orient et sur notre propre continent, en continuant à soutenir le peuple ukrainien et avec lui, notre sécurité, notre liberté, nos valeurs.",129,83,21;22,False
macron2023_c017,macron2023,macron,fr,2023-12-31,new_year_address,,17,25,0.708,Vous aurez au mois de juin prochain à vous prononcer sur la poursuite de ce réarmement de notre souveraineté européenne face aux périls : arrêter la Russie et soutenir les Ukrainiens ou céder aux puissances autoritaires en Ukraine ; continuer l’Europe ou la bloquer ; poursuivre la transition écologique et productive ou revenir en arrière ; affirmer la force des démocraties libérales ou céder aux mensonges qui sèment le chaos.,116,70,22,False
macron2023_c018,macron2023,macron,fr,2023-12-31,new_year_address,,18,25,0.75,"2024 sera enfin l’année de nos fiertés françaises. Fierté pour ces milliers de compagnons, d’artisans, d’entrepreneurs qui ont pris part au magnifique chantier pour rebâtir Notre-Dame-de-Paris dont la flèche, s’élance à nouveau vers le ciel et coiffe une cathédrale qui rouvrira le 8 décembre prochain.",92,45,23,False
macron2023_c019,macron2023,macron,fr,2023-12-31,new_year_address,,19,25,0.792,"Nous sommes une Nation de compagnons de bâtisseurs, capable, quand elle s’unit, de résister, de se relever. Oui, en cinq années, comme promis, nous aurons rebâti la cathédrale et accompli l’impossible. Nous sommes cette Nation qui, lorsqu’elle est fière d’elle-même, porte toujours un espoir universel.",84,45,24,False
macron2023_c020,macron2023,macron,fr,2023-12-31,new_year_address,,20,25,0.833,"2024, nous célèbrerons aussi notre Histoire. 80 ans après 1944, nous serons fiers de notre passé, de nos héros aux destins mêlés. Soldats des armées alliées, mais aussi Français de naissance ou de préférence, Français et étrangers de la Résistance. Tous en lutte pour que soit libérée une France fidèle à l’esprit des Lumières, et à l’esprit de notre Révolution.",113,60,25,False
macron2023_c021,macron2023,macron,fr,2023-12-31,new_year_address,,21,25,0.875,"2024 sera une année de fierté de la langue française. Après avoir restauré le château de Villers-Cotterêts et y avoir créé la Cité internationale de la langue française, nous y accueillerons dans quelques mois le monde de la Francophonie.

2024, sera aussi une année de fierté française, sportive, puisque les Jeux Olympiques et Paralympiques seront, chez nous, en France, et ainsi comme chez eux, en métropole comme dans nos outre-mer.",119,70,26;27,False
macron2023_c022,macron2023,macron,fr,2023-12-31,new_year_address,,22,25,0.917,"Nous serons fiers de nos athlètes, de nos artistes, de nos paysages, de cette fête populaire, permise par des milliers de bénévoles, bâtissant aussi pour notre Nation un héritage sportif. Par notre engagement à tous qui commencera dès demain.

Oui, 2024 sera vous l’avez compris un millésime français. Parce que c’est une fois par décennie que l’on commémore avec cette ampleur notre Libération. C’est une fois par siècle que l’on accueille les Jeux Olympiques et Paralympiques. Et c’est une fois par millénaire que l’on rebâtit une cathédrale. C’est une fois par génération que le destin de la suivante se joue comme sans doute il se joue maintenant.",179,107,28;29,False
macron2023_c023,macron2023,macron,fr,2023-12-31,new_year_address,,23,25,0.958,"2024, année de détermination, de choix, de régénération, de fierté. Au fond, une année d’espérance. Oui, cette année, beaucoup de notre avenir se détermine. Alors, à nous de faire ensemble. A nous de choisir plutôt que de subir, à nous de tracer la route plutôt que de suivre.",81,48,30,False
macron2023_c024,macron2023,macron,fr,2023-12-31,new_year_address,,24,25,1.0,"Et notre Histoire toute entière nous enseigne que la volonté de quelques-uns peut abattre toutes les fatalités. Alors à nous de faire, oui, d’agir ensemble, de continuer de dépasser les clivages, les corporatismes, car il y a en notre peuple les ressorts profonds pour relever ces défis.
Mes chers compatriotes, je vous souhaite une très belle et une très heureuse année 2024.

Pour que la France puisse s’unir, agir et resplendir. Qu’elle soit digne de l’« indéfinissable splendeur de ceux qui sont destinés aux grandes entreprises », parce que c’est nous. Vive la République. Vive la France.",167,97,31;32,False
macron2024_c000,macron2024,macron,fr,2024-12-31,new_year_address,,0,22,0.0,"Mes chers compatriotes,

Ensemble cette année, nous avons prouvé qu'impossible n'était pas français.

Nous avons été la première Nation à modifier notre Constitution pour garantir le droit des femmes à interrompre volontairement leur grossesse. Nous avons fait avancer l’égalité femmes-hommes entre autres grâce au courage de celles qui ont su dénoncer.",81,51,0;1;2,False
macron2024_c001,macron2024,macron,fr,2024-12-31,new_year_address,,1,22,0.048,"Nous avons continué de bâtir une écologie de progrès, de lutter contre le changement climatique en baissant nos émissions, en ouvrant des usines, en continuant aussi de nous battre pour notre présent et notre avenir.

Nous avons célébré la bravoure de nos Résistants et de ceux qui nous ont libérés, 80 ans après, de la Normandie à la Provence.",97,59,3;4,False
macron2024_c002,macron2024,macron,fr,2024-12-31,new_year_address,,2,22,0.095,"Nous nous sommes souvenus, de ceux tombés pour que la France se relève. Nos héros, nos aînés, nos alliés, ceux venus de tous les continents pour libérer la patrie.

Nous avons eu aussi, comme promis il y a un an, des moments de grande fierté. D'abord, nous avons organisé cet été des Jeux olympiques et paralympiques, aussitôt entrés dans l'Histoire, entrés dans nos mémoires, dans nos cœurs qui ont fait vibrer un pays uni, de Saint-Denis à Tahiti, et ont montré une France pleine d'audace, de panache, follement libre.",154,89,5;6,False
macron2024_c003,macron2024,macron,fr,2024-12-31,new_year_address,,3,22,0.143,"Une France qui rayonne avec ses exploits sportifs, ses émotions, sa générosité, une ville de Paris magnifiée.

Nos Jeux Olympiques et Paralympiques, oui, sont et resteront un moment inoubliable de la vie de la Nation.

En ce mois de décembre 2024, comme nous l'avions promis, nous avons rendu au culte et rouvert au public Notre-Dame de Paris. Cinq ans après l'incendie de 2019, Notre-Dame rebâtie demeure le symbole de notre volonté française.",130,72,7;8;9,False
macron2024_c004,macron2024,macron,fr,2024-12-31,new_year_address,,4,22,0.19,"Des milliers de compagnons, d'artisans, de femmes et d'hommes ont rebâti la cathédrale jour après jour pendant ces cinq années. Elle a été rendue à tous et le monde entier a pu admirer ce travail.

Demain, sachons garder le meilleur de ce que nous avons été durant cette année 2024. Unis, déterminés, solidaires et face à chacune des grandes épreuves, face à ce que tant et tant disaient impossible, nous avons réussi parce que nous avons été ensemble.",123,78,10;11,False
macron2024_c005,macron2024,macron,fr,2024-12-31,new_year_address,,5,22,0.238,"Unis, déterminés et solidaires, nous l’avons aussi été face aux épreuves et aux drames de 2024 : les catastrophes climatiques, la crise que traversent encore aujourd’hui nos agriculteurs que nous continuerons de protéger et de soutenir, les tensions dans plusieurs de nos territoires et le ralentissement économique mondial.",86,48,12,False
macron2024_c006,macron2024,macron,fr,2024-12-31,new_year_address,,6,22,0.286,"Ensemble, nous sommes aujourd’hui aux côtés des habitants de Mayotte auxquels nous pensons avec émotion et fraternité. Et nous sommes et serons bien entendu aux côtés de l’ensemble de nos territoires d’Outre-mer, depuis les Antilles jusqu’à la Nouvelle-Calédonie, qui a tant souffert ces derniers mois.",83,45,13,False
macron2024_c007,macron2024,macron,fr,2024-12-31,new_year_address,,7,22,0.333,"Nous sommes aussi confrontés à l’instabilité politique, elle n’est pas propre à la France, nous le voyons aussi chez nos amis Allemands qui viennent de dissoudre leur Assemblée. Mais cela nous inquiète légitimement.

Je dois bien reconnaître ce soir que la dissolution a apporté, pour le moment, davantage de divisions à l’Assemblée que de solutions pour les Français.",92,58,14;15,False
macron2024_c008,macron2024,macron,fr,2024-12-31,new_year_address,,8,22,0.381,"Si j’ai décidé de dissoudre c’était pour vous redonner la parole, pour retrouver de la clarté et éviter l’immobilisme qui menaçait. Mais la lucidité et l’humilité commandent de reconnaître qu’à cette heure, cette décision a produit plus d’instabilité que de sérénité et j’en prends toute ma part.",87,47,16,False
macron2024_c009,macron2024,macron,fr,2024-12-31,new_year_address,,9,22,0.429,"L’Assemblée actuelle représente néanmoins le pays dans sa diversité, et donc aussi dans ses divisions. Elle est pleinement légitime et dans cette configuration inédite mais démocratique, elle doit savoir dégager des majorités, comme le font d’ailleurs les Parlements des grandes démocraties, et notre gouvernement doit pouvoir tenir un chemin de compromis pour agir.",88,53,17,False
macron2024_c010,macron2024,macron,fr,2024-12-31,new_year_address,,10,22,0.476,"Je remercie ici Michel BARNIER, qui après Elisabeth BORNE et Gabriel ATTAL, s'est engagé avec sincérité, et j’adresse tous mes vœux à François BAYROU et à son gouvernement.

Je souhaite que l’année qui s’ouvre soit celle du ressaisissement collectif, qu’elle permette la stabilité, les bons compromis pour prendre les bonnes décisions au service des Français.",101,55,18;19,False
macron2024_c011,macron2024,macron,fr,2024-12-31,new_year_address,,11,22,0.524,"Car nous ne pouvons pas nous permettre d’attendre. L’année 2025 doit être une année d’action, une année utile pour vous et pour vous permettre de vivre mieux. Le pouvoir d’achat, le travail, la sécurité, la justice, aider aussi nos élus et nos associations : pour tout cela, il est nécessaire d’adopter un budget.",85,53,20,False
macron2024_c012,macron2024,macron,fr,2024-12-31,new_year_address,,12,22,0.571,"Nous pouvons rendre la vie meilleure en nous mettant d’accord sur quelques sujets simples : faciliter la vie de tous ceux qui travaillent dur, améliorer la sécurité au quotidien, juger plus vite et permettre à chaque famille d’avoir accès à la meilleure instruction pour ses enfants, à la santé et aux services publics de base. A nous de le faire donc.",84,61,21,False
macron2024_c013,macron2024,macron,fr,2024-12-31,new_year_address,,13,22,0.619,"L’année 2025 doit aussi être une année d’unité, de responsabilité pour bâtir une France plus forte, plus indépendante face aux dérèglements du monde.

Les guerres en Ukraine et au Proche-Orient ne sont pas des conflits lointains. Elles nous concernent directement et menacent notre sécurité, notre unité, notre économie.

Les derniers évènements en Syrie, la manipulation des élections en Moldavie, en Géorgie, en Roumanie, les attentats terroristes en Europe et dans notre voisinage, montrent combien notre sécurité et le bon fonctionnement de nos démocraties ne sont jamais acquis.",155,87,22;23;24,False
macron2024_c014,macron2024,macron,fr,2024-12-31,new_year_address,,14,22,0.667,"C’est pourquoi l’Europe ne peut plus déléguer à d’autres puissances sa sécurité et sa défense. En 2025, la France devra continuer d’investir pour son réarmement militaire, pour garantir notre souveraineté, la protection de nos intérêts et la sécurité de nos compatriotes. Et l’Europe devra quant à elle accélérer pour prendre en main sa défense, sa sécurité, ses frontières. C’est ce pour quoi je me bats depuis tant d’années et ce que nous avons commencé à bâtir avec nos partenaires européens, et que nous poursuivrons.",144,84,25,False
macron2024_c015,macron2024,macron,fr,2024-12-31,new_year_address,,15,22,0.714,"Nous devons lucidement voir que le monde avance plus vite et bouscule nombre de nos certitudes. Ce que nous tenions pour acquis ne l’est plus.

Il n’y aura pas de prospérité sans sécurité et la France, par sa puissance diplomatique et militaire, à cet égard, a toujours un rôle à jouer.

Pour que nos enfants vivent mieux que nous, il faut aussi que s’inventent en France et en Europe les technologies et les entreprises qui façonneront le monde de demain, notre avenir, notre croissance : l’intelligence artificielle, les révolutions du quantique, de l’énergie, de la biologie pour ne citer que quelques-uns de ces chantiers.",161,104,26;27;28,False
macron2024_c016,macron2024,macron,fr,2024-12-31,new_year_address,,16,22,0.762,"Les Européens doivent en finir avec la naïveté. Dire non aux lois du commerce édictées par d’autres et que nous sommes les seuls à encore respecter, dire non à tout ce qui nous fait dépendre des autres, sans contrepartie et sans préparer notre avenir.

A l‘inverse il nous faut le réveil européen, réveil scientifique, intellectuel, technologique, industriel, réveil agricole, énergétique et écologique. Il faut pour cela aller plus vite, prendre nos décisions plus rapidement, plus fortement en Européens, simplifier nos règles pour nos compatriotes comme nos entreprises et investir davantage.",151,90,29;30,False
macron2024_c017,macron2024,macron,fr,2024-12-31,new_year_address,,17,22,0.81,"Cela suppose une France qui continue d’être attractive, qui travaille et innove plus, qui continue de créer des emplois et qui assure sa croissance en tenant ses finances. J’y veillerai.

Depuis sept ans, nous avons réussi à résister aux pires crises, tout en baissant le chômage, tout en réindustrialisant et en attirant les inventions du monde entier.",89,57,31;32,False
macron2024_c018,macron2024,macron,fr,2024-12-31,new_year_address,,18,22,0.857,"Nous avons de nouveau prouvé cette année notre capacité à tenir notre rang dans des secteurs d’avenir, avec par exemple le lancement d’Ariane 6 ou le raccordement du nouveau réacteur nucléaire de Flamanville. Là se bâtit notre indépendance et nous devons rester forts et crédibles au cœur d’une Europe qui doit accélérer.",88,52,33,False
macron2024_c019,macron2024,macron,fr,2024-12-31,new_year_address,,19,22,0.905,"A nous donc, collectivement, de faire, car 2025 imposera l’audace et le sens des décisions.

Mes chers compatriotes, les grandes Nations sont celles qui, dans les moments de crise, de doute, savent voir loin, se détacher des polémiques du quotidien pour bâtir l’avenir et prendre un temps d’avance.",86,48,34;35,False
macron2024_c020,macron2024,macron,fr,2024-12-31,new_year_address,,20,22,0.952,"Nous y sommes. C’est pourquoi, en 2025, nous tiendrons le cap.

Nous sommes à un quart de siècle. Une partie des promesses de l’an 2000 ont été tenues mais tant de désordres, de déséquilibres sont apparus aussi. Alors pour le quart de siècle qui vient, je veux que nous puissions décider et agir, avec 2050 en ligne de mire.

Nous aurons des choix à faire pour notre économie, notre démocratie, notre sécurité, nos enfants. Oui, l’espérance, la prospérité et la paix du quart de siècle qui vient dépendent de nos choix, aujourd’hui.",158,92,36;37;38,False
macron2024_c021,macron2024,macron,fr,2024-12-31,new_year_address,,21,22,1.0,"C’est pour cela qu’en 2025 nous continuerons de décider et je vous demanderai aussi de trancher certains de ces sujets déterminants. Car chacun d’entre vous aura un rôle à jouer. Chacun d’entre vous sera nécessaire pour réussir ce projet que je viens rapidement de brosser devant vous. Oui, comme pour les grands chantiers qui ont fait notre Histoire, et encore l’année qui vient de s’écouler, chacun d’entre vous est nécessaire pour bâtir une Nation et une République plus belles encore.

C’est pour cela que je nous souhaite pour 2025 d’être unis, déterminés et fraternels.

Très belle, très heureuse année 2025 à vous et à vos proches.

Vive la République.
Vive la France.",193,112,39;40;41;42,False
macron2025_c000,macron2025,macron,fr,2025-12-31,new_year_address,,0,17,0.0,"Françaises, Français, mes chers compatriotes,

J'ai, en ce soir de 31 décembre, une pensée avant tout pour ceux qui assurent la continuité de la Nation : forces de sécurité, sapeurs-pompiers, bénévoles, soignants, travailleurs, tous ceux qui sont ce soir comme toujours en première ligne face aux difficultés. Protéger, soigner, nourrir, aider, apporter secours et fraternité, ainsi va la vie des grandes nations qui tiennent chaque jour par le dévouement de leurs citoyens. J'ai une pensée en votre nom à tous, pour celles et ceux qui sont seuls, malades, dans l'épreuve ou le dénuement.",162,93,0;1,False
macron2025_c001,macron2025,macron,fr,2025-12-31,new_year_address,,1,17,0.062,"Je sais comme la situation est difficile pour beaucoup d'entre vous, placés devant des souffrances personnelles et les malheurs de la vie, et je veux vous dire notre soutien et notre affection.

Grâce à l'engagement de tous, grâce à vous, nous tenons. Oui, notre pays tient. Fort de ses institutions, de ses services publics, fort de ses armées qui sont les plus efficaces d'Europe, par l'engagement de ses soldats. Fort de notre économie, où jamais autant de Français n'ont eu un emploi, où la croissance se tient et où notre inflation est l'une des plus faibles de la zone euro. Fort de notre recherche, de notre excellence académique, de nos initiatives diplomatiques aussi, qu'il s'agisse de celles prises pour la paix, le climat ou nos océans.",193,126,1;2,False
macron2025_c002,macron2025,macron,fr,2025-12-31,new_year_address,,2,17,0.125,"Mais au-delà de tout cela, nul n'est aveugle sur les désordres du monde et nos propres failles. Notre monde est plus dur chaque jour. La guerre et l'instabilité continuent d'être là, au Proche et au Moyen-Orient, avec des conséquences sur nos économies, nos intérêts, parfois notre cohésion. Et la guerre continue de sévir sur le sol européen, avec une intensité particulière depuis que la Russie a décidé d'une nouvelle agression de l'Ukraine voilà bientôt 4 ans. Nous assistons au retour des empires, à la remise en cause de l'ordre international, un monde de guerres commerciales, de compétition technologique, souvent d'instabilité.",173,100,3,False
macron2025_c003,macron2025,macron,fr,2025-12-31,new_year_address,,3,17,0.188,"Je vois aussi nos propres divisions, nos doutes, la solitude croissante qui existe dans la société, la baisse de notre natalité, l'insécurité, les difficultés de pouvoir d'achat.",48,27,4,True
macron2025_c004,macron2025,macron,fr,2025-12-31,new_year_address,,4,17,0.25,"Je sais toutes les impatiences, parfois les colères, qui continuent d'exister dans le pays et je partage plusieurs d'entre elles. Ces urgences exigent des réponses. Dès les premières semaines de l'année qui s'ouvre, le Gouvernement et le Parlement auront à bâtir des accords pour doter la nation d'un budget. C'est indispensable. Dès le début de l'année 2026, il faudra agir, soutenir nos agriculteurs face aux crises et les protéger de décisions qui peuvent menacer notre capacité à produire, comme notre sécurité alimentaire. Renforcer encore notre économie en simplifiant les règles pour nos entrepreneurs, comme pour nos agriculteurs.",165,97,5,False
macron2025_c005,macron2025,macron,fr,2025-12-31,new_year_address,,5,17,0.312,"Persévérer dans nos efforts contre l'insécurité, contre toutes les formes d'incivilité, et mener sans relâche la lutte contre les trafics de drogue sous toutes leurs formes. Continuer à reprendre le contrôle de nos frontières françaises et européennes face à l'immigration illégale, poursuivre la formation de nos enseignants et donner les moyens à l'école comme au collège de mieux transmettre les savoirs fondamentaux, reconnaître les compétences de nos médecins en ville comme à l'hôpital, en simplifiant leur exercice et en leur permettant de davantage décider et d'organiser leur activité.",156,88,5,False
macron2025_c006,macron2025,macron,fr,2025-12-31,new_year_address,,6,17,0.375,"Mettre en œuvre une décentralisation concrète et radicale, construite avec nos élus de terrain pour simplifier le fonctionnement du pays, faire des économies et répondre aussi, par là même, aux aspirations légitimes de la Corse et de plusieurs territoires d'Outre-mer. Pour tout cela, et j'aurais pu égrener ici tous les chantiers qui nous attendent, je sais le Gouvernement à la tâche et le Premier ministre déterminé à être utile au pays et je veux ce soir les en remercier sincèrement. Cela supposera aussi la mobilisation de chacun et les efforts de tous.",151,92,5,False
macron2025_c007,macron2025,macron,fr,2025-12-31,new_year_address,,7,17,0.438,"Cette année, se tiendront aussi les élections municipales dans nos communes. Et je veux redire ce soir à tous les maires, à nos élus, ma reconnaissance et ma gratitude envers eux. Ils ont été durant ces dernières années de tous les combats, de toutes les crises à mes côtés et à votre service.

Cette année doit donc être et sera une année utile.",86,63,6;7,False
macron2025_c008,macron2025,macron,fr,2025-12-31,new_year_address,,8,17,0.5,"Je veillerai tout particulièrement à ce que plusieurs grands chantiers puissent aboutir. Nous verrons les premiers pas du service national pour l'engagement de nos jeunes, qui renforcera le lien entre nos armées et la nation. Nous protégerons nos enfants et nos adolescents des réseaux sociaux et des écrans. Nous irons, enfin, au bout du travail législatif sur la question de la fin de vie dans la dignité, sujet sur lequel je m'étais engagé, devant vous en 2022.",124,77,8,False
macron2025_c009,macron2025,macron,fr,2025-12-31,new_year_address,,9,17,0.562,"À la fin de l'année, quand le moment sera venu, s'ouvrira peu à peu la prochaine campagne pour l'élection présidentielle de 2027, la première à laquelle je ne participerai pas depuis 10 ans. Pour autant, je serai, jusqu'à la dernière seconde, au travail, tâchant chaque jour d'être à la hauteur du mandat que vous m'avez confié, et je ferai tout pour que l'élection présidentielle se déroule le plus sereinement possible, en particulier à l'abri de toute ingérence étrangère.",142,78,9,False
macron2025_c010,macron2025,macron,fr,2025-12-31,new_year_address,,10,17,0.625,"Au-delà des chantiers à mener, je veux avoir, pour notre nation, trois vœux.

D'abord, un vœu d'unité. Quels que soient les défis, notre histoire nous enseigne que nous pouvons tout relever, tout affronter, si nous savons rester unis. N'oublions donc jamais que nos raisons de vivre ensemble sont chaque jour plus fortes que ce qui peut nous diviser, que les flots des urgences, des faits divers ou des mauvaises nouvelles. Notre unité suppose de lutter sans relâche contre l'antisémitisme, contre le racisme, contre toutes les formes de discrimination.",156,88,10;11,False
macron2025_c011,macron2025,macron,fr,2025-12-31,new_year_address,,11,17,0.688,"Notre unité exige de reconnaître que chaque Française, chaque Français a un rôle à jouer pour relever les défis qui sont devant nous, que chacun d'entre nous est nécessaire et doit être encouragé et reconnu. Oui, dans notre vie de chaque jour, au fond, je nous souhaite plus de bienveillance et plus d'humanité.

Mon deuxième vœu est un vœu de force, d'indépendance. Alors que la loi du plus fort tente de s'imposer dans les affaires du monde et que notre Europe est assaillie de toutes parts, nous devons défendre notre indépendance et nos libertés.",150,94,11;12,False
macron2025_c012,macron2025,macron,fr,2025-12-31,new_year_address,,12,17,0.75,"Notre indépendance exige que nous continuions d'investir dans nos armées, dans nos forces de sécurité, dans nos services publics et notre économie malgré les difficultés financières. Depuis 10 ans, j'ai beaucoup plaidé et nous avons beaucoup fait pour renforcer en Européens cette indépendance et il nous faut accélérer. L'Europe de la défense a longtemps été un débat, elle a commencé de se faire et en 2026, cela accélérera. Dès le 6 janvier prochain, à Paris, de nombreux États européens et alliés prendront des engagements concrets pour protéger l'Ukraine et assurer une paix juste et durable sur notre continent européen.",169,99,13,False
macron2025_c013,macron2025,macron,fr,2025-12-31,new_year_address,,13,17,0.812,"Protégeons aussi notre Europe industrielle et agricole, en instaurant des règles de commerce loyales, justes vis-à-vis du reste du monde. Osons être une vraie puissance qui assume une préférence européenne pour ses emplois, ses entreprises. Bâtissons une Europe indépendante dans l'industrie spatiale, le quantique ou l'intelligence artificielle. Il en va de notre prospérité en France comme en Europe.",107,58,13,False
macron2025_c014,macron2025,macron,fr,2025-12-31,new_year_address,,14,17,0.875,"Mon dernier vœu est un vœu d'espérance, espérance pour nous-mêmes et pour nos enfants.

Ne renonçons pas. Ne renonçons pas au progrès, encore possible à condition de le bâtir, de travailler dur, d'investir dans la durée et de reconnaître que les avancées véritables ne se font pas en un jour, mais qu'elles prennent parfois le temps d'une génération.",105,58,14;15,False
macron2025_c015,macron2025,macron,fr,2025-12-31,new_year_address,,15,17,0.938,"Ne renonçons pas à réconcilier climat, biodiversité, croissance et indépendance. Ne renonçons pas aux grandes découvertes scientifiques, à l'amour de la science et de la recherche, aux succès économiques.

Ne renonçons pas à la place de la lecture, du beau, de la culture. Ne renonçons pas chaque jour à être une nation plus solidaire, plus fraternelle. Oui, au fond, je nous souhaite de résister à l'air du temps, tout simplement, car nous sommes français. Nous devons tenir bon sur ce que nous chérissons, l'humain, la paix, la liberté. Nous y arriverons. Alors, regardons devant et regardons loin, comme citoyens et comme nation.",179,102,16;17,False
macron2025_c016,macron2025,macron,fr,2025-12-31,new_year_address,,16,17,1.0,"Mes chers compatriotes de France hexagonale, de nos Outre-mer et vivants à l'étranger, je vous souhaite une très belle, une très heureuse année 2026.

Vive la République ! Vive la France !",57,32,18;19,True
merkel1_c000,merkel1,merkel,de,2016-12-31,new_year_address,,0,12,0.0,"Liebe Mitbürgerinnen und Mitbürger,

2016 war ein Jahr schwerer Prüfungen. Darüber möchte ich heute Abend zu Ihnen sprechen - aber auch darüber, warum ich trotz allem für Deutschland zuversichtlich bin und warum ich so sehr von den Stärken unseres Landes und seiner Menschen überzeugt bin.

Die schwerste Prüfung ist ohne Zweifel der islamistische Terrorismus, der auch uns Deutsche seit vielen Jahren im Visier hat. 2016 griff er uns mitten in unserem Land an: in Würzburg, in Ansbach und vor wenigen Tagen erst am Weihnachtsmarkt hier an der Gedächtniskirche in Berlin.",156,90,0;1;2,False
merkel1_c001,merkel1,merkel,de,2016-12-31,new_year_address,,1,12,0.091,"Und – ja – es ist besonders bitter und widerwärtig, wenn Terroranschläge von Menschen begangen werden, die in unserem Land angeblich Schutz suchen. Die genau deshalb die Hilfsbereitschaft unseres Landes erlebt haben und diese nun mit ihren Taten verhöhnen. Wie sie auch diejenigen verhöhnen, die tatsächlich unseren Schutz brauchen und verdienen.",87,51,3,False
merkel1_c002,merkel1,merkel,de,2016-12-31,new_year_address,,2,12,0.182,"Was also ist dann mit der Zuversicht, von der ich zu Beginn sprach?

Zuversicht inmitten der tiefen Trauer um die Toten und Verletzten?

Ich meine, wir konnten sie hier in Berlin und in vielen anderen deutschen Städten gerade in diesen schweren Tagen spüren: in dem Trost, den wir spenden oder bekommen können.",84,52,4;5;6,False
merkel1_c003,merkel1,merkel,de,2016-12-31,new_year_address,,3,12,0.273,"Und in einer festen Entschlossenheit, der Welt des Hasses der Terroristen unsere Mitmenschlichkeit und unseren Zusammenhalt entgegenzusetzen.

Indem wir unserem Leben und unserer Arbeit nachgehen, sagen wir den Terroristen: Sie sind Mörder voller Hass, aber wie wir leben und leben wollen, das bestimmen nicht Sie. Wir sind frei, mitmenschlich, offen.",87,50,7;8,False
merkel1_c004,merkel1,merkel,de,2016-12-31,new_year_address,,4,12,0.364,"Auch indem wir zum Beispiel mit den Bildern des zerbombten Aleppo in Syrien vor Augen noch einmal sagen dürfen, wie wichtig und richtig es war, dass unser Land auch im zurückliegenden Jahr denjenigen, die tatsächlich unseren Schutz brauchen, geholfen hat, hier bei uns Tritt zu fassen und sich zu integrieren.

Das alles – es spiegelt sich wider in unserer Demokratie, in unserem Rechtsstaat, in unseren Werten.",103,66,9;10,False
merkel1_c005,merkel1,merkel,de,2016-12-31,new_year_address,,5,12,0.455,"Sie sind der Gegenentwurf zur hasserfüllten Welt des Terrorismus, und sie werden stärker sein als der Terrorismus. Wir gemeinsam sind stärker. Unser Staat ist stärker.

Unser Staat tut alles, um seinen Bürgern Sicherheit in Freiheit zu gewährleisten.

Diese Arbeit ist nie beendet, und gerade in diesem Jahr haben wir den Sicherheitsbehörden viel neue Unterstützung gegeben. 2017 werden wir als Bundesregierung dort, wo politische oder gesetzliche Veränderungen nötig sind, schnellstens die notwendigen Maßnahmen in die Wege leiten und umsetzen.",148,78,11;12;13,False
merkel1_c006,merkel1,merkel,de,2016-12-31,new_year_address,,6,12,0.545,"Viele verbinden mit diesem Jahr 2016 auch das Gefühl, die Welt insgesamt sei aus den Fugen geraten oder das, was lange Zeit als Errungenschaft galt, sei jetzt in Frage gestellt. Die Europäische Union zum Beispiel. Oder gleich die parlamentarische Demokratie, die sich angeblich nicht um die Interessen der Bürger kümmere, sondern nur dem Nutzen einiger weniger diene.",97,57,14,False
merkel1_c007,merkel1,merkel,de,2016-12-31,new_year_address,,7,12,0.636,"Was für Zerrbilder.

Ja, Europa ist langsam. Es ist mühsam. Es hat tiefe Einschnitte wie den Austritt eines Mitgliedsstaats hinzunehmen. Und – ja – Europa sollte sich auf das konzentrieren, was es wirklich besser kann als der nationale Staat.

Aber nein – wir Deutschen sollten uns niemals vorgaukeln lassen, eine glückliche Zukunft könnte je im nationalen Alleingang liegen.",104,58,15;16;17,False
merkel1_c008,merkel1,merkel,de,2016-12-31,new_year_address,,8,12,0.727,"Wo Europa – wie im globalen Wettbewerb, beim Schutz unserer Außengrenzen oder bei der Migration – als Ganzes herausgefordert wird, muss es auch als Ganzes die Antwort finden – egal wie mühsam und zäh das ist. Und wir Deutschen haben jedes Interesse daran, eine führende Rolle dabei zu spielen.

Ein Zerrbild ist es auch, das manche von unserer parlamentarischen Demokratie zeichnen. Doch sie ist stark. Sie ermöglicht Mitwirkung und Mitsprache. Sie akzeptiert, nein, sie fordert Widerspruch und Kritik. Kritik, die friedlich und im Respekt vor dem einzelnen Menschen daherkommt, die Lösungen und Kompromisse sucht und nicht ganze Gruppen ausgrenzt.",180,99,18;19,False
merkel1_c009,merkel1,merkel,de,2016-12-31,new_year_address,,9,12,0.818,"2017 ist auch das Jahr der nächsten Bundestagswahl. Ich werde mich für eine politische Auseinandersetzung einsetzen, bei der wir über vieles leidenschaftlich streiten werden, aber stets wie Demokraten, die nie vergessen, dass es eine Ehre ist, unserer Demokratie und damit den Menschen zu dienen.

Zu dem, was mir Mut für unser Deutschland macht, gehört auch unsere soziale Marktwirtschaft. Sie lässt uns Krisen und Veränderungsprozesse besser meistern als jedes andere Wirtschaftssystem auf der Welt.",129,73,20;21,False
merkel1_c010,merkel1,merkel,de,2016-12-31,new_year_address,,10,12,0.909,"Noch nie hatten so viele Menschen Arbeit wie heute. Unsere Unternehmen stehen überwiegend gut da. Unser wirtschaftlicher Erfolg gibt uns die Möglichkeit, unser Sozialsystem zu stärken und all denen zu helfen, die Hilfe brauchen. Ab morgen treten zum Beispiel wichtige Verbesserungen in der Pflege in Kraft.

Mut machen mir auch der Enthusiasmus und Erfindungsgeist, mit dem in deutschen Unternehmen und an unseren Hochschulen für die Zukunft geforscht und entwickelt wird. Ob neue Energien oder die Digitalisierung – wir haben auf allen Gebieten die Chance, nicht Getriebene zu sein, sondern zu denen zu gehören, die die neuen Wege entdecken und bestimmen.",154,100,22;23,False
merkel1_c011,merkel1,merkel,de,2016-12-31,new_year_address,,11,12,1.0,"Dafür braucht es einen offenen Blick auf die Welt und Selbstvertrauen – in uns und unser Land.

Zusammenhalt, Offenheit, unsere Demokratie und eine starke Wirtschaft, die dem Wohl aller dient: Das ist es, was mich für unsere Zukunft hier in Deutschland auch am Ende eines schweren Jahres zuversichtlich sein lässt.

Keiner dieser Werte ist uns einfach so gegeben. Für jeden werden wir auch 2017 arbeiten müssen, alle gemeinsam, jeder nach seinen Möglichkeiten – und diese Arbeit wird sich lohnen.

Ich wünsche Ihnen und Ihren Familien von Herzen ein frohes neues Jahr, Glück, Gesundheit und Gottes Segen.",154,96,24;25;26;27,False
merkel2_c000,merkel2,merkel,de,2017-12-31,new_year_address,,0,11,0.0,"Liebe Mitbürgerinnen und Mitbürger,

ich grüße Sie herzlich. Ich freue mich über die Gelegenheit, Ihnen auch an diesem Silvestertag einige Gedanken zu sagen, die mich an der Schwelle zum neuen Jahr bewegen.

Aus zahlreichen Gesprächen und Begegnungen in diesem Jahr weiß ich, dass sich viele von Ihnen Sorgen über den Zusammenhalt in Deutschland machen. Schon lange gab es darüber nicht mehr so unterschiedliche Meinungen. Manche sprechen gar von einem Riss, der durch unsere Gesellschaft geht.",120,75,0;1;2,False
merkel2_c001,merkel2,merkel,de,2017-12-31,new_year_address,,1,11,0.1,"Die einen sagen: Deutschland ist ein wunderbares Land, in dem die Werte unseres Grundgesetzes gelebt werden. Ein Land, das stark und wirtschaftlich erfolgreich ist. In dem noch nie so viele Menschen Arbeit hatten wie heute. Ein Land mit einer weltoffenen und vielfältigen Gesellschaft, mit einem starken Zusammenhalt, in dem sich tagtäglich Millionen Menschen ehrenamtlich für andere engagieren, zum Beispiel im Sport, für Kranke und Schwache oder auch in der Flüchtlingshilfe.",118,70,3,False
merkel2_c002,merkel2,merkel,de,2017-12-31,new_year_address,,2,11,0.2,"Die anderen sagen: Es gibt zu viele Menschen, die an diesem Erfolg nicht teilhaben. Die nicht mit dem Tempo unserer Zeit mitkommen. Die sehen, dass es ihre Kinder in die Großstädte zieht und sie allein bleiben, in Gebieten, in denen vom Einkauf bis zum Arztbesuch der Alltag immer schwieriger wird. Die sich sorgen, dass es zu viel Kriminalität und Gewalt gibt. Die sich fragen, wie wir die Zuwanderung in unser Land ordnen und steuern können.",116,75,4,False
merkel2_c003,merkel2,merkel,de,2017-12-31,new_year_address,,3,11,0.3,"Beides sind Realitäten in unserem Land: der Erfolg und die Zuversicht, aber auch die Ängste und die Zweifel. Für mich ist beides Ansporn.

Denn Sie, liebe Mitbürgerinnen und Mitbürger, haben uns Politikern den Auftrag gegeben, uns um die Herausforderungen der Zukunft zu kümmern und dabei die Bedürfnisse aller Bürgerinnen und Bürger im Auge zu haben. Diesem Auftrag fühle ich mich verpflichtet – auch und gerade bei der Arbeit daran, für Deutschland im neuen Jahr zügig eine stabile Regierung zu bilden.",136,80,5;6,False
merkel2_c004,merkel2,merkel,de,2017-12-31,new_year_address,,4,11,0.4,"Denn die Welt wartet nicht auf uns. Wir müssen jetzt die Voraussetzungen dafür schaffen, dass es Deutschland auch in 10, 15 Jahren gut geht. Und wirklich gut geht es Deutschland, wenn der Erfolg allen Menschen dient und unser Leben verbessert und bereichert.

Dabei kann der Leitgedanke der Sozialen Marktwirtschaft, dass wirtschaftlicher Erfolg und sozialer Zusammenhalt zwei Seiten einer Medaille sind, auch in der Zeit des digitalen Fortschritts unser Kompass sein.",115,70,7;8,False
merkel2_c005,merkel2,merkel,de,2017-12-31,new_year_address,,5,11,0.5,"Das bedeutet zum einen:

bestehende Arbeitsplätze zu sichern wie auch ganz neue Jobs für die Zukunft zu schaffen,
die Unternehmen noch mehr bei Forschung und Entwicklung in innovative Technologien zu unterstützen
den Staat zum digitalen Vorreiter zu machen,
und vor allem uns und unsere Kinder mit bester Bildung und Weiterbildung auf den digitalen Fortschritt vorzubereiten.
Und das heißt zum anderen:",90,60,9;10,False
merkel2_c006,merkel2,merkel,de,2017-12-31,new_year_address,,6,11,0.6,"die Familien in den Mittelpunkt zu stellen, sie finanziell zu entlasten, damit sie Familienleben und Beruf noch besser vereinbaren können,
eine gute und würdevolle Pflege zu ermöglichen, indem wir die Pflegeberufe stärken und die Menschen, die ihre Angehörigen zu Hause pflegen, noch besser unterstützen,
und – nicht zuletzt – für gleichwertige Lebensverhältnisse in allen Regionen unseres Landes zu sorgen – ganz gleich ob in der Stadt oder auf dem Land.
Und wir werden noch mehr in einen starken Staat investieren müssen, der die Regeln unseres Zusammenlebens verteidigt und für Ihre Sicherheit – für unser aller Sicherheit – sorgt.",160,98,11,False
merkel2_c007,merkel2,merkel,de,2017-12-31,new_year_address,,7,11,0.7,"Ich danke deshalb an dieser Stelle ganz besonders den Polizistinnen und Polizisten, die auch heute Abend für uns da sind und zum Beispiel die vielen Silvesterfeiern im Land schützen, wie auch den Soldatinnen und Soldaten, die hierzulande oder in den Auslandseinsätzen ihren Dienst für unser Land tun.

Die Zukunft Deutschlands ist bei all dem untrennbar mit der Zukunft Europas verbunden. 27 Staaten in Europa müssen stärker denn je dazu bewogen werden, als eine Gemeinschaft zusammenzuhalten. Das wird die entscheidende Frage der nächsten Jahre sein.",137,84,12;13,False
merkel2_c008,merkel2,merkel,de,2017-12-31,new_year_address,,8,11,0.8,"Es wird darum gehen, ob wir Europäer in der globalen und digitalen Welt unsere Werte solidarisch und selbstbewusst nach innen wie nach außen vertreten, ob wir so auch für ein wirtschaftlich erfolgreiches und gerechtes Europa arbeiten und konsequent für den Schutz unserer Außengrenzen wie auch die Sicherheit der Bürgerinnen und Bürger eintreten.",85,52,14,False
merkel2_c009,merkel2,merkel,de,2017-12-31,new_year_address,,9,11,0.9,"Deutschland und Frankreich wollen gemeinsam dafür arbeiten, dass das gelingt, und so dazu beitragen, Europa für die Zukunft fit zu machen.

Liebe Mitbürgerinnen und Mitbürger, das Ringen um richtige Antworten gehört zu einer lebendigen Demokratie. Wir sind – im besten Sinne – eine vielstimmige Gesellschaft. Zugleich einen uns die Werte unseres Grundgesetzes: also die Achtung vor der unantastbaren Würde jedes einzelnen Menschen und seiner Freiheitsrechte.",121,65,15;16,False
merkel2_c010,merkel2,merkel,de,2017-12-31,new_year_address,,10,11,1.0,"Dass wir uns wieder stärker bewusst werden, was uns im Innersten zusammenhält, dass wir wieder deutlicher das Gemeinsame in den Vordergrund stellen, dass wir uns bemühen, wieder mehr Achtung vor dem anderen zu haben, und zwar Achtung im umfassenden Sinne – aufmerksam sein, wirklich zuhören, Verständnis aufbringen –, das sind meine Wünsche für das neue Jahr.

Und Ihnen und Ihren Familien wünsche ich Gesundheit, Kraft, Zuversicht und Gottes Segen für das neue Jahr 2018.",131,74,17;18,False
merkel2020_c000,merkel2020,merkel,de,2019-12-31,new_year_address,,0,12,0.0,"Liebe Mitbürgerinnen und Mitbürger,

heute Abend stehen wir nicht nur am Beginn eines neuen Jahres, sondern auch eines neuen Jahrzehnts. Ich bin überzeugt: Wir haben gute Gründe, zuversichtlich zu sein, dass die in wenigen Stunden beginnenden 20er Jahre des 21. Jahrhunderts gute Jahre werden können – wenn wir unsere Stärken nutzen, wenn wir auf das setzen, was uns verbindet, wenn wir uns daran erinnern, was wir in den letzten Jahrzehnten gemeinsam erreicht haben.",125,73,0;1,False
merkel2020_c001,merkel2020,merkel,de,2019-12-31,new_year_address,,1,12,0.091,"Im nächsten Jahr wird Deutschland seit 30 Jahren in Frieden und Freiheit wiedervereint sein. In diesen 30 Jahren haben wir Großartiges geschafft. So hatten zum Beispiel noch nie so viele Menschen Arbeit wie heute. Dennoch bleibt auch im nächsten Jahrzehnt noch mehr zu tun, als wir vor 30 Jahren gedacht haben.

Zugleich erleben wir täglich, wie sehr der digitale Fortschritt unser Leben in allen Bereichen verändert, natürlich auch unser Arbeitsleben. Darauf müssen wir neue Antworten finden. Denn wir wollen, dass alle Menschen Zugang zu der Bildung haben, die sie für diesen Wandel brauchen. Wir wollen, dass sie auch in Zukunft einen guten und sicheren Arbeitsplatz haben – und im Alter eine verlässliche Rente.",171,113,2;3,False
merkel2020_c002,merkel2020,merkel,de,2019-12-31,new_year_address,,2,12,0.182,"Dazu brauchen wir mehr denn je den Mut zu neuem Denken, die Kraft, bekannte Wege zu verlassen, die Bereitschaft, Neues zu wagen, und die Entschlossenheit, schneller zu handeln, in der Überzeugung, dass Ungewohntes gelingen kann – und gelingen muss, wenn es der Generation der heute jungen Menschen und ihren Nachkommen noch möglich sein soll, auf dieser Erde gut leben zu können.",99,61,4,False
merkel2020_c003,merkel2020,merkel,de,2019-12-31,new_year_address,,3,12,0.273,"Die Erwärmung unserer Erde ist real. Sie ist bedrohlich. Sie und die aus der Erderwärmung erwachsenden Krisen sind von Menschen verursacht. Also müssen wir auch alles Menschenmögliche unternehmen, um diese Menschheitsherausforderung zu bewältigen. Noch ist das möglich.

Diese Überzeugung trägt auch das Klimaschutzprogramm, das Bund und Länder vor wenigen Tagen verabschiedet haben. Ich weiß sehr wohl, dass die darin beschlossenen Maßnahmen den einen Angst machen, dass sie sie überfordern könnten, und den anderen noch lange nicht ausreichen.",146,77,5;6,False
merkel2020_c004,merkel2020,merkel,de,2019-12-31,new_year_address,,4,12,0.364,"Und es stimmt ja auch: Ich bin mit meinen 65 Jahren in einem Alter, in dem ich persönlich nicht mehr alle Folgen des Klimawandels erleben werde, die sich einstellen würden, wenn die Politik nicht handelte. Es sind ja unsere Kinder und Enkel, die mit den Folgen dessen leben müssen, was wir heute tun oder unterlassen. Deshalb setze ich all meine Kraft dafür ein, dass Deutschland seinen Beitrag leistet – ökologisch, ökonomisch, sozial – den Klimawandel in den Griff zu bekommen. Das gerade beschlossene Gesetz bietet dazu den – im Wortsinne – notwendigen Rahmen.",145,93,7,False
merkel2020_c005,merkel2020,merkel,de,2019-12-31,new_year_address,,5,12,0.455,"Dabei können wir aufbauen auf dem, was uns schon immer stark gemacht hat: unseren Ideen, unserem Erfindergeist, unserem Fleiß und unserer Hartnäckigkeit, unseren Handwerkern, Ingenieuren und Fachkräften, unseren staatlichen und ehrenamtlichen Strukturen, unserer Art des Zusammenlebens in Familien und Vereinen, der Wertschätzung für diejenigen, die zum Beispiel in der Pflege für andere Menschen und mit anderen Menschen arbeiten.",106,58,8,False
merkel2020_c006,merkel2020,merkel,de,2019-12-31,new_year_address,,6,12,0.545,"Und dabei tragen uns die Werte des Grundgesetzes von Freiheit, Solidarität und der Achtung der Würde jedes einzelnen Menschen sowie die Prinzipien der Sozialen Marktwirtschaft. Sie bleiben unser Kompass auch im nächsten Jahrzehnt. Das heißt, auch im digitalen Zeitalter hat die Technik dem Menschen zu dienen – und nicht umgekehrt. Die Würde des Menschen setzt die Grenzen, denn sie ist unantastbar.",109,61,9,False
merkel2020_c007,merkel2020,merkel,de,2019-12-31,new_year_address,,7,12,0.636,"Das ist der Kern unserer freiheitlichen Demokratie, die jeden Tag mit Leben zu füllen ist. Ich danke den Frauen und Männern, die in unserem Land politische Verantwortung übernehmen, ganz besonders denen in den Kommunen. Sie – wie alle Menschen in unserem Land – vor Hass, Anfeindungen und Gewalt, vor Rassismus und Antisemitismus zu schützen, ist Aufgabe des Staates, eine Aufgabe, der sich die Bundesregierung besonders verpflichtet fühlt.",116,67,10,False
merkel2020_c008,merkel2020,merkel,de,2019-12-31,new_year_address,,8,12,0.727,"Ich danke den vielen, die sich für unser Gemeinwesen einsetzen, haupt- und ehrenamtlich: den Polizisten, Feuerwehrleuten und all denen, die ihren Mitmenschen in schweren Situationen beistehen. Sie alle bilden das Rückgrat unserer Demokratie.

In den vergangenen Jahren habe ich oft gesagt, dass es auch Deutschland auf Dauer nur dann gut geht, wenn es auch Europa gut geht. Denn nur in der Gemeinschaft der Europäischen Union können wir unsere Werte und Interessen behaupten und Frieden, Freiheit und Wohlstand sichern.",138,78,11;12,False
merkel2020_c009,merkel2020,merkel,de,2019-12-31,new_year_address,,9,12,0.818,"Europa muss seine Stimme stärker in der Welt einbringen. Dafür werden wir uns auch während der deutschen EU-Ratspräsidentschaft im kommenden Jahr einsetzen, zum Beispiel durch einen Gipfel aller Mitgliedstaaten mit China und ein Treffen mit den Staaten Afrikas. Die Zusammenarbeit mit Afrika liegt auch in unserem eigenen Interesse. Denn nur wenn Menschen die Chance auf ein friedliches und sicheres Leben haben, werden Flucht und Migration abnehmen. Nur wenn wir Kriege durch politische Lösungen beenden, wird sich nachhaltige Sicherheit einstellen.",128,79,13,False
merkel2020_c010,merkel2020,merkel,de,2019-12-31,new_year_address,,10,12,0.909,"Unsere Sicherheit und unser Wohlstand hängen wesentlich davon ab, dass es auch in unserer Nachbarschaft sicher wird und wirtschaftlich aufwärts geht. Deshalb danke ich heute Abend sowohl unseren Soldatinnen und Soldaten, den Polizistinnen und Polizisten als auch den zivilen Helferinnen und Helfern, die fern der Heimat ihren Dienst tun.",90,49,14,False
merkel2020_c011,merkel2020,merkel,de,2019-12-31,new_year_address,,11,12,1.0,"Ein neues Jahrzehnt liegt vor uns. Die 20er Jahre können gute Jahre werden. Überraschen wir uns einmal mehr damit, was wir können. Veränderungen zum Guten sind möglich, wenn wir uns offen und entschlossen auf Neues einlassen.

In diesem Sinne wünsche ich Ihnen und Ihren Familien ein gesundes, frohes und gesegnetes neues Jahr 2020.",93,53,15;16,False
merkel3_c000,merkel3,merkel,de,2018-12-31,new_year_address,,0,11,0.0,"Liebe Mitbürgerinnen und Mitbürger,

ein Jahr liegt hinter uns, mit Höhen und Tiefen, mit frohen und traurigen Momenten. Jedem von uns wird dazu etwas ganz Persönliches einfallen. Ich denke heute Abend vor allem an das überaus schwierige politische Jahr, das heute zu Ende geht.

Ich weiß, viele von Ihnen haben sehr mit der Bundesregierung gehadert. Erst haben wir lange gebraucht, um überhaupt eine Regierung zu bilden, und als wir sie hatten, da gab es Streit und viel Beschäftigung mit uns selbst.",130,81,0;1;2,False
merkel3_c001,merkel3,merkel,de,2018-12-31,new_year_address,,1,11,0.1,"Es ist mein Verständnis als Bundeskanzlerin, dass unsere Demokratie von der mehrheitlich getragenen Übereinkunft lebt, dass ihre Staatsdiener alles in ihrer Macht Stehende für den inneren Frieden und den Zusammenhalt unseres Landes tun. Dass sie sich immer wieder prüfen, was sie auch ganz persönlich dazu beitragen können.",85,47,3,False
merkel3_c002,merkel3,merkel,de,2018-12-31,new_year_address,,2,11,0.2,"Das habe ich getan. Und zwar auch unabhängig davon, wie unbefriedigend das vergangene Jahr war, weil ganz grundsätzlich 13 Jahre Amtszeit als Bundeskanzlerin dafür allemal Grund genug sind.

So habe ich Ende Oktober einen Neubeginn eingeleitet und gesagt, dass ich nach Ende dieser Legislaturperiode keine politischen Ämter mehr ausüben werde.",90,50,4;5,False
merkel3_c003,merkel3,merkel,de,2018-12-31,new_year_address,,3,11,0.3,"Die Demokratie lebt vom Wechsel, und wir alle stehen in der Zeit. Wir bauen auf dem auf, was unsere Vorgänger uns überlassen haben, und gestalten in der Gegenwart für die, die nach uns kommen.

Dabei leitet mich die Überzeugung: Die Herausforderungen unserer Zeit werden wir nur meistern, wenn wir zusammenhalten und mit anderen über Grenzen hinweg zusammenarbeiten.",92,57,6;7,False
merkel3_c004,merkel3,merkel,de,2018-12-31,new_year_address,,4,11,0.4,"Geradezu sinnbildlich dafür sind für mich die Bilder, die uns unser Astronaut Alexander Gerst in den letzten Monaten von der internationalen Raumstation ISS geschickt hat. Es sind Bilder, die uns immer wieder eine neue Sicht auf unseren Planeten geben: Auf Naturgewalten wie Hurrikans, mit denen wir Menschen leben müssen; auf unsere mitteleuropäischen Landschaften, die in diesem ungewöhnlich trockenen Sommer auch aus dem All ganz braun statt grün aussahen; und immer wieder sind es auch einfach Bilder von der überwältigenden Schönheit unserer Erde.",131,82,8,False
merkel3_c005,merkel3,merkel,de,2018-12-31,new_year_address,,5,11,0.5,"Einerseits diese überwältigende Schönheit. Andererseits wissen wir um die Verletzlichkeit unserer Lebensgrundlagen – und zwar im umfassenden Sinne. Da ist die Schicksalsfrage des Klimawandels, die der Steuerung und Ordnung der Migration, da ist der Kampf gegen den internationalen Terrorismus.

In unserem eigenen Interesse wollen wir alle diese Fragen lösen, und das können wir am besten, wenn wir die Interessen anderer mitbedenken. Das ist die Lehre aus den zwei Weltkriegen des vergangenen Jahrhunderts. Aber diese Überzeugung wird heute nicht mehr von allen geteilt, Gewissheiten der internationalen Zusammenarbeit geraten unter Druck. In einer solchen Situation müssen wir für unsere Überzeugungen wieder stärker einstehen, argumentieren, kämpfen. Und wir müssen im eigenen Interesse mehr Verantwortung übernehmen.",202,112,9;10,False
merkel3_c006,merkel3,merkel,de,2018-12-31,new_year_address,,6,11,0.6,"Deutschland wird ab morgen für zwei Jahre Mitglied im UN-Sicherheitsrat sein und sich dort für globale Lösungen einsetzen. Wir steigern unsere Mittel für humanitäre Hilfe und Entwicklungshilfe, aber auch unsere Verteidigungsausgaben weiter.

Wir setzen uns dafür ein, die Europäische Union robuster und entscheidungsfähiger zu machen. Und mit Großbritannien wollen wir trotz des Austritts aus der Europäischen Union weiter eine enge Partnerschaft bewahren.",113,62,11;12,False
merkel3_c007,merkel3,merkel,de,2018-12-31,new_year_address,,7,11,0.7,"Im Mai können Sie durch Ihre Teilnahme an der Europawahl dazu beitragen, dass die Europäische Union auch in Zukunft ein Projekt von Frieden, Wohlstand und Sicherheit sein wird.

Liebe Mitbürgerinnen und Mitbürger, Wohlstand, Sicherheit und Frieden, dafür müssen wir vor allem aber bei uns zu Hause arbeiten.

Millionen Menschen stellen sich bereitwillig in den Dienst der Gesellschaft. Ich danke an diesem Silvesterabend besonders allen Polizistinnen und Polizisten, Soldatinnen und Soldaten, den vielen Rettungskräften und all denjenigen, die sich in Krankenhäusern und in der Pflege um andere kümmern, genauso wie den Millionen ehrenamtlich Tätigen.",169,93,13;14;15,False
merkel3_c008,merkel3,merkel,de,2018-12-31,new_year_address,,8,11,0.8,"Um Arbeitsplätze, Wohlstand und unsere Lebensgrundlagen zu sichern, geht die Bundesregierung konsequent die nächsten Schritte beim Strukturwandel von traditionellen zu neuen Technologien und setzt ihre Strategie für den digitalen Fortschritt um.

Mit unserer Arbeit für gleichwertige Lebensverhältnisse wollen wir erreichen, dass jede und jeder einen guten Zugang zu Bildung, Wohnraum und Gesundheitsversorgung hat – auf dem Land genauso wie in der Stadt.",108,62,16;17,False
merkel3_c009,merkel3,merkel,de,2018-12-31,new_year_address,,9,11,0.9,"Dabei ringen wir um die besten Lösungen in der Sache. Immer häufiger aber auch um den Stil unseres Miteinanders, um unsere Werte: Offenheit, Toleranz und Respekt. Diese Werte haben unser Land stark gemacht. Für sie müssen wir uns gemeinsam einsetzen – auch wenn es unbequem und anstrengend ist.",81,48,18,False
merkel3_c010,merkel3,merkel,de,2018-12-31,new_year_address,,10,11,1.0,"Da, wo wir an unsere Werte glauben und unsere Ideen mit Tatkraft umsetzen, da kann Neues und Gutes entstehen. Daraus können die Kräfte erwachsen, die wir brauchen, um Schritt für Schritt die Probleme zu lösen und so den Boden für eine friedliche, sichere Zukunft für uns und unsere Kinder zu bereiten. Den Mut dazu wünsche ich uns allen, verbunden mit all meinen guten Wünschen für Sie und Ihre Familien für ein gesundes, frohes und gesegnetes neues Jahr 2019.",131,78,19,False
putin2022_c000,putin2022,putin,en,2022-12-31,new_year_address,,0,11,0.0,"Citizens of Russia, friends,

The year 2022 is drawing to a close. It was a year of difficult but necessary decisions, of important steps towards Russia's full sovereignty and a powerful consolidation of our society.

It was a year that put many things in their place, and drew a clear line between courage and heroism, on the one hand, and betrayal and cowardice on the other, showed us that there is nothing stronger than love for our near and dear, loyalty to our friends and comrades-in-arms, and devotion to our Fatherland.",115,91,0;1;2,False
putin2022_c001,putin2022,putin,en,2022-12-31,new_year_address,,1,11,0.1,"It was a year of truly pivotal, even fateful events. They became the frontier where we lay the foundation for our common future, our true independence.

This is what we are fighting for today, protecting our people in our historical territories in the new regions of the Russian Federation. Together, we are building and creating.

Russia’s future is what matters the most. Defending our Motherland is the sacred duty we owe to our ancestors and descendants. The moral and historical truth is on our side.",100,85,3;4;5,False
putin2022_c002,putin2022,putin,en,2022-12-31,new_year_address,,2,11,0.2,"The outgoing year has brought great and dramatic changes to our country and to the world. It was filled with uncertainty, anxiety and worry.

But our multiethnic nation showed great courage and dignity as it had in every challenging period in Russian history, supported the defenders of our Fatherland, our soldiers and officers, and all participants in the special military operation, in both word and deed.

We have always known that Russia's sovereign, independent and secure future depends only on us, on our strength and determination, and today, we have become convinced of it once again.",112,96,6;7;8,False
putin2022_c003,putin2022,putin,en,2022-12-31,new_year_address,,3,11,0.3,"For years, Western elites hypocritically assured us of their peaceful intentions, including to help resolve the serious conflict in Donbass. But in fact, they encouraged the neo-Nazis in every possible way, who continued to take military and overtly terrorist action against peaceful civilians in the people's republics of Donbass.

The West lied to us about peace while preparing for aggression, and today, they no longer hesitate to openly admit it and to cynically use Ukraine and its people as a means to weaken and divide Russia. We have never allowed anyone to do this and we will not allow it now.",124,101,9;10,False
putin2022_c004,putin2022,putin,en,2022-12-31,new_year_address,,4,11,0.4,"Russian servicemen, militiamen and volunteers are now fighting for their homeland, for truth and justice, for reliable guarantees of peace and Russia’s security. They are all our heroes and they are shouldering the heaviest burden right now.

From the bottom of my heart, I wish a very happy New Year to every participant in the special military operation, to those who are here next to me now, and who are on the frontline, those getting ready for action at training centres, those who are in hospitals or already back home, having fulfilled their duty, to all those now on combat duty in strategic units, and all personnel of the Russian Armed Forces.",132,112,11;12,False
putin2022_c005,putin2022,putin,en,2022-12-31,new_year_address,,5,11,0.5,"Comrades,

thank you for your valiant service. Our entire vast country is proud of your fortitude, endurance and courage. Millions of people are with you in their hearts and souls, and will be raising a toast to you at their New Year's table.

Many thanks to everyone who provides ancillary support for military operations: drivers and railway workers who deliver supplies to the front, doctors, paramedics, and nurses who are fighting for soldiers’ lives and nursing wounded civilians. I thank the workers and engineers at our military and other plants who are working today with great dedication, builders who are erecting civilian facilities and defensive fortifications, and helping to restore the destroyed cities and villages in Donbass and Novorossiya.",147,119,13;14;15,False
putin2022_c006,putin2022,putin,en,2022-12-31,new_year_address,,6,11,0.6,"Friends,

Russia has been living under sanctions since the events in Crimea in 2014, but this year, a full-blown sanctions war has been unleashed against us. Those who started it expected our industry, finances and transport to collapse and never recover.

This did not happen, because together we created a reliable margin of safety. We have been taking steps and measures towards strengthening our sovereignty in a vitally important field, in the economy. Our struggle for our country, for our interests and for our future undoubtedly serves as an inspiring example for other states in their quest for a just multipolar world order.",123,103,16;17;18,False
putin2022_c007,putin2022,putin,en,2022-12-31,new_year_address,,7,11,0.7,"I consider it very important that in the outgoing year, such qualities as mercy, solidarity and proactive empathy have become especially important in Russia. More and more Russians feel the need to help others. They rally together and take initiative without any formal instructions.

I want to thank you for being so considerate, responsible and kind, for your active involvement in the common cause regardless of age or income. You arrange warehouses and transport to deliver parcels to our fighters in the combat zone, to the residents of affected cities and towns, and help organise holidays for children from the new constituent entities of the Federation.",118,106,19;20,False
putin2022_c008,putin2022,putin,en,2022-12-31,new_year_address,,8,11,0.8,"My friends, you are providing great support to the families of the fighters who perished, who gave their lives defending the lives of others.

I know how difficult it is for their wives, sons and daughters, and for their parents, who raised real heroes; I understand how they feel now, on New Year's Eve. We will make every effort to help the families of our fallen comrades raise their children, give them a good education, and get a profession.",93,79,21;22,False
putin2022_c009,putin2022,putin,en,2022-12-31,new_year_address,,9,11,0.9,"With all my heart, I share your pain and ask you to accept my sincere words of support.

Friends,

Our country has always celebrated the start of the New Year, even during very difficult times. It has always been everyone’s favourite holiday, and has a magical power to reveal the best in people, to heighten the importance of traditional family values, the energy of kindness, generosity and trust.",80,68,23;24;25,False
putin2022_c010,putin2022,putin,en,2022-12-31,new_year_address,,10,11,1.0,"As we see the New Year in, everyone strives to give joy to their loved ones, to show them attention and warmth, to give them presents they have been dreaming of, to see the delight in children’s eyes and parents’ touching gratitude for our attention. The older generation knows how to appreciate such moments of happiness.

Friends, now is the best moment to leave all personal grievances and misunderstandings in the past, to tell our nearest and dearest how we feel, how much we love them, how important it is to take care of each other – always, at any time.

Let these heartfelt words and noble feelings give each of us immense strength and confidence that together, we will overcome all the challenges and keep our country great and independent.

We will only move forward, to fight for our families and for Russia, for the future of our only, beloved Motherland.

Happy New Year, friends! Happy 2023!",188,158,26;27;28;29;30,False
putin2023_c000,putin2023,putin,en,2023-12-31,new_year_address,,0,6,0.0,"Citizens of Russia, friends,

We are bidding farewell to 2023. Very soon it will become part of history and we will have to move forward, create the future.

We have worked very hard and accomplished a lot over the past year. We were proud of our common achievements and happy about our successes. And we were firm, protecting the national interests, our freedom and security, and our values which continue to be our unshakeable foundation.",93,75,0;1;2,False
putin2023_c001,putin2023,putin,en,2023-12-31,new_year_address,,1,6,0.2,"And the main thing which has united us is the destiny of the Motherland. There is a deep understanding of the utmost importance of the historic period which Russia is going through, those ambitious goals which society is facing and the colossal responsibility for the Motherland which every one of us feels.

We are acutely and clearly aware of how much depends on us during this period, on our positive attitude, and our aspiration to support each other in word and deed.",91,82,3;4,False
putin2023_c002,putin2023,putin,en,2023-12-31,new_year_address,,2,6,0.4,"Work for the common good has united society. We are united in our thoughts, deeds and in battle, on weekdays or holidays, displaying the main traits of the Russian people – solidarity, mercy, fortitude.

I would like to address our military personnel – everyone who is on duty, who is on the front lines fighting for truth and justice. You are our heroes. Our hearts are with you. We are proud of you and we admire your courage.",91,78,5;6,False
putin2023_c003,putin2023,putin,en,2023-12-31,new_year_address,,3,6,0.6,"I know that right now you feel the love of your nearest and dearest, the powerful and sincere support of millions of Russian citizens, the support of the entire people.

We have proved over and over again that we are able to tackle the most difficult tasks and we will never back down as there is no force that can divide us, make us forget the memory and the faith of our fathers, or stop our development.",84,77,7;8,False
putin2023_c004,putin2023,putin,en,2023-12-31,new_year_address,,4,6,0.8,"Friends,

At all times, the New Year celebrations have been associated with bright hopes and a sincere wish to bring joy to the people you love.

The upcoming year of 2024 has been declared the Year of the Family in our country. And a true big family is of course a family with children, where you find care and attention, warm-heartedness and support for the parents, love and respect for each other.",86,72,9;10;11,False
putin2023_c005,putin2023,putin,en,2023-12-31,new_year_address,,5,6,1.0,"This kind of generational kinship and love of one’s home fosters devotion to the Motherland.

I would like to convey my very best wishes for the new year to all Russian families. After all, the history of our huge, wonderful, and beloved Motherland is made up of the history of each family. We, the multinational people of Russia, shape its future.

We are one country, one big family. We will ensure the steady development of the Motherland, the well-being of our citizens, and we will become even stronger.

We are together. And this is the most reliable guarantee of Russia’s future.

Happy New Year, friends! Happy 2024!",139,107,12;13;14;15;16,False
putin2024_c000,putin2024,putin,en,2024-12-31,new_year_address,,0,4,0.0,"Citizens of Russia, friends,

In just a few minutes, the year 2025 will begin, marking the completion of the first quarter of the 21st century.

For Russia, this period has been marked by numerous events, including developments of historical significance and great magnitude. We set ambitious goals for ourselves and achieved them, coped with many challenges because we stood united.

This’s what consolidated our unity, strengthened our confidence in ourselves, in our abilities, in our potential. True, there is still a lot to be accomplished, but we can be rightfully proud of what we have already achieved. This is our joint achievement, a solid foundation for future progress.",137,108,0;1;2;3,False
putin2024_c001,putin2024,putin,en,2024-12-31,new_year_address,,1,4,0.333,"Our nation – independent, free, and strong – has tackled successfully the most formidable challenges. As we stand on the brink of a new year, we think about the future. We are confident that everything is going to be all right. We will continue to advance. We know for sure that Russia’s destiny and well-being of its people has always been and will remain our absolute value.

Sincere love for our Motherland gives our lives a deep sense of purpose, while determination to make our own contribution to protecting its sovereignty, security, interests, and freedom of development has become a matter of honour for us.",123,105,4;5,False
putin2024_c002,putin2024,putin,en,2024-12-31,new_year_address,,2,4,0.667,"As we welcome the New Year, the thoughts and hopes of families and friends, of millions of people across Russia are with our soldiers and commanders. You are the true heroes who undertook a great task and immense responsibility of defending Russia and ensuring peace and security for our nation. We are proud of your bravery and valour and we believe in you.

In your honour, in honour of the 80th anniversary of Great Victory and as a tribute to the memory of our ancestors who have always defended the Motherland, the upcoming year 2025 has been declared the Year of the Defender of the Fatherland in Russia. We are the children, grandchildren, and great-grandchildren of the generation that crushed Nazism. We remain loyal to the legacy and traditions of our veterans.",158,132,6;7,False
putin2024_c003,putin2024,putin,en,2024-12-31,new_year_address,,3,4,1.0,"Friends,

New Year’s Eve always holds a special place in our hearts, filling us with warmth and hope that our dreams, aspirations, and best intentions will come to fruition. As the countdown to the New Year begins, we find ourselves surrounded by our near and dear ones: our family, children, parents, grandchildren, our friends and comrades-in-arms.

I wish happiness and prosperity to our every home and every family, and to our beloved country, Russia. Together, we can achieve anything.

Happy New Year, friends! Happy 2025!",113,85,8;9;10;11,False
putin2025_c000,putin2025,putin,en,2025-12-31,new_year_address,,0,5,0.0,"Citizens of Russia, friends,

At this moment, as we stand on the threshold of the New Year, we all feel the passage of time. Before us lies the future, and what it holds largely depends on us.

We draw strength from within ourselves and from those who stand beside us – those who are dear and close to our hearts – and we are always ready to lend our shoulder in return. This mutual support gives us confidence that all our aspirations, hopes, and plans will definitely be realised.",101,89,0;1;2,False
putin2025_c001,putin2025,putin,en,2025-12-31,new_year_address,,1,5,0.25,"Naturally, each of us has personal, unique dreams, very special in their own way. Yet they are inseparable from the destiny of our Motherland and from the sincere desire to be of service to it.

For we are united – the people of Russia. The labour, achievements, and successes of each of us add new chapters to its thousand-year history, while the strength of our unity determines the sovereignty and security of our Fatherland, its development, and its future.",96,79,3;4,False
putin2025_c002,putin2025,putin,en,2025-12-31,new_year_address,,2,5,0.5,"The New Year is, above all, a time when we hope for the best, for goodness and good luck. It is a special and magical holiday, when we open our hearts to love, friendship, and compassion, to sympathy and generosity.

We strive to bring joy and warmth through our care for those in need of support and, of course, to stand by our heroes – the participants in the special military operation – in both word and deed.",90,78,5;6,False
putin2025_c003,putin2025,putin,en,2025-12-31,new_year_address,,3,5,0.75,"You have taken upon yourselves the duty of fighting for our native land, for truth and for justice. On this New Year’s Eve, millions of people across Russia, I assure you, are with you: they think of you, share your feelings, and place their hopes in you. We are united by a sincere, selfless, and devoted love for Russia.

I wish all our soldiers and commanders a happy New Year! We believe in you and in our victory.",94,78,7;8,False
putin2025_c004,putin2025,putin,en,2025-12-31,new_year_address,,4,5,1.0,"Friends,

In just a few moments, we will hear the chimes of the Kremlin clock, and the New Year will begin. We welcome it together with the nearest and dearest: our children, parents, friends, and comrades-in-arms. Even those who are far away – you are still with us in spirit.

I wish you all good health and happiness, understanding and prosperity. And, above all, love which inspires us. May our traditions, faith, and memory bind all generations together, supporting us always and in everything.

We are one – a great, strong, and united family, and that is why we will continue to work and to create, to achieve our goals, moving only forward for the benefit of our children and grandchildren, for the benefit of our great Russia.

Happy New Year, friends!

Happy 2026!",172,134,9;10;11;12;13;14,False
trump1_c000,trump1,trump,en,2021-01-19,farewell_address,,0,28,0.0,"My fellow Americans: Four years ago, we launched a great national effort to rebuild our country, to renew its spirit, and to restore the allegiance of this government to its citizens. In short, we embarked on a mission to make America great again — for all Americans.

As I conclude my term as the 45th President of the United States, I stand before you truly proud of what we have achieved together. We did what we came here to do — and so much more.",98,85,0;1,False
trump1_c001,trump1,trump,en,2021-01-19,farewell_address,,1,28,0.037,"This week, we inaugurate a new administration and pray for its success in keeping America safe and prosperous. We extend our best wishes, and we also want them to have luck — a very important word.

I’d like to begin by thanking just a few of the amazing people who made our remarkable journey possible.

First, let me express my overwhelming gratitude for the love and support of our spectacular First Lady, Melania. Let me also share my deepest appreciation to my daughter Ivanka, my son-in-law Jared, and to Barron, Don, Eric, Tiffany, and Lara. You fill my world with light and with joy.",125,104,2;3;4,False
trump1_c002,trump1,trump,en,2021-01-19,farewell_address,,2,28,0.074,"I also want to thank Vice President Mike Pence, his wonderful wife Karen, and the entire Pence family.

Thank you as well to my Chief of Staff, Mark Meadows; the dedicated members of the White House Staff and the Cabinet; and all the incredible people across our administration who poured out their heart and soul to fight for America.

I also want to take a moment to thank a truly exceptional group of people: the United States Secret Service. My family and I will forever be in your debt. My profound gratitude as well to everyone in the White House Military Office, the teams of Marine One and Air Force One, every member of the Armed Forces, and state and local law enforcement all across our country.",141,127,5;6;7,False
trump1_c003,trump1,trump,en,2021-01-19,farewell_address,,3,28,0.111,"Most of all, I want to thank the American people. To serve as your President has been an honor beyond description. Thank you for this extraordinary privilege. And that’s what it is — a great privilege and a great honor.

We must never forget that while Americans will always have our disagreements, we are a nation of incredible, decent, faithful, and peace-loving citizens who all want our country to thrive and flourish and be very, very successful and good. We are a truly magnificent nation.",99,85,8;9,False
trump1_c004,trump1,trump,en,2021-01-19,farewell_address,,4,28,0.148,"All Americans were horrified by the assault on our Capitol. Political violence is an attack on everything we cherish as Americans. It can never be tolerated.

Now more than ever, we must unify around our shared values and rise above the partisan rancor, and forge our common destiny.

Four years ago, I came to Washington as the only true outsider ever to win the presidency. I had not spent my career as a politician, but as a builder looking at open skylines and imagining infinite possibilities. I ran for President because I knew there were towering new summits for America just waiting to be scaled. I knew the potential for our nation was boundless as long as we put America first.",139,121,10;11;12,False
trump1_c005,trump1,trump,en,2021-01-19,farewell_address,,5,28,0.185,"So I left behind my former life and stepped into a very difficult arena, but an arena nevertheless, with all sorts of potential if properly done. America had given me so much, and I wanted to give something back.

Together with millions of hardworking patriots across this land, we built the greatest political movement in the history of our country. We also built the greatest economy in the history of the world. It was about “America First” because we all wanted to make America great again. We restored the principle that a nation exists to serve its citizens. Our agenda was not about right or left, it wasn’t about Republican or Democrat, but about the good of a nation, and that means the whole nation.",144,125,13;14,False
trump1_c006,trump1,trump,en,2021-01-19,farewell_address,,6,28,0.222,"With the support and prayers of the American people, we achieved more than anyone thought possible. Nobody thought we could even come close.

We passed the largest package of tax cuts and reforms in American history. We slashed more job-killing regulations than any administration had ever done before. We fixed our broken trade deals, withdrew from the horrible Trans-Pacific Partnership and the impossible Paris Climate Accord, renegotiated the one-sided South Korea deal, and we replaced NAFTA with the groundbreaking USMCA — that’s Mexico and Canada — a deal that’s worked out very, very well.",113,94,15;16,False
trump1_c007,trump1,trump,en,2021-01-19,farewell_address,,7,28,0.259,"Also, and very importantly, we imposed historic and monumental tariffs on China; made a great new deal with China. But before the ink was even dry, we and the whole world got hit with the China virus. Our trade relationship was rapidly changing, billions and billions of dollars were pouring into the U.S., but the virus forced us to go in a different direction.

The whole world suffered, but America outperformed other countries economically because of our incredible economy and the economy that we built. Without the foundations and footings, it wouldn’t have worked out this way. We wouldn’t have some of the best numbers we’ve ever had.",129,108,17;18,False
trump1_c008,trump1,trump,en,2021-01-19,farewell_address,,8,28,0.296,"We also unlocked our energy resources and became the world’s number-one producer of oil and natural gas by far. Powered by these policies, we built the greatest economy in the history of the world. We reignited America’s job creation and achieved record-low unemployment for African Americans, Hispanic Americans, Asian Americans, women — almost everyone.

Incomes soared, wages boomed, the American Dream was restored, and millions were lifted from poverty in just a few short years. It was a miracle. The stock market set one record after another, with 148 stock market highs during this short period of time, and boosted the retirements and pensions of hardworking citizens all across our nation. 401(k)s are at a level they’ve never been at before. We’ve never seen numbers like we’ve seen, and that’s before the pandemic and after the pandemic.",176,137,19;20,False
trump1_c009,trump1,trump,en,2021-01-19,farewell_address,,9,28,0.333,"We rebuilt the American manufacturing base, opened up thousands of new factories, and brought back the beautiful phrase: “Made in the USA.”

To make life better for working families, we doubled the child tax credit and signed the largest-ever expansion of funding for childcare and development. We joined with the private sector to secure commitments to train more than 16 million American workers for the jobs of tomorrow.

When our nation was hit with the terrible pandemic, we produced not one, but two vaccines with record-breaking speed, and more will quickly follow. They said it couldn’t be done but we did it. They call it a “medical miracle,” and that’s what they’re calling it right now: a “medical miracle.”",144,119,21;22;23,False
trump1_c010,trump1,trump,en,2021-01-19,farewell_address,,10,28,0.37,"Another administration would have taken 3, 4, 5, maybe even up to 10 years to develop a vaccine. We did in nine months.

We grieve for every life lost, and we pledge in their memory to wipe out this horrible pandemic once and for all.

When the virus took its brutal toll on the world’s economy, we launched the fastest economic recovery our country has ever seen. We passed nearly $4 trillion in economic relief, saved or supported over 50 million jobs, and slashed the unemployment rate in half. These are numbers that our country has never seen before.",122,99,24;25;26,False
trump1_c011,trump1,trump,en,2021-01-19,farewell_address,,11,28,0.407,"We created choice and transparency in healthcare, stood up to big pharma in so many ways, but especially in our effort to get favored-nations clauses added, which will give us the lowest prescription drug prices anywhere in the world.

We passed VA Choice, VA Accountability, Right to Try, and landmark criminal justice reform.

We confirmed three new justices of the United States Supreme Court. We appointed nearly 300 federal judges to interpret our Constitution as written.",92,76,27;28;29,False
trump1_c012,trump1,trump,en,2021-01-19,farewell_address,,12,28,0.444,"For years, the American people pleaded with Washington to finally secure the nation’s borders. I am pleased to say we answered that plea and achieved the most secure border in U.S. history. We have given our brave border agents and heroic ICE officers the tools they need to do their jobs better than they have ever done before, and to enforce our laws and keep America safe.

We proudly leave the next administration with the strongest and most robust border security measures ever put into place. This includes historic agreements with Mexico, Guatemala, Honduras, and El Salvador, along with more than 450 miles of powerful new wall.",124,107,30;31,False
trump1_c013,trump1,trump,en,2021-01-19,farewell_address,,13,28,0.481,"We restored American strength at home and American leadership abroad. The world respects us again. Please don’t lose that respect.

We reclaimed our sovereignty by standing up for America at the United Nations and withdrawing from the one-sided global deals that never served our interests. And NATO countries are now paying hundreds of billions of dollars more than when I arrived just a few years ago. It was very unfair. We were paying the cost for the world. Now the world is helping us.",94,84,32;33,False
trump1_c014,trump1,trump,en,2021-01-19,farewell_address,,14,28,0.519,"And perhaps most importantly of all, with nearly $3 trillion, we fully rebuilt the American military — all made in the USA. We launched the first new branch of the United States Armed Forces in 75 years: the Space Force. And last spring, I stood at Kennedy Space Center in Florida and watched as American astronauts returned to space on American rockets for the first time in many, many years.",81,70,34,False
trump1_c015,trump1,trump,en,2021-01-19,farewell_address,,15,28,0.556,"We revitalized our alliances and rallied the nations of the world to stand up to China like never before.

We obliterated the ISIS caliphate and ended the wretched life of its founder and leader, al Baghdadi. We stood up to the oppressive Iranian regime and killed the world’s top terrorist, Iranian butcher Qasem Soleimani.

We recognized Jerusalem as the capital of Israel and recognized Israeli sovereignty over the Golan Heights.",88,70,35;36;37,False
trump1_c016,trump1,trump,en,2021-01-19,farewell_address,,16,28,0.593,"As a result of our bold diplomacy and principled realism, we achieved a series of historic peace deals in the Middle East. Nobody believed it could happen. The Abraham Accords opened the doors to a future of peace and harmony, not violence and bloodshed. It is the dawn of a new Middle East, and we are bringing our soldiers home.

I am especially proud to be the first President in decades who has started no new wars.",88,77,38;39,False
trump1_c017,trump1,trump,en,2021-01-19,farewell_address,,17,28,0.63,"Above all, we have reasserted the sacred idea that, in America, the government answers to the people. Our guiding light, our North Star, our unwavering conviction has been that we are here to serve the noble everyday citizens of America. Our allegiance is not to the special interests, corporations, or global entities; it’s to our children, our citizens, and to our nation itself.",81,63,40,False
trump1_c018,trump1,trump,en,2021-01-19,farewell_address,,18,28,0.667,"As President, my top priority, my constant concern, has always been the best interests of American workers and American families. I did not seek the easiest course; by far, it was actually the most difficult. I did not seek the path that would get the least criticism. I took on the tough battles, the hardest fights, the most difficult choices because that’s what you elected me to do. Your needs were my first and last unyielding focus.",92,77,41,False
trump1_c019,trump1,trump,en,2021-01-19,farewell_address,,19,28,0.704,"This, I hope, will be our greatest legacy: Together, we put the American people back in charge of our country. We restored self-government. We restored the idea that in America no one is forgotten, because everyone matters and everyone has a voice. We fought for the principle that every citizen is entitled to equal dignity, equal treatment, and equal rights because we are all made equal by God. Everyone is entitled to be treated with respect, to have their voice heard, and to have their government listen. You are loyal to your country, and my administration was always loyal to you.",118,101,42,False
trump1_c020,trump1,trump,en,2021-01-19,farewell_address,,20,28,0.741,"We worked to build a country in which every citizen could find a great job and support their wonderful families. We fought for the communities where every American could be safe and schools where every child could learn. We promoted a culture where our laws would be upheld, our heroes honored, our history preserved, and law-abiding citizens are never taken for granted. Americans should take tremendous satisfaction in all that we have achieved together. It’s incredible.",87,76,43,False
trump1_c021,trump1,trump,en,2021-01-19,farewell_address,,21,28,0.778,"Now, as I leave the White House, I have been reflecting on the dangers that threaten the priceless inheritance we all share. As the world’s most powerful nation, America faces constant threats and challenges from abroad. But the greatest danger we face is a loss of confidence in ourselves, a loss of confidence in our national greatness. A nation is only as strong as its spirit. We are only as dynamic as our pride. We are only as vibrant as the faith that beats in the hearts of our people.",101,90,44,False
trump1_c022,trump1,trump,en,2021-01-19,farewell_address,,22,28,0.815,"No nation can long thrive that loses faith in its own values, history, and heroes, for these are the very sources of our unity and our vitality.

What has always allowed America to prevail and triumph over the great challenges of the past has been an unyielding and unashamed conviction in the nobility of our country and its unique purpose in history. We must never lose this conviction. We must never forsake our belief in America.",89,76,45;46,False
trump1_c023,trump1,trump,en,2021-01-19,farewell_address,,23,28,0.852,"The key to national greatness lies in sustaining and instilling our shared national identity. That means focusing on what we have in common: the heritage that we all share.

At the center of this heritage is also a robust belief in free expression, free speech, and open debate. Only if we forget who we are, and how we got here, could we ever allow political censorship and blacklisting to take place in America. It’s not even thinkable. Shutting down free and open debate violates our core values and most enduring traditions.
In America, we don’t insist on absolute conformity or enforce rigid orthodoxies and punitive speech codes. We just don’t do that. America is not a timid nation of tame souls who need to be sheltered and protected from those with whom we disagree. That’s not who we are. It will never be who we are.",173,146,47;48,False
trump1_c024,trump1,trump,en,2021-01-19,farewell_address,,24,28,0.889,"For nearly 250 years, in the face of every challenge, Americans have always summoned our unmatched courage, confidence, and fierce independence. These are the miraculous traits that once led millions of everyday citizens to set out across a wild continent and carve out a new life in the great West. It was the same profound love of our God-given freedom that willed our soldiers into battle and our astronauts into space.",84,71,49,False
trump1_c025,trump1,trump,en,2021-01-19,farewell_address,,25,28,0.926,"As I think back on the past four years, one image rises in my mind above all others. Whenever I traveled all along the motorcade route, there were thousands and thousands of people. They came out with their families so that they could stand as we passed, and proudly wave our great American flag. It never failed to deeply move me. I knew that they did not just come out to show their support of me; they came out to show me their support and love for our country.",99,89,50,False
trump1_c026,trump1,trump,en,2021-01-19,farewell_address,,26,28,0.963,"This is a republic of proud citizens who are united by our common conviction that America is the greatest nation in all of history. We are, and must always be, a land of hope, of light, and of glory to all the world. This is the precious inheritance that we must safeguard at every single turn.

For the past four years, I have worked to do just that. From a great hall of Muslim leaders in Riyadh to a great square of Polish people in Warsaw; from the floor of the Korean Assembly to the podium at the United Nations General Assembly; and from the Forbidden City in Beijing to the shadow of Mount Rushmore, I fought for you, I fought for your family, I fought for our country. Above all, I fought for America and all it stands for — and that is safe, strong, proud, and free.",170,149,51;52,False
trump1_c027,trump1,trump,en,2021-01-19,farewell_address,,27,28,1.0,"Now, as I prepare to hand power over to a new administration at noon on Wednesday, I want you to know that the movement we started is only just beginning. There’s never been anything like it. The belief that a nation must serve its citizens will not dwindle but instead only grow stronger by the day.

As long as the American people hold in their hearts deep and devoted love of country, then there is nothing that this nation cannot achieve. Our communities will flourish. Our people will be prosperous. Our traditions will be cherished. Our faith will be strong. And our future will be brighter than ever before.

I go from this majestic place with a loyal and joyful heart, an optimistic spirit, and a supreme confidence that for our country and for our children, the best is yet to come.

Thank you, and farewell. God bless you. God bless the United States of America.",178,156,53;54;55;56,False
trump2_c000,trump2,trump,en,,composite_excerpts,,0,3,0.0,"Each American generation passes the torch of truth, liberty, and justice in an unbroken chain all the way down to the present. That torch is now in our hands, and we will use it to light up the world. Today, I am keeping another promise by nominating Judge Neil Gorsuch. We love our police, we love our sheriffs, and we love our ICE officers.

Together, we're going to restore safety to our streets and peace to our communities. And we're going to destroy the vile criminal cartel MS-13 and many other gangs. We're going to get you back and operating immediately. Thank you, everybody. Your governor has done a fantastic job.",138,111,0;1,False
trump2_c001,trump2,trump,en,,composite_excerpts,,1,3,0.5,"And I declare today for the world to hear, Let them hear that the West will never, ever be broken. Our values will prevail. Our people will thrive. And our civilization will triumph.

We will defeat radical Islamic terrorism, and we will not allow it to take root in our country.

We have created more than 2 million jobs since the election. Unemployment is at a 17-year low. The stock market is at an all-time high and hit yet another all-time high, the 85th time since my election. We have cut 22 regulations for every 1 new regulation, the most in the history of our country. We are going to be celebrating Merry Christmas again.",143,115,2;3;4,False
trump2_c002,trump2,trump,en,,composite_excerpts,,2,3,1.0,"$3.2 trillion in tax cuts for American families, including doubling the standard deduction and doubling the child tax credit. The typical family of 4 earning $75,000 will see an income tax cut of more than $2,000. The largest tax cut in the history of our country. We are a nation of pioneers and patriots, aviators and astronauts. We crave adventure and achievement, exploration and enlightenment.

We gave birth to the modern world, and we will shape tomorrow's world with the strength and skill of American hands. Because for America, the sky is never the limit. Thank you.",128,97,5;6,False
trump3_c000,trump3,trump,en,2017-01-20,inaugural_address,,0,17,0.0,"Chief Justice Roberts, President Carter, President Clinton, President Bush, President Obama, fellow Americans, and people of the world, thank you.

We, the citizens of America, are now joined in a great national effort to rebuild our country and restore its promise for all of our people.

Together, we will determine the course of America and the world for many, many years to come.

We will face challenges. We will confront hardships. But we will get the job done.",95,78,0;1;2;3,False
trump3_c001,trump3,trump,en,2017-01-20,inaugural_address,,1,17,0.062,"Every four years, we gather on these steps to carry out the orderly and peaceful transfer of power, and we are grateful to President Obama and First Lady Michelle Obama for their gracious aid throughout this transition. They have been magnificent. Thank you.

Today's ceremony, however, has very special meaning because today we are not merely transferring power from one administration to another, or from one party to another, but we are transferring power from Washington, D.C., and giving it back to you, the people.",100,85,4;5,False
trump3_c002,trump3,trump,en,2017-01-20,inaugural_address,,2,17,0.125,"For too long, a small group in our nation's capital has reaped the rewards of government while the people have borne the cost. Washington flourished, but the people did not share in its wealth. Politicians prospered, but the jobs left and the factories closed.

The establishment protected itself, but not the citizens of our country. Their victories have not been your victories. Their triumphs have not been your triumphs. And while they celebrated in our nation's capital, there was little to celebrate for struggling families all across our land.",109,89,6;7,False
trump3_c003,trump3,trump,en,2017-01-20,inaugural_address,,3,17,0.188,"That all changes starting right here and right now, because this moment is your moment. It belongs to you. It belongs to everyone gathered here today and everyone watching all across America.

This is your day. This is your celebration. And this, the United States of America, is your country.

What truly matters is not which party controls our government, but whether our government is controlled by the people.",80,69,8;9;10,False
trump3_c004,trump3,trump,en,2017-01-20,inaugural_address,,4,17,0.25,"January 20th, 2017, will be remembered as the day the people became the rulers of this nation again.

The forgotten men and women of our country will be forgotten no longer. Everyone is listening to you now.

You came by the tens of millions to become part of a historic movement the likes of which the world has never seen before.

At the center of this movement is a crucial conviction: that a nation exists to serve its citizens.",94,79,11;12;13;14,False
trump3_c005,trump3,trump,en,2017-01-20,inaugural_address,,5,17,0.312,"Americans want great schools for their children, safe neighborhoods for their families, and good jobs for themselves. These are just and reasonable demands of righteous people and a righteous public.

But for too many of our citizens, a different reality exists: mothers and children trapped in poverty in our inner cities; rusted-out factories scattered like tombstones across the landscape of our nation; an education system flush with cash but which leaves our young and beautiful students deprived of all knowledge; and the crime and the gangs and the drugs that have stolen too many lives and robbed our country of so much unrealized potential.",118,104,15;16,False
trump3_c006,trump3,trump,en,2017-01-20,inaugural_address,,6,17,0.375,"This American carnage stops right here and stops right now.

We are one nation, and their pain is our pain. Their dreams are our dreams, and their success will be our success.

We share one heart, one home, and one glorious destiny.

The oath of office I take today is an oath of allegiance to all Americans.

For many decades, we've enriched foreign industry at the expense of American industry, subsidized the armies of other countries while allowing for the very sad depletion of our military. We've defended other nations' borders while refusing to defend our own, and spent trillions and trillions of dollars overseas while America's infrastructure has fallen into disrepair and decay.",136,114,17;18;19;20;21,False
trump3_c007,trump3,trump,en,2017-01-20,inaugural_address,,7,17,0.438,"We've made other countries rich while the wealth, strength, and confidence of our country has dissipated over the horizon.

One by one, the factories shuttered and left our shores, with not even a thought about the millions and millions of American workers that were left behind.

The wealth of our middle class has been ripped from their homes and then redistributed all across the world.

But that is the past, and now we are looking only to the future.",91,79,22;23;24;25,False
trump3_c008,trump3,trump,en,2017-01-20,inaugural_address,,8,17,0.5,"We assembled here today are issuing a new decree to be heard in every city, in every foreign capital, and in every hall of power.

From this day forward, a new vision will govern our land.

From this day forward, it's going to be only America first. America first.

Every decision on trade, on taxes, on immigration, on foreign affairs will be made to benefit American workers and American families.",83,70,26;27;28;29,False
trump3_c009,trump3,trump,en,2017-01-20,inaugural_address,,9,17,0.562,"We must protect our borders from the ravages of other countries making our products, stealing our companies, and destroying our jobs.

Protection will lead to great prosperity and strength.

I will fight for you with every breath in my body, and I will never, ever let you down.

America will start winning again, winning like never before.

We will bring back our jobs. We will bring back our borders. We will bring back our wealth. And we will bring back our dreams.",96,82,30;31;32;33;34,False
trump3_c010,trump3,trump,en,2017-01-20,inaugural_address,,10,17,0.625,"We will build new roads and highways and bridges and airports and tunnels and railways all across our wonderful nation.

We will get our people off of welfare and back to work, rebuilding our country with American hands and American labor.

We will follow two simple rules: buy American and hire American.

We will seek friendship and goodwill with the nations of the world, but we do so with the understanding that it is the right of all nations to put their own interests first.",92,85,35;36;37;38,False
trump3_c011,trump3,trump,en,2017-01-20,inaugural_address,,11,17,0.688,"We do not seek to impose our way of life on anyone, but rather to let it shine as an example. We will shine for everyone to follow.

We will reinforce old alliances and form new ones and unite the civilized world against radical Islamic terrorism, which we will eradicate completely from the face of the Earth.

At the bedrock of our politics will be a total allegiance to the United States of America. And through our loyalty to our country, we will rediscover our loyalty to each other.",99,89,39;40;41,False
trump3_c012,trump3,trump,en,2017-01-20,inaugural_address,,12,17,0.75,"When you open your heart to patriotism, there is no room for prejudice.

The Bible tells us how good and pleasant it is when God's people live together in unity.

We must speak our minds openly, debate our disagreements honestly, but always pursue solidarity.

When America is united, America is totally unstoppable.

There should be no fear. We are protected, and we will always be protected.

We will be protected by the great men and women of our military and law enforcement, and most importantly, we will be protected by God.",106,91,42;43;44;45;46;47,False
trump3_c013,trump3,trump,en,2017-01-20,inaugural_address,,13,17,0.812,"Finally, we must think big and dream even bigger.

In America, we understand that a nation is only living as long as it is striving.

We will no longer accept politicians who are all talk and no action, constantly complaining but never doing anything about it.

The time for empty talk is over. Now arrives the hour of action.

Do not allow anyone to tell you that it cannot be done.",80,71,48;49;50;51;52,False
trump3_c014,trump3,trump,en,2017-01-20,inaugural_address,,14,17,0.875,"No challenge can match the heart and fight and spirit of America.

We will not fail. Our country will thrive and prosper again.

We stand at the birth of a new millennium, ready to unlock the mysteries of space, to free the Earth from the miseries of disease, and to harness the energies, industries, and technologies of tomorrow.

A new national pride will stir our souls, lift our sights, and heal our divisions.",86,73,53;54;55;56,False
trump3_c015,trump3,trump,en,2017-01-20,inaugural_address,,15,17,0.938,"It's time to remember that old wisdom our soldiers will never forget: that whether we are black or brown or white, we all bleed the same red blood of patriots.

We all enjoy the same glorious freedoms, and we all salute the same great American flag.

And whether a child is born in the urban sprawl of Detroit or the windswept plains of Nebraska, they look up at the same night sky, they fill their heart with the same dreams, and they are infused with the breath of life by the same Almighty Creator.",108,94,57;58;59,False
trump3_c016,trump3,trump,en,2017-01-20,inaugural_address,,16,17,1.0,"So to all Americans in every city near and far, small and large, from mountain to mountain, from ocean to ocean, hear these words:

You will never, never be ignored again.

Your voice, your hopes, and your dreams will define our American destiny.

And your courage and goodness and love will forever guide us along the way.

Together, we will make America strong again.

We will make America wealthy again.

We will make America proud again.

We will make America safe again.

And yes, together, we will make America great again.

Thank you. God bless you. And God bless America.

Thank you. God bless America.",129,105,60;61;62;63;64;65;66;67;68;69;70,False
